timestamp,station_id,station_name,prediction,target,target_label,model_version
2024-01-01 00:00:00,0,Татнефть-АЗС-001,3.2272905160649605,total_fuel_sales,Продажи топлива,baseline_hgb_v2
2024-01-01 01:00:00,0,Татнефть-АЗС-001,3.705666968491157,total_fuel_sales,Продажи топлива,baseline_hgb_v2
2024-01-01 02:00:00,0,Татнефть-АЗС-001,3.705666968491157,total_fuel_sales,Продажи топлива,baseline_hgb_v2
2024-01-01 03:00:00,0,Татнефть-АЗС-001,3.705666968491157,total_fuel_sales,Продажи топлива,baseline_hgb_v2
2024-01-01 04:00:00,0,Татнефть-АЗС-001,3.2272905160649605,total_fuel_sales,Продажи топлива,baseline_hgb_v2
2024-01-01 05:00:00,0,Татнефть-АЗС-001,7.220063727617151,total_fuel_sales,Продажи топлива,baseline_hgb_v2
2024-01-01 06:00:00,0,Татнефть-АЗС-001,19.923435756627644,total_fuel_sales,Продажи топлива,baseline_hgb_v2
2024-01-01 07:00:00,0,Татнефть-АЗС-001,183.9376545919374,total_fuel_sales,Продажи топлива,baseline_hgb_v2
2024-01-01 08:00:00,0,Татнефть-АЗС-001,185.91313318622994,total_fuel_sales,Продажи топлива,baseline_hgb_v2
2024-01-01 09:00:00,0,Татнефть-АЗС-001,111.57757021484352,total_fuel_sales,Продажи топлива,baseline_hgb_v2
2024-01-01 10:00:00,0,Татнефть-АЗС-001,17.79094045615093,total_fuel_sales,Продажи топлива,baseline_hgb_v2
2024-01-01 11:00:00,0,Татнефть-АЗС-001,35.08523287592596,total_fuel_sales,Продажи топлива,baseline_hgb_v2
2024-01-01 12:00:00,0,Татнефть-АЗС-001,35.23698381354065,total_fuel_sales,Продажи топлива,baseline_hgb_v2
2024-01-01 13:00:00,0,Татнефть-АЗС-001,39.91380058125986,total_fuel_sales,Продажи топлива,baseline_hgb_v2
2024-01-01 14:00:00,0,Татнефть-АЗС-001,47.59138274619725,total_fuel_sales,Продажи топлива,baseline_hgb_v2
2024-01-01 15:00:00,0,Татнефть-АЗС-001,20.712788896264996,total_fuel_sales,Продажи топлива,baseline_hgb_v2
2024-01-01 16:00:00,0,Татнефть-АЗС-001,19.792562427459565,total_fuel_sales,Продажи топлива,baseline_hgb_v2
2024-01-01 17:00:00,0,Татнефть-АЗС-001,220.82547001273096,total_fuel_sales,Продажи топлива,baseline_hgb_v2
2024-01-01 18:00:00,0,Татнефть-АЗС-001,170.29218704321408,total_fuel_sales,Продажи топлива,baseline_hgb_v2
2024-01-01 19:00:00,0,Татнефть-АЗС-001,202.51206283747382,total_fuel_sales,Продажи топлива,baseline_hgb_v2
2024-01-01 20:00:00,0,Татнефть-АЗС-001,30.40799436936438,total_fuel_sales,Продажи топлива,baseline_hgb_v2
2024-01-01 21:00:00,0,Татнефть-АЗС-001,34.16490712889338,total_fuel_sales,Продажи топлива,baseline_hgb_v2
2024-01-01 22:00:00,0,Татнефть-АЗС-001,4.486581689924271,total_fuel_sales,Продажи топлива,baseline_hgb_v2
2024-01-01 23:00:00,0,Татнефть-АЗС-001,7.750234742720813,total_fuel_sales,Продажи топлива,baseline_hgb_v2
2024-01-02 00:00:00,0,Татнефть-АЗС-001,3.1136722518357214,total_fuel_sales,Продажи топлива,baseline_hgb_v2
2024-01-02 01:00:00,0,Татнефть-АЗС-001,3.705666968491157,total_fuel_sales,Продажи топлива,baseline_hgb_v2
2024-01-02 02:00:00,0,Татнефть-АЗС-001,3.1136722518357214,total_fuel_sales,Продажи топлива,baseline_hgb_v2
2024-01-02 03:00:00,0,Татнефть-АЗС-001,3.2779017747403127,total_fuel_sales,Продажи топлива,baseline_hgb_v2
2024-01-02 04:00:00,0,Татнефть-АЗС-001,3.1136722518357214,total_fuel_sales,Продажи топлива,baseline_hgb_v2
2024-01-02 05:00:00,0,Татнефть-АЗС-001,8.12219863275985,total_fuel_sales,Продажи топлива,baseline_hgb_v2
2024-01-02 06:00:00,0,Татнефть-АЗС-001,39.53648763291639,total_fuel_sales,Продажи топлива,baseline_hgb_v2
2024-01-02 07:00:00,0,Татнефть-АЗС-001,90.80281347749342,total_fuel_sales,Продажи топлива,baseline_hgb_v2
2024-01-02 08:00:00,0,Татнефть-АЗС-001,204.145032711136,total_fuel_sales,Продажи топлива,baseline_hgb_v2
2024-01-02 09:00:00,0,Татнефть-АЗС-001,194.4246413419152,total_fuel_sales,Продажи топлива,baseline_hgb_v2
2024-01-02 10:00:00,0,Татнефть-АЗС-001,20.826715496081047,total_fuel_sales,Продажи топлива,baseline_hgb_v2
2024-01-02 11:00:00,0,Татнефть-АЗС-001,20.826715496081047,total_fuel_sales,Продажи топлива,baseline_hgb_v2
2024-01-02 12:00:00,0,Татнефть-АЗС-001,58.017691944233015,total_fuel_sales,Продажи топлива,baseline_hgb_v2
2024-01-02 13:00:00,0,Татнефть-АЗС-001,63.51322103969626,total_fuel_sales,Продажи топлива,baseline_hgb_v2
2024-01-02 14:00:00,0,Татнефть-АЗС-001,35.23698381354065,total_fuel_sales,Продажи топлива,baseline_hgb_v2
2024-01-02 15:00:00,0,Татнефть-АЗС-001,21.93142331382528,total_fuel_sales,Продажи топлива,baseline_hgb_v2
2024-01-02 16:00:00,0,Татнефть-АЗС-001,38.43853731439024,total_fuel_sales,Продажи топлива,baseline_hgb_v2
2024-01-02 17:00:00,0,Татнефть-АЗС-001,230.94278810750194,total_fuel_sales,Продажи топлива,baseline_hgb_v2
2024-01-02 18:00:00,0,Татнефть-АЗС-001,219.60796844993376,total_fuel_sales,Продажи топлива,baseline_hgb_v2
2024-01-02 19:00:00,0,Татнефть-АЗС-001,115.11906222896779,total_fuel_sales,Продажи топлива,baseline_hgb_v2
2024-01-02 20:00:00,0,Татнефть-АЗС-001,19.78626007093499,total_fuel_sales,Продажи топлива,baseline_hgb_v2
2024-01-02 21:00:00,0,Татнефть-АЗС-001,36.86104181919109,total_fuel_sales,Продажи топлива,baseline_hgb_v2
2024-01-02 22:00:00,0,Татнефть-АЗС-001,7.750234742720813,total_fuel_sales,Продажи топлива,baseline_hgb_v2
2024-01-02 23:00:00,0,Татнефть-АЗС-001,7.168900529112647,total_fuel_sales,Продажи топлива,baseline_hgb_v2
2024-01-03 00:00:00,0,Татнефть-АЗС-001,3.705666968491157,total_fuel_sales,Продажи топлива,baseline_hgb_v2
2024-01-03 01:00:00,0,Татнефть-АЗС-001,6.682339352275241,total_fuel_sales,Продажи топлива,baseline_hgb_v2
2024-01-03 02:00:00,0,Татнефть-АЗС-001,7.220063727617151,total_fuel_sales,Продажи топлива,baseline_hgb_v2
2024-01-03 03:00:00,0,Татнефть-АЗС-001,3.2272905160649605,total_fuel_sales,Продажи топлива,baseline_hgb_v2
2024-01-03 04:00:00,0,Татнефть-АЗС-001,3.2272905160649605,total_fuel_sales,Продажи топлива,baseline_hgb_v2
2024-01-03 05:00:00,0,Татнефть-АЗС-001,7.220063727617151,total_fuel_sales,Продажи топлива,baseline_hgb_v2
2024-01-03 06:00:00,0,Татнефть-АЗС-001,22.09769537578876,total_fuel_sales,Продажи топлива,baseline_hgb_v2
2024-01-03 07:00:00,0,Татнефть-АЗС-001,117.99832986256777,total_fuel_sales,Продажи топлива,baseline_hgb_v2
2024-01-03 08:00:00,0,Татнефть-АЗС-001,100.42135367756651,total_fuel_sales,Продажи топлива,baseline_hgb_v2
2024-01-03 09:00:00,0,Татнефть-АЗС-001,90.24587556804224,total_fuel_sales,Продажи топлива,baseline_hgb_v2
2024-01-03 10:00:00,0,Татнефть-АЗС-001,39.491337075533195,total_fuel_sales,Продажи топлива,baseline_hgb_v2
2024-01-03 11:00:00,0,Татнефть-АЗС-001,39.2781265318424,total_fuel_sales,Продажи топлива,baseline_hgb_v2
2024-01-03 12:00:00,0,Татнефть-АЗС-001,34.434407221703886,total_fuel_sales,Продажи топлива,baseline_hgb_v2
2024-01-03 13:00:00,0,Татнефть-АЗС-001,63.170354350119254,total_fuel_sales,Продажи топлива,baseline_hgb_v2
2024-01-03 14:00:00,0,Татнефть-АЗС-001,68.51239174248322,total_fuel_sales,Продажи топлива,baseline_hgb_v2
2024-01-03 15:00:00,0,Татнефть-АЗС-001,20.712788896264996,total_fuel_sales,Продажи топлива,baseline_hgb_v2
2024-01-03 16:00:00,0,Татнефть-АЗС-001,25.438849856020678,total_fuel_sales,Продажи топлива,baseline_hgb_v2
2024-01-03 17:00:00,0,Татнефть-АЗС-001,114.35352713205845,total_fuel_sales,Продажи топлива,baseline_hgb_v2
2024-01-03 18:00:00,0,Татнефть-АЗС-001,121.5066279930598,total_fuel_sales,Продажи топлива,baseline_hgb_v2
2024-01-03 19:00:00,0,Татнефть-АЗС-001,212.89206597167657,total_fuel_sales,Продажи топлива,baseline_hgb_v2
2024-01-03 20:00:00,0,Татнефть-АЗС-001,36.026654847486526,total_fuel_sales,Продажи топлива,baseline_hgb_v2
2024-01-03 21:00:00,0,Татнефть-АЗС-001,19.78626007093499,total_fuel_sales,Продажи топлива,baseline_hgb_v2
2024-01-03 22:00:00,0,Татнефть-АЗС-001,3.285504497374136,total_fuel_sales,Продажи топлива,baseline_hgb_v2
2024-01-03 23:00:00,0,Татнефть-АЗС-001,7.168900529112647,total_fuel_sales,Продажи топлива,baseline_hgb_v2
2024-01-04 00:00:00,0,Татнефть-АЗС-001,2.58792436932265,total_fuel_sales,Продажи топлива,baseline_hgb_v2
2024-01-04 01:00:00,0,Татнефть-АЗС-001,3.2272905160649605,total_fuel_sales,Продажи топлива,baseline_hgb_v2
2024-01-04 02:00:00,0,Татнефть-АЗС-001,6.682339352275241,total_fuel_sales,Продажи топлива,baseline_hgb_v2
2024-01-04 03:00:00,0,Татнефть-АЗС-001,3.1136722518357214,total_fuel_sales,Продажи топлива,baseline_hgb_v2
2024-01-04 04:00:00,0,Татнефть-АЗС-001,7.801397941225317,total_fuel_sales,Продажи топлива,baseline_hgb_v2
2024-01-04 05:00:00,0,Татнефть-АЗС-001,8.12069318879395,total_fuel_sales,Продажи топлива,baseline_hgb_v2
2024-01-04 06:00:00,0,Татнефть-АЗС-001,21.016137205292384,total_fuel_sales,Продажи топлива,baseline_hgb_v2
2024-01-04 07:00:00,0,Татнефть-АЗС-001,194.9345500451888,total_fuel_sales,Продажи топлива,baseline_hgb_v2
2024-01-04 08:00:00,0,Татнефть-АЗС-001,189.24476720137238,total_fuel_sales,Продажи топлива,baseline_hgb_v2
2024-01-04 09:00:00,0,Татнефть-АЗС-001,194.89036802596678,total_fuel_sales,Продажи топлива,baseline_hgb_v2
2024-01-04 10:00:00,0,Татнефть-АЗС-001,19.89710059603912,total_fuel_sales,Продажи топлива,baseline_hgb_v2
2024-01-04 11:00:00,0,Татнефть-АЗС-001,35.961445585528,total_fuel_sales,Продажи топлива,baseline_hgb_v2
2024-01-04 12:00:00,0,Татнефть-АЗС-001,53.53178141752871,total_fuel_sales,Продажи топлива,baseline_hgb_v2
2024-01-04 13:00:00,0,Татнефть-АЗС-001,61.06586770834884,total_fuel_sales,Продажи топлива,baseline_hgb_v2
2024-01-04 14:00:00,0,Татнефть-АЗС-001,53.87464810710572,total_fuel_sales,Продажи топлива,baseline_hgb_v2
2024-01-04 15:00:00,0,Татнефть-АЗС-001,36.88335030996724,total_fuel_sales,Продажи топлива,baseline_hgb_v2
2024-01-04 16:00:00,0,Татнефть-АЗС-001,35.98929351031147,total_fuel_sales,Продажи топлива,baseline_hgb_v2
2024-01-04 17:00:00,0,Татнефть-АЗС-001,226.95942832905763,total_fuel_sales,Продажи топлива,baseline_hgb_v2
2024-01-04 18:00:00,0,Татнефть-АЗС-001,198.17237943056443,total_fuel_sales,Продажи топлива,baseline_hgb_v2
2024-01-04 19:00:00,0,Татнефть-АЗС-001,227.2210253844418,total_fuel_sales,Продажи топлива,baseline_hgb_v2
2024-01-04 20:00:00,0,Татнефть-АЗС-001,20.69709810850394,total_fuel_sales,Продажи топлива,baseline_hgb_v2
2024-01-04 21:00:00,0,Татнефть-АЗС-001,19.170037507772545,total_fuel_sales,Продажи топлива,baseline_hgb_v2
2024-01-04 22:00:00,0,Татнефть-АЗС-001,2.807128044947938,total_fuel_sales,Продажи топлива,baseline_hgb_v2
2024-01-04 23:00:00,0,Татнефть-АЗС-001,7.915280903559131,total_fuel_sales,Продажи топлива,baseline_hgb_v2
2024-01-05 00:00:00,0,Татнефть-АЗС-001,7.801397941225317,total_fuel_sales,Продажи топлива,baseline_hgb_v2
2024-01-05 01:00:00,0,Татнефть-АЗС-001,3.2272905160649605,total_fuel_sales,Продажи топлива,baseline_hgb_v2
2024-01-05 02:00:00,0,Татнефть-АЗС-001,8.003235681647805,total_fuel_sales,Продажи топлива,baseline_hgb_v2
2024-01-05 03:00:00,0,Татнефть-АЗС-001,9.347104861570239,total_fuel_sales,Продажи топлива,baseline_hgb_v2
2024-01-05 04:00:00,0,Татнефть-АЗС-001,7.801397941225317,total_fuel_sales,Продажи топлива,baseline_hgb_v2
2024-01-05 05:00:00,0,Татнефть-АЗС-001,7.220063727617151,total_fuel_sales,Продажи топлива,baseline_hgb_v2
2024-01-05 06:00:00,0,Татнефть-АЗС-001,20.817327064844566,total_fuel_sales,Продажи топлива,baseline_hgb_v2
2024-01-05 07:00:00,0,Татнефть-АЗС-001,204.42691149275626,total_fuel_sales,Продажи топлива,baseline_hgb_v2
2024-01-05 08:00:00,0,Татнефть-АЗС-001,208.24630728369274,total_fuel_sales,Продажи топлива,baseline_hgb_v2
2024-01-05 09:00:00,0,Татнефть-АЗС-001,117.31363140552646,total_fuel_sales,Продажи топлива,baseline_hgb_v2
2024-01-05 10:00:00,0,Татнефть-АЗС-001,37.97452634768914,total_fuel_sales,Продажи топлива,baseline_hgb_v2
2024-01-05 11:00:00,0,Татнефть-АЗС-001,37.13294073868486,total_fuel_sales,Продажи топлива,baseline_hgb_v2
2024-01-05 12:00:00,0,Татнефть-АЗС-001,65.79204487791462,total_fuel_sales,Продажи топлива,baseline_hgb_v2
2024-01-05 13:00:00,0,Татнефть-АЗС-001,38.79773212561248,total_fuel_sales,Продажи топлива,baseline_hgb_v2
2024-01-05 14:00:00,0,Татнефть-АЗС-001,35.42832890633496,total_fuel_sales,Продажи топлива,baseline_hgb_v2
2024-01-05 15:00:00,0,Татнефть-АЗС-001,20.585750588059852,total_fuel_sales,Продажи топлива,baseline_hgb_v2
2024-01-05 16:00:00,0,Татнефть-АЗС-001,36.867344175715665,total_fuel_sales,Продажи топлива,baseline_hgb_v2
2024-01-05 17:00:00,0,Татнефть-АЗС-001,121.36311607754573,total_fuel_sales,Продажи топлива,baseline_hgb_v2
2024-01-05 18:00:00,0,Татнефть-АЗС-001,206.58617516639086,total_fuel_sales,Продажи топлива,baseline_hgb_v2
2024-01-05 19:00:00,0,Татнефть-АЗС-001,202.6973859484726,total_fuel_sales,Продажи топлива,baseline_hgb_v2
2024-01-05 20:00:00,0,Татнефть-АЗС-001,35.98299115378689,total_fuel_sales,Продажи топлива,baseline_hgb_v2
2024-01-05 21:00:00,0,Татнефть-АЗС-001,41.53175596183366,total_fuel_sales,Продажи топлива,baseline_hgb_v2
2024-01-05 22:00:00,0,Татнефть-АЗС-001,7.915280903559131,total_fuel_sales,Продажи топлива,baseline_hgb_v2
2024-01-05 23:00:00,0,Татнефть-АЗС-001,2.807128044947938,total_fuel_sales,Продажи топлива,baseline_hgb_v2
2024-01-06 00:00:00,0,Татнефть-АЗС-001,2.9876745128287516,total_fuel_sales,Продажи топлива,baseline_hgb_v2
2024-01-06 01:00:00,0,Татнефть-АЗС-001,3.7108107660819,total_fuel_sales,Продажи топлива,baseline_hgb_v2
2024-01-06 02:00:00,0,Татнефть-АЗС-001,9.64563588670143,total_fuel_sales,Продажи топлива,baseline_hgb_v2
2024-01-06 03:00:00,0,Татнефть-АЗС-001,3.7108107660819,total_fuel_sales,Продажи топлива,baseline_hgb_v2
2024-01-06 04:00:00,0,Татнефть-АЗС-001,5.840202324421629,total_fuel_sales,Продажи топлива,baseline_hgb_v2
2024-01-06 05:00:00,0,Татнефть-АЗС-001,5.258868110813464,total_fuel_sales,Продажи топлива,baseline_hgb_v2
2024-01-06 06:00:00,0,Татнефть-АЗС-001,20.53714137809068,total_fuel_sales,Продажи топлива,baseline_hgb_v2
2024-01-06 07:00:00,0,Татнефть-АЗС-001,99.37018848754413,total_fuel_sales,Продажи топлива,baseline_hgb_v2
2024-01-06 08:00:00,0,Татнефть-АЗС-001,130.93274989177797,total_fuel_sales,Продажи топлива,baseline_hgb_v2
2024-01-06 09:00:00,0,Татнефть-АЗС-001,115.74966939568286,total_fuel_sales,Продажи топлива,baseline_hgb_v2
2024-01-06 10:00:00,0,Татнефть-АЗС-001,42.71351231953544,total_fuel_sales,Продажи топлива,baseline_hgb_v2
2024-01-06 11:00:00,0,Татнефть-АЗС-001,30.607017178110915,total_fuel_sales,Продажи топлива,baseline_hgb_v2
2024-01-06 12:00:00,0,Татнефть-АЗС-001,72.0738026084151,total_fuel_sales,Продажи топлива,baseline_hgb_v2
2024-01-06 13:00:00,0,Татнефть-АЗС-001,37.77419498592395,total_fuel_sales,Продажи топлива,baseline_hgb_v2
2024-01-06 14:00:00,0,Татнефть-АЗС-001,37.39410045802798,total_fuel_sales,Продажи топлива,baseline_hgb_v2
2024-01-06 15:00:00,0,Татнефть-АЗС-001,24.718089881913446,total_fuel_sales,Продажи топлива,baseline_hgb_v2
2024-01-06 16:00:00,0,Татнефть-АЗС-001,23.074245613981496,total_fuel_sales,Продажи топлива,baseline_hgb_v2
2024-01-06 17:00:00,0,Татнефть-АЗС-001,248.13030759678793,total_fuel_sales,Продажи топлива,baseline_hgb_v2
2024-01-06 18:00:00,0,Татнефть-АЗС-001,216.58126668124163,total_fuel_sales,Продажи топлива,baseline_hgb_v2
2024-01-06 19:00:00,0,Татнефть-АЗС-001,247.95977221164767,total_fuel_sales,Продажи топлива,baseline_hgb_v2
2024-01-06 20:00:00,0,Татнефть-АЗС-001,35.256363659401934,total_fuel_sales,Продажи топлива,baseline_hgb_v2
2024-01-06 21:00:00,0,Татнефть-АЗС-001,24.658510740482647,total_fuel_sales,Продажи топлива,baseline_hgb_v2
2024-01-06 22:00:00,0,Татнефть-АЗС-001,9.392659314314487,total_fuel_sales,Продажи топлива,baseline_hgb_v2
2024-01-06 23:00:00,0,Татнефть-АЗС-001,6.268816642127046,total_fuel_sales,Продажи топлива,baseline_hgb_v2
2024-01-07 00:00:00,0,Татнефть-АЗС-001,4.1572561102741785,total_fuel_sales,Продажи топлива,baseline_hgb_v2
2024-01-07 01:00:00,0,Татнефть-АЗС-001,5.258868110813464,total_fuel_sales,Продажи топлива,baseline_hgb_v2
2024-01-07 02:00:00,0,Татнефть-АЗС-001,7.718962825527308,total_fuel_sales,Продажи топлива,baseline_hgb_v2
2024-01-07 03:00:00,0,Татнефть-АЗС-001,7.477554324788505,total_fuel_sales,Продажи топлива,baseline_hgb_v2
2024-01-07 04:00:00,0,Татнефть-АЗС-001,4.335323966879709,total_fuel_sales,Продажи топлива,baseline_hgb_v2
2024-01-07 05:00:00,0,Татнефть-АЗС-001,5.258868110813464,total_fuel_sales,Продажи топлива,baseline_hgb_v2
2024-01-07 06:00:00,0,Татнефть-АЗС-001,26.17691322993718,total_fuel_sales,Продажи топлива,baseline_hgb_v2
2024-01-07 07:00:00,0,Татнефть-АЗС-001,124.34459788383936,total_fuel_sales,Продажи топлива,baseline_hgb_v2
2024-01-07 08:00:00,0,Татнефть-АЗС-001,136.21663907103397,total_fuel_sales,Продажи топлива,baseline_hgb_v2
2024-01-07 09:00:00,0,Татнефть-АЗС-001,127.42391053964067,total_fuel_sales,Продажи топлива,baseline_hgb_v2
2024-01-07 10:00:00,0,Татнефть-АЗС-001,20.53714137809068,total_fuel_sales,Продажи топлива,baseline_hgb_v2
2024-01-07 11:00:00,0,Татнефть-АЗС-001,20.338331237642862,total_fuel_sales,Продажи топлива,baseline_hgb_v2
2024-01-07 12:00:00,0,Татнефть-АЗС-001,44.043255243710654,total_fuel_sales,Продажи топлива,baseline_hgb_v2
2024-01-07 13:00:00,0,Татнефть-АЗС-001,36.16188798179377,total_fuel_sales,Продажи топлива,baseline_hgb_v2
2024-01-07 14:00:00,0,Татнефть-АЗС-001,34.736376652153965,total_fuel_sales,Продажи топлива,baseline_hgb_v2
2024-01-07 15:00:00,0,Татнефть-АЗС-001,42.628679119545005,total_fuel_sales,Продажи топлива,baseline_hgb_v2
2024-01-07 16:00:00,0,Татнефть-АЗС-001,45.13823720788998,total_fuel_sales,Продажи топлива,baseline_hgb_v2
2024-01-07 17:00:00,0,Татнефть-АЗС-001,237.3230212888941,total_fuel_sales,Продажи топлива,baseline_hgb_v2
2024-01-07 18:00:00,0,Татнефть-АЗС-001,154.446555272128,total_fuel_sales,Продажи топлива,baseline_hgb_v2
2024-01-07 19:00:00,0,Татнефть-АЗС-001,284.02693978937845,total_fuel_sales,Продажи топлива,baseline_hgb_v2
2024-01-07 20:00:00,0,Татнефть-АЗС-001,38.47527846062613,total_fuel_sales,Продажи топлива,baseline_hgb_v2
2024-01-07 21:00:00,0,Татнефть-АЗС-001,45.003860926154616,total_fuel_sales,Продажи топлива,baseline_hgb_v2
2024-01-07 22:00:00,0,Татнефть-АЗС-001,7.454215407134707,total_fuel_sales,Продажи топлива,baseline_hgb_v2
2024-01-07 23:00:00,0,Татнефть-АЗС-001,9.392659314314487,total_fuel_sales,Продажи топлива,baseline_hgb_v2
2024-01-01 00:00:00,1,Татнефть-АЗС-002,1.8025989717065534,total_fuel_sales,Продажи топлива,baseline_hgb_v2
2024-01-01 01:00:00,1,Татнефть-АЗС-002,1.8025989717065534,total_fuel_sales,Продажи топлива,baseline_hgb_v2
2024-01-01 02:00:00,1,Татнефть-АЗС-002,1.8025989717065534,total_fuel_sales,Продажи топлива,baseline_hgb_v2
2024-01-01 03:00:00,1,Татнефть-АЗС-002,1.8025989717065534,total_fuel_sales,Продажи топлива,baseline_hgb_v2
2024-01-01 04:00:00,1,Татнефть-АЗС-002,1.8025989717065534,total_fuel_sales,Продажи топлива,baseline_hgb_v2
2024-01-01 05:00:00,1,Татнефть-АЗС-002,1.8025989717065534,total_fuel_sales,Продажи топлива,baseline_hgb_v2
2024-01-01 06:00:00,1,Татнефть-АЗС-002,10.555473091641009,total_fuel_sales,Продажи топлива,baseline_hgb_v2
2024-01-01 07:00:00,1,Татнефть-АЗС-002,59.94459657900103,total_fuel_sales,Продажи топлива,baseline_hgb_v2
2024-01-01 08:00:00,1,Татнефть-АЗС-002,49.91635013649491,total_fuel_sales,Продажи топлива,baseline_hgb_v2
2024-01-01 09:00:00,1,Татнефть-АЗС-002,56.041671802172736,total_fuel_sales,Продажи топлива,baseline_hgb_v2
2024-01-01 10:00:00,1,Татнефть-АЗС-002,17.620171586411068,total_fuel_sales,Продажи топлива,baseline_hgb_v2
2024-01-01 11:00:00,1,Татнефть-АЗС-002,17.620171586411068,total_fuel_sales,Продажи топлива,baseline_hgb_v2
2024-01-01 12:00:00,1,Татнефть-АЗС-002,13.530184289066112,total_fuel_sales,Продажи топлива,baseline_hgb_v2
2024-01-01 13:00:00,1,Татнефть-АЗС-002,29.406211566708677,total_fuel_sales,Продажи топлива,baseline_hgb_v2
2024-01-01 14:00:00,1,Татнефть-АЗС-002,26.525163002764746,total_fuel_sales,Продажи топлива,baseline_hgb_v2
2024-01-01 15:00:00,1,Татнефть-АЗС-002,8.264052724650309,total_fuel_sales,Продажи топлива,baseline_hgb_v2
2024-01-01 16:00:00,1,Татнефть-АЗС-002,15.08572366811822,total_fuel_sales,Продажи топлива,baseline_hgb_v2
2024-01-01 17:00:00,1,Татнефть-АЗС-002,78.209911424805,total_fuel_sales,Продажи топлива,baseline_hgb_v2
2024-01-01 18:00:00,1,Татнефть-АЗС-002,90.41814095949407,total_fuel_sales,Продажи топлива,baseline_hgb_v2
2024-01-01 19:00:00,1,Татнефть-АЗС-002,84.79076472588437,total_fuel_sales,Продажи топлива,baseline_hgb_v2
2024-01-01 20:00:00,1,Татнефть-АЗС-002,22.68496017363754,total_fuel_sales,Продажи топлива,baseline_hgb_v2
2024-01-01 21:00:00,1,Татнефть-АЗС-002,10.403787426127131,total_fuel_sales,Продажи топлива,baseline_hgb_v2
2024-01-01 22:00:00,1,Татнефть-АЗС-002,1.4960547648187699,total_fuel_sales,Продажи топлива,baseline_hgb_v2
2024-01-01 23:00:00,1,Татнефть-АЗС-002,1.4960547648187699,total_fuel_sales,Продажи топлива,baseline_hgb_v2
2024-01-02 00:00:00,1,Татнефть-АЗС-002,2.715493299679328,total_fuel_sales,Продажи топлива,baseline_hgb_v2
2024-01-02 01:00:00,1,Татнефть-АЗС-002,1.8025989717065534,total_fuel_sales,Продажи топлива,baseline_hgb_v2
2024-01-02 02:00:00,1,Татнефть-АЗС-002,1.8025989717065534,total_fuel_sales,Продажи топлива,baseline_hgb_v2
2024-01-02 03:00:00,1,Татнефть-АЗС-002,1.8025989717065534,total_fuel_sales,Продажи топлива,baseline_hgb_v2
2024-01-02 04:00:00,1,Татнефть-АЗС-002,1.8025989717065534,total_fuel_sales,Продажи топлива,baseline_hgb_v2
2024-01-02 05:00:00,1,Татнефть-АЗС-002,2.715493299679328,total_fuel_sales,Продажи топлива,baseline_hgb_v2
2024-01-02 06:00:00,1,Татнефть-АЗС-002,9.036493017541913,total_fuel_sales,Продажи топлива,baseline_hgb_v2
2024-01-02 07:00:00,1,Татнефть-АЗС-002,55.036768258728415,total_fuel_sales,Продажи топлива,baseline_hgb_v2
2024-01-02 08:00:00,1,Татнефть-АЗС-002,37.438922607058956,total_fuel_sales,Продажи топлива,baseline_hgb_v2
2024-01-02 09:00:00,1,Татнефть-АЗС-002,38.050826908662,total_fuel_sales,Продажи топлива,baseline_hgb_v2
2024-01-02 10:00:00,1,Татнефть-АЗС-002,11.109488100564452,total_fuel_sales,Продажи топлива,baseline_hgb_v2
2024-01-02 11:00:00,1,Татнефть-АЗС-002,15.335007824543558,total_fuel_sales,Продажи топлива,baseline_hgb_v2
2024-01-02 12:00:00,1,Татнефть-АЗС-002,29.406211566708677,total_fuel_sales,Продажи топлива,baseline_hgb_v2
2024-01-02 13:00:00,1,Татнефть-АЗС-002,32.13283180288694,total_fuel_sales,Продажи топлива,baseline_hgb_v2
2024-01-02 14:00:00,1,Татнефть-АЗС-002,14.16032851968287,total_fuel_sales,Продажи топлива,baseline_hgb_v2
2024-01-02 15:00:00,1,Татнефть-АЗС-002,16.694371780587996,total_fuel_sales,Продажи топлива,baseline_hgb_v2
2024-01-02 16:00:00,1,Татнефть-АЗС-002,15.94056896448049,total_fuel_sales,Продажи топлива,baseline_hgb_v2
2024-01-02 17:00:00,1,Татнефть-АЗС-002,162.42236538573093,total_fuel_sales,Продажи топлива,baseline_hgb_v2
2024-01-02 18:00:00,1,Татнефть-АЗС-002,166.08697380605335,total_fuel_sales,Продажи топлива,baseline_hgb_v2
2024-01-02 19:00:00,1,Татнефть-АЗС-002,151.4199365583132,total_fuel_sales,Продажи топлива,baseline_hgb_v2
2024-01-02 20:00:00,1,Татнефть-АЗС-002,27.56344357269336,total_fuel_sales,Продажи топлива,baseline_hgb_v2
2024-01-02 21:00:00,1,Татнефть-АЗС-002,10.957802435050574,total_fuel_sales,Продажи топлива,baseline_hgb_v2
2024-01-02 22:00:00,1,Татнефть-АЗС-002,1.4960547648187699,total_fuel_sales,Продажи топлива,baseline_hgb_v2
2024-01-02 23:00:00,1,Татнефть-АЗС-002,2.777948365404065,total_fuel_sales,Продажи топлива,baseline_hgb_v2
2024-01-03 00:00:00,1,Татнефть-АЗС-002,2.715493299679328,total_fuel_sales,Продажи топлива,baseline_hgb_v2
2024-01-03 01:00:00,1,Татнефть-АЗС-002,1.8025989717065534,total_fuel_sales,Продажи топлива,baseline_hgb_v2
2024-01-03 02:00:00,1,Татнефть-АЗС-002,3.4876778202722085,total_fuel_sales,Продажи топлива,baseline_hgb_v2
2024-01-03 03:00:00,1,Татнефть-АЗС-002,2.715493299679328,total_fuel_sales,Продажи топлива,baseline_hgb_v2
2024-01-03 04:00:00,1,Татнефть-АЗС-002,1.8025989717065534,total_fuel_sales,Продажи топлива,baseline_hgb_v2
2024-01-03 05:00:00,1,Татнефть-АЗС-002,1.8025989717065534,total_fuel_sales,Продажи топлива,baseline_hgb_v2
2024-01-03 06:00:00,1,Татнефть-АЗС-002,11.109488100564452,total_fuel_sales,Продажи топлива,baseline_hgb_v2
2024-01-03 07:00:00,1,Татнефть-АЗС-002,53.503744403823745,total_fuel_sales,Продажи топлива,baseline_hgb_v2
2024-01-03 08:00:00,1,Татнефть-АЗС-002,86.99813268305488,total_fuel_sales,Продажи топлива,baseline_hgb_v2
2024-01-03 09:00:00,1,Татнефть-АЗС-002,81.1047228803122,total_fuel_sales,Продажи топлива,baseline_hgb_v2
2024-01-03 10:00:00,1,Татнефть-АЗС-002,11.688723167648583,total_fuel_sales,Продажи топлива,baseline_hgb_v2
2024-01-03 11:00:00,1,Татнефть-АЗС-002,11.109488100564452,total_fuel_sales,Продажи топлива,baseline_hgb_v2
2024-01-03 12:00:00,1,Татнефть-АЗС-002,35.343098990411356,total_fuel_sales,Продажи топлива,baseline_hgb_v2
2024-01-03 13:00:00,1,Татнефть-АЗС-002,16.44195389020039,total_fuel_sales,Продажи топлива,baseline_hgb_v2
2024-01-03 14:00:00,1,Татнефть-АЗС-002,15.876666999193617,total_fuel_sales,Продажи топлива,baseline_hgb_v2
2024-01-03 15:00:00,1,Татнефть-АЗС-002,18.51667270190418,total_fuel_sales,Продажи топлива,baseline_hgb_v2
2024-01-03 16:00:00,1,Татнефть-АЗС-002,22.407137294606326,total_fuel_sales,Продажи топлива,baseline_hgb_v2
2024-01-03 17:00:00,1,Татнефть-АЗС-002,117.06524638882338,total_fuel_sales,Продажи топлива,baseline_hgb_v2
2024-01-03 18:00:00,1,Татнефть-АЗС-002,99.71366097244247,total_fuel_sales,Продажи топлива,baseline_hgb_v2
2024-01-03 19:00:00,1,Татнефть-АЗС-002,137.417885683255,total_fuel_sales,Продажи топлива,baseline_hgb_v2
2024-01-03 20:00:00,1,Татнефть-АЗС-002,26.491273833433475,total_fuel_sales,Продажи топлива,baseline_hgb_v2
2024-01-03 21:00:00,1,Татнефть-АЗС-002,10.957802435050574,total_fuel_sales,Продажи топлива,baseline_hgb_v2
2024-01-03 22:00:00,1,Татнефть-АЗС-002,3.0443639545754424,total_fuel_sales,Продажи топлива,baseline_hgb_v2
2024-01-03 23:00:00,1,Татнефть-АЗС-002,1.4960547648187699,total_fuel_sales,Продажи топлива,baseline_hgb_v2
2024-01-04 00:00:00,1,Татнефть-АЗС-002,2.3570936301932046,total_fuel_sales,Продажи топлива,baseline_hgb_v2
2024-01-04 01:00:00,1,Татнефть-АЗС-002,1.8025989717065534,total_fuel_sales,Продажи топлива,baseline_hgb_v2
2024-01-04 02:00:00,1,Татнефть-АЗС-002,1.8025989717065534,total_fuel_sales,Продажи топлива,baseline_hgb_v2
2024-01-04 03:00:00,1,Татнефть-АЗС-002,2.715493299679328,total_fuel_sales,Продажи топлива,baseline_hgb_v2
2024-01-04 04:00:00,1,Татнефть-АЗС-002,2.715493299679328,total_fuel_sales,Продажи топлива,baseline_hgb_v2
2024-01-04 05:00:00,1,Татнефть-АЗС-002,2.715493299679328,total_fuel_sales,Продажи топлива,baseline_hgb_v2
2024-01-04 06:00:00,1,Татнефть-АЗС-002,19.28869374054897,total_fuel_sales,Продажи топлива,baseline_hgb_v2
2024-01-04 07:00:00,1,Татнефть-АЗС-002,93.26650985545922,total_fuel_sales,Продажи топлива,baseline_hgb_v2
2024-01-04 08:00:00,1,Татнефть-АЗС-002,82.67239472111224,total_fuel_sales,Продажи топлива,baseline_hgb_v2
2024-01-04 09:00:00,1,Татнефть-АЗС-002,83.77642151886538,total_fuel_sales,Продажи топлива,baseline_hgb_v2
2024-01-04 10:00:00,1,Татнефть-АЗС-002,8.439561284532763,total_fuel_sales,Продажи топлива,baseline_hgb_v2
2024-01-04 11:00:00,1,Татнефть-АЗС-002,11.097063177638509,total_fuel_sales,Продажи топлива,baseline_hgb_v2
2024-01-04 12:00:00,1,Татнефть-АЗС-002,35.88933978313229,total_fuel_sales,Продажи топлива,baseline_hgb_v2
2024-01-04 13:00:00,1,Татнефть-АЗС-002,12.933252556056958,total_fuel_sales,Продажи топлива,baseline_hgb_v2
2024-01-04 14:00:00,1,Татнефть-АЗС-002,35.88933978313229,total_fuel_sales,Продажи топлива,baseline_hgb_v2
2024-01-04 15:00:00,1,Татнефть-АЗС-002,9.832377968718987,total_fuel_sales,Продажи топлива,baseline_hgb_v2
2024-01-04 16:00:00,1,Татнефть-АЗС-002,26.65989359929827,total_fuel_sales,Продажи топлива,baseline_hgb_v2
2024-01-04 17:00:00,1,Татнефть-АЗС-002,151.41516948745087,total_fuel_sales,Продажи топлива,baseline_hgb_v2
2024-01-04 18:00:00,1,Татнефть-АЗС-002,166.01112916828038,total_fuel_sales,Продажи топлива,baseline_hgb_v2
2024-01-04 19:00:00,1,Татнефть-АЗС-002,84.99796605501533,total_fuel_sales,Продажи топлива,baseline_hgb_v2
2024-01-04 20:00:00,1,Татнефть-АЗС-002,20.639978769980768,total_fuel_sales,Продажи топлива,baseline_hgb_v2
2024-01-04 21:00:00,1,Татнефть-АЗС-002,20.13343137814944,total_fuel_sales,Продажи топлива,baseline_hgb_v2
2024-01-04 22:00:00,1,Татнефть-АЗС-002,1.4960547648187699,total_fuel_sales,Продажи топлива,baseline_hgb_v2
2024-01-04 23:00:00,1,Татнефть-АЗС-002,1.4960547648187699,total_fuel_sales,Продажи топлива,baseline_hgb_v2
2024-01-05 00:00:00,1,Татнефть-АЗС-002,1.8025989717065534,total_fuel_sales,Продажи топлива,baseline_hgb_v2
2024-01-05 01:00:00,1,Татнефть-АЗС-002,1.8025989717065534,total_fuel_sales,Продажи топлива,baseline_hgb_v2
2024-01-05 02:00:00,1,Татнефть-АЗС-002,2.715493299679328,total_fuel_sales,Продажи топлива,baseline_hgb_v2
2024-01-05 03:00:00,1,Татнефть-АЗС-002,2.715493299679328,total_fuel_sales,Продажи топлива,baseline_hgb_v2
2024-01-05 04:00:00,1,Татнефть-АЗС-002,1.8025989717065534,total_fuel_sales,Продажи топлива,baseline_hgb_v2
2024-01-05 05:00:00,1,Татнефть-АЗС-002,1.8025989717065534,total_fuel_sales,Продажи топлива,baseline_hgb_v2
2024-01-05 06:00:00,1,Татнефть-АЗС-002,17.620171586411068,total_fuel_sales,Продажи топлива,baseline_hgb_v2
2024-01-05 07:00:00,1,Татнефть-АЗС-002,77.9807776118216,total_fuel_sales,Продажи топлива,baseline_hgb_v2
2024-01-05 08:00:00,1,Татнефть-АЗС-002,88.68549401348453,total_fuel_sales,Продажи топлива,baseline_hgb_v2
2024-01-05 09:00:00,1,Татнефть-АЗС-002,52.977892070845115,total_fuel_sales,Продажи топлива,baseline_hgb_v2
2024-01-05 10:00:00,1,Татнефть-АЗС-002,9.036493017541913,total_fuel_sales,Продажи топлива,baseline_hgb_v2
2024-01-05 11:00:00,1,Татнефть-АЗС-002,19.28869374054897,total_fuel_sales,Продажи топлива,baseline_hgb_v2
2024-01-05 12:00:00,1,Татнефть-АЗС-002,27.596890723496124,total_fuel_sales,Продажи топлива,baseline_hgb_v2
2024-01-05 13:00:00,1,Татнефть-АЗС-002,16.42952896727445,total_fuel_sales,Продажи топлива,baseline_hgb_v2
2024-01-05 14:00:00,1,Татнефть-АЗС-002,16.98354397619789,total_fuel_sales,Продажи топлива,baseline_hgb_v2
2024-01-05 15:00:00,1,Татнефть-АЗС-002,19.369811905166433,total_fuel_sales,Продажи топлива,baseline_hgb_v2
2024-01-05 16:00:00,1,Татнефть-АЗС-002,19.900219109178472,total_fuel_sales,Продажи топлива,baseline_hgb_v2
2024-01-05 17:00:00,1,Татнефть-АЗС-002,153.88365814362217,total_fuel_sales,Продажи топлива,baseline_hgb_v2
2024-01-05 18:00:00,1,Татнефть-АЗС-002,87.36720036042483,total_fuel_sales,Продажи топлива,baseline_hgb_v2
2024-01-05 19:00:00,1,Татнефть-АЗС-002,161.04812129460475,total_fuel_sales,Продажи топлива,baseline_hgb_v2
2024-01-05 20:00:00,1,Татнефть-АЗС-002,26.491273833433475,total_fuel_sales,Продажи топлива,baseline_hgb_v2
2024-01-05 21:00:00,1,Татнефть-АЗС-002,10.945377512124631,total_fuel_sales,Продажи топлива,baseline_hgb_v2
2024-01-05 22:00:00,1,Татнефть-АЗС-002,4.0684533818432,total_fuel_sales,Продажи топлива,baseline_hgb_v2
2024-01-05 23:00:00,1,Татнефть-АЗС-002,2.777948365404065,total_fuel_sales,Продажи топлива,baseline_hgb_v2
2024-01-06 00:00:00,1,Татнефть-АЗС-002,2.2332653069387334,total_fuel_sales,Продажи топлива,baseline_hgb_v2
2024-01-06 01:00:00,1,Татнефть-АЗС-002,2.2332653069387334,total_fuel_sales,Продажи топлива,baseline_hgb_v2
2024-01-06 02:00:00,1,Татнефть-АЗС-002,2.2332653069387334,total_fuel_sales,Продажи топлива,baseline_hgb_v2
2024-01-06 03:00:00,1,Татнефть-АЗС-002,1.4904234306766657,total_fuel_sales,Продажи топлива,baseline_hgb_v2
2024-01-06 04:00:00,1,Татнефть-АЗС-002,2.2332653069387334,total_fuel_sales,Продажи топлива,baseline_hgb_v2
2024-01-06 05:00:00,1,Татнефть-АЗС-002,1.4904234306766657,total_fuel_sales,Продажи топлива,baseline_hgb_v2
2024-01-06 06:00:00,1,Татнефть-АЗС-002,7.224418202513198,total_fuel_sales,Продажи топлива,baseline_hgb_v2
2024-01-06 07:00:00,1,Татнефть-АЗС-002,81.46505373003359,total_fuel_sales,Продажи топлива,baseline_hgb_v2
2024-01-06 08:00:00,1,Татнефть-АЗС-002,28.553473941898275,total_fuel_sales,Продажи топлива,baseline_hgb_v2
2024-01-06 09:00:00,1,Татнефть-АЗС-002,64.81544037935033,total_fuel_sales,Продажи топлива,baseline_hgb_v2
2024-01-06 10:00:00,1,Татнефть-АЗС-002,12.667583376341055,total_fuel_sales,Продажи топлива,baseline_hgb_v2
2024-01-06 11:00:00,1,Татнефть-АЗС-002,8.045161129676558,total_fuel_sales,Продажи топлива,baseline_hgb_v2
2024-01-06 12:00:00,1,Татнефть-АЗС-002,19.76266511874183,total_fuel_sales,Продажи топлива,baseline_hgb_v2
2024-01-06 13:00:00,1,Татнефть-АЗС-002,10.908167231261984,total_fuel_sales,Продажи топлива,baseline_hgb_v2
2024-01-06 14:00:00,1,Татнефть-АЗС-002,22.409139480083073,total_fuel_sales,Продажи топлива,baseline_hgb_v2
2024-01-06 15:00:00,1,Татнефть-АЗС-002,6.908641292334957,total_fuel_sales,Продажи топлива,baseline_hgb_v2
2024-01-06 16:00:00,1,Татнефть-АЗС-002,21.30006372605335,total_fuel_sales,Продажи топлива,baseline_hgb_v2
2024-01-06 17:00:00,1,Татнефть-АЗС-002,67.49204486155979,total_fuel_sales,Продажи топлива,baseline_hgb_v2
2024-01-06 18:00:00,1,Татнефть-АЗС-002,99.82633777663797,total_fuel_sales,Продажи топлива,baseline_hgb_v2
2024-01-06 19:00:00,1,Татнефть-АЗС-002,62.35142648234977,total_fuel_sales,Продажи топлива,baseline_hgb_v2
2024-01-06 20:00:00,1,Татнефть-АЗС-002,22.50896940036038,total_fuel_sales,Продажи топлива,baseline_hgb_v2
2024-01-06 21:00:00,1,Татнефть-АЗС-002,12.480447836205478,total_fuel_sales,Продажи топлива,baseline_hgb_v2
2024-01-06 22:00:00,1,Татнефть-АЗС-002,2.158498492675857,total_fuel_sales,Продажи топлива,baseline_hgb_v2
2024-01-06 23:00:00,1,Татнефть-АЗС-002,1.2301773444295137,total_fuel_sales,Продажи топлива,baseline_hgb_v2
2024-01-07 00:00:00,1,Татнефть-АЗС-002,2.2332653069387334,total_fuel_sales,Продажи топлива,baseline_hgb_v2
2024-01-07 01:00:00,1,Татнефть-АЗС-002,2.2332653069387334,total_fuel_sales,Продажи топлива,baseline_hgb_v2
2024-01-07 02:00:00,1,Татнефть-АЗС-002,1.4904234306766657,total_fuel_sales,Продажи топлива,baseline_hgb_v2
2024-01-07 03:00:00,1,Татнефть-АЗС-002,1.4904234306766657,total_fuel_sales,Продажи топлива,baseline_hgb_v2
2024-01-07 04:00:00,1,Татнефть-АЗС-002,2.2332653069387334,total_fuel_sales,Продажи топлива,baseline_hgb_v2
2024-01-07 05:00:00,1,Татнефть-АЗС-002,2.2332653069387334,total_fuel_sales,Продажи топлива,baseline_hgb_v2
2024-01-07 06:00:00,1,Татнефть-АЗС-002,14.941721577768593,total_fuel_sales,Продажи топлива,baseline_hgb_v2
2024-01-07 07:00:00,1,Татнефть-АЗС-002,36.68625964993915,total_fuel_sales,Продажи топлива,baseline_hgb_v2
2024-01-07 08:00:00,1,Татнефть-АЗС-002,71.46766934713813,total_fuel_sales,Продажи топлива,baseline_hgb_v2
2024-01-07 09:00:00,1,Татнефть-АЗС-002,36.58821139192084,total_fuel_sales,Продажи топлива,baseline_hgb_v2
2024-01-07 10:00:00,1,Татнефть-АЗС-002,12.113568367417612,total_fuel_sales,Продажи топлива,baseline_hgb_v2
2024-01-07 11:00:00,1,Татнефть-АЗС-002,6.483080609833154,total_fuel_sales,Продажи топлива,baseline_hgb_v2
2024-01-07 12:00:00,1,Татнефть-АЗС-002,21.16524492285651,total_fuel_sales,Продажи топлива,baseline_hgb_v2
2024-01-07 13:00:00,1,Татнефть-АЗС-002,21.16524492285651,total_fuel_sales,Продажи топлива,baseline_hgb_v2
2024-01-07 14:00:00,1,Татнефть-АЗС-002,10.207905842864148,total_fuel_sales,Продажи топлива,baseline_hgb_v2
2024-01-07 15:00:00,1,Татнефть-АЗС-002,11.932735183806614,total_fuel_sales,Продажи топлива,baseline_hgb_v2
2024-01-07 16:00:00,1,Татнефть-АЗС-002,19.8712488239202,total_fuel_sales,Продажи топлива,baseline_hgb_v2
2024-01-07 17:00:00,1,Татнефть-АЗС-002,67.33666938774256,total_fuel_sales,Продажи топлива,baseline_hgb_v2
2024-01-07 18:00:00,1,Татнефть-АЗС-002,54.018957421276355,total_fuel_sales,Продажи топлива,baseline_hgb_v2
2024-01-07 19:00:00,1,Татнефть-АЗС-002,67.19637493418796,total_fuel_sales,Продажи топлива,baseline_hgb_v2
2024-01-07 20:00:00,1,Татнефть-АЗС-002,25.352375226421938,total_fuel_sales,Продажи топлива,baseline_hgb_v2
2024-01-07 21:00:00,1,Татнефть-АЗС-002,12.913267545782865,total_fuel_sales,Продажи топлива,baseline_hgb_v2
2024-01-07 22:00:00,1,Татнефть-АЗС-002,1.2301773444295137,total_fuel_sales,Продажи топлива,baseline_hgb_v2
2024-01-07 23:00:00,1,Татнефть-АЗС-002,1.2301773444295137,total_fuel_sales,Продажи топлива,baseline_hgb_v2
2024-01-01 00:00:00,10,Татнефть-АЗС-011,3.705666968491157,total_fuel_sales,Продажи топлива,baseline_hgb_v2
2024-01-01 01:00:00,10,Татнефть-АЗС-011,3.2272905160649605,total_fuel_sales,Продажи топлива,baseline_hgb_v2
2024-01-01 02:00:00,10,Татнефть-АЗС-011,4.57493997011592,total_fuel_sales,Продажи топлива,baseline_hgb_v2
2024-01-01 03:00:00,10,Татнефть-АЗС-011,3.2272905160649605,total_fuel_sales,Продажи топлива,baseline_hgb_v2
2024-01-01 04:00:00,10,Татнефть-АЗС-011,8.001730237681906,total_fuel_sales,Продажи топлива,baseline_hgb_v2
2024-01-01 05:00:00,10,Татнефть-АЗС-011,3.1136722518357214,total_fuel_sales,Продажи топлива,baseline_hgb_v2
2024-01-01 06:00:00,10,Татнефть-АЗС-011,37.13294073868486,total_fuel_sales,Продажи топлива,baseline_hgb_v2
2024-01-01 07:00:00,10,Татнефть-АЗС-011,149.85651867085707,total_fuel_sales,Продажи топлива,baseline_hgb_v2
2024-01-01 08:00:00,10,Татнефть-АЗС-011,188.20534830451837,total_fuel_sales,Продажи топлива,baseline_hgb_v2
2024-01-01 09:00:00,10,Татнефть-АЗС-011,178.1716417729691,total_fuel_sales,Продажи топлива,baseline_hgb_v2
2024-01-01 10:00:00,10,Татнефть-АЗС-011,20.709065619112383,total_fuel_sales,Продажи топлива,baseline_hgb_v2
2024-01-01 11:00:00,10,Татнефть-АЗС-011,35.08523287592596,total_fuel_sales,Продажи топлива,baseline_hgb_v2
2024-01-01 12:00:00,10,Татнефть-АЗС-011,35.23698381354065,total_fuel_sales,Продажи топлива,baseline_hgb_v2
2024-01-01 13:00:00,10,Татнефть-АЗС-011,65.78845323104748,total_fuel_sales,Продажи топлива,baseline_hgb_v2
2024-01-01 14:00:00,10,Татнефть-АЗС-011,66.88477913914576,total_fuel_sales,Продажи топлива,baseline_hgb_v2
2024-01-01 15:00:00,10,Татнефть-АЗС-011,20.712788896264996,total_fuel_sales,Продажи топлива,baseline_hgb_v2
2024-01-01 16:00:00,10,Татнефть-АЗС-011,20.645557106646176,total_fuel_sales,Продажи топлива,baseline_hgb_v2
2024-01-01 17:00:00,10,Татнефть-АЗС-011,218.6823178310151,total_fuel_sales,Продажи топлива,baseline_hgb_v2
2024-01-01 18:00:00,10,Татнефть-АЗС-011,106.616481458993,total_fuel_sales,Продажи топлива,baseline_hgb_v2
2024-01-01 19:00:00,10,Татнефть-АЗС-011,124.58776425819892,total_fuel_sales,Продажи топлива,baseline_hgb_v2
2024-01-01 20:00:00,10,Татнефть-АЗС-011,20.70648653974042,total_fuel_sales,Продажи топлива,baseline_hgb_v2
2024-01-01 21:00:00,10,Татнефть-АЗС-011,36.84671611569846,total_fuel_sales,Продажи топлива,baseline_hgb_v2
2024-01-01 22:00:00,10,Татнефть-АЗС-011,7.168900529112647,total_fuel_sales,Продажи топлива,baseline_hgb_v2
2024-01-01 23:00:00,10,Татнефть-АЗС-011,7.799886645802304,total_fuel_sales,Продажи топлива,baseline_hgb_v2
2024-01-02 00:00:00,10,Татнефть-АЗС-011,3.950426769318109,total_fuel_sales,Продажи топлива,baseline_hgb_v2
2024-01-02 01:00:00,10,Татнефть-АЗС-011,3.2272905160649605,total_fuel_sales,Продажи топлива,baseline_hgb_v2
2024-01-02 02:00:00,10,Татнефть-АЗС-011,6.682339352275241,total_fuel_sales,Продажи топлива,baseline_hgb_v2
2024-01-02 03:00:00,10,Татнефть-АЗС-011,8.12069318879395,total_fuel_sales,Продажи топлива,baseline_hgb_v2
2024-01-02 04:00:00,10,Татнефть-АЗС-011,3.2272905160649605,total_fuel_sales,Продажи топлива,baseline_hgb_v2
2024-01-02 05:00:00,10,Татнефть-АЗС-011,3.2272905160649605,total_fuel_sales,Продажи топлива,baseline_hgb_v2
2024-01-02 06:00:00,10,Татнефть-АЗС-011,20.724197570843955,total_fuel_sales,Продажи топлива,baseline_hgb_v2
2024-01-02 07:00:00,10,Татнефть-АЗС-011,115.17138728053273,total_fuel_sales,Продажи топлива,baseline_hgb_v2
2024-01-02 08:00:00,10,Татнефть-АЗС-011,185.82209195109684,total_fuel_sales,Продажи топлива,baseline_hgb_v2
2024-01-02 09:00:00,10,Татнефть-АЗС-011,150.5301096427707,total_fuel_sales,Продажи топлива,baseline_hgb_v2
2024-01-02 10:00:00,10,Татнефть-АЗС-011,20.826715496081047,total_fuel_sales,Продажи топлива,baseline_hgb_v2
2024-01-02 11:00:00,10,Татнефть-АЗС-011,35.961445585528,total_fuel_sales,Продажи топлива,baseline_hgb_v2
2024-01-02 12:00:00,10,Татнефть-АЗС-011,35.13893555552233,total_fuel_sales,Продажи топлива,baseline_hgb_v2
2024-01-02 13:00:00,10,Татнефть-АЗС-011,35.23698381354065,total_fuel_sales,Продажи топлива,baseline_hgb_v2
2024-01-02 14:00:00,10,Татнефть-АЗС-011,63.70030810875926,total_fuel_sales,Продажи топлива,baseline_hgb_v2
2024-01-02 15:00:00,10,Татнефть-АЗС-011,39.02217676746634,total_fuel_sales,Продажи топлива,baseline_hgb_v2
2024-01-02 16:00:00,10,Татнефть-АЗС-011,34.8406476635577,total_fuel_sales,Продажи топлива,baseline_hgb_v2
2024-01-02 17:00:00,10,Татнефть-АЗС-011,230.19431126993965,total_fuel_sales,Продажи топлива,baseline_hgb_v2
2024-01-02 18:00:00,10,Татнефть-АЗС-011,116.7921576826529,total_fuel_sales,Продажи топлива,baseline_hgb_v2
2024-01-02 19:00:00,10,Татнефть-АЗС-011,205.96736059661714,total_fuel_sales,Продажи топлива,baseline_hgb_v2
2024-01-02 20:00:00,10,Татнефть-АЗС-011,20.852951218040808,total_fuel_sales,Продажи топлива,baseline_hgb_v2
2024-01-02 21:00:00,10,Татнефть-АЗС-011,28.032891537493345,total_fuel_sales,Продажи топлива,baseline_hgb_v2
2024-01-02 22:00:00,10,Татнефть-АЗС-011,2.807128044947938,total_fuel_sales,Продажи топлива,baseline_hgb_v2
2024-01-02 23:00:00,10,Татнефть-АЗС-011,2.807128044947938,total_fuel_sales,Продажи топлива,baseline_hgb_v2
2024-01-03 00:00:00,10,Татнефть-АЗС-011,3.2272905160649605,total_fuel_sales,Продажи топлива,baseline_hgb_v2
2024-01-03 01:00:00,10,Татнефть-АЗС-011,7.801397941225317,total_fuel_sales,Продажи топлива,baseline_hgb_v2
2024-01-03 02:00:00,10,Татнефть-АЗС-011,7.220063727617151,total_fuel_sales,Продажи топлива,baseline_hgb_v2
2024-01-03 03:00:00,10,Татнефть-АЗС-011,7.801397941225317,total_fuel_sales,Продажи топлива,baseline_hgb_v2
2024-01-03 04:00:00,10,Татнефть-АЗС-011,3.950426769318109,total_fuel_sales,Продажи топлива,baseline_hgb_v2
2024-01-03 05:00:00,10,Татнефть-АЗС-011,7.220063727617151,total_fuel_sales,Продажи топлива,baseline_hgb_v2
2024-01-03 06:00:00,10,Татнефть-АЗС-011,36.15282061736417,total_fuel_sales,Продажи топлива,baseline_hgb_v2
2024-01-03 07:00:00,10,Татнефть-АЗС-011,188.20534830451837,total_fuel_sales,Продажи топлива,baseline_hgb_v2
2024-01-03 08:00:00,10,Татнефть-АЗС-011,98.55454896630934,total_fuel_sales,Продажи топлива,baseline_hgb_v2
2024-01-03 09:00:00,10,Татнефть-АЗС-011,100.43805007953146,total_fuel_sales,Продажи топлива,baseline_hgb_v2
2024-01-03 10:00:00,10,Татнефть-АЗС-011,22.09769537578876,total_fuel_sales,Продажи топлива,baseline_hgb_v2
2024-01-03 11:00:00,10,Татнефть-АЗС-011,22.09769537578876,total_fuel_sales,Продажи топлива,baseline_hgb_v2
2024-01-03 12:00:00,10,Татнефть-АЗС-011,68.51239174248322,total_fuel_sales,Продажи топлива,baseline_hgb_v2
2024-01-03 13:00:00,10,Татнефть-АЗС-011,35.23698381354065,total_fuel_sales,Продажи топлива,baseline_hgb_v2
2024-01-03 14:00:00,10,Татнефть-АЗС-011,68.51239174248322,total_fuel_sales,Продажи топлива,baseline_hgb_v2
2024-01-03 15:00:00,10,Татнефть-АЗС-011,39.02217676746634,total_fuel_sales,Продажи топлива,baseline_hgb_v2
2024-01-03 16:00:00,10,Татнефть-АЗС-011,20.876773921388192,total_fuel_sales,Продажи топлива,baseline_hgb_v2
2024-01-03 17:00:00,10,Татнефть-АЗС-011,237.34381589612818,total_fuel_sales,Продажи топлива,baseline_hgb_v2
2024-01-03 18:00:00,10,Татнефть-АЗС-011,113.63772890731614,total_fuel_sales,Продажи топлива,baseline_hgb_v2
2024-01-03 19:00:00,10,Татнефть-АЗС-011,216.95976456698796,total_fuel_sales,Продажи топлива,baseline_hgb_v2
2024-01-03 20:00:00,10,Татнефть-АЗС-011,36.87704795344266,total_fuel_sales,Продажи топлива,baseline_hgb_v2
2024-01-03 21:00:00,10,Татнефть-АЗС-011,35.98299115378689,total_fuel_sales,Продажи топлива,baseline_hgb_v2
2024-01-03 22:00:00,10,Татнефть-АЗС-011,7.168900529112647,total_fuel_sales,Продажи топлива,baseline_hgb_v2
2024-01-03 23:00:00,10,Татнефть-АЗС-011,7.168900529112647,total_fuel_sales,Продажи топлива,baseline_hgb_v2
2024-01-04 00:00:00,10,Татнефть-АЗС-011,3.2272905160649605,total_fuel_sales,Продажи топлива,baseline_hgb_v2
2024-01-04 01:00:00,10,Татнефть-АЗС-011,7.220063727617151,total_fuel_sales,Продажи топлива,baseline_hgb_v2
2024-01-04 02:00:00,10,Татнефть-АЗС-011,3.705666968491157,total_fuel_sales,Продажи топлива,baseline_hgb_v2
2024-01-04 03:00:00,10,Татнефть-АЗС-011,3.2272905160649605,total_fuel_sales,Продажи топлива,baseline_hgb_v2
2024-01-04 04:00:00,10,Татнефть-АЗС-011,7.801397941225317,total_fuel_sales,Продажи топлива,baseline_hgb_v2
2024-01-04 05:00:00,10,Татнефть-АЗС-011,7.852977390044427,total_fuel_sales,Продажи топлива,baseline_hgb_v2
2024-01-04 06:00:00,10,Татнефть-АЗС-011,37.97452634768914,total_fuel_sales,Продажи топлива,baseline_hgb_v2
2024-01-04 07:00:00,10,Татнефть-АЗС-011,204.90584678072184,total_fuel_sales,Продажи топлива,baseline_hgb_v2
2024-01-04 08:00:00,10,Татнефть-АЗС-011,117.7185075236095,total_fuel_sales,Продажи топлива,baseline_hgb_v2
2024-01-04 09:00:00,10,Татнефть-АЗС-011,115.69317333583102,total_fuel_sales,Продажи топлива,baseline_hgb_v2
2024-01-04 10:00:00,10,Татнефть-АЗС-011,20.817327064844566,total_fuel_sales,Продажи топлива,baseline_hgb_v2
2024-01-04 11:00:00,10,Татнефть-АЗС-011,19.914047325391163,total_fuel_sales,Продажи топлива,baseline_hgb_v2
2024-01-04 12:00:00,10,Татнефть-АЗС-011,61.06586770834884,total_fuel_sales,Продажи топлива,baseline_hgb_v2
2024-01-04 13:00:00,10,Татнефть-АЗС-011,35.42832890633496,total_fuel_sales,Продажи топлива,baseline_hgb_v2
2024-01-04 14:00:00,10,Татнефть-АЗС-011,34.425018790467405,total_fuel_sales,Продажи топлива,baseline_hgb_v2
2024-01-04 15:00:00,10,Татнефть-АЗС-011,34.17120948541796,total_fuel_sales,Продажи топлива,baseline_hgb_v2
2024-01-04 16:00:00,10,Татнефть-АЗС-011,20.585750588059852,total_fuel_sales,Продажи топлива,baseline_hgb_v2
2024-01-04 17:00:00,10,Татнефть-АЗС-011,204.37014885595576,total_fuel_sales,Продажи топлива,baseline_hgb_v2
2024-01-04 18:00:00,10,Татнефть-АЗС-011,205.70464626707178,total_fuel_sales,Продажи топлива,baseline_hgb_v2
2024-01-04 19:00:00,10,Татнефть-АЗС-011,162.12093128546923,total_fuel_sales,Продажи топлива,baseline_hgb_v2
2024-01-04 20:00:00,10,Татнефть-АЗС-011,27.591554313471253,total_fuel_sales,Продажи топлива,baseline_hgb_v2
2024-01-04 21:00:00,10,Татнефть-АЗС-011,43.32529012267628,total_fuel_sales,Продажи топлива,baseline_hgb_v2
2024-01-04 22:00:00,10,Татнефть-АЗС-011,6.631176153770737,total_fuel_sales,Продажи топлива,baseline_hgb_v2
2024-01-04 23:00:00,10,Татнефть-АЗС-011,6.631176153770737,total_fuel_sales,Продажи топлива,baseline_hgb_v2
2024-01-05 00:00:00,10,Татнефть-АЗС-011,7.801397941225317,total_fuel_sales,Продажи топлива,baseline_hgb_v2
2024-01-05 01:00:00,10,Татнефть-АЗС-011,7.220063727617151,total_fuel_sales,Продажи топлива,baseline_hgb_v2
2024-01-05 02:00:00,10,Татнефть-АЗС-011,3.950426769318109,total_fuel_sales,Продажи топлива,baseline_hgb_v2
2024-01-05 03:00:00,10,Татнефть-АЗС-011,3.705666968491157,total_fuel_sales,Продажи топлива,baseline_hgb_v2
2024-01-05 04:00:00,10,Татнефть-АЗС-011,8.001730237681906,total_fuel_sales,Продажи топлива,baseline_hgb_v2
2024-01-05 05:00:00,10,Татнефть-АЗС-011,3.2014143313481074,total_fuel_sales,Продажи топлива,baseline_hgb_v2
2024-01-05 06:00:00,10,Татнефть-АЗС-011,20.817327064844566,total_fuel_sales,Продажи топлива,baseline_hgb_v2
2024-01-05 07:00:00,10,Татнефть-АЗС-011,117.50867086377035,total_fuel_sales,Продажи топлива,baseline_hgb_v2
2024-01-05 08:00:00,10,Татнефть-АЗС-011,118.40472121373868,total_fuel_sales,Продажи топлива,baseline_hgb_v2
2024-01-05 09:00:00,10,Татнефть-АЗС-011,194.5606299348193,total_fuel_sales,Продажи топлива,baseline_hgb_v2
2024-01-05 10:00:00,10,Татнефть-АЗС-011,28.47523787700027,total_fuel_sales,Продажи топлива,baseline_hgb_v2
2024-01-05 11:00:00,10,Татнефть-АЗС-011,26.29320229336949,total_fuel_sales,Продажи топлива,baseline_hgb_v2
2024-01-05 12:00:00,10,Татнефть-АЗС-011,68.51239174248322,total_fuel_sales,Продажи топлива,baseline_hgb_v2
2024-01-05 13:00:00,10,Татнефть-АЗС-011,35.42832890633496,total_fuel_sales,Продажи топлива,baseline_hgb_v2
2024-01-05 14:00:00,10,Татнефть-АЗС-011,36.113255382222405,total_fuel_sales,Продажи топлива,baseline_hgb_v2
2024-01-05 15:00:00,10,Татнефть-АЗС-011,20.636168675409696,total_fuel_sales,Продажи топлива,baseline_hgb_v2
2024-01-05 16:00:00,10,Татнефть-АЗС-011,20.703400465028515,total_fuel_sales,Продажи топлива,baseline_hgb_v2
2024-01-05 17:00:00,10,Татнефть-АЗС-011,116.65822757225132,total_fuel_sales,Продажи топлива,baseline_hgb_v2
2024-01-05 18:00:00,10,Татнефть-АЗС-011,99.40775461052236,total_fuel_sales,Продажи топлива,baseline_hgb_v2
2024-01-05 19:00:00,10,Татнефть-АЗС-011,112.28158686697212,total_fuel_sales,Продажи топлива,baseline_hgb_v2
2024-01-05 20:00:00,10,Татнефть-АЗС-011,21.915732526064225,total_fuel_sales,Продажи топлива,baseline_hgb_v2
2024-01-05 21:00:00,10,Татнефть-АЗС-011,34.16490712889338,total_fuel_sales,Продажи топлива,baseline_hgb_v2
2024-01-05 22:00:00,10,Татнефть-АЗС-011,7.168900529112647,total_fuel_sales,Продажи топлива,baseline_hgb_v2
2024-01-05 23:00:00,10,Татнефть-АЗС-011,7.750234742720813,total_fuel_sales,Продажи топлива,baseline_hgb_v2
2024-01-06 00:00:00,10,Татнефть-АЗС-011,5.216256469007442,total_fuel_sales,Продажи топлива,baseline_hgb_v2
2024-01-06 01:00:00,10,Татнефть-АЗС-011,4.292712325073687,total_fuel_sales,Продажи топлива,baseline_hgb_v2
2024-01-06 02:00:00,10,Татнефть-АЗС-011,4.678532093665533,total_fuel_sales,Продажи топлива,baseline_hgb_v2
2024-01-06 03:00:00,10,Татнефть-АЗС-011,4.292712325073687,total_fuel_sales,Продажи топлива,baseline_hgb_v2
2024-01-06 04:00:00,10,Татнефть-АЗС-011,4.678532093665533,total_fuel_sales,Продажи топлива,baseline_hgb_v2
2024-01-06 05:00:00,10,Татнефть-АЗС-011,11.140483654673991,total_fuel_sales,Продажи топлива,baseline_hgb_v2
2024-01-06 06:00:00,10,Татнефть-АЗС-011,23.334408539707834,total_fuel_sales,Продажи топлива,baseline_hgb_v2
2024-01-06 07:00:00,10,Татнефть-АЗС-011,118.89009370776367,total_fuel_sales,Продажи топлива,baseline_hgb_v2
2024-01-06 08:00:00,10,Татнефть-АЗС-011,226.73427674261123,total_fuel_sales,Продажи топлива,baseline_hgb_v2
2024-01-06 09:00:00,10,Татнефть-АЗС-011,123.86276313199905,total_fuel_sales,Продажи топлива,baseline_hgb_v2
2024-01-06 10:00:00,10,Татнефть-АЗС-011,27.323322987053217,total_fuel_sales,Продажи топлива,baseline_hgb_v2
2024-01-06 11:00:00,10,Татнефть-АЗС-011,41.90564788444054,total_fuel_sales,Продажи топлива,baseline_hgb_v2
2024-01-06 12:00:00,10,Татнефть-АЗС-011,45.60762141548531,total_fuel_sales,Продажи топлива,baseline_hgb_v2
2024-01-06 13:00:00,10,Татнефть-АЗС-011,95.45202368093777,total_fuel_sales,Продажи топлива,baseline_hgb_v2
2024-01-06 14:00:00,10,Татнефть-АЗС-011,89.13715091203045,total_fuel_sales,Продажи топлива,baseline_hgb_v2
2024-01-06 15:00:00,10,Татнефть-АЗС-011,40.780374123972784,total_fuel_sales,Продажи топлива,baseline_hgb_v2
2024-01-06 16:00:00,10,Татнефть-АЗС-011,24.622201455201203,total_fuel_sales,Продажи топлива,baseline_hgb_v2
2024-01-06 17:00:00,10,Татнефть-АЗС-011,252.75179179898572,total_fuel_sales,Продажи топлива,baseline_hgb_v2
2024-01-06 18:00:00,10,Татнефть-АЗС-011,143.11308275805473,total_fuel_sales,Продажи топлива,baseline_hgb_v2
2024-01-06 19:00:00,10,Татнефть-АЗС-011,247.25330766640099,total_fuel_sales,Продажи топлива,baseline_hgb_v2
2024-01-06 20:00:00,10,Татнефть-АЗС-011,27.10389335959099,total_fuel_sales,Продажи топлива,baseline_hgb_v2
2024-01-06 21:00:00,10,Татнефть-АЗС-011,54.00737217329547,total_fuel_sales,Продажи топлива,baseline_hgb_v2
2024-01-06 22:00:00,10,Татнефть-АЗС-011,9.350047672508465,total_fuel_sales,Продажи топлива,baseline_hgb_v2
2024-01-06 23:00:00,10,Татнефть-АЗС-011,3.7407801179917666,total_fuel_sales,Продажи топлива,baseline_hgb_v2
2024-01-07 00:00:00,10,Татнефть-АЗС-011,3.4234393234489264,total_fuel_sales,Продажи топлива,baseline_hgb_v2
2024-01-07 01:00:00,10,Татнефть-АЗС-011,10.238772680654277,total_fuel_sales,Продажи топлива,baseline_hgb_v2
2024-01-07 02:00:00,10,Татнефть-АЗС-011,8.902762856497572,total_fuel_sales,Продажи топлива,baseline_hgb_v2
2024-01-07 03:00:00,10,Татнефть-АЗС-011,4.114644468468157,total_fuel_sales,Продажи топлива,baseline_hgb_v2
2024-01-07 04:00:00,10,Татнефть-АЗС-011,7.6763511837212866,total_fuel_sales,Продажи топлива,baseline_hgb_v2
2024-01-07 05:00:00,10,Татнефть-АЗС-011,9.603024244895407,total_fuel_sales,Продажи топлива,baseline_hgb_v2
2024-01-07 06:00:00,10,Татнефть-АЗС-011,45.21440816848519,total_fuel_sales,Продажи топлива,baseline_hgb_v2
2024-01-07 07:00:00,10,Татнефть-АЗС-011,200.40707752552953,total_fuel_sales,Продажи топлива,baseline_hgb_v2
2024-01-07 08:00:00,10,Татнефть-АЗС-011,205.16729392622108,total_fuel_sales,Продажи топлива,baseline_hgb_v2
2024-01-07 09:00:00,10,Татнефть-АЗС-011,135.69909678223803,total_fuel_sales,Продажи топлива,baseline_hgb_v2
2024-01-07 10:00:00,10,Татнефть-АЗС-011,32.67050951462024,total_fuel_sales,Продажи топлива,baseline_hgb_v2
2024-01-07 11:00:00,10,Татнефть-АЗС-011,45.487537634981166,total_fuel_sales,Продажи топлива,baseline_hgb_v2
2024-01-07 12:00:00,10,Татнефть-АЗС-011,35.275430452787475,total_fuel_sales,Продажи топлива,baseline_hgb_v2
2024-01-07 13:00:00,10,Татнефть-АЗС-011,65.75087111588479,total_fuel_sales,Продажи топлива,baseline_hgb_v2
2024-01-07 14:00:00,10,Татнефть-АЗС-011,41.62741249998221,total_fuel_sales,Продажи топлива,baseline_hgb_v2
2024-01-07 15:00:00,10,Татнефть-АЗС-011,45.09562556608396,total_fuel_sales,Продажи топлива,baseline_hgb_v2
2024-01-07 16:00:00,10,Татнефть-АЗС-011,23.818157467409716,total_fuel_sales,Продажи топлива,baseline_hgb_v2
2024-01-07 17:00:00,10,Татнефть-АЗС-011,236.51372282465684,total_fuel_sales,Продажи топлива,baseline_hgb_v2
2024-01-07 18:00:00,10,Татнефть-АЗС-011,187.8986445793101,total_fuel_sales,Продажи топлива,baseline_hgb_v2
2024-01-07 19:00:00,10,Татнефть-АЗС-011,188.56906795157283,total_fuel_sales,Продажи топлива,baseline_hgb_v2
2024-01-07 20:00:00,10,Татнефть-АЗС-011,49.65296702839583,total_fuel_sales,Продажи топлива,baseline_hgb_v2
2024-01-07 21:00:00,10,Татнефть-АЗС-011,38.43266681882011,total_fuel_sales,Продажи топлива,baseline_hgb_v2
2024-01-07 22:00:00,10,Татнефть-АЗС-011,2.5711985205463384,total_fuel_sales,Продажи топлива,baseline_hgb_v2
2024-01-07 23:00:00,10,Татнефть-АЗС-011,10.172284601025048,total_fuel_sales,Продажи топлива,baseline_hgb_v2
2024-01-01 00:00:00,11,Татнефть-АЗС-012,1.8802482708636992,total_fuel_sales,Продажи топлива,baseline_hgb_v2
2024-01-01 01:00:00,11,Татнефть-АЗС-012,6.875387171588019,total_fuel_sales,Продажи топлива,baseline_hgb_v2
2024-01-01 02:00:00,11,Татнефть-АЗС-012,2.9979908700322038,total_fuel_sales,Продажи топлива,baseline_hgb_v2
2024-01-01 03:00:00,11,Татнефть-АЗС-012,6.834310967305808,total_fuel_sales,Продажи топлива,baseline_hgb_v2
2024-01-01 04:00:00,11,Татнефть-АЗС-012,6.834310967305808,total_fuel_sales,Продажи топлива,baseline_hgb_v2
2024-01-01 05:00:00,11,Татнефть-АЗС-012,2.5196144176060056,total_fuel_sales,Продажи топлива,baseline_hgb_v2
2024-01-01 06:00:00,11,Татнефть-АЗС-012,35.70295275083352,total_fuel_sales,Продажи топлива,baseline_hgb_v2
2024-01-01 07:00:00,11,Татнефть-АЗС-012,184.77775368959857,total_fuel_sales,Продажи топлива,baseline_hgb_v2
2024-01-01 08:00:00,11,Татнефть-АЗС-012,85.64352104959048,total_fuel_sales,Продажи топлива,baseline_hgb_v2
2024-01-01 09:00:00,11,Татнефть-АЗС-012,194.06773118336423,total_fuel_sales,Продажи топлива,baseline_hgb_v2
2024-01-01 10:00:00,11,Татнефть-АЗС-012,31.527184973242257,total_fuel_sales,Продажи топлива,baseline_hgb_v2
2024-01-01 11:00:00,11,Татнефть-АЗС-012,19.039238799871757,total_fuel_sales,Продажи топлива,baseline_hgb_v2
2024-01-01 12:00:00,11,Татнефть-АЗС-012,32.59286476631767,total_fuel_sales,Продажи топлива,baseline_hgb_v2
2024-01-01 13:00:00,11,Татнефть-АЗС-012,56.8528843686076,total_fuel_sales,Продажи топлива,baseline_hgb_v2
2024-01-01 14:00:00,11,Татнефть-АЗС-012,35.323155771320955,total_fuel_sales,Продажи топлива,baseline_hgb_v2
2024-01-01 15:00:00,11,Татнефть-АЗС-012,33.20423033760996,total_fuel_sales,Продажи топлива,baseline_hgb_v2
2024-01-01 16:00:00,11,Татнефть-АЗС-012,19.177418450575452,total_fuel_sales,Продажи топлива,baseline_hgb_v2
2024-01-01 17:00:00,11,Татнефть-АЗС-012,200.778742928645,total_fuel_sales,Продажи топлива,baseline_hgb_v2
2024-01-01 18:00:00,11,Татнефть-АЗС-012,164.70105656310335,total_fuel_sales,Продажи топлива,baseline_hgb_v2
2024-01-01 19:00:00,11,Татнефть-АЗС-012,109.25917257706253,total_fuel_sales,Продажи топлива,baseline_hgb_v2
2024-01-01 20:00:00,11,Татнефть-АЗС-012,29.038505060366578,total_fuel_sales,Продажи топлива,baseline_hgb_v2
2024-01-01 21:00:00,11,Татнефть-АЗС-012,19.17661792802496,total_fuel_sales,Продажи топлива,baseline_hgb_v2
2024-01-01 22:00:00,11,Татнефть-АЗС-012,2.0099506029029417,total_fuel_sales,Продажи топлива,baseline_hgb_v2
2024-01-01 23:00:00,11,Татнефть-АЗС-012,6.69364642521526,total_fuel_sales,Продажи топлива,baseline_hgb_v2
2024-01-02 00:00:00,11,Татнефть-АЗС-012,3.2427506708591554,total_fuel_sales,Продажи топлива,baseline_hgb_v2
2024-01-02 01:00:00,11,Татнефть-АЗС-012,6.834310967305808,total_fuel_sales,Продажи топлива,baseline_hgb_v2
2024-01-02 02:00:00,11,Татнефть-АЗС-012,7.9355017444016225,total_fuel_sales,Продажи топлива,baseline_hgb_v2
2024-01-02 03:00:00,11,Татнефть-АЗС-012,2.9979908700322038,total_fuel_sales,Продажи топлива,baseline_hgb_v2
2024-01-02 04:00:00,11,Татнефть-АЗС-012,2.5196144176060056,total_fuel_sales,Продажи топлива,baseline_hgb_v2
2024-01-02 05:00:00,11,Татнефть-АЗС-012,2.405996153376767,total_fuel_sales,Продажи топлива,baseline_hgb_v2
2024-01-02 06:00:00,11,Татнефть-АЗС-012,34.69981991757696,total_fuel_sales,Продажи топлива,baseline_hgb_v2
2024-01-02 07:00:00,11,Татнефть-АЗС-012,172.1580355090671,total_fuel_sales,Продажи топлива,baseline_hgb_v2
2024-01-02 08:00:00,11,Татнефть-АЗС-012,93.17304506748133,total_fuel_sales,Продажи топлива,baseline_hgb_v2
2024-01-02 09:00:00,11,Татнефть-АЗС-012,92.98338802004201,total_fuel_sales,Продажи топлива,baseline_hgb_v2
2024-01-02 10:00:00,11,Татнефть-АЗС-012,18.236662208034975,total_fuel_sales,Продажи топлива,baseline_hgb_v2
2024-01-02 11:00:00,11,Татнефть-АЗС-012,37.018983473258224,total_fuel_sales,Продажи топлива,baseline_hgb_v2
2024-01-02 12:00:00,11,Татнефть-АЗС-012,33.018773555826854,total_fuel_sales,Продажи топлива,baseline_hgb_v2
2024-01-02 13:00:00,11,Татнефть-АЗС-012,51.95210311838803,total_fuel_sales,Продажи топлива,baseline_hgb_v2
2024-01-02 14:00:00,11,Татнефть-АЗС-012,56.8528843686076,total_fuel_sales,Продажи топлива,baseline_hgb_v2
2024-01-02 15:00:00,11,Татнефть-АЗС-012,18.380343692712767,total_fuel_sales,Продажи топлива,baseline_hgb_v2
2024-01-02 16:00:00,11,Татнефть-АЗС-012,21.11540967862916,total_fuel_sales,Продажи топлива,baseline_hgb_v2
2024-01-02 17:00:00,11,Татнефть-АЗС-012,179.857928966068,total_fuel_sales,Продажи топлива,baseline_hgb_v2
2024-01-02 18:00:00,11,Татнефть-АЗС-012,189.81180649934268,total_fuel_sales,Продажи топлива,baseline_hgb_v2
2024-01-02 19:00:00,11,Татнефть-АЗС-012,179.8008865584894,total_fuel_sales,Продажи топлива,baseline_hgb_v2
2024-01-02 20:00:00,11,Татнефть-АЗС-012,18.924355026206186,total_fuel_sales,Продажи топлива,baseline_hgb_v2
2024-01-02 21:00:00,11,Татнефть-АЗС-012,19.17661792802496,total_fuel_sales,Продажи топлива,baseline_hgb_v2
2024-01-02 22:00:00,11,Татнефть-АЗС-012,2.0099506029029417,total_fuel_sales,Продажи топлива,baseline_hgb_v2
2024-01-02 23:00:00,11,Татнефть-АЗС-012,4.106870101933103,total_fuel_sales,Продажи топлива,baseline_hgb_v2
2024-01-03 00:00:00,11,Татнефть-АЗС-012,2.9979908700322038,total_fuel_sales,Продажи топлива,baseline_hgb_v2
2024-01-03 01:00:00,11,Татнефть-АЗС-012,6.834310967305808,total_fuel_sales,Продажи топлива,baseline_hgb_v2
2024-01-03 02:00:00,11,Татнефть-АЗС-012,2.5196144176060056,total_fuel_sales,Продажи топлива,baseline_hgb_v2
2024-01-03 03:00:00,11,Татнефть-АЗС-012,2.5196144176060056,total_fuel_sales,Продажи топлива,baseline_hgb_v2
2024-01-03 04:00:00,11,Татнефть-АЗС-012,2.5196144176060056,total_fuel_sales,Продажи топлива,baseline_hgb_v2
2024-01-03 05:00:00,11,Татнефть-АЗС-012,5.897924597290716,total_fuel_sales,Продажи топлива,baseline_hgb_v2
2024-01-03 06:00:00,11,Татнефть-АЗС-012,34.49580930346393,total_fuel_sales,Продажи топлива,baseline_hgb_v2
2024-01-03 07:00:00,11,Татнефть-АЗС-012,183.8712190974603,total_fuel_sales,Продажи топлива,baseline_hgb_v2
2024-01-03 08:00:00,11,Татнефть-АЗС-012,80.92355942468082,total_fuel_sales,Продажи топлива,baseline_hgb_v2
2024-01-03 09:00:00,11,Татнефть-АЗС-012,182.00539647929153,total_fuel_sales,Продажи топлива,baseline_hgb_v2
2024-01-03 10:00:00,11,Татнефть-АЗС-012,18.236662208034975,total_fuel_sales,Продажи топлива,baseline_hgb_v2
2024-01-03 11:00:00,11,Татнефть-АЗС-012,33.37515519094119,total_fuel_sales,Продажи топлива,baseline_hgb_v2
2024-01-03 12:00:00,11,Татнефть-АЗС-012,63.96691813264607,total_fuel_sales,Продажи топлива,baseline_hgb_v2
2024-01-03 13:00:00,11,Татнефть-АЗС-012,54.63913638425046,total_fuel_sales,Продажи топлива,baseline_hgb_v2
2024-01-03 14:00:00,11,Татнефть-АЗС-012,32.59286476631767,total_fuel_sales,Продажи топлива,baseline_hgb_v2
2024-01-03 15:00:00,11,Татнефть-АЗС-012,19.084872026531208,total_fuel_sales,Продажи топлива,baseline_hgb_v2
2024-01-03 16:00:00,11,Татнефть-АЗС-012,31.189916037402153,total_fuel_sales,Продажи топлива,baseline_hgb_v2
2024-01-03 17:00:00,11,Татнефть-АЗС-012,101.03528010575363,total_fuel_sales,Продажи топлива,baseline_hgb_v2
2024-01-03 18:00:00,11,Татнефть-АЗС-012,184.3832416709665,total_fuel_sales,Продажи топлива,baseline_hgb_v2
2024-01-03 19:00:00,11,Татнефть-АЗС-012,170.65663908126353,total_fuel_sales,Продажи топлива,baseline_hgb_v2
2024-01-03 20:00:00,11,Татнефть-АЗС-012,33.19792798108538,total_fuel_sales,Продажи топлива,baseline_hgb_v2
2024-01-03 21:00:00,11,Татнефть-АЗС-012,19.151453714594464,total_fuel_sales,Продажи топлива,baseline_hgb_v2
2024-01-03 22:00:00,11,Татнефть-АЗС-012,6.294984430542078,total_fuel_sales,Продажи топлива,baseline_hgb_v2
2024-01-03 23:00:00,11,Татнефть-АЗС-012,2.4883270553291355,total_fuel_sales,Продажи топлива,baseline_hgb_v2
2024-01-04 00:00:00,11,Татнефть-АЗС-012,5.142240028727646,total_fuel_sales,Продажи топлива,baseline_hgb_v2
2024-01-04 01:00:00,11,Татнефть-АЗС-012,2.5196144176060056,total_fuel_sales,Продажи топлива,baseline_hgb_v2
2024-01-04 02:00:00,11,Татнефть-АЗС-012,2.9979908700322038,total_fuel_sales,Продажи топлива,baseline_hgb_v2
2024-01-04 03:00:00,11,Татнефть-АЗС-012,2.5196144176060056,total_fuel_sales,Продажи топлива,baseline_hgb_v2
2024-01-04 04:00:00,11,Татнефть-АЗС-012,2.405996153376767,total_fuel_sales,Продажи топлива,baseline_hgb_v2
2024-01-04 05:00:00,11,Татнефть-АЗС-012,2.5196144176060056,total_fuel_sales,Продажи топлива,baseline_hgb_v2
2024-01-04 06:00:00,11,Татнефть-АЗС-012,33.901863434211975,total_fuel_sales,Продажи топлива,baseline_hgb_v2
2024-01-04 07:00:00,11,Татнефть-АЗС-012,93.2426677639517,total_fuel_sales,Продажи топлива,baseline_hgb_v2
2024-01-04 08:00:00,11,Татнефть-АЗС-012,95.5626314600865,total_fuel_sales,Продажи топлива,baseline_hgb_v2
2024-01-04 09:00:00,11,Татнефть-АЗС-012,104.9477986951064,total_fuel_sales,Продажи топлива,baseline_hgb_v2
2024-01-04 10:00:00,11,Татнефть-АЗС-012,19.029850368635277,total_fuel_sales,Продажи топлива,baseline_hgb_v2
2024-01-04 11:00:00,11,Татнефть-АЗС-012,17.91025438915435,total_fuel_sales,Продажи топлива,baseline_hgb_v2
2024-01-04 12:00:00,11,Татнефть-АЗС-012,65.06718956202398,total_fuel_sales,Продажи топлива,baseline_hgb_v2
2024-01-04 13:00:00,11,Татнефть-АЗС-012,32.500392688019055,total_fuel_sales,Продажи топлива,baseline_hgb_v2
2024-01-04 14:00:00,11,Татнефть-АЗС-012,48.605733701456685,total_fuel_sales,Продажи топлива,baseline_hgb_v2
2024-01-04 15:00:00,11,Татнефть-АЗС-012,32.68033420044808,total_fuel_sales,Продажи топлива,baseline_hgb_v2
2024-01-04 16:00:00,11,Татнефть-АЗС-012,19.148367639882558,total_fuel_sales,Продажи топлива,baseline_hgb_v2
2024-01-04 17:00:00,11,Татнефть-АЗС-012,189.81410452815342,total_fuel_sales,Продажи топлива,baseline_hgb_v2
2024-01-04 18:00:00,11,Татнефть-АЗС-012,193.96663672614588,total_fuel_sales,Продажи топлива,baseline_hgb_v2
2024-01-04 19:00:00,11,Татнефть-АЗС-012,126.9038007956725,total_fuel_sales,Продажи топлива,baseline_hgb_v2
2024-01-04 20:00:00,11,Татнефть-АЗС-012,30.882878035360108,total_fuel_sales,Продажи топлива,baseline_hgb_v2
2024-01-04 21:00:00,11,Татнефть-АЗС-012,32.6740318439235,total_fuel_sales,Продажи топлива,baseline_hgb_v2
2024-01-04 22:00:00,11,Татнефть-АЗС-012,2.0099506029029417,total_fuel_sales,Продажи топлива,baseline_hgb_v2
2024-01-04 23:00:00,11,Татнефть-АЗС-012,2.0099506029029417,total_fuel_sales,Продажи топлива,baseline_hgb_v2
2024-01-05 00:00:00,11,Татнефть-АЗС-012,6.834310967305808,total_fuel_sales,Продажи топлива,baseline_hgb_v2
2024-01-05 01:00:00,11,Татнефть-АЗС-012,6.834310967305808,total_fuel_sales,Продажи топлива,baseline_hgb_v2
2024-01-05 02:00:00,11,Татнефть-АЗС-012,2.5196144176060056,total_fuel_sales,Продажи топлива,baseline_hgb_v2
2024-01-05 03:00:00,11,Татнефть-АЗС-012,2.1281006486227247,total_fuel_sales,Продажи топлива,baseline_hgb_v2
2024-01-05 04:00:00,11,Татнефть-АЗС-012,6.834310967305808,total_fuel_sales,Продажи топлива,baseline_hgb_v2
2024-01-05 05:00:00,11,Татнефть-АЗС-012,6.834310967305808,total_fuel_sales,Продажи топлива,baseline_hgb_v2
2024-01-05 06:00:00,11,Татнефть-АЗС-012,39.15078602866817,total_fuel_sales,Продажи топлива,baseline_hgb_v2
2024-01-05 07:00:00,11,Татнефть-АЗС-012,177.6708523043119,total_fuel_sales,Продажи топлива,baseline_hgb_v2
2024-01-05 08:00:00,11,Татнефть-АЗС-012,95.18789340810571,total_fuel_sales,Продажи топлива,baseline_hgb_v2
2024-01-05 09:00:00,11,Татнефть-АЗС-012,95.1461403568924,total_fuel_sales,Продажи топлива,baseline_hgb_v2
2024-01-05 10:00:00,11,Татнефть-АЗС-012,19.029850368635277,total_fuel_sales,Продажи топлива,baseline_hgb_v2
2024-01-05 11:00:00,11,Татнефть-АЗС-012,19.029850368635277,total_fuel_sales,Продажи топлива,baseline_hgb_v2
2024-01-05 12:00:00,11,Татнефть-АЗС-012,61.56851126554786,total_fuel_sales,Продажи топлива,baseline_hgb_v2
2024-01-05 13:00:00,11,Татнефть-АЗС-012,49.70477369484074,total_fuel_sales,Продажи топлива,baseline_hgb_v2
2024-01-05 14:00:00,11,Татнефть-АЗС-012,32.889897007158226,total_fuel_sales,Продажи топлива,baseline_hgb_v2
2024-01-05 15:00:00,11,Татнефть-АЗС-012,19.173531853313055,total_fuel_sales,Продажи топлива,baseline_hgb_v2
2024-01-05 16:00:00,11,Татнефть-АЗС-012,18.370955261476286,total_fuel_sales,Продажи топлива,baseline_hgb_v2
2024-01-05 17:00:00,11,Татнефть-АЗС-012,193.52217610611513,total_fuel_sales,Продажи топлива,baseline_hgb_v2
2024-01-05 18:00:00,11,Татнефть-АЗС-012,109.22656568577979,total_fuel_sales,Продажи топлива,baseline_hgb_v2
2024-01-05 19:00:00,11,Татнефть-АЗС-012,107.92820599001678,total_fuel_sales,Продажи топлива,baseline_hgb_v2
2024-01-05 20:00:00,11,Татнефть-АЗС-012,36.994824407272134,total_fuel_sales,Продажи топлива,baseline_hgb_v2
2024-01-05 21:00:00,11,Татнефть-АЗС-012,29.701706475142853,total_fuel_sales,Продажи топлива,baseline_hgb_v2
2024-01-05 22:00:00,11,Татнефть-АЗС-012,6.695151869181159,total_fuel_sales,Продажи топлива,baseline_hgb_v2
2024-01-05 23:00:00,11,Татнефть-АЗС-012,6.69364642521526,total_fuel_sales,Продажи топлива,baseline_hgb_v2
2024-01-06 00:00:00,11,Татнефть-АЗС-012,3.7841835534484196,total_fuel_sales,Продажи топлива,baseline_hgb_v2
2024-01-06 01:00:00,11,Татнефть-АЗС-012,4.170003322040268,total_fuel_sales,Продажи топлива,baseline_hgb_v2
2024-01-06 02:00:00,11,Татнефть-АЗС-012,3.6061156968428887,total_fuel_sales,Продажи топлива,baseline_hgb_v2
2024-01-06 03:00:00,11,Татнефть-АЗС-012,7.691862975037696,total_fuel_sales,Продажи топлива,baseline_hgb_v2
2024-01-06 04:00:00,11,Татнефть-АЗС-012,3.6061156968428887,total_fuel_sales,Продажи топлива,baseline_hgb_v2
2024-01-06 05:00:00,11,Татнефть-АЗС-012,3.159670352650611,total_fuel_sales,Продажи топлива,baseline_hgb_v2
2024-01-06 06:00:00,11,Татнефть-АЗС-012,23.103390597517443,total_fuel_sales,Продажи топлива,baseline_hgb_v2
2024-01-06 07:00:00,11,Татнефть-АЗС-012,105.5789369287362,total_fuel_sales,Продажи топлива,baseline_hgb_v2
2024-01-06 08:00:00,11,Татнефть-АЗС-012,180.88144400906293,total_fuel_sales,Продажи топлива,baseline_hgb_v2
2024-01-06 09:00:00,11,Татнефть-АЗС-012,167.25009640221143,total_fuel_sales,Продажи топлива,baseline_hgb_v2
2024-01-06 10:00:00,11,Татнефть-АЗС-012,19.912566786932654,total_fuel_sales,Продажи топлива,baseline_hgb_v2
2024-01-06 11:00:00,11,Татнефть-АЗС-012,33.84937563292902,total_fuel_sales,Продажи топлива,baseline_hgb_v2
2024-01-06 12:00:00,11,Татнефть-АЗС-012,40.57056659509295,total_fuel_sales,Продажи топлива,baseline_hgb_v2
2024-01-06 13:00:00,11,Татнефть-АЗС-012,75.35628594025232,total_fuel_sales,Продажи топлива,baseline_hgb_v2
2024-01-06 14:00:00,11,Татнефть-АЗС-012,65.9863950963072,total_fuel_sales,Продажи топлива,baseline_hgb_v2
2024-01-06 15:00:00,11,Татнефть-АЗС-012,46.97371085667573,total_fuel_sales,Продажи топлива,baseline_hgb_v2
2024-01-06 16:00:00,11,Татнефть-АЗС-012,29.035774295170793,total_fuel_sales,Продажи топлива,baseline_hgb_v2
2024-01-06 17:00:00,11,Татнефть-АЗС-012,229.06828549701171,total_fuel_sales,Продажи топлива,baseline_hgb_v2
2024-01-06 18:00:00,11,Татнефть-АЗС-012,137.1882899305536,total_fuel_sales,Продажи топлива,baseline_hgb_v2
2024-01-06 19:00:00,11,Татнефть-АЗС-012,233.45414840384848,total_fuel_sales,Продажи топлива,baseline_hgb_v2
2024-01-06 20:00:00,11,Татнефть-АЗС-012,39.2150077957081,total_fuel_sales,Продажи топлива,baseline_hgb_v2
2024-01-06 21:00:00,11,Татнефть-АЗС-012,22.637019770792595,total_fuel_sales,Продажи топлива,baseline_hgb_v2
2024-01-06 22:00:00,11,Татнефть-АЗС-012,6.266493737847168,total_fuel_sales,Продажи топлива,baseline_hgb_v2
2024-01-06 23:00:00,11,Татнефть-АЗС-012,6.266493737847168,total_fuel_sales,Продажи топлива,baseline_hgb_v2
2024-01-07 00:00:00,11,Татнефть-АЗС-012,9.027872799194393,total_fuel_sales,Продажи топлива,baseline_hgb_v2
2024-01-07 01:00:00,11,Татнефть-АЗС-012,2.9149105518236595,total_fuel_sales,Продажи топлива,baseline_hgb_v2
2024-01-07 02:00:00,11,Татнефть-АЗС-012,3.7841835534484196,total_fuel_sales,Продажи топлива,baseline_hgb_v2
2024-01-07 03:00:00,11,Татнефть-АЗС-012,3.7841835534484196,total_fuel_sales,Продажи топлива,baseline_hgb_v2
2024-01-07 04:00:00,11,Татнефть-АЗС-012,6.5906721979418785,total_fuel_sales,Продажи топлива,baseline_hgb_v2
2024-01-07 05:00:00,11,Татнефть-АЗС-012,9.027872799194393,total_fuel_sales,Продажи топлива,baseline_hgb_v2
2024-01-07 06:00:00,11,Татнефть-АЗС-012,21.725170998390123,total_fuel_sales,Продажи топлива,baseline_hgb_v2
2024-01-07 07:00:00,11,Татнефть-АЗС-012,117.07331505939216,total_fuel_sales,Продажи топлива,baseline_hgb_v2
2024-01-07 08:00:00,11,Татнефть-АЗС-012,98.26341236440572,total_fuel_sales,Продажи топлива,baseline_hgb_v2
2024-01-07 09:00:00,11,Татнефть-АЗС-012,132.38106367593113,total_fuel_sales,Продажи топлива,baseline_hgb_v2
2024-01-07 10:00:00,11,Татнефть-АЗС-012,21.680275851095935,total_fuel_sales,Продажи топлива,baseline_hgb_v2
2024-01-07 11:00:00,11,Татнефть-АЗС-012,40.68971546661747,total_fuel_sales,Продажи топлива,baseline_hgb_v2
2024-01-07 12:00:00,11,Татнефть-АЗС-012,67.23816533008686,total_fuel_sales,Продажи топлива,baseline_hgb_v2
2024-01-07 13:00:00,11,Татнефть-АЗС-012,57.88656072629532,total_fuel_sales,Продажи топлива,baseline_hgb_v2
2024-01-07 14:00:00,11,Татнефть-АЗС-012,63.9042521014292,total_fuel_sales,Продажи топлива,baseline_hgb_v2
2024-01-07 15:00:00,11,Татнефть-АЗС-012,37.58736589236942,total_fuel_sales,Продажи топлива,baseline_hgb_v2
2024-01-07 16:00:00,11,Татнефть-АЗС-012,42.62824422801869,total_fuel_sales,Продажи топлива,baseline_hgb_v2
2024-01-07 17:00:00,11,Татнефть-АЗС-012,131.46807935168948,total_fuel_sales,Продажи топлива,baseline_hgb_v2
2024-01-07 18:00:00,11,Татнефть-АЗС-012,226.13928064021627,total_fuel_sales,Продажи топлива,baseline_hgb_v2
2024-01-07 19:00:00,11,Татнефть-АЗС-012,226.3656841088908,total_fuel_sales,Продажи топлива,baseline_hgb_v2
2024-01-07 20:00:00,11,Татнефть-АЗС-012,20.010782585527878,total_fuel_sales,Продажи топлива,baseline_hgb_v2
2024-01-07 21:00:00,11,Татнефть-АЗС-012,35.70070562831298,total_fuel_sales,Продажи топлива,baseline_hgb_v2
2024-01-07 22:00:00,11,Татнефть-АЗС-012,7.3266083106607764,total_fuel_sales,Продажи топлива,baseline_hgb_v2
2024-01-07 23:00:00,11,Татнефть-АЗС-012,7.3266083106607764,total_fuel_sales,Продажи топлива,baseline_hgb_v2
2024-01-01 00:00:00,12,Татнефть-АЗС-013,2.5370060734822273,total_fuel_sales,Продажи топлива,baseline_hgb_v2
2024-01-01 01:00:00,12,Татнефть-АЗС-013,1.4145218691279497,total_fuel_sales,Продажи топлива,baseline_hgb_v2
2024-01-01 02:00:00,12,Татнефть-АЗС-013,2.5370060734822273,total_fuel_sales,Продажи топлива,baseline_hgb_v2
2024-01-01 03:00:00,12,Татнефть-АЗС-013,1.4145218691279497,total_fuel_sales,Продажи топлива,baseline_hgb_v2
2024-01-01 04:00:00,12,Татнефть-АЗС-013,1.4145218691279497,total_fuel_sales,Продажи топлива,baseline_hgb_v2
2024-01-01 05:00:00,12,Татнефть-АЗС-013,1.4145218691279497,total_fuel_sales,Продажи топлива,baseline_hgb_v2
2024-01-01 06:00:00,12,Татнефть-АЗС-013,14.025129954126905,total_fuel_sales,Продажи топлива,baseline_hgb_v2
2024-01-01 07:00:00,12,Татнефть-АЗС-013,47.536416440214225,total_fuel_sales,Продажи топлива,baseline_hgb_v2
2024-01-01 08:00:00,12,Татнефть-АЗС-013,41.06296298583244,total_fuel_sales,Продажи топлива,baseline_hgb_v2
2024-01-01 09:00:00,12,Татнефть-АЗС-013,76.63113080312496,total_fuel_sales,Продажи топлива,baseline_hgb_v2
2024-01-01 10:00:00,12,Татнефть-АЗС-013,10.126920968841368,total_fuel_sales,Продажи топлива,baseline_hgb_v2
2024-01-01 11:00:00,12,Татнефть-АЗС-013,18.1300419726986,total_fuel_sales,Продажи топлива,baseline_hgb_v2
2024-01-01 12:00:00,12,Татнефть-АЗС-013,28.635663295854627,total_fuel_sales,Продажи топлива,baseline_hgb_v2
2024-01-01 13:00:00,12,Татнефть-АЗС-013,28.635663295854627,total_fuel_sales,Продажи топлива,baseline_hgb_v2
2024-01-01 14:00:00,12,Татнефть-АЗС-013,26.75290814425289,total_fuel_sales,Продажи топлива,baseline_hgb_v2
2024-01-01 15:00:00,12,Татнефть-АЗС-013,14.12102395998472,total_fuel_sales,Продажи топлива,baseline_hgb_v2
2024-01-01 16:00:00,12,Татнефть-АЗС-013,23.949427218986777,total_fuel_sales,Продажи топлива,baseline_hgb_v2
2024-01-01 17:00:00,12,Татнефть-АЗС-013,81.6213920206638,total_fuel_sales,Продажи топлива,baseline_hgb_v2
2024-01-01 18:00:00,12,Татнефть-АЗС-013,130.04072381906678,total_fuel_sales,Продажи топлива,baseline_hgb_v2
2024-01-01 19:00:00,12,Татнефть-АЗС-013,125.51810197750598,total_fuel_sales,Продажи топлива,baseline_hgb_v2
2024-01-01 20:00:00,12,Татнефть-АЗС-013,14.714053638212096,total_fuel_sales,Продажи топлива,baseline_hgb_v2
2024-01-01 21:00:00,12,Татнефть-АЗС-013,17.1835694091146,total_fuel_sales,Продажи топлива,baseline_hgb_v2
2024-01-01 22:00:00,12,Татнефть-АЗС-013,2.50995979562092,total_fuel_sales,Продажи топлива,baseline_hgb_v2
2024-01-01 23:00:00,12,Татнефть-АЗС-013,2.50995979562092,total_fuel_sales,Продажи топлива,baseline_hgb_v2
2024-01-02 00:00:00,12,Татнефть-АЗС-013,2.5370060734822273,total_fuel_sales,Продажи топлива,baseline_hgb_v2
2024-01-02 01:00:00,12,Татнефть-АЗС-013,2.906422916298589,total_fuel_sales,Продажи топлива,baseline_hgb_v2
2024-01-02 02:00:00,12,Татнефть-АЗС-013,1.4145218691279497,total_fuel_sales,Продажи топлива,baseline_hgb_v2
2024-01-02 03:00:00,12,Татнефть-АЗС-013,2.5370060734822273,total_fuel_sales,Продажи топлива,baseline_hgb_v2
2024-01-02 04:00:00,12,Татнефть-АЗС-013,2.5370060734822273,total_fuel_sales,Продажи топлива,baseline_hgb_v2
2024-01-02 05:00:00,12,Татнефть-АЗС-013,2.5370060734822273,total_fuel_sales,Продажи топлива,baseline_hgb_v2
2024-01-02 06:00:00,12,Татнефть-АЗС-013,10.65439714521039,total_fuel_sales,Продажи топлива,baseline_hgb_v2
2024-01-02 07:00:00,12,Татнефть-АЗС-013,47.54091083981678,total_fuel_sales,Продажи топлива,baseline_hgb_v2
2024-01-02 08:00:00,12,Татнефть-АЗС-013,41.44145416638159,total_fuel_sales,Продажи топлива,baseline_hgb_v2
2024-01-02 09:00:00,12,Татнефть-АЗС-013,48.14108405445833,total_fuel_sales,Продажи топлива,baseline_hgb_v2
2024-01-02 10:00:00,12,Татнефть-АЗС-013,15.860943402045336,total_fuel_sales,Продажи топлива,baseline_hgb_v2
2024-01-02 11:00:00,12,Татнефть-АЗС-013,15.860943402045336,total_fuel_sales,Продажи топлива,baseline_hgb_v2
2024-01-02 12:00:00,12,Татнефть-АЗС-013,25.658716360991495,total_fuel_sales,Продажи топлива,baseline_hgb_v2
2024-01-02 13:00:00,12,Татнефть-АЗС-013,23.63251309340984,total_fuel_sales,Продажи топлива,baseline_hgb_v2
2024-01-02 14:00:00,12,Татнефть-АЗС-013,14.879795629445296,total_fuel_sales,Продажи топлива,baseline_hgb_v2
2024-01-02 15:00:00,12,Татнефть-АЗС-013,9.276276321260806,total_fuel_sales,Продажи топлива,baseline_hgb_v2
2024-01-02 16:00:00,12,Татнефть-АЗС-013,16.760716145218577,total_fuel_sales,Продажи топлива,baseline_hgb_v2
2024-01-02 17:00:00,12,Татнефть-АЗС-013,135.48905798502003,total_fuel_sales,Продажи топлива,baseline_hgb_v2
2024-01-02 18:00:00,12,Татнефть-АЗС-013,82.17863236357175,total_fuel_sales,Продажи топлива,baseline_hgb_v2
2024-01-02 19:00:00,12,Татнефть-АЗС-013,109.57030469015952,total_fuel_sales,Продажи топлива,baseline_hgb_v2
2024-01-02 20:00:00,12,Татнефть-АЗС-013,15.915825130894838,total_fuel_sales,Продажи топлива,baseline_hgb_v2
2024-01-02 21:00:00,12,Татнефть-АЗС-013,17.1835694091146,total_fuel_sales,Продажи топлива,baseline_hgb_v2
2024-01-02 22:00:00,12,Татнефть-АЗС-013,2.50995979562092,total_fuel_sales,Продажи топлива,baseline_hgb_v2
2024-01-02 23:00:00,12,Татнефть-АЗС-013,2.50995979562092,total_fuel_sales,Продажи топлива,baseline_hgb_v2
2024-01-03 00:00:00,12,Татнефть-АЗС-013,2.5370060734822273,total_fuel_sales,Продажи топлива,baseline_hgb_v2
2024-01-03 01:00:00,12,Татнефть-АЗС-013,1.4145218691279497,total_fuel_sales,Продажи топлива,baseline_hgb_v2
2024-01-03 02:00:00,12,Татнефть-АЗС-013,2.5370060734822273,total_fuel_sales,Продажи топлива,baseline_hgb_v2
2024-01-03 03:00:00,12,Татнефть-АЗС-013,2.5370060734822273,total_fuel_sales,Продажи топлива,baseline_hgb_v2
2024-01-03 04:00:00,12,Татнефть-АЗС-013,2.5370060734822273,total_fuel_sales,Продажи топлива,baseline_hgb_v2
2024-01-03 05:00:00,12,Татнефть-АЗС-013,1.4145218691279497,total_fuel_sales,Продажи топлива,baseline_hgb_v2
2024-01-03 06:00:00,12,Татнефть-АЗС-013,18.3303391800259,total_fuel_sales,Продажи топлива,baseline_hgb_v2
2024-01-03 07:00:00,12,Татнефть-АЗС-013,37.19867504389475,total_fuel_sales,Продажи топлива,baseline_hgb_v2
2024-01-03 08:00:00,12,Татнефть-АЗС-013,80.26253058216923,total_fuel_sales,Продажи топлива,baseline_hgb_v2
2024-01-03 09:00:00,12,Татнефть-АЗС-013,93.5034584484768,total_fuel_sales,Продажи топлива,baseline_hgb_v2
2024-01-03 10:00:00,12,Татнефть-АЗС-013,8.633018253191938,total_fuel_sales,Продажи топлива,baseline_hgb_v2
2024-01-03 11:00:00,12,Татнефть-АЗС-013,9.369868561688975,total_fuel_sales,Продажи топлива,baseline_hgb_v2
2024-01-03 12:00:00,12,Татнефть-АЗС-013,27.48064430400765,total_fuel_sales,Продажи топлива,baseline_hgb_v2
2024-01-03 13:00:00,12,Татнефть-АЗС-013,25.658716360991495,total_fuel_sales,Продажи топлива,baseline_hgb_v2
2024-01-03 14:00:00,12,Татнефть-АЗС-013,14.879795629445296,total_fuel_sales,Продажи топлива,baseline_hgb_v2
2024-01-03 15:00:00,12,Татнефть-АЗС-013,9.276276321260806,total_fuel_sales,Продажи топлива,baseline_hgb_v2
2024-01-03 16:00:00,12,Татнефть-АЗС-013,23.949427218986777,total_fuel_sales,Продажи топлива,baseline_hgb_v2
2024-01-03 17:00:00,12,Татнефть-АЗС-013,82.09234665231455,total_fuel_sales,Продажи топлива,baseline_hgb_v2
2024-01-03 18:00:00,12,Татнефть-АЗС-013,87.21639772804174,total_fuel_sales,Продажи топлива,baseline_hgb_v2
2024-01-03 19:00:00,12,Татнефть-АЗС-013,135.5545177044862,total_fuel_sales,Продажи топлива,baseline_hgb_v2
2024-01-03 20:00:00,12,Татнефть-АЗС-013,25.01529460172209,total_fuel_sales,Продажи топлива,baseline_hgb_v2
2024-01-03 21:00:00,12,Татнефть-АЗС-013,9.823988973659672,total_fuel_sales,Продажи топлива,baseline_hgb_v2
2024-01-03 22:00:00,12,Татнефть-АЗС-013,2.8808820824031796,total_fuel_sales,Продажи топлива,baseline_hgb_v2
2024-01-03 23:00:00,12,Татнефть-АЗС-013,1.0184763186541212,total_fuel_sales,Продажи топлива,baseline_hgb_v2
2024-01-04 00:00:00,12,Татнефть-АЗС-013,2.5370060734822273,total_fuel_sales,Продажи топлива,baseline_hgb_v2
2024-01-04 01:00:00,12,Татнефть-АЗС-013,1.4145218691279497,total_fuel_sales,Продажи топлива,baseline_hgb_v2
2024-01-04 02:00:00,12,Татнефть-АЗС-013,2.906422916298589,total_fuel_sales,Продажи топлива,baseline_hgb_v2
2024-01-04 03:00:00,12,Татнефть-АЗС-013,2.5370060734822273,total_fuel_sales,Продажи топлива,baseline_hgb_v2
2024-01-04 04:00:00,12,Татнефть-АЗС-013,2.5370060734822273,total_fuel_sales,Продажи топлива,baseline_hgb_v2
2024-01-04 05:00:00,12,Татнефть-АЗС-013,2.5370060734822273,total_fuel_sales,Продажи топлива,baseline_hgb_v2
2024-01-04 06:00:00,12,Татнефть-АЗС-013,17.560417350518303,total_fuel_sales,Продажи топлива,baseline_hgb_v2
2024-01-04 07:00:00,12,Татнефть-АЗС-013,80.26253058216923,total_fuel_sales,Продажи топлива,baseline_hgb_v2
2024-01-04 08:00:00,12,Татнефть-АЗС-013,48.461023548994824,total_fuel_sales,Продажи топлива,baseline_hgb_v2
2024-01-04 09:00:00,12,Татнефть-АЗС-013,77.52952463887607,total_fuel_sales,Продажи топлива,baseline_hgb_v2
2024-01-04 10:00:00,12,Татнефть-АЗС-013,9.185880221272773,total_fuel_sales,Продажи топлива,baseline_hgb_v2
2024-01-04 11:00:00,12,Татнефть-АЗС-013,8.620593330265995,total_fuel_sales,Продажи топлива,baseline_hgb_v2
2024-01-04 12:00:00,12,Татнефть-АЗС-013,15.4213857154428,total_fuel_sales,Продажи топлива,baseline_hgb_v2
2024-01-04 13:00:00,12,Татнефть-АЗС-013,15.4213857154428,total_fuel_sales,Продажи топлива,baseline_hgb_v2
2024-01-04 14:00:00,12,Татнефть-АЗС-013,12.150698247245993,total_fuel_sales,Продажи топлива,baseline_hgb_v2
2024-01-04 15:00:00,12,Татнефть-АЗС-013,16.14722722756636,total_fuel_sales,Продажи топлива,baseline_hgb_v2
2024-01-04 16:00:00,12,Татнефть-АЗС-013,25.021596958246665,total_fuel_sales,Продажи топлива,baseline_hgb_v2
2024-01-04 17:00:00,12,Татнефть-АЗС-013,82.01050099161135,total_fuel_sales,Продажи топлива,baseline_hgb_v2
2024-01-04 18:00:00,12,Татнефть-АЗС-013,118.34324584190847,total_fuel_sales,Продажи топлива,baseline_hgb_v2
2024-01-04 19:00:00,12,Татнефть-АЗС-013,120.40301352999464,total_fuel_sales,Продажи топлива,baseline_hgb_v2
2024-01-04 20:00:00,12,Татнефть-АЗС-013,21.852811212245772,total_fuel_sales,Продажи топлива,baseline_hgb_v2
2024-01-04 21:00:00,12,Татнефть-АЗС-013,16.140924871041786,total_fuel_sales,Продажи топлива,baseline_hgb_v2
2024-01-04 22:00:00,12,Татнефть-АЗС-013,1.0184763186541212,total_fuel_sales,Продажи топлива,baseline_hgb_v2
2024-01-04 23:00:00,12,Татнефть-АЗС-013,2.50995979562092,total_fuel_sales,Продажи топлива,baseline_hgb_v2
2024-01-05 00:00:00,12,Татнефть-АЗС-013,1.4145218691279497,total_fuel_sales,Продажи топлива,baseline_hgb_v2
2024-01-05 01:00:00,12,Татнефть-АЗС-013,2.5370060734822273,total_fuel_sales,Продажи топлива,baseline_hgb_v2
2024-01-05 02:00:00,12,Татнефть-АЗС-013,2.5385115174481268,total_fuel_sales,Продажи топлива,baseline_hgb_v2
2024-01-05 03:00:00,12,Татнефть-АЗС-013,2.5370060734822273,total_fuel_sales,Продажи топлива,baseline_hgb_v2
2024-01-05 04:00:00,12,Татнефть-АЗС-013,1.4145218691279497,total_fuel_sales,Продажи топлива,baseline_hgb_v2
2024-01-05 05:00:00,12,Татнефть-АЗС-013,1.4145218691279497,total_fuel_sales,Продажи топлива,baseline_hgb_v2
2024-01-05 06:00:00,12,Татнефть-АЗС-013,9.386177428600071,total_fuel_sales,Продажи топлива,baseline_hgb_v2
2024-01-05 07:00:00,12,Татнефть-АЗС-013,42.941839678099406,total_fuel_sales,Продажи топлива,baseline_hgb_v2
2024-01-05 08:00:00,12,Татнефть-АЗС-013,51.8472669680536,total_fuel_sales,Продажи топлива,baseline_hgb_v2
2024-01-05 09:00:00,12,Татнефть-АЗС-013,42.941839678099406,total_fuel_sales,Продажи топлива,baseline_hgb_v2
2024-01-05 10:00:00,12,Татнефть-АЗС-013,17.360120143191004,total_fuel_sales,Продажи топлива,baseline_hgb_v2
2024-01-05 11:00:00,12,Татнефть-АЗС-013,9.185880221272773,total_fuel_sales,Продажи топлива,baseline_hgb_v2
2024-01-05 12:00:00,12,Татнефть-АЗС-013,14.302083815512574,total_fuel_sales,Продажи топлива,baseline_hgb_v2
2024-01-05 13:00:00,12,Татнефть-АЗС-013,14.867370706519353,total_fuel_sales,Продажи топлива,baseline_hgb_v2
2024-01-05 14:00:00,12,Татнефть-АЗС-013,12.150698247245993,total_fuel_sales,Продажи топлива,baseline_hgb_v2
2024-01-05 15:00:00,12,Татнефть-АЗС-013,9.817866407258306,total_fuel_sales,Продажи топлива,baseline_hgb_v2
2024-01-05 16:00:00,12,Татнефть-АЗС-013,15.139780734985898,total_fuel_sales,Продажи топлива,baseline_hgb_v2
2024-01-05 17:00:00,12,Татнефть-АЗС-013,81.93661251893985,total_fuel_sales,Продажи топлива,baseline_hgb_v2
2024-01-05 18:00:00,12,Татнефть-АЗС-013,79.36848714948218,total_fuel_sales,Продажи топлива,baseline_hgb_v2
2024-01-05 19:00:00,12,Татнефть-АЗС-013,81.95105741315135,total_fuel_sales,Продажи топлива,baseline_hgb_v2
2024-01-05 20:00:00,12,Татнефть-АЗС-013,25.01529460172209,total_fuel_sales,Продажи топлива,baseline_hgb_v2
2024-01-05 21:00:00,12,Татнефть-АЗС-013,14.114721603460143,total_fuel_sales,Продажи топлива,baseline_hgb_v2
2024-01-05 22:00:00,12,Татнефть-АЗС-013,1.0184763186541212,total_fuel_sales,Продажи топлива,baseline_hgb_v2
2024-01-05 23:00:00,12,Татнефть-АЗС-013,2.50995979562092,total_fuel_sales,Продажи топлива,baseline_hgb_v2
2024-01-06 00:00:00,12,Татнефть-АЗС-013,1.1713070383610873,total_fuel_sales,Продажи топлива,baseline_hgb_v2
2024-01-06 01:00:00,12,Татнефть-АЗС-013,1.1713070383610873,total_fuel_sales,Продажи топлива,baseline_hgb_v2
2024-01-06 02:00:00,12,Татнефть-АЗС-013,1.1713070383610873,total_fuel_sales,Продажи топлива,baseline_hgb_v2
2024-01-06 03:00:00,12,Татнефть-АЗС-013,2.047407953049872,total_fuel_sales,Продажи топлива,baseline_hgb_v2
2024-01-06 04:00:00,12,Татнефть-АЗС-013,1.1713070383610873,total_fuel_sales,Продажи топлива,baseline_hgb_v2
2024-01-06 05:00:00,12,Татнефть-АЗС-013,2.047407953049872,total_fuel_sales,Продажи топлива,baseline_hgb_v2
2024-01-06 06:00:00,12,Татнефть-АЗС-013,7.067746017585812,total_fuel_sales,Продажи топлива,baseline_hgb_v2
2024-01-06 07:00:00,12,Татнефть-АЗС-013,60.125677802590786,total_fuel_sales,Продажи топлива,baseline_hgb_v2
2024-01-06 08:00:00,12,Татнефть-АЗС-013,38.10347303500411,total_fuel_sales,Продажи топлива,baseline_hgb_v2
2024-01-06 09:00:00,12,Татнефть-АЗС-013,57.77988725623128,total_fuel_sales,Продажи топлива,baseline_hgb_v2
2024-01-06 10:00:00,12,Татнефть-АЗС-013,11.556350347454288,total_fuel_sales,Продажи топлива,baseline_hgb_v2
2024-01-06 11:00:00,12,Татнефть-АЗС-013,7.021850725258592,total_fuel_sales,Продажи топлива,baseline_hgb_v2
2024-01-06 12:00:00,12,Татнефть-АЗС-013,10.962277165549036,total_fuel_sales,Продажи топлива,baseline_hgb_v2
2024-01-06 13:00:00,12,Татнефть-АЗС-013,20.934387536405755,total_fuel_sales,Продажи топлива,baseline_hgb_v2
2024-01-06 14:00:00,12,Татнефть-АЗС-013,10.268935039002628,total_fuel_sales,Продажи топлива,baseline_hgb_v2
2024-01-06 15:00:00,12,Татнефть-АЗС-013,10.612192941229818,total_fuel_sales,Продажи топлива,baseline_hgb_v2
2024-01-06 16:00:00,12,Татнефть-АЗС-013,19.51047578238084,total_fuel_sales,Продажи топлива,baseline_hgb_v2
2024-01-06 17:00:00,12,Татнефть-АЗС-013,104.85774102401635,total_fuel_sales,Продажи топлива,baseline_hgb_v2
2024-01-06 18:00:00,12,Татнефть-АЗС-013,104.78484113836235,total_fuel_sales,Продажи топлива,baseline_hgb_v2
2024-01-06 19:00:00,12,Татнефть-АЗС-013,53.899376333533105,total_fuel_sales,Продажи топлива,baseline_hgb_v2
2024-01-06 20:00:00,12,Татнефть-АЗС-013,18.603812526358052,total_fuel_sales,Продажи топлива,baseline_hgb_v2
2024-01-06 21:00:00,12,Татнефть-АЗС-013,13.01748002222447,total_fuel_sales,Продажи топлива,baseline_hgb_v2
2024-01-06 22:00:00,12,Татнефть-АЗС-013,1.825076911178742,total_fuel_sales,Продажи топлива,baseline_hgb_v2
2024-01-06 23:00:00,12,Татнефть-АЗС-013,1.825076911178742,total_fuel_sales,Продажи топлива,baseline_hgb_v2
2024-01-07 00:00:00,12,Татнефть-АЗС-013,2.047407953049872,total_fuel_sales,Продажи топлива,baseline_hgb_v2
2024-01-07 01:00:00,12,Татнефть-АЗС-013,1.1713070383610873,total_fuel_sales,Продажи топлива,baseline_hgb_v2
2024-01-07 02:00:00,12,Татнефть-АЗС-013,1.1713070383610873,total_fuel_sales,Продажи топлива,baseline_hgb_v2
2024-01-07 03:00:00,12,Татнефть-АЗС-013,1.1713070383610873,total_fuel_sales,Продажи топлива,baseline_hgb_v2
2024-01-07 04:00:00,12,Татнефть-АЗС-013,1.1713070383610873,total_fuel_sales,Продажи топлива,baseline_hgb_v2
2024-01-07 05:00:00,12,Татнефть-АЗС-013,1.1713070383610873,total_fuel_sales,Продажи топлива,baseline_hgb_v2
2024-01-07 06:00:00,12,Татнефть-АЗС-013,12.46901830585703,total_fuel_sales,Продажи топлива,baseline_hgb_v2
2024-01-07 07:00:00,12,Татнефть-АЗС-013,32.6287560469075,total_fuel_sales,Продажи топлива,baseline_hgb_v2
2024-01-07 08:00:00,12,Татнефть-АЗС-013,58.16901592389545,total_fuel_sales,Продажи топлива,baseline_hgb_v2
2024-01-07 09:00:00,12,Татнефть-АЗС-013,31.8261794550707,total_fuel_sales,Продажи топлива,baseline_hgb_v2
2024-01-07 10:00:00,12,Татнефть-АЗС-013,5.081809433155901,total_fuel_sales,Продажи топлива,baseline_hgb_v2
2024-01-07 11:00:00,12,Татнефть-АЗС-013,6.867448810258513,total_fuel_sales,Продажи топлива,baseline_hgb_v2
2024-01-07 12:00:00,12,Татнефть-АЗС-013,7.838953060979713,total_fuel_sales,Продажи топлива,baseline_hgb_v2
2024-01-07 13:00:00,12,Татнефть-АЗС-013,19.70991506284104,total_fuel_sales,Продажи топлива,baseline_hgb_v2
2024-01-07 14:00:00,12,Татнефть-АЗС-013,10.268935039002628,total_fuel_sales,Продажи топлива,baseline_hgb_v2
2024-01-07 15:00:00,12,Татнефть-АЗС-013,8.129973845147488,total_fuel_sales,Продажи топлива,baseline_hgb_v2
2024-01-07 16:00:00,12,Татнефть-АЗС-013,9.704704731250864,total_fuel_sales,Продажи топлива,baseline_hgb_v2
2024-01-07 17:00:00,12,Татнефть-АЗС-013,106.19729356504678,total_fuel_sales,Продажи топлива,baseline_hgb_v2
2024-01-07 18:00:00,12,Татнефть-АЗС-013,101.64211820422366,total_fuel_sales,Продажи топлива,baseline_hgb_v2
2024-01-07 19:00:00,12,Татнефть-АЗС-013,70.16864723219771,total_fuel_sales,Продажи топлива,baseline_hgb_v2
2024-01-07 20:00:00,12,Татнефть-АЗС-013,22.836973082058325,total_fuel_sales,Продажи топлива,baseline_hgb_v2
2024-01-07 21:00:00,12,Татнефть-АЗС-013,10.605890584705241,total_fuel_sales,Продажи топлива,baseline_hgb_v2
2024-01-07 22:00:00,12,Татнефть-АЗС-013,1.825076911178742,total_fuel_sales,Продажи топлива,baseline_hgb_v2
2024-01-07 23:00:00,12,Татнефть-АЗС-013,0.7634967245056813,total_fuel_sales,Продажи топлива,baseline_hgb_v2
2024-01-01 00:00:00,13,Татнефть-АЗС-014,1.8025989717065534,total_fuel_sales,Продажи топлива,baseline_hgb_v2
2024-01-01 01:00:00,13,Татнефть-АЗС-014,1.8025989717065534,total_fuel_sales,Продажи топлива,baseline_hgb_v2
2024-01-01 02:00:00,13,Татнефть-АЗС-014,1.8025989717065534,total_fuel_sales,Продажи топлива,baseline_hgb_v2
2024-01-01 03:00:00,13,Татнефть-АЗС-014,1.8025989717065534,total_fuel_sales,Продажи топлива,baseline_hgb_v2
2024-01-01 04:00:00,13,Татнефть-АЗС-014,2.715493299679328,total_fuel_sales,Продажи топлива,baseline_hgb_v2
2024-01-01 05:00:00,13,Татнефть-АЗС-014,1.8025989717065534,total_fuel_sales,Продажи топлива,baseline_hgb_v2
2024-01-01 06:00:00,13,Татнефть-АЗС-014,11.109488100564452,total_fuel_sales,Продажи топлива,baseline_hgb_v2
2024-01-01 07:00:00,13,Татнефть-АЗС-014,87.279325638451,total_fuel_sales,Продажи топлива,baseline_hgb_v2
2024-01-01 08:00:00,13,Татнефть-АЗС-014,78.26197056721772,total_fuel_sales,Продажи топлива,baseline_hgb_v2
2024-01-01 09:00:00,13,Татнефть-АЗС-014,89.03099534130496,total_fuel_sales,Продажи топлива,baseline_hgb_v2
2024-01-01 10:00:00,13,Татнефть-АЗС-014,11.542307810141843,total_fuel_sales,Продажи топлива,baseline_hgb_v2
2024-01-01 11:00:00,13,Татнефть-АЗС-014,18.771084591731533,total_fuel_sales,Продажи топлива,baseline_hgb_v2
2024-01-01 12:00:00,13,Татнефть-АЗС-014,13.530184289066112,total_fuel_sales,Продажи топлива,baseline_hgb_v2
2024-01-01 13:00:00,13,Татнефть-АЗС-014,28.5513662703464,total_fuel_sales,Продажи топлива,baseline_hgb_v2
2024-01-01 14:00:00,13,Татнефть-АЗС-014,28.5513662703464,total_fuel_sales,Продажи топлива,baseline_hgb_v2
2024-01-01 15:00:00,13,Татнефть-АЗС-014,10.736682646104098,total_fuel_sales,Продажи топлива,baseline_hgb_v2
2024-01-01 16:00:00,13,Татнефть-АЗС-014,21.339838508287887,total_fuel_sales,Продажи топлива,baseline_hgb_v2
2024-01-01 17:00:00,13,Татнефть-АЗС-014,48.15777294064029,total_fuel_sales,Продажи топлива,baseline_hgb_v2
2024-01-01 18:00:00,13,Татнефть-АЗС-014,91.24917993346504,total_fuel_sales,Продажи топлива,baseline_hgb_v2
2024-01-01 19:00:00,13,Татнефть-АЗС-014,53.65614018773651,total_fuel_sales,Продажи топлива,baseline_hgb_v2
2024-01-01 20:00:00,13,Татнефть-АЗС-014,17.642544970913693,total_fuel_sales,Продажи топлива,baseline_hgb_v2
2024-01-01 21:00:00,13,Татнефть-АЗС-014,16.68806942406342,total_fuel_sales,Продажи топлива,baseline_hgb_v2
2024-01-01 22:00:00,13,Татнефть-АЗС-014,2.777948365404065,total_fuel_sales,Продажи топлива,baseline_hgb_v2
2024-01-01 23:00:00,13,Татнефть-АЗС-014,2.777948365404065,total_fuel_sales,Продажи топлива,baseline_hgb_v2
2024-01-02 00:00:00,13,Татнефть-АЗС-014,3.4876778202722085,total_fuel_sales,Продажи топлива,baseline_hgb_v2
2024-01-02 01:00:00,13,Татнефть-АЗС-014,1.8025989717065534,total_fuel_sales,Продажи топлива,baseline_hgb_v2
2024-01-02 02:00:00,13,Татнефть-АЗС-014,2.715493299679328,total_fuel_sales,Продажи топлива,baseline_hgb_v2
2024-01-02 03:00:00,13,Татнефть-АЗС-014,2.715493299679328,total_fuel_sales,Продажи топлива,baseline_hgb_v2
2024-01-02 04:00:00,13,Татнефть-АЗС-014,1.8025989717065534,total_fuel_sales,Продажи топлива,baseline_hgb_v2
2024-01-02 05:00:00,13,Татнефть-АЗС-014,1.8025989717065534,total_fuel_sales,Продажи топлива,baseline_hgb_v2
2024-01-02 06:00:00,13,Татнефть-АЗС-014,17.620171586411068,total_fuel_sales,Продажи топлива,baseline_hgb_v2
2024-01-02 07:00:00,13,Татнефть-АЗС-014,55.461214677402275,total_fuel_sales,Продажи топлива,baseline_hgb_v2
2024-01-02 08:00:00,13,Татнефть-АЗС-014,77.71804856915963,total_fuel_sales,Продажи топлива,baseline_hgb_v2
2024-01-02 09:00:00,13,Татнефть-АЗС-014,56.625707386166496,total_fuel_sales,Продажи топлива,baseline_hgb_v2
2024-01-02 10:00:00,13,Татнефть-АЗС-014,11.109488100564452,total_fuel_sales,Продажи топлива,baseline_hgb_v2
2024-01-02 11:00:00,13,Татнефть-АЗС-014,11.109488100564452,total_fuel_sales,Продажи топлива,baseline_hgb_v2
2024-01-02 12:00:00,13,Татнефть-АЗС-014,28.5513662703464,total_fuel_sales,Продажи топлива,baseline_hgb_v2
2024-01-02 13:00:00,13,Татнефть-АЗС-014,11.650841904039131,total_fuel_sales,Продажи топлива,baseline_hgb_v2
2024-01-02 14:00:00,13,Татнефть-АЗС-014,30.57406172279731,total_fuel_sales,Продажи топлива,baseline_hgb_v2
2024-01-02 15:00:00,13,Татнефть-АЗС-014,10.964104791575151,total_fuel_sales,Продажи топлива,baseline_hgb_v2
2024-01-02 16:00:00,13,Татнефть-АЗС-014,12.536068460233606,total_fuel_sales,Продажи топлива,baseline_hgb_v2
2024-01-02 17:00:00,13,Татнефть-АЗС-014,62.21637642011576,total_fuel_sales,Продажи топлива,baseline_hgb_v2
2024-01-02 18:00:00,13,Татнефть-АЗС-014,48.09017874268346,total_fuel_sales,Продажи топлива,baseline_hgb_v2
2024-01-02 19:00:00,13,Татнефть-АЗС-014,53.65614018773651,total_fuel_sales,Продажи топлива,baseline_hgb_v2
2024-01-02 20:00:00,13,Татнефть-АЗС-014,16.68806942406342,total_fuel_sales,Продажи топлива,baseline_hgb_v2
2024-01-02 21:00:00,13,Татнефть-АЗС-014,12.082527712534205,total_fuel_sales,Продажи топлива,baseline_hgb_v2
2024-01-02 22:00:00,13,Татнефть-АЗС-014,1.4960547648187699,total_fuel_sales,Продажи топлива,baseline_hgb_v2
2024-01-02 23:00:00,13,Татнефть-АЗС-014,2.777948365404065,total_fuel_sales,Продажи топлива,baseline_hgb_v2
2024-01-03 00:00:00,13,Татнефть-АЗС-014,2.715493299679328,total_fuel_sales,Продажи топлива,baseline_hgb_v2
2024-01-03 01:00:00,13,Татнефть-АЗС-014,2.715493299679328,total_fuel_sales,Продажи топлива,baseline_hgb_v2
2024-01-03 02:00:00,13,Татнефть-АЗС-014,2.715493299679328,total_fuel_sales,Продажи топлива,baseline_hgb_v2
2024-01-03 03:00:00,13,Татнефть-АЗС-014,2.9819088888507053,total_fuel_sales,Продажи топлива,baseline_hgb_v2
2024-01-03 04:00:00,13,Татнефть-АЗС-014,2.9819088888507053,total_fuel_sales,Продажи топлива,baseline_hgb_v2
2024-01-03 05:00:00,13,Татнефть-АЗС-014,2.715493299679328,total_fuel_sales,Продажи топлива,baseline_hgb_v2
2024-01-03 06:00:00,13,Татнефть-АЗС-014,10.555473091641009,total_fuel_sales,Продажи топлива,baseline_hgb_v2
2024-01-03 07:00:00,13,Татнефть-АЗС-014,105.55384144660088,total_fuel_sales,Продажи топлива,baseline_hgb_v2
2024-01-03 08:00:00,13,Татнефть-АЗС-014,48.833004935885576,total_fuel_sales,Продажи топлива,baseline_hgb_v2
2024-01-03 09:00:00,13,Татнефть-АЗС-014,93.32780282051071,total_fuel_sales,Продажи топлива,baseline_hgb_v2
2024-01-03 10:00:00,13,Татнефть-АЗС-014,11.109488100564452,total_fuel_sales,Продажи топлива,baseline_hgb_v2
2024-01-03 11:00:00,13,Татнефть-АЗС-014,20.259383079491318,total_fuel_sales,Продажи топлива,baseline_hgb_v2
2024-01-03 12:00:00,13,Татнефть-АЗС-014,16.99596889912383,total_fuel_sales,Продажи топлива,baseline_hgb_v2
2024-01-03 13:00:00,13,Татнефть-АЗС-014,30.57406172279731,total_fuel_sales,Продажи топлива,baseline_hgb_v2
2024-01-03 14:00:00,13,Татнефть-АЗС-014,30.57406172279731,total_fuel_sales,Продажи топлива,baseline_hgb_v2
2024-01-03 15:00:00,13,Татнефть-АЗС-014,20.34050124410877,total_fuel_sales,Продажи топлива,baseline_hgb_v2
2024-01-03 16:00:00,13,Татнефть-АЗС-014,11.396924501152538,total_fuel_sales,Продажи топлива,baseline_hgb_v2
2024-01-03 17:00:00,13,Татнефть-АЗС-014,53.2720379348479,total_fuel_sales,Продажи топлива,baseline_hgb_v2
2024-01-03 18:00:00,13,Татнефть-АЗС-014,104.0756558373955,total_fuel_sales,Продажи топлива,baseline_hgb_v2
2024-01-03 19:00:00,13,Татнефть-АЗС-014,106.65750459318188,total_fuel_sales,Продажи топлива,baseline_hgb_v2
2024-01-03 20:00:00,13,Татнефть-АЗС-014,18.885957018421262,total_fuel_sales,Продажи топлива,baseline_hgb_v2
2024-01-03 21:00:00,13,Татнефть-АЗС-014,15.297173379889902,total_fuel_sales,Продажи топлива,baseline_hgb_v2
2024-01-03 22:00:00,13,Татнефть-АЗС-014,1.4960547648187699,total_fuel_sales,Продажи топлива,baseline_hgb_v2
2024-01-03 23:00:00,13,Татнефть-АЗС-014,3.0443639545754424,total_fuel_sales,Продажи топлива,baseline_hgb_v2
2024-01-04 00:00:00,13,Татнефть-АЗС-014,2.715493299679328,total_fuel_sales,Продажи топлива,baseline_hgb_v2
2024-01-04 01:00:00,13,Татнефть-АЗС-014,1.8025989717065534,total_fuel_sales,Продажи топлива,baseline_hgb_v2
2024-01-04 02:00:00,13,Татнефть-АЗС-014,1.8025989717065534,total_fuel_sales,Продажи топлива,baseline_hgb_v2
2024-01-04 03:00:00,13,Татнефть-АЗС-014,1.8025989717065534,total_fuel_sales,Продажи топлива,baseline_hgb_v2
2024-01-04 04:00:00,13,Татнефть-АЗС-014,2.9819088888507053,total_fuel_sales,Продажи топлива,baseline_hgb_v2
2024-01-04 05:00:00,13,Татнефть-АЗС-014,2.715493299679328,total_fuel_sales,Продажи топлива,baseline_hgb_v2
2024-01-04 06:00:00,13,Татнефть-АЗС-014,11.53291937890536,total_fuel_sales,Продажи топлива,baseline_hgb_v2
2024-01-04 07:00:00,13,Татнефть-АЗС-014,49.48996519644687,total_fuel_sales,Продажи топлива,baseline_hgb_v2
2024-01-04 08:00:00,13,Татнефть-АЗС-014,50.41120270659224,total_fuel_sales,Продажи топлива,baseline_hgb_v2
2024-01-04 09:00:00,13,Татнефть-АЗС-014,55.46188957667128,total_fuel_sales,Продажи топлива,baseline_hgb_v2
2024-01-04 10:00:00,13,Татнефть-АЗС-014,9.087104276217264,total_fuel_sales,Продажи топлива,baseline_hgb_v2
2024-01-04 11:00:00,13,Татнефть-АЗС-014,10.546084660404526,total_fuel_sales,Продажи топлива,baseline_hgb_v2
2024-01-04 12:00:00,13,Татнефть-АЗС-014,28.5513662703464,total_fuel_sales,Продажи топлива,baseline_hgb_v2
2024-01-04 13:00:00,13,Татнефть-АЗС-014,17.523893464185903,total_fuel_sales,Продажи топлива,baseline_hgb_v2
2024-01-04 14:00:00,13,Татнефть-АЗС-014,13.530184289066112,total_fuel_sales,Продажи топлива,baseline_hgb_v2
2024-01-04 15:00:00,13,Татнефть-АЗС-014,19.570579414601188,total_fuel_sales,Продажи топлива,baseline_hgb_v2
2024-01-04 16:00:00,13,Татнефть-АЗС-014,10.954716360338669,total_fuel_sales,Продажи топлива,baseline_hgb_v2
2024-01-04 17:00:00,13,Татнефть-АЗС-014,85.30580837081784,total_fuel_sales,Продажи топлива,baseline_hgb_v2
2024-01-04 18:00:00,13,Татнефть-АЗС-014,62.4022372395517,total_fuel_sales,Продажи топлива,baseline_hgb_v2
2024-01-04 19:00:00,13,Татнефть-АЗС-014,62.007933163427076,total_fuel_sales,Продажи топлива,baseline_hgb_v2
2024-01-04 20:00:00,13,Татнефть-АЗС-014,19.564277058076613,total_fuel_sales,Продажи топлива,baseline_hgb_v2
2024-01-04 21:00:00,13,Татнефть-АЗС-014,9.82911210388387,total_fuel_sales,Продажи топлива,baseline_hgb_v2
2024-01-04 22:00:00,13,Татнефть-АЗС-014,2.777948365404065,total_fuel_sales,Продажи топлива,baseline_hgb_v2
2024-01-04 23:00:00,13,Татнефть-АЗС-014,3.0443639545754424,total_fuel_sales,Продажи топлива,baseline_hgb_v2
2024-01-05 00:00:00,13,Татнефть-АЗС-014,2.715493299679328,total_fuel_sales,Продажи топлива,baseline_hgb_v2
2024-01-05 01:00:00,13,Татнефть-АЗС-014,1.8025989717065534,total_fuel_sales,Продажи топлива,baseline_hgb_v2
2024-01-05 02:00:00,13,Татнефть-АЗС-014,2.715493299679328,total_fuel_sales,Продажи топлива,baseline_hgb_v2
2024-01-05 03:00:00,13,Татнефть-АЗС-014,3.4876778202722085,total_fuel_sales,Продажи топлива,baseline_hgb_v2
2024-01-05 04:00:00,13,Татнефть-АЗС-014,1.8025989717065534,total_fuel_sales,Продажи топлива,baseline_hgb_v2
2024-01-05 05:00:00,13,Татнефть-АЗС-014,2.715493299679328,total_fuel_sales,Продажи топлива,baseline_hgb_v2
2024-01-05 06:00:00,13,Татнефть-АЗС-014,11.583530637580711,total_fuel_sales,Продажи топлива,baseline_hgb_v2
2024-01-05 07:00:00,13,Татнефть-АЗС-014,45.24091341396484,total_fuel_sales,Продажи топлива,baseline_hgb_v2
2024-01-05 08:00:00,13,Татнефть-АЗС-014,87.279325638451,total_fuel_sales,Продажи топлива,baseline_hgb_v2
2024-01-05 09:00:00,13,Татнефть-АЗС-014,50.64931919864262,total_fuel_sales,Продажи топлива,baseline_hgb_v2
2024-01-05 10:00:00,13,Татнефть-АЗС-014,18.675784392208104,total_fuel_sales,Продажи топлива,baseline_hgb_v2
2024-01-05 11:00:00,13,Татнефть-АЗС-014,19.465747115254622,total_fuel_sales,Продажи топлива,baseline_hgb_v2
2024-01-05 12:00:00,13,Татнефть-АЗС-014,16.43256545896391,total_fuel_sales,Продажи топлива,baseline_hgb_v2
2024-01-05 13:00:00,13,Татнефть-АЗС-014,30.57406172279731,total_fuel_sales,Продажи топлива,baseline_hgb_v2
2024-01-05 14:00:00,13,Татнефть-АЗС-014,16.43256545896391,total_fuel_sales,Продажи топлива,baseline_hgb_v2
2024-01-05 15:00:00,13,Татнефть-АЗС-014,15.552528843036264,total_fuel_sales,Продажи топлива,baseline_hgb_v2
2024-01-05 16:00:00,13,Татнефть-АЗС-014,9.835414460408447,total_fuel_sales,Продажи топлива,baseline_hgb_v2
2024-01-05 17:00:00,13,Татнефть-АЗС-014,91.17333529569207,total_fuel_sales,Продажи топлива,baseline_hgb_v2
2024-01-05 18:00:00,13,Татнефть-АЗС-014,100.55124159114355,total_fuel_sales,Продажи топлива,baseline_hgb_v2
2024-01-05 19:00:00,13,Татнефть-АЗС-014,106.58165995540891,total_fuel_sales,Продажи топлива,baseline_hgb_v2
2024-01-05 20:00:00,13,Татнефть-АЗС-014,16.68806942406342,total_fuel_sales,Продажи топлива,baseline_hgb_v2
2024-01-05 21:00:00,13,Татнефть-АЗС-014,21.707824976191237,total_fuel_sales,Продажи топлива,baseline_hgb_v2
2024-01-05 22:00:00,13,Татнефть-АЗС-014,3.0443639545754424,total_fuel_sales,Продажи топлива,baseline_hgb_v2
2024-01-05 23:00:00,13,Татнефть-АЗС-014,1.4960547648187699,total_fuel_sales,Продажи топлива,baseline_hgb_v2
2024-01-06 00:00:00,13,Татнефть-АЗС-014,2.2332653069387334,total_fuel_sales,Продажи топлива,baseline_hgb_v2
2024-01-06 01:00:00,13,Татнефть-АЗС-014,1.4904234306766657,total_fuel_sales,Продажи топлива,baseline_hgb_v2
2024-01-06 02:00:00,13,Татнефть-АЗС-014,1.4904234306766657,total_fuel_sales,Продажи топлива,baseline_hgb_v2
2024-01-06 03:00:00,13,Татнефть-АЗС-014,2.2332653069387334,total_fuel_sales,Продажи топлива,baseline_hgb_v2
2024-01-06 04:00:00,13,Татнефть-АЗС-014,1.4904234306766657,total_fuel_sales,Продажи топлива,baseline_hgb_v2
2024-01-06 05:00:00,13,Татнефть-АЗС-014,1.4904234306766657,total_fuel_sales,Продажи топлива,baseline_hgb_v2
2024-01-06 06:00:00,13,Татнефть-АЗС-014,12.113568367417612,total_fuel_sales,Продажи топлива,baseline_hgb_v2
2024-01-06 07:00:00,13,Татнефть-АЗС-014,33.1836588996033,total_fuel_sales,Продажи топлива,baseline_hgb_v2
2024-01-06 08:00:00,13,Татнефть-АЗС-014,64.15920576486162,total_fuel_sales,Продажи топлива,baseline_hgb_v2
2024-01-06 09:00:00,13,Татнефть-АЗС-014,61.72140635156192,total_fuel_sales,Продажи топлива,baseline_hgb_v2
2024-01-06 10:00:00,13,Татнефть-АЗС-014,13.100403085918446,total_fuel_sales,Продажи топлива,baseline_hgb_v2
2024-01-06 11:00:00,13,Татнефть-АЗС-014,8.045161129676558,total_fuel_sales,Продажи топлива,baseline_hgb_v2
2024-01-06 12:00:00,13,Татнефть-АЗС-014,10.908167231261984,total_fuel_sales,Продажи топлива,baseline_hgb_v2
2024-01-06 13:00:00,13,Татнефть-АЗС-014,11.497235756733401,total_fuel_sales,Продажи топлива,baseline_hgb_v2
2024-01-06 14:00:00,13,Татнефть-АЗС-014,12.190577883279811,total_fuel_sales,Продажи топлива,baseline_hgb_v2
2024-01-06 15:00:00,13,Татнефть-АЗС-014,13.040464650228296,total_fuel_sales,Продажи топлива,baseline_hgb_v2
2024-01-06 16:00:00,13,Татнефть-АЗС-014,14.496515936853708,total_fuel_sales,Продажи топлива,baseline_hgb_v2
2024-01-06 17:00:00,13,Татнефть-АЗС-014,75.83774569001879,total_fuel_sales,Продажи топлива,baseline_hgb_v2
2024-01-06 18:00:00,13,Татнефть-АЗС-014,38.75910231495215,total_fuel_sales,Продажи топлива,baseline_hgb_v2
2024-01-06 19:00:00,13,Татнефть-АЗС-014,37.32783501326574,total_fuel_sales,Продажи топлива,baseline_hgb_v2
2024-01-06 20:00:00,13,Татнефть-АЗС-014,13.300222392815488,total_fuel_sales,Продажи топлива,baseline_hgb_v2
2024-01-06 21:00:00,13,Татнефть-АЗС-014,14.490213580329131,total_fuel_sales,Продажи топлива,baseline_hgb_v2
2024-01-06 22:00:00,13,Татнефть-АЗС-014,1.2301773444295137,total_fuel_sales,Продажи топлива,baseline_hgb_v2
2024-01-06 23:00:00,13,Татнефть-АЗС-014,1.2301773444295137,total_fuel_sales,Продажи топлива,baseline_hgb_v2
2024-01-07 00:00:00,13,Татнефть-АЗС-014,1.4904234306766657,total_fuel_sales,Продажи топлива,baseline_hgb_v2
2024-01-07 01:00:00,13,Татнефть-АЗС-014,1.4904234306766657,total_fuel_sales,Продажи топлива,baseline_hgb_v2
2024-01-07 02:00:00,13,Татнефть-АЗС-014,1.4904234306766657,total_fuel_sales,Продажи топлива,baseline_hgb_v2
2024-01-07 03:00:00,13,Татнефть-АЗС-014,2.2332653069387334,total_fuel_sales,Продажи топлива,baseline_hgb_v2
2024-01-07 04:00:00,13,Татнефть-АЗС-014,2.2332653069387334,total_fuel_sales,Продажи топлива,baseline_hgb_v2
2024-01-07 05:00:00,13,Татнефть-АЗС-014,1.4904234306766657,total_fuel_sales,Продажи топлива,baseline_hgb_v2
2024-01-07 06:00:00,13,Татнефть-АЗС-014,13.834523790782596,total_fuel_sales,Продажи топлива,baseline_hgb_v2
2024-01-07 07:00:00,13,Татнефть-АЗС-014,35.39738465194508,total_fuel_sales,Продажи топлива,baseline_hgb_v2
2024-01-07 08:00:00,13,Татнефть-АЗС-014,38.342476926175536,total_fuel_sales,Продажи топлива,baseline_hgb_v2
2024-01-07 09:00:00,13,Татнефть-АЗС-014,71.30421069570798,total_fuel_sales,Продажи топлива,baseline_hgb_v2
2024-01-07 10:00:00,13,Татнефть-АЗС-014,8.642092862685708,total_fuel_sales,Продажи топлива,baseline_hgb_v2
2024-01-07 11:00:00,13,Татнефть-АЗС-014,8.045161129676558,total_fuel_sales,Продажи топлива,baseline_hgb_v2
2024-01-07 12:00:00,13,Татнефть-АЗС-014,12.241189141955163,total_fuel_sales,Продажи топлива,baseline_hgb_v2
2024-01-07 13:00:00,13,Татнефть-АЗС-014,11.497235756733401,total_fuel_sales,Продажи топлива,baseline_hgb_v2
2024-01-07 14:00:00,13,Татнефть-АЗС-014,12.190577883279811,total_fuel_sales,Продажи топлива,baseline_hgb_v2
2024-01-07 15:00:00,13,Татнефть-АЗС-014,12.593226259053479,total_fuel_sales,Продажи топлива,baseline_hgb_v2
2024-01-07 16:00:00,13,Татнефть-АЗС-014,12.039211250130037,total_fuel_sales,Продажи топлива,baseline_hgb_v2
2024-01-07 17:00:00,13,Татнефть-АЗС-014,40.15675705989043,total_fuel_sales,Продажи топлива,baseline_hgb_v2
2024-01-07 18:00:00,13,Татнефть-АЗС-014,42.2015919111736,total_fuel_sales,Продажи топлива,baseline_hgb_v2
2024-01-07 19:00:00,13,Татнефть-АЗС-014,80.25026227069228,total_fuel_sales,Продажи топлива,baseline_hgb_v2
2024-01-07 20:00:00,13,Татнефть-АЗС-014,7.882249767733748,total_fuel_sales,Продажи топлива,baseline_hgb_v2
2024-01-07 21:00:00,13,Татнефть-АЗС-014,6.947033487119939,total_fuel_sales,Продажи топлива,baseline_hgb_v2
2024-01-07 22:00:00,13,Татнефть-АЗС-014,2.158498492675857,total_fuel_sales,Продажи топлива,baseline_hgb_v2
2024-01-07 23:00:00,13,Татнефть-АЗС-014,2.158498492675857,total_fuel_sales,Продажи топлива,baseline_hgb_v2
2024-01-01 00:00:00,14,Татнефть-АЗС-015,6.117564020397794,total_fuel_sales,Продажи топлива,baseline_hgb_v2
2024-01-01 01:00:00,14,Татнефть-АЗС-015,6.409003731512196,total_fuel_sales,Продажи топлива,baseline_hgb_v2
2024-01-01 02:00:00,14,Татнефть-АЗС-015,6.164243930685244,total_fuel_sales,Продажи топлива,baseline_hgb_v2
2024-01-01 03:00:00,14,Татнефть-АЗС-015,4.997738461364176,total_fuel_sales,Продажи топлива,baseline_hgb_v2
2024-01-01 04:00:00,14,Татнефть-АЗС-015,4.997738461364176,total_fuel_sales,Продажи топлива,baseline_hgb_v2
2024-01-01 05:00:00,14,Татнефть-АЗС-015,2.2777773738872495,total_fuel_sales,Продажи топлива,baseline_hgb_v2
2024-01-01 06:00:00,14,Татнефть-АЗС-015,42.0171676731583,total_fuel_sales,Продажи топлива,baseline_hgb_v2
2024-01-01 07:00:00,14,Татнефть-АЗС-015,184.22938896517257,total_fuel_sales,Продажи топлива,baseline_hgb_v2
2024-01-01 08:00:00,14,Татнефть-АЗС-015,106.68118230206919,total_fuel_sales,Продажи топлива,baseline_hgb_v2
2024-01-01 09:00:00,14,Татнефть-АЗС-015,111.35398539900476,total_fuel_sales,Продажи топлива,baseline_hgb_v2
2024-01-01 10:00:00,14,Татнефть-АЗС-015,40.1697266739197,total_fuel_sales,Продажи топлива,baseline_hgb_v2
2024-01-01 11:00:00,14,Татнефть-АЗС-015,32.44331626930655,total_fuel_sales,Продажи топлива,baseline_hgb_v2
2024-01-01 12:00:00,14,Татнефть-АЗС-015,42.71774517700041,total_fuel_sales,Продажи топлива,baseline_hgb_v2
2024-01-01 13:00:00,14,Татнефть-АЗС-015,24.347015678645555,total_fuel_sales,Продажи топлива,baseline_hgb_v2
2024-01-01 14:00:00,14,Татнефть-АЗС-015,48.23021799466965,total_fuel_sales,Продажи топлива,baseline_hgb_v2
2024-01-01 15:00:00,14,Татнефть-АЗС-015,23.282668733042215,total_fuel_sales,Продажи топлива,baseline_hgb_v2
2024-01-01 16:00:00,14,Татнефть-АЗС-015,18.563409363540035,total_fuel_sales,Продажи топлива,baseline_hgb_v2
2024-01-01 17:00:00,14,Татнефть-АЗС-015,78.42659168537433,total_fuel_sales,Продажи топлива,baseline_hgb_v2
2024-01-01 18:00:00,14,Татнефть-АЗС-015,144.63949155137863,total_fuel_sales,Продажи топлива,baseline_hgb_v2
2024-01-01 19:00:00,14,Татнефть-АЗС-015,174.99538809643482,total_fuel_sales,Продажи топлива,baseline_hgb_v2
2024-01-01 20:00:00,14,Татнефть-АЗС-015,12.841671478703416,total_fuel_sales,Продажи топлива,baseline_hgb_v2
2024-01-01 21:00:00,14,Татнефть-АЗС-015,31.238846146445148,total_fuel_sales,Продажи топлива,baseline_hgb_v2
2024-01-01 22:00:00,14,Татнефть-АЗС-015,5.736165435943045,total_fuel_sales,Продажи топлива,baseline_hgb_v2
2024-01-01 23:00:00,14,Татнефть-АЗС-015,5.736165435943045,total_fuel_sales,Продажи топлива,baseline_hgb_v2
2024-01-02 00:00:00,14,Татнефть-АЗС-015,5.787328634447548,total_fuel_sales,Продажи топлива,baseline_hgb_v2
2024-01-02 01:00:00,14,Татнефть-АЗС-015,4.997738461364176,total_fuel_sales,Продажи топлива,baseline_hgb_v2
2024-01-02 02:00:00,14,Татнефть-АЗС-015,1.9507400381825033,total_fuel_sales,Продажи топлива,baseline_hgb_v2
2024-01-02 03:00:00,14,Татнефть-АЗС-015,5.787328634447548,total_fuel_sales,Продажи топлива,baseline_hgb_v2
2024-01-02 04:00:00,14,Татнефть-АЗС-015,6.409003731512196,total_fuel_sales,Продажи топлива,baseline_hgb_v2
2024-01-02 05:00:00,14,Татнефть-АЗС-015,5.787328634447548,total_fuel_sales,Продажи топлива,baseline_hgb_v2
2024-01-02 06:00:00,14,Татнефть-АЗС-015,40.23027111667231,total_fuel_sales,Продажи топлива,baseline_hgb_v2
2024-01-02 07:00:00,14,Татнефть-АЗС-015,192.44763990365087,total_fuel_sales,Продажи топлива,baseline_hgb_v2
2024-01-02 08:00:00,14,Татнефть-АЗС-015,125.62766665074949,total_fuel_sales,Продажи топлива,baseline_hgb_v2
2024-01-02 09:00:00,14,Татнефть-АЗС-015,224.86215591659604,total_fuel_sales,Продажи топлива,baseline_hgb_v2
2024-01-02 10:00:00,14,Татнефть-АЗС-015,37.32847146218632,total_fuel_sales,Продажи топлива,baseline_hgb_v2
2024-01-02 11:00:00,14,Татнефть-АЗС-015,30.364612444143575,total_fuel_sales,Продажи топлива,baseline_hgb_v2
2024-01-02 12:00:00,14,Татнефть-АЗС-015,27.0622061903632,total_fuel_sales,Продажи топлива,baseline_hgb_v2
2024-01-02 13:00:00,14,Татнефть-АЗС-015,24.347015678645555,total_fuel_sales,Продажи топлива,baseline_hgb_v2
2024-01-02 14:00:00,14,Татнефть-АЗС-015,29.351617397938647,total_fuel_sales,Продажи топлива,baseline_hgb_v2
2024-01-02 15:00:00,14,Татнефть-АЗС-015,24.359740499690524,total_fuel_sales,Продажи топлива,baseline_hgb_v2
2024-01-02 16:00:00,14,Татнефть-АЗС-015,30.524679539744852,total_fuel_sales,Продажи топлива,baseline_hgb_v2
2024-01-02 17:00:00,14,Татнефть-АЗС-015,139.7969275837778,total_fuel_sales,Продажи топлива,baseline_hgb_v2
2024-01-02 18:00:00,14,Татнефть-АЗС-015,81.42426279516233,total_fuel_sales,Продажи топлива,baseline_hgb_v2
2024-01-02 19:00:00,14,Татнефть-АЗС-015,151.8941096936123,total_fuel_sales,Продажи топлива,baseline_hgb_v2
2024-01-02 20:00:00,14,Татнефть-АЗС-015,16.361986200365543,total_fuel_sales,Продажи топлива,baseline_hgb_v2
2024-01-02 21:00:00,14,Татнефть-АЗС-015,23.980894710336088,total_fuel_sales,Продажи топлива,baseline_hgb_v2
2024-01-02 22:00:00,14,Татнефть-АЗС-015,1.6441958312947202,total_fuel_sales,Продажи топлива,baseline_hgb_v2
2024-01-02 23:00:00,14,Татнефть-АЗС-015,2.1646984812241623,total_fuel_sales,Продажи топлива,baseline_hgb_v2
2024-01-03 00:00:00,14,Татнефть-АЗС-015,4.997738461364176,total_fuel_sales,Продажи топлива,baseline_hgb_v2
2024-01-03 01:00:00,14,Татнефть-АЗС-015,2.2777773738872495,total_fuel_sales,Продажи топлива,baseline_hgb_v2
2024-01-03 02:00:00,14,Татнефть-АЗС-015,6.409003731512196,total_fuel_sales,Продажи топлива,baseline_hgb_v2
2024-01-03 03:00:00,14,Татнефть-АЗС-015,1.9507400381825033,total_fuel_sales,Продажи топлива,baseline_hgb_v2
2024-01-03 04:00:00,14,Татнефть-АЗС-015,1.9507400381825033,total_fuel_sales,Продажи топлива,baseline_hgb_v2
2024-01-03 05:00:00,14,Татнефть-АЗС-015,4.719842956610134,total_fuel_sales,Продажи топлива,baseline_hgb_v2
2024-01-03 06:00:00,14,Татнефть-АЗС-015,20.818444755924496,total_fuel_sales,Продажи топлива,baseline_hgb_v2
2024-01-03 07:00:00,14,Татнефть-АЗС-015,206.60916637051827,total_fuel_sales,Продажи топлива,baseline_hgb_v2
2024-01-03 08:00:00,14,Татнефть-АЗС-015,121.58067505209927,total_fuel_sales,Продажи топлива,baseline_hgb_v2
2024-01-03 09:00:00,14,Татнефть-АЗС-015,110.15415399458084,total_fuel_sales,Продажи топлива,baseline_hgb_v2
2024-01-03 10:00:00,14,Татнефть-АЗС-015,36.27652106234656,total_fuel_sales,Продажи топлива,baseline_hgb_v2
2024-01-03 11:00:00,14,Татнефть-АЗС-015,18.503325736932176,total_fuel_sales,Продажи топлива,baseline_hgb_v2
2024-01-03 12:00:00,14,Татнефть-АЗС-015,41.60094875861163,total_fuel_sales,Продажи топлива,baseline_hgb_v2
2024-01-03 13:00:00,14,Татнефть-АЗС-015,46.514049727322686,total_fuel_sales,Продажи топлива,baseline_hgb_v2
2024-01-03 14:00:00,14,Татнефть-АЗС-015,27.0622061903632,total_fuel_sales,Продажи топлива,baseline_hgb_v2
2024-01-03 15:00:00,14,Татнефть-АЗС-015,14.931747995789324,total_fuel_sales,Продажи топлива,baseline_hgb_v2
2024-01-03 16:00:00,14,Татнефть-АЗС-015,30.524679539744852,total_fuel_sales,Продажи топлива,baseline_hgb_v2
2024-01-03 17:00:00,14,Татнефть-АЗС-015,78.42659168537433,total_fuel_sales,Продажи топлива,baseline_hgb_v2
2024-01-03 18:00:00,14,Татнефть-АЗС-015,161.73515161301802,total_fuel_sales,Продажи топлива,baseline_hgb_v2
2024-01-03 19:00:00,14,Татнефть-АЗС-015,174.99538809643482,total_fuel_sales,Продажи топлива,baseline_hgb_v2
2024-01-03 20:00:00,14,Татнефть-АЗС-015,24.35343814316595,total_fuel_sales,Продажи топлива,baseline_hgb_v2
2024-01-03 21:00:00,14,Татнефть-АЗС-015,18.899978314505436,total_fuel_sales,Продажи топлива,baseline_hgb_v2
2024-01-03 22:00:00,14,Татнефть-АЗС-015,6.782405522484373,total_fuel_sales,Продажи топлива,baseline_hgb_v2
2024-01-03 23:00:00,14,Татнефть-АЗС-015,1.9712331669994678,total_fuel_sales,Продажи топлива,baseline_hgb_v2
2024-01-04 00:00:00,14,Татнефть-АЗС-015,1.9507400381825033,total_fuel_sales,Продажи топлива,baseline_hgb_v2
2024-01-04 01:00:00,14,Татнефть-АЗС-015,5.787328634447548,total_fuel_sales,Продажи топлива,baseline_hgb_v2
2024-01-04 02:00:00,14,Татнефть-АЗС-015,1.8025989717065534,total_fuel_sales,Продажи топлива,baseline_hgb_v2
2024-01-04 03:00:00,14,Татнефть-АЗС-015,1.9507400381825033,total_fuel_sales,Продажи топлива,baseline_hgb_v2
2024-01-04 04:00:00,14,Татнефть-АЗС-015,1.9507400381825033,total_fuel_sales,Продажи топлива,baseline_hgb_v2
2024-01-04 05:00:00,14,Татнефть-АЗС-015,2.2777773738872495,total_fuel_sales,Продажи топлива,baseline_hgb_v2
2024-01-04 06:00:00,14,Татнефть-АЗС-015,37.59636332387366,total_fuel_sales,Продажи топлива,baseline_hgb_v2
2024-01-04 07:00:00,14,Татнефть-АЗС-015,203.53753121111677,total_fuel_sales,Продажи топлива,baseline_hgb_v2
2024-01-04 08:00:00,14,Татнефть-АЗС-015,194.65637898919778,total_fuel_sales,Продажи топлива,baseline_hgb_v2
2024-01-04 09:00:00,14,Татнефть-АЗС-015,185.67768996434583,total_fuel_sales,Продажи топлива,baseline_hgb_v2
2024-01-04 10:00:00,14,Татнефть-АЗС-015,22.818348157529,total_fuel_sales,Продажи топлива,baseline_hgb_v2
2024-01-04 11:00:00,14,Татнефть-АЗС-015,15.032039869108358,total_fuel_sales,Продажи топлива,baseline_hgb_v2
2024-01-04 12:00:00,14,Татнефть-АЗС-015,46.514049727322686,total_fuel_sales,Продажи топлива,baseline_hgb_v2
2024-01-04 13:00:00,14,Татнефть-АЗС-015,52.43360689056991,total_fuel_sales,Продажи топлива,baseline_hgb_v2
2024-01-04 14:00:00,14,Татнефть-АЗС-015,46.514049727322686,total_fuel_sales,Продажи топлива,baseline_hgb_v2
2024-01-04 15:00:00,14,Татнефть-АЗС-015,14.743948754078788,total_fuel_sales,Продажи топлива,baseline_hgb_v2
2024-01-04 16:00:00,14,Татнефть-АЗС-015,11.77624611449661,total_fuel_sales,Продажи топлива,baseline_hgb_v2
2024-01-04 17:00:00,14,Татнефть-АЗС-015,81.73799407020277,total_fuel_sales,Продажи топлива,baseline_hgb_v2
2024-01-04 18:00:00,14,Татнефть-АЗС-015,113.22521759731778,total_fuel_sales,Продажи топлива,baseline_hgb_v2
2024-01-04 19:00:00,14,Татнефть-АЗС-015,81.4825321619222,total_fuel_sales,Продажи топлива,baseline_hgb_v2
2024-01-04 20:00:00,14,Татнефть-АЗС-015,19.681832284499094,total_fuel_sales,Продажи топлива,baseline_hgb_v2
2024-01-04 21:00:00,14,Татнефть-АЗС-015,16.10166793275306,total_fuel_sales,Продажи топлива,baseline_hgb_v2
2024-01-04 22:00:00,14,Татнефть-АЗС-015,1.4960547648187699,total_fuel_sales,Продажи топлива,baseline_hgb_v2
2024-01-04 23:00:00,14,Татнефть-АЗС-015,2.1646984812241623,total_fuel_sales,Продажи топлива,baseline_hgb_v2
2024-01-05 00:00:00,14,Татнефть-АЗС-015,1.9507400381825033,total_fuel_sales,Продажи топлива,baseline_hgb_v2
2024-01-05 01:00:00,14,Татнефть-АЗС-015,4.997738461364176,total_fuel_sales,Продажи топлива,baseline_hgb_v2
2024-01-05 02:00:00,14,Татнефть-АЗС-015,2.2777773738872495,total_fuel_sales,Продажи топлива,baseline_hgb_v2
2024-01-05 03:00:00,14,Татнефть-АЗС-015,1.9507400381825033,total_fuel_sales,Продажи топлива,baseline_hgb_v2
2024-01-05 04:00:00,14,Татнефть-АЗС-015,2.2777773738872495,total_fuel_sales,Продажи топлива,baseline_hgb_v2
2024-01-05 05:00:00,14,Татнефть-АЗС-015,1.9507400381825033,total_fuel_sales,Продажи топлива,baseline_hgb_v2
2024-01-05 06:00:00,14,Татнефть-АЗС-015,40.8056691376187,total_fuel_sales,Продажи топлива,baseline_hgb_v2
2024-01-05 07:00:00,14,Татнефть-АЗС-015,106.54019852648965,total_fuel_sales,Продажи топлива,baseline_hgb_v2
2024-01-05 08:00:00,14,Татнефть-АЗС-015,206.27131008035587,total_fuel_sales,Продажи топлива,baseline_hgb_v2
2024-01-05 09:00:00,14,Татнефть-АЗС-015,110.17447285701647,total_fuel_sales,Продажи топлива,baseline_hgb_v2
2024-01-05 10:00:00,14,Татнефть-АЗС-015,38.44319486978493,total_fuel_sales,Продажи топлива,baseline_hgb_v2
2024-01-05 11:00:00,14,Татнефть-АЗС-015,10.300549459785161,total_fuel_sales,Продажи топлива,baseline_hgb_v2
2024-01-05 12:00:00,14,Татнефть-АЗС-015,25.35104707813038,total_fuel_sales,Продажи топлива,baseline_hgb_v2
2024-01-05 13:00:00,14,Татнефть-АЗС-015,24.347015678645555,total_fuel_sales,Продажи топлива,baseline_hgb_v2
2024-01-05 14:00:00,14,Татнефть-АЗС-015,50.38862734938129,total_fuel_sales,Продажи топлива,baseline_hgb_v2
2024-01-05 15:00:00,14,Татнефть-АЗС-015,16.368288556890118,total_fuel_sales,Продажи топлива,baseline_hgb_v2
2024-01-05 16:00:00,14,Татнефть-АЗС-015,25.538582293580195,total_fuel_sales,Продажи топлива,baseline_hgb_v2
2024-01-05 17:00:00,14,Татнефть-АЗС-015,156.19612304269606,total_fuel_sales,Продажи топлива,baseline_hgb_v2
2024-01-05 18:00:00,14,Татнефть-АЗС-015,135.15089280110507,total_fuel_sales,Продажи топлива,baseline_hgb_v2
2024-01-05 19:00:00,14,Татнефть-АЗС-015,139.19636468843143,total_fuel_sales,Продажи топлива,baseline_hgb_v2
2024-01-05 20:00:00,14,Татнефть-АЗС-015,25.53227993705562,total_fuel_sales,Продажи топлива,baseline_hgb_v2
2024-01-05 21:00:00,14,Татнефть-АЗС-015,30.518377183220277,total_fuel_sales,Продажи топлива,baseline_hgb_v2
2024-01-05 22:00:00,14,Татнефть-АЗС-015,3.2756951486629675,total_fuel_sales,Продажи топлива,baseline_hgb_v2
2024-01-05 23:00:00,14,Татнефть-АЗС-015,1.9712331669994678,total_fuel_sales,Продажи топлива,baseline_hgb_v2
2024-01-06 00:00:00,14,Татнефть-АЗС-015,3.101293070310824,total_fuel_sales,Продажи топлива,baseline_hgb_v2
2024-01-06 01:00:00,14,Татнефть-АЗС-015,3.6196135661570787,total_fuel_sales,Продажи топлива,baseline_hgb_v2
2024-01-06 02:00:00,14,Татнефть-АЗС-015,3.6196135661570787,total_fuel_sales,Продажи топлива,baseline_hgb_v2
2024-01-06 03:00:00,14,Татнефть-АЗС-015,1.4904234306766657,total_fuel_sales,Продажи топлива,baseline_hgb_v2
2024-01-06 04:00:00,14,Татнефть-АЗС-015,1.4904234306766657,total_fuel_sales,Продажи топлива,baseline_hgb_v2
2024-01-06 05:00:00,14,Татнефть-АЗС-015,3.6196135661570787,total_fuel_sales,Продажи топлива,baseline_hgb_v2
2024-01-06 06:00:00,14,Татнефть-АЗС-015,18.020954279443888,total_fuel_sales,Продажи топлива,baseline_hgb_v2
2024-01-06 07:00:00,14,Татнефть-АЗС-015,84.3766058284743,total_fuel_sales,Продажи топлива,baseline_hgb_v2
2024-01-06 08:00:00,14,Татнефть-АЗС-015,174.33210115503942,total_fuel_sales,Продажи топлива,baseline_hgb_v2
2024-01-06 09:00:00,14,Татнефть-АЗС-015,148.6658395630116,total_fuel_sales,Продажи топлива,baseline_hgb_v2
2024-01-06 10:00:00,14,Татнефть-АЗС-015,17.78985745430929,total_fuel_sales,Продажи топлива,baseline_hgb_v2
2024-01-06 11:00:00,14,Татнефть-АЗС-015,20.193402174557907,total_fuel_sales,Продажи топлива,baseline_hgb_v2
2024-01-06 12:00:00,14,Татнефть-АЗС-015,17.54615473252295,total_fuel_sales,Продажи топлива,baseline_hgb_v2
2024-01-06 13:00:00,14,Татнефть-АЗС-015,29.533519952129833,total_fuel_sales,Продажи топлива,baseline_hgb_v2
2024-01-06 14:00:00,14,Татнефть-АЗС-015,33.47729885576485,total_fuel_sales,Продажи топлива,baseline_hgb_v2
2024-01-06 15:00:00,14,Татнефть-АЗС-015,19.8079583838524,total_fuel_sales,Продажи топлива,baseline_hgb_v2
2024-01-06 16:00:00,14,Татнефть-АЗС-015,9.717014792372197,total_fuel_sales,Продажи топлива,baseline_hgb_v2
2024-01-06 17:00:00,14,Татнефть-АЗС-015,123.8081445827436,total_fuel_sales,Продажи топлива,baseline_hgb_v2
2024-01-06 18:00:00,14,Татнефть-АЗС-015,107.07796961412323,total_fuel_sales,Продажи топлива,baseline_hgb_v2
2024-01-06 19:00:00,14,Татнефть-АЗС-015,102.36648207223944,total_fuel_sales,Продажи топлива,baseline_hgb_v2
2024-01-06 20:00:00,14,Татнефть-АЗС-015,11.403638549759009,total_fuel_sales,Продажи топлива,baseline_hgb_v2
2024-01-06 21:00:00,14,Татнефть-АЗС-015,11.403638549759009,total_fuel_sales,Продажи топлива,baseline_hgb_v2
2024-01-06 22:00:00,14,Татнефть-АЗС-015,1.2301773444295137,total_fuel_sales,Продажи топлива,baseline_hgb_v2
2024-01-06 23:00:00,14,Татнефть-АЗС-015,3.0265262560479456,total_fuel_sales,Продажи топлива,baseline_hgb_v2
2024-01-07 00:00:00,14,Татнефть-АЗС-015,2.773717535364249,total_fuel_sales,Продажи топлива,baseline_hgb_v2
2024-01-07 01:00:00,14,Татнефть-АЗС-015,1.4904234306766657,total_fuel_sales,Продажи топлива,baseline_hgb_v2
2024-01-07 02:00:00,14,Татнефть-АЗС-015,3.6196135661570787,total_fuel_sales,Продажи топлива,baseline_hgb_v2
2024-01-07 03:00:00,14,Татнефть-АЗС-015,1.4904234306766657,total_fuel_sales,Продажи топлива,baseline_hgb_v2
2024-01-07 04:00:00,14,Татнефть-АЗС-015,1.4904234306766657,total_fuel_sales,Продажи топлива,baseline_hgb_v2
2024-01-07 05:00:00,14,Татнефть-АЗС-015,3.101293070310824,total_fuel_sales,Продажи топлива,baseline_hgb_v2
2024-01-07 06:00:00,14,Татнефть-АЗС-015,34.06429241924,total_fuel_sales,Продажи топлива,baseline_hgb_v2
2024-01-07 07:00:00,14,Татнефть-АЗС-015,84.22123035465707,total_fuel_sales,Продажи топлива,baseline_hgb_v2
2024-01-07 08:00:00,14,Татнефть-АЗС-015,90.6325154866962,total_fuel_sales,Продажи топлива,baseline_hgb_v2
2024-01-07 09:00:00,14,Татнефть-АЗС-015,151.14657443467829,total_fuel_sales,Продажи топлива,baseline_hgb_v2
2024-01-07 10:00:00,14,Татнефть-АЗС-015,32.446822077292616,total_fuel_sales,Продажи топлива,baseline_hgb_v2
2024-01-07 11:00:00,14,Татнефть-АЗС-015,11.582305476904281,total_fuel_sales,Продажи топлива,baseline_hgb_v2
2024-01-07 12:00:00,14,Татнефть-АЗС-015,31.822931159705284,total_fuel_sales,Продажи топлива,baseline_hgb_v2
2024-01-07 13:00:00,14,Татнефть-АЗС-015,40.04817070515897,total_fuel_sales,Продажи топлива,baseline_hgb_v2
2024-01-07 14:00:00,14,Татнефть-АЗС-015,15.463537578594025,total_fuel_sales,Продажи топлива,baseline_hgb_v2
2024-01-07 15:00:00,14,Татнефть-АЗС-015,19.320756589918183,total_fuel_sales,Продажи топлива,baseline_hgb_v2
2024-01-07 16:00:00,14,Татнефть-АЗС-015,20.10261055991184,total_fuel_sales,Продажи топлива,baseline_hgb_v2
2024-01-07 17:00:00,14,Татнефть-АЗС-015,107.07796961412323,total_fuel_sales,Продажи топлива,baseline_hgb_v2
2024-01-07 18:00:00,14,Татнефть-АЗС-015,107.08107468587245,total_fuel_sales,Продажи топлива,baseline_hgb_v2
2024-01-07 19:00:00,14,Татнефть-АЗС-015,96.78496541694052,total_fuel_sales,Продажи топлива,baseline_hgb_v2
2024-01-07 20:00:00,14,Татнефть-АЗС-015,14.018627534754128,total_fuel_sales,Продажи топлива,baseline_hgb_v2
2024-01-07 21:00:00,14,Татнефть-АЗС-015,20.096308203387267,total_fuel_sales,Продажи топлива,baseline_hgb_v2
2024-01-07 22:00:00,14,Татнефть-АЗС-015,3.0265262560479456,total_fuel_sales,Продажи топлива,baseline_hgb_v2
2024-01-07 23:00:00,14,Татнефть-АЗС-015,2.6989507211013715,total_fuel_sales,Продажи топлива,baseline_hgb_v2
2024-01-01 00:00:00,15,Татнефть-АЗС-016,2.5370060734822273,total_fuel_sales,Продажи топлива,baseline_hgb_v2
2024-01-01 01:00:00,15,Татнефть-АЗС-016,2.5370060734822273,total_fuel_sales,Продажи топлива,baseline_hgb_v2
2024-01-01 02:00:00,15,Татнефть-АЗС-016,2.5370060734822273,total_fuel_sales,Продажи топлива,baseline_hgb_v2
2024-01-01 03:00:00,15,Татнефть-АЗС-016,1.4145218691279497,total_fuel_sales,Продажи топлива,baseline_hgb_v2
2024-01-01 04:00:00,15,Татнефть-АЗС-016,2.906422916298589,total_fuel_sales,Продажи топлива,baseline_hgb_v2
2024-01-01 05:00:00,15,Татнефть-АЗС-016,1.4145218691279497,total_fuel_sales,Продажи топлива,baseline_hgb_v2
2024-01-01 06:00:00,15,Татнефть-АЗС-016,17.212153614693097,total_fuel_sales,Продажи топлива,baseline_hgb_v2
2024-01-01 07:00:00,15,Татнефть-АЗС-016,43.98810011744959,total_fuel_sales,Продажи топлива,baseline_hgb_v2
2024-01-01 08:00:00,15,Татнефть-АЗС-016,78.97369965079126,total_fuel_sales,Продажи топлива,baseline_hgb_v2
2024-01-01 09:00:00,15,Татнефть-АЗС-016,41.469624257049105,total_fuel_sales,Продажи топлива,baseline_hgb_v2
2024-01-01 10:00:00,15,Татнефть-АЗС-016,9.198305144198716,total_fuel_sales,Продажи топлива,baseline_hgb_v2
2024-01-01 11:00:00,15,Татнефть-АЗС-016,13.820414430971066,total_fuel_sales,Продажи топлива,baseline_hgb_v2
2024-01-01 12:00:00,15,Татнефть-АЗС-016,30.444941292596127,total_fuel_sales,Продажи топлива,baseline_hgb_v2
2024-01-01 13:00:00,15,Татнефть-АЗС-016,23.011033387496887,total_fuel_sales,Продажи топлива,baseline_hgb_v2
2024-01-01 14:00:00,15,Татнефть-АЗС-016,14.879795629445296,total_fuel_sales,Продажи топлива,baseline_hgb_v2
2024-01-01 15:00:00,15,Татнефть-АЗС-016,14.050908743164362,total_fuel_sales,Продажи топлива,baseline_hgb_v2
2024-01-01 16:00:00,15,Татнефть-АЗС-016,8.710989430254028,total_fuel_sales,Продажи топлива,baseline_hgb_v2
2024-01-01 17:00:00,15,Татнефть-АЗС-016,47.31910349399605,total_fuel_sales,Продажи топлива,baseline_hgb_v2
2024-01-01 18:00:00,15,Татнефть-АЗС-016,99.49412518953648,total_fuel_sales,Продажи топлива,baseline_hgb_v2
2024-01-01 19:00:00,15,Татнефть-АЗС-016,88.9772264861308,total_fuel_sales,Продажи топлива,baseline_hgb_v2
2024-01-01 20:00:00,15,Татнефть-АЗС-016,17.534871951641488,total_fuel_sales,Продажи топлива,baseline_hgb_v2
2024-01-01 21:00:00,15,Татнефть-АЗС-016,6.933062804351012,total_fuel_sales,Продажи топлива,baseline_hgb_v2
2024-01-01 22:00:00,15,Татнефть-АЗС-016,2.50995979562092,total_fuel_sales,Продажи топлива,baseline_hgb_v2
2024-01-01 23:00:00,15,Татнефть-АЗС-016,2.50995979562092,total_fuel_sales,Продажи топлива,baseline_hgb_v2
2024-01-02 00:00:00,15,Татнефть-АЗС-016,2.5370060734822273,total_fuel_sales,Продажи топлива,baseline_hgb_v2
2024-01-02 01:00:00,15,Татнефть-АЗС-016,1.4145218691279497,total_fuel_sales,Продажи топлива,baseline_hgb_v2
2024-01-02 02:00:00,15,Татнефть-АЗС-016,2.5370060734822273,total_fuel_sales,Продажи топлива,baseline_hgb_v2
2024-01-02 03:00:00,15,Татнефть-АЗС-016,1.4145218691279497,total_fuel_sales,Продажи топлива,baseline_hgb_v2
2024-01-02 04:00:00,15,Татнефть-АЗС-016,2.5370060734822273,total_fuel_sales,Продажи топлива,baseline_hgb_v2
2024-01-02 05:00:00,15,Татнефть-АЗС-016,2.5370060734822273,total_fuel_sales,Продажи топлива,baseline_hgb_v2
2024-01-02 06:00:00,15,Татнефть-АЗС-016,7.465362763352753,total_fuel_sales,Продажи топлива,baseline_hgb_v2
2024-01-02 07:00:00,15,Татнефть-АЗС-016,54.79968178625721,total_fuel_sales,Продажи топлива,baseline_hgb_v2
2024-01-02 08:00:00,15,Татнефть-АЗС-016,65.78307644774371,total_fuel_sales,Продажи топлива,baseline_hgb_v2
2024-01-02 09:00:00,15,Татнефть-АЗС-016,83.11945669514317,total_fuel_sales,Продажи топлива,baseline_hgb_v2
2024-01-02 10:00:00,15,Татнефть-АЗС-016,12.758319218962088,total_fuel_sales,Продажи топлива,baseline_hgb_v2
2024-01-02 11:00:00,15,Татнефть-АЗС-016,18.330809482133354,total_fuel_sales,Продажи топлива,baseline_hgb_v2
2024-01-02 12:00:00,15,Татнефть-АЗС-016,24.70424081414122,total_fuel_sales,Продажи топлива,baseline_hgb_v2
2024-01-02 13:00:00,15,Татнефть-АЗС-016,28.836430805289382,total_fuel_sales,Продажи топлива,baseline_hgb_v2
2024-01-02 14:00:00,15,Татнефть-АЗС-016,24.70424081414122,total_fuel_sales,Продажи топлива,baseline_hgb_v2
2024-01-02 15:00:00,15,Татнефть-АЗС-016,8.710989430254028,total_fuel_sales,Продажи топлива,baseline_hgb_v2
2024-01-02 16:00:00,15,Татнефть-АЗС-016,9.830291330184249,total_fuel_sales,Продажи топлива,baseline_hgb_v2
2024-01-02 17:00:00,15,Татнефть-АЗС-016,40.25873712623197,total_fuel_sales,Продажи топлива,baseline_hgb_v2
2024-01-02 18:00:00,15,Татнефть-АЗС-016,82.81754919230006,total_fuel_sales,Продажи топлива,baseline_hgb_v2
2024-01-02 19:00:00,15,Татнефть-АЗС-016,93.6709127156244,total_fuel_sales,Продажи топлива,baseline_hgb_v2
2024-01-02 20:00:00,15,Татнефть-АЗС-016,18.663233374720058,total_fuel_sales,Продажи топлива,baseline_hgb_v2
2024-01-02 21:00:00,15,Татнефть-АЗС-016,7.3066091256698185,total_fuel_sales,Продажи топлива,baseline_hgb_v2
2024-01-02 22:00:00,15,Татнефть-АЗС-016,1.0690875773294737,total_fuel_sales,Продажи топлива,baseline_hgb_v2
2024-01-02 23:00:00,15,Татнефть-АЗС-016,2.50995979562092,total_fuel_sales,Продажи топлива,baseline_hgb_v2
2024-01-03 00:00:00,15,Татнефть-АЗС-016,2.785101622372207,total_fuel_sales,Продажи топлива,baseline_hgb_v2
2024-01-03 01:00:00,15,Татнефть-АЗС-016,1.4145218691279497,total_fuel_sales,Продажи топлива,baseline_hgb_v2
2024-01-03 02:00:00,15,Татнефть-АЗС-016,1.4145218691279497,total_fuel_sales,Продажи топлива,baseline_hgb_v2
2024-01-03 03:00:00,15,Татнефть-АЗС-016,2.5370060734822273,total_fuel_sales,Продажи топлива,baseline_hgb_v2
2024-01-03 04:00:00,15,Татнефть-АЗС-016,2.5370060734822273,total_fuel_sales,Продажи топлива,baseline_hgb_v2
2024-01-03 05:00:00,15,Татнефть-АЗС-016,2.5370060734822273,total_fuel_sales,Продажи топлива,baseline_hgb_v2
2024-01-03 06:00:00,15,Татнефть-АЗС-016,17.212153614693097,total_fuel_sales,Продажи топлива,baseline_hgb_v2
2024-01-03 07:00:00,15,Татнефть-АЗС-016,47.63329948211779,total_fuel_sales,Продажи топлива,baseline_hgb_v2
2024-01-03 08:00:00,15,Татнефть-АЗС-016,36.56642508652615,total_fuel_sales,Продажи топлива,baseline_hgb_v2
2024-01-03 09:00:00,15,Татнефть-АЗС-016,43.969073586016066,total_fuel_sales,Продажи топлива,baseline_hgb_v2
2024-01-03 10:00:00,15,Татнефть-АЗС-016,7.861997289034604,total_fuel_sales,Продажи топлива,baseline_hgb_v2
2024-01-03 11:00:00,15,Татнефть-АЗС-016,10.204266116346766,total_fuel_sales,Продажи топлива,baseline_hgb_v2
2024-01-03 12:00:00,15,Татнефть-АЗС-016,16.339209217790003,total_fuel_sales,Продажи топлива,baseline_hgb_v2
2024-01-03 13:00:00,15,Татнефть-АЗС-016,26.714329166788527,total_fuel_sales,Продажи топлива,baseline_hgb_v2
2024-01-03 14:00:00,15,Татнефть-АЗС-016,15.433810638368742,total_fuel_sales,Продажи топлива,baseline_hgb_v2
2024-01-03 15:00:00,15,Татнефть-АЗС-016,9.830291330184249,total_fuel_sales,Продажи топлива,baseline_hgb_v2
2024-01-03 16:00:00,15,Татнефть-АЗС-016,16.160207305669996,total_fuel_sales,Продажи топлива,baseline_hgb_v2
2024-01-03 17:00:00,15,Татнефть-АЗС-016,91.50388256719674,total_fuel_sales,Продажи топлива,baseline_hgb_v2
2024-01-03 18:00:00,15,Татнефть-АЗС-016,62.32650605491623,total_fuel_sales,Продажи топлива,baseline_hgb_v2
2024-01-03 19:00:00,15,Татнефть-АЗС-016,93.15701408038967,total_fuel_sales,Продажи топлива,baseline_hgb_v2
2024-01-03 20:00:00,15,Татнефть-АЗС-016,16.140924871041786,total_fuel_sales,Продажи топлива,baseline_hgb_v2
2024-01-03 21:00:00,15,Татнефть-АЗС-016,12.677844979280406,total_fuel_sales,Продажи топлива,baseline_hgb_v2
2024-01-03 22:00:00,15,Татнефть-АЗС-016,1.687483328201459,total_fuel_sales,Продажи топлива,baseline_hgb_v2
2024-01-03 23:00:00,15,Татнефть-АЗС-016,1.0184763186541212,total_fuel_sales,Продажи топлива,baseline_hgb_v2
2024-01-04 00:00:00,15,Татнефть-АЗС-016,2.5370060734822273,total_fuel_sales,Продажи топлива,baseline_hgb_v2
2024-01-04 01:00:00,15,Татнефть-АЗС-016,1.4145218691279497,total_fuel_sales,Продажи топлива,baseline_hgb_v2
2024-01-04 02:00:00,15,Татнефть-АЗС-016,1.4145218691279497,total_fuel_sales,Продажи топлива,baseline_hgb_v2
2024-01-04 03:00:00,15,Татнефть-АЗС-016,2.5370060734822273,total_fuel_sales,Продажи топлива,baseline_hgb_v2
2024-01-04 04:00:00,15,Татнефть-АЗС-016,2.906422916298589,total_fuel_sales,Продажи топлива,baseline_hgb_v2
2024-01-04 05:00:00,15,Татнефть-АЗС-016,1.4145218691279497,total_fuel_sales,Продажи топлива,baseline_hgb_v2
2024-01-04 06:00:00,15,Татнефть-АЗС-016,9.389213920289532,total_fuel_sales,Продажи топлива,baseline_hgb_v2
2024-01-04 07:00:00,15,Татнефть-АЗС-016,83.78656777164846,total_fuel_sales,Продажи топлива,baseline_hgb_v2
2024-01-04 08:00:00,15,Татнефть-АЗС-016,54.62118024059059,total_fuel_sales,Продажи топлива,baseline_hgb_v2
2024-01-04 09:00:00,15,Татнефть-АЗС-016,89.69845563116117,total_fuel_sales,Продажи топлива,baseline_hgb_v2
2024-01-04 10:00:00,15,Татнефть-АЗС-016,19.35099175231029,total_fuel_sales,Продажи топлива,baseline_hgb_v2
2024-01-04 11:00:00,15,Татнефть-АЗС-016,8.623629821955456,total_fuel_sales,Продажи топлива,baseline_hgb_v2
2024-01-04 12:00:00,15,Татнефть-АЗС-016,14.305120307202035,total_fuel_sales,Продажи топлива,baseline_hgb_v2
2024-01-04 13:00:00,15,Татнефть-АЗС-016,23.63251309340984,total_fuel_sales,Продажи топлива,baseline_hgb_v2
2024-01-04 14:00:00,15,Татнефть-АЗС-016,11.553766514236841,total_fuel_sales,Продажи топлива,baseline_hgb_v2
2024-01-04 15:00:00,15,Татнефть-АЗС-016,8.701600999017545,total_fuel_sales,Продажи топлива,baseline_hgb_v2
2024-01-04 16:00:00,15,Татнефть-АЗС-016,17.39063927507393,total_fuel_sales,Продажи топлива,baseline_hgb_v2
2024-01-04 17:00:00,15,Татнефть-АЗС-016,99.49642321834723,total_fuel_sales,Продажи топлива,baseline_hgb_v2
2024-01-04 18:00:00,15,Татнефть-АЗС-016,88.91212838542572,total_fuel_sales,Продажи топлива,baseline_hgb_v2
2024-01-04 19:00:00,15,Татнефть-АЗС-016,98.89363537946089,total_fuel_sales,Продажи топлива,baseline_hgb_v2
2024-01-04 20:00:00,15,Татнефть-АЗС-016,9.260585533499746,total_fuel_sales,Продажи топлива,baseline_hgb_v2
2024-01-04 21:00:00,15,Татнефть-АЗС-016,17.19653767683882,total_fuel_sales,Продажи топлива,baseline_hgb_v2
2024-01-04 22:00:00,15,Татнефть-АЗС-016,1.0184763186541212,total_fuel_sales,Продажи топлива,baseline_hgb_v2
2024-01-04 23:00:00,15,Татнефть-АЗС-016,2.50995979562092,total_fuel_sales,Продажи топлива,baseline_hgb_v2
2024-01-05 00:00:00,15,Татнефть-АЗС-016,3.1052130091986827,total_fuel_sales,Продажи топлива,baseline_hgb_v2
2024-01-05 01:00:00,15,Татнефть-АЗС-016,2.5370060734822273,total_fuel_sales,Продажи топлива,baseline_hgb_v2
2024-01-05 02:00:00,15,Татнефть-АЗС-016,1.289601518034681,total_fuel_sales,Продажи топлива,baseline_hgb_v2
2024-01-05 03:00:00,15,Татнефть-АЗС-016,1.4145218691279497,total_fuel_sales,Продажи топлива,baseline_hgb_v2
2024-01-05 04:00:00,15,Татнефть-АЗС-016,1.4651331278033022,total_fuel_sales,Продажи топлива,baseline_hgb_v2
2024-01-05 05:00:00,15,Татнефть-АЗС-016,1.4145218691279497,total_fuel_sales,Продажи топлива,baseline_hgb_v2
2024-01-05 06:00:00,15,Татнефть-АЗС-016,9.389213920289532,total_fuel_sales,Продажи топлива,baseline_hgb_v2
2024-01-05 07:00:00,15,Татнефть-АЗС-016,47.644945261643656,total_fuel_sales,Продажи топлива,baseline_hgb_v2
2024-01-05 08:00:00,15,Татнефть-АЗС-016,40.237418286718416,total_fuel_sales,Продажи топлива,baseline_hgb_v2
2024-01-05 09:00:00,15,Татнефть-АЗС-016,76.07462777259605,total_fuel_sales,Продажи топлива,baseline_hgb_v2
2024-01-05 10:00:00,15,Татнефть-АЗС-016,7.265065556025456,total_fuel_sales,Продажи топлива,baseline_hgb_v2
2024-01-05 11:00:00,15,Татнефть-АЗС-016,16.91655620784237,total_fuel_sales,Продажи топлива,baseline_hgb_v2
2024-01-05 12:00:00,15,Татнефть-АЗС-016,12.150698247245993,total_fuel_sales,Продажи топлива,baseline_hgb_v2
2024-01-05 13:00:00,15,Татнефть-АЗС-016,15.42442220713226,total_fuel_sales,Продажи топлива,baseline_hgb_v2
2024-01-05 14:00:00,15,Татнефть-АЗС-016,15.42442220713226,total_fuel_sales,Продажи топлива,baseline_hgb_v2
2024-01-05 15:00:00,15,Татнефть-АЗС-016,19.508124389043797,total_fuel_sales,Продажи топлива,baseline_hgb_v2
2024-01-05 16:00:00,15,Татнефть-АЗС-016,9.266887890024323,total_fuel_sales,Продажи топлива,baseline_hgb_v2
2024-01-05 17:00:00,15,Татнефть-АЗС-016,84.70927179711953,total_fuel_sales,Продажи топлива,baseline_hgb_v2
2024-01-05 18:00:00,15,Татнефть-АЗС-016,53.6923500794128,total_fuel_sales,Продажи топлива,baseline_hgb_v2
2024-01-05 19:00:00,15,Татнефть-АЗС-016,40.05029386954329,total_fuel_sales,Продажи топлива,baseline_hgb_v2
2024-01-05 20:00:00,15,Татнефть-АЗС-016,8.695298642492968,total_fuel_sales,Продажи топлива,baseline_hgb_v2
2024-01-05 21:00:00,15,Татнефть-АЗС-016,10.247420252000579,total_fuel_sales,Продажи топлива,baseline_hgb_v2
2024-01-05 22:00:00,15,Татнефть-АЗС-016,1.0184763186541212,total_fuel_sales,Продажи топлива,baseline_hgb_v2
2024-01-05 23:00:00,15,Татнефть-АЗС-016,2.50995979562092,total_fuel_sales,Продажи топлива,baseline_hgb_v2
2024-01-06 00:00:00,15,Татнефть-АЗС-016,2.1049305978155357,total_fuel_sales,Продажи топлива,baseline_hgb_v2
2024-01-06 01:00:00,15,Татнефть-АЗС-016,1.2288296831267507,total_fuel_sales,Продажи топлива,baseline_hgb_v2
2024-01-06 02:00:00,15,Татнефть-АЗС-016,2.1049305978155357,total_fuel_sales,Продажи топлива,baseline_hgb_v2
2024-01-06 03:00:00,15,Татнефть-АЗС-016,1.2288296831267507,total_fuel_sales,Продажи топлива,baseline_hgb_v2
2024-01-06 04:00:00,15,Татнефть-АЗС-016,1.2288296831267507,total_fuel_sales,Продажи топлива,baseline_hgb_v2
2024-01-06 05:00:00,15,Татнефть-АЗС-016,2.1049305978155357,total_fuel_sales,Продажи топлива,baseline_hgb_v2
2024-01-06 06:00:00,15,Татнефть-АЗС-016,11.814170199547249,total_fuel_sales,Продажи топлива,baseline_hgb_v2
2024-01-06 07:00:00,15,Татнефть-АЗС-016,34.28101449293312,total_fuel_sales,Продажи топлива,baseline_hgb_v2
2024-01-06 08:00:00,15,Татнефть-АЗС-016,36.39175710685775,total_fuel_sales,Продажи топлива,baseline_hgb_v2
2024-01-06 09:00:00,15,Татнефть-АЗС-016,34.28101449293312,total_fuel_sales,Продажи топлива,baseline_hgb_v2
2024-01-06 10:00:00,15,Татнефть-АЗС-016,13.18438842365961,total_fuel_sales,Продажи топлива,baseline_hgb_v2
2024-01-06 11:00:00,15,Татнефть-АЗС-016,10.119970276570523,total_fuel_sales,Продажи топлива,baseline_hgb_v2
2024-01-06 12:00:00,15,Татнефть-АЗС-016,17.618144570958872,total_fuel_sales,Продажи топлива,baseline_hgb_v2
2024-01-06 13:00:00,15,Татнефть-АЗС-016,9.737389158296871,total_fuel_sales,Продажи топлива,baseline_hgb_v2
2024-01-06 14:00:00,15,Татнефть-АЗС-016,18.52354315038014,total_fuel_sales,Продажи топлива,baseline_hgb_v2
2024-01-06 15:00:00,15,Татнефть-АЗС-016,6.697213660183254,total_fuel_sales,Продажи топлива,baseline_hgb_v2
2024-01-06 16:00:00,15,Татнефть-АЗС-016,11.76302637081974,total_fuel_sales,Продажи топлива,baseline_hgb_v2
2024-01-06 17:00:00,15,Татнефть-АЗС-016,68.941302024861,total_fuel_sales,Продажи топлива,baseline_hgb_v2
2024-01-06 18:00:00,15,Татнефть-АЗС-016,37.53419574197464,total_fuel_sales,Продажи топлива,baseline_hgb_v2
2024-01-06 19:00:00,15,Татнефть-АЗС-016,63.24168712342915,total_fuel_sales,Продажи топлива,baseline_hgb_v2
2024-01-06 20:00:00,15,Татнефть-АЗС-016,7.678685343119773,total_fuel_sales,Продажи топлива,baseline_hgb_v2
2024-01-06 21:00:00,15,Татнефть-АЗС-016,6.735605854968236,total_fuel_sales,Продажи топлива,baseline_hgb_v2
2024-01-06 22:00:00,15,Татнефть-АЗС-016,1.882599555944406,total_fuel_sales,Продажи топлива,baseline_hgb_v2
2024-01-06 23:00:00,15,Татнефть-АЗС-016,1.882599555944406,total_fuel_sales,Продажи топлива,baseline_hgb_v2
2024-01-07 00:00:00,15,Татнефть-АЗС-016,1.2288296831267507,total_fuel_sales,Продажи топлива,baseline_hgb_v2
2024-01-07 01:00:00,15,Татнефть-АЗС-016,2.1049305978155357,total_fuel_sales,Продажи топлива,baseline_hgb_v2
2024-01-07 02:00:00,15,Татнефть-АЗС-016,1.2288296831267507,total_fuel_sales,Продажи топлива,baseline_hgb_v2
2024-01-07 03:00:00,15,Татнефть-АЗС-016,2.106436041781435,total_fuel_sales,Продажи топлива,baseline_hgb_v2
2024-01-07 04:00:00,15,Татнефть-АЗС-016,2.1049305978155357,total_fuel_sales,Продажи топлива,baseline_hgb_v2
2024-01-07 05:00:00,15,Татнефть-АЗС-016,2.1049305978155357,total_fuel_sales,Продажи топлива,baseline_hgb_v2
2024-01-07 06:00:00,15,Татнефть-АЗС-016,7.279670577351553,total_fuel_sales,Продажи топлива,baseline_hgb_v2
2024-01-07 07:00:00,15,Татнефть-АЗС-016,33.67221970545649,total_fuel_sales,Продажи топлива,baseline_hgb_v2
2024-01-07 08:00:00,15,Татнефть-АЗС-016,57.97517391627749,total_fuel_sales,Продажи топлива,baseline_hgb_v2
2024-01-07 09:00:00,15,Татнефть-АЗС-016,61.91727806129263,total_fuel_sales,Продажи топлива,baseline_hgb_v2
2024-01-07 10:00:00,15,Татнефть-АЗС-016,11.941051961261678,total_fuel_sales,Продажи топлива,baseline_hgb_v2
2024-01-07 11:00:00,15,Татнефть-АЗС-016,5.59456533687271,total_fuel_sales,Продажи топлива,baseline_hgb_v2
2024-01-07 12:00:00,15,Татнефть-АЗС-016,20.991910181171416,total_fuel_sales,Продажи топлива,baseline_hgb_v2
2024-01-07 13:00:00,15,Татнефть-АЗС-016,11.0197998103147,total_fuel_sales,Продажи топлива,baseline_hgb_v2
2024-01-07 14:00:00,15,Татнефть-АЗС-016,10.326457683768291,total_fuel_sales,Продажи топлива,baseline_hgb_v2
2024-01-07 15:00:00,15,Татнефть-АЗС-016,7.088055966635208,total_fuel_sales,Продажи топлива,baseline_hgb_v2
2024-01-07 16:00:00,15,Татнефть-АЗС-016,11.330206661242348,total_fuel_sales,Продажи топлива,baseline_hgb_v2
2024-01-07 17:00:00,15,Татнефть-АЗС-016,69.44448836870438,total_fuel_sales,Продажи топлива,baseline_hgb_v2
2024-01-07 18:00:00,15,Татнефть-АЗС-016,68.26231890436752,total_fuel_sales,Продажи топлива,baseline_hgb_v2
2024-01-07 19:00:00,15,Татнефть-АЗС-016,36.970178172211426,total_fuel_sales,Продажи топлива,baseline_hgb_v2
2024-01-07 20:00:00,15,Татнефть-АЗС-016,4.8840653311711515,total_fuel_sales,Продажи топлива,baseline_hgb_v2
2024-01-07 21:00:00,15,Татнефть-АЗС-016,11.725427446688148,total_fuel_sales,Продажи топлива,baseline_hgb_v2
2024-01-07 22:00:00,15,Татнефть-АЗС-016,1.882599555944406,total_fuel_sales,Продажи топлива,baseline_hgb_v2
2024-01-07 23:00:00,15,Татнефть-АЗС-016,1.882599555944406,total_fuel_sales,Продажи топлива,baseline_hgb_v2
2024-01-01 00:00:00,16,Татнефть-АЗС-017,8.12069318879395,total_fuel_sales,Продажи топлива,baseline_hgb_v2
2024-01-01 01:00:00,16,Татнефть-АЗС-017,3.1136722518357214,total_fuel_sales,Продажи топлива,baseline_hgb_v2
2024-01-01 02:00:00,16,Татнефть-АЗС-017,3.2272905160649605,total_fuel_sales,Продажи топлива,baseline_hgb_v2
2024-01-01 03:00:00,16,Татнефть-АЗС-017,8.12069318879395,total_fuel_sales,Продажи топлива,baseline_hgb_v2
2024-01-01 04:00:00,16,Татнефть-АЗС-017,3.2272905160649605,total_fuel_sales,Продажи топлива,baseline_hgb_v2
2024-01-01 05:00:00,16,Татнефть-АЗС-017,7.801397941225317,total_fuel_sales,Продажи топлива,baseline_hgb_v2
2024-01-01 06:00:00,16,Татнефть-АЗС-017,37.459351774628345,total_fuel_sales,Продажи топлива,baseline_hgb_v2
2024-01-01 07:00:00,16,Татнефть-АЗС-017,100.39739507258685,total_fuel_sales,Продажи топлива,baseline_hgb_v2
2024-01-01 08:00:00,16,Татнефть-АЗС-017,104.90390603542282,total_fuel_sales,Продажи топлива,baseline_hgb_v2
2024-01-01 09:00:00,16,Татнефть-АЗС-017,194.48083535215937,total_fuel_sales,Продажи топлива,baseline_hgb_v2
2024-01-01 10:00:00,16,Татнефть-АЗС-017,26.87392915735692,total_fuel_sales,Продажи топлива,baseline_hgb_v2
2024-01-01 11:00:00,16,Татнефть-АЗС-017,20.709065619112383,total_fuel_sales,Продажи топлива,baseline_hgb_v2
2024-01-01 12:00:00,16,Татнефть-АЗС-017,72.00162979319994,total_fuel_sales,Продажи топлива,baseline_hgb_v2
2024-01-01 13:00:00,16,Татнефть-АЗС-017,36.122643813458886,total_fuel_sales,Продажи топлива,baseline_hgb_v2
2024-01-01 14:00:00,16,Татнефть-АЗС-017,63.70030810875926,total_fuel_sales,Продажи топлива,baseline_hgb_v2
2024-01-01 15:00:00,16,Татнефть-АЗС-017,35.03825494767724,total_fuel_sales,Продажи топлива,baseline_hgb_v2
2024-01-01 16:00:00,16,Татнефть-АЗС-017,19.1857282955336,total_fuel_sales,Продажи топлива,baseline_hgb_v2
2024-01-01 17:00:00,16,Татнефть-АЗС-017,218.81536989277188,total_fuel_sales,Продажи топлива,baseline_hgb_v2
2024-01-01 18:00:00,16,Татнефть-АЗС-017,210.71075287742607,total_fuel_sales,Продажи топлива,baseline_hgb_v2
2024-01-01 19:00:00,16,Татнефть-АЗС-017,136.66549621800357,total_fuel_sales,Продажи топлива,baseline_hgb_v2
2024-01-01 20:00:00,16,Татнефть-АЗС-017,31.86672206096077,total_fuel_sales,Продажи топлива,baseline_hgb_v2
2024-01-01 21:00:00,16,Татнефть-АЗС-017,19.78626007093499,total_fuel_sales,Продажи топлива,baseline_hgb_v2
2024-01-01 22:00:00,16,Татнефть-АЗС-017,7.168900529112647,total_fuel_sales,Продажи топлива,baseline_hgb_v2
2024-01-01 23:00:00,16,Татнефть-АЗС-017,4.241821889097319,total_fuel_sales,Продажи топлива,baseline_hgb_v2
2024-01-02 00:00:00,16,Татнефть-АЗС-017,7.801397941225317,total_fuel_sales,Продажи топлива,baseline_hgb_v2
2024-01-02 01:00:00,16,Татнефть-АЗС-017,6.682339352275241,total_fuel_sales,Продажи топлива,baseline_hgb_v2
2024-01-02 02:00:00,16,Татнефть-АЗС-017,7.220063727617151,total_fuel_sales,Продажи топлива,baseline_hgb_v2
2024-01-02 03:00:00,16,Татнефть-АЗС-017,7.220063727617151,total_fuel_sales,Продажи топлива,baseline_hgb_v2
2024-01-02 04:00:00,16,Татнефть-АЗС-017,7.801397941225317,total_fuel_sales,Продажи топлива,baseline_hgb_v2
2024-01-02 05:00:00,16,Татнефть-АЗС-017,7.801397941225317,total_fuel_sales,Продажи топлива,baseline_hgb_v2
2024-01-02 06:00:00,16,Татнефть-АЗС-017,20.709065619112383,total_fuel_sales,Продажи топлива,baseline_hgb_v2
2024-01-02 07:00:00,16,Татнефть-АЗС-017,120.05853069659366,total_fuel_sales,Продажи топлива,baseline_hgb_v2
2024-01-02 08:00:00,16,Татнефть-АЗС-017,109.84032970407877,total_fuel_sales,Продажи топлива,baseline_hgb_v2
2024-01-02 09:00:00,16,Татнефть-АЗС-017,113.4368504365925,total_fuel_sales,Продажи топлива,baseline_hgb_v2
2024-01-02 10:00:00,16,Татнефть-АЗС-017,23.710002379918926,total_fuel_sales,Продажи топлива,baseline_hgb_v2
2024-01-02 11:00:00,16,Татнефть-АЗС-017,33.51136809269958,total_fuel_sales,Продажи топлива,baseline_hgb_v2
2024-01-02 12:00:00,16,Татнефть-АЗС-017,35.23698381354065,total_fuel_sales,Продажи топлива,baseline_hgb_v2
2024-01-02 13:00:00,16,Татнефть-АЗС-017,53.53178141752871,total_fuel_sales,Продажи топлива,baseline_hgb_v2
2024-01-02 14:00:00,16,Татнефть-АЗС-017,56.06691406095465,total_fuel_sales,Продажи топлива,baseline_hgb_v2
2024-01-02 15:00:00,16,Татнефть-АЗС-017,33.62390763998758,total_fuel_sales,Продажи топлива,baseline_hgb_v2
2024-01-02 16:00:00,16,Татнефть-АЗС-017,38.43853731439024,total_fuel_sales,Продажи топлива,baseline_hgb_v2
2024-01-02 17:00:00,16,Татнефть-АЗС-017,204.31294143197195,total_fuel_sales,Продажи топлива,baseline_hgb_v2
2024-01-02 18:00:00,16,Татнефть-АЗС-017,113.92101591649556,total_fuel_sales,Продажи топлива,baseline_hgb_v2
2024-01-02 19:00:00,16,Татнефть-АЗС-017,187.28980682756242,total_fuel_sales,Продажи топлива,baseline_hgb_v2
2024-01-02 20:00:00,16,Татнефть-АЗС-017,35.19427000049288,total_fuel_sales,Продажи топлива,baseline_hgb_v2
2024-01-02 21:00:00,16,Татнефть-АЗС-017,40.15925849277549,total_fuel_sales,Продажи топлива,baseline_hgb_v2
2024-01-02 22:00:00,16,Татнефть-АЗС-017,9.931611557568745,total_fuel_sales,Продажи топлива,baseline_hgb_v2
2024-01-02 23:00:00,16,Татнефть-АЗС-017,7.750234742720813,total_fuel_sales,Продажи топлива,baseline_hgb_v2
2024-01-03 00:00:00,16,Татнефть-АЗС-017,2.58792436932265,total_fuel_sales,Продажи топлива,baseline_hgb_v2
2024-01-03 01:00:00,16,Татнефть-АЗС-017,3.705666968491157,total_fuel_sales,Продажи топлива,baseline_hgb_v2
2024-01-03 02:00:00,16,Татнефть-АЗС-017,3.705666968491157,total_fuel_sales,Продажи топлива,baseline_hgb_v2
2024-01-03 03:00:00,16,Татнефть-АЗС-017,6.118451727077865,total_fuel_sales,Продажи топлива,baseline_hgb_v2
2024-01-03 04:00:00,16,Татнефть-АЗС-017,7.178847805608161,total_fuel_sales,Продажи топлива,baseline_hgb_v2
2024-01-03 05:00:00,16,Татнефть-АЗС-017,7.220063727617151,total_fuel_sales,Продажи топлива,baseline_hgb_v2
2024-01-03 06:00:00,16,Татнефть-АЗС-017,37.97452634768914,total_fuel_sales,Продажи топлива,baseline_hgb_v2
2024-01-03 07:00:00,16,Татнефть-АЗС-017,206.29360167093472,total_fuel_sales,Продажи топлива,baseline_hgb_v2
2024-01-03 08:00:00,16,Татнефть-АЗС-017,185.82209195109684,total_fuel_sales,Продажи топлива,baseline_hgb_v2
2024-01-03 09:00:00,16,Татнефть-АЗС-017,183.52329256666826,total_fuel_sales,Продажи топлива,baseline_hgb_v2
2024-01-03 10:00:00,16,Татнефть-АЗС-017,42.48655243973839,total_fuel_sales,Продажи топлива,baseline_hgb_v2
2024-01-03 11:00:00,16,Татнефть-АЗС-017,29.788113174756024,total_fuel_sales,Продажи топлива,baseline_hgb_v2
2024-01-03 12:00:00,16,Татнефть-АЗС-017,35.769302223078974,total_fuel_sales,Продажи топлива,baseline_hgb_v2
2024-01-03 13:00:00,16,Татнефть-АЗС-017,66.88477913914576,total_fuel_sales,Продажи топлива,baseline_hgb_v2
2024-01-03 14:00:00,16,Татнефть-АЗС-017,35.23698381354065,total_fuel_sales,Продажи топлива,baseline_hgb_v2
2024-01-03 15:00:00,16,Татнефть-АЗС-017,23.543730317955458,total_fuel_sales,Продажи топлива,baseline_hgb_v2
2024-01-03 16:00:00,16,Татнефть-АЗС-017,19.809509156811608,total_fuel_sales,Продажи топлива,baseline_hgb_v2
2024-01-03 17:00:00,16,Татнефть-АЗС-017,124.56919128081007,total_fuel_sales,Продажи топлива,baseline_hgb_v2
2024-01-03 18:00:00,16,Татнефть-АЗС-017,212.38816067768136,total_fuel_sales,Продажи топлива,baseline_hgb_v2
2024-01-03 19:00:00,16,Татнефть-АЗС-017,167.59799912091694,total_fuel_sales,Продажи топлива,baseline_hgb_v2
2024-01-03 20:00:00,16,Татнефть-АЗС-017,45.83484821102125,total_fuel_sales,Продажи топлива,baseline_hgb_v2
2024-01-03 21:00:00,16,Татнефть-АЗС-017,24.150642882281012,total_fuel_sales,Продажи топлива,baseline_hgb_v2
2024-01-03 22:00:00,16,Татнефть-АЗС-017,3.285504497374136,total_fuel_sales,Продажи топлива,baseline_hgb_v2
2024-01-03 23:00:00,16,Татнефть-АЗС-017,7.750234742720813,total_fuel_sales,Продажи топлива,baseline_hgb_v2
2024-01-04 00:00:00,16,Татнефть-АЗС-017,7.801397941225317,total_fuel_sales,Продажи топлива,baseline_hgb_v2
2024-01-04 01:00:00,16,Татнефть-АЗС-017,7.220063727617151,total_fuel_sales,Продажи топлива,baseline_hgb_v2
2024-01-04 02:00:00,16,Татнефть-АЗС-017,7.801397941225317,total_fuel_sales,Продажи топлива,baseline_hgb_v2
2024-01-04 03:00:00,16,Татнефть-АЗС-017,7.801397941225317,total_fuel_sales,Продажи топлива,baseline_hgb_v2
2024-01-04 04:00:00,16,Татнефть-АЗС-017,7.801397941225317,total_fuel_sales,Продажи топлива,baseline_hgb_v2
2024-01-04 05:00:00,16,Татнефть-АЗС-017,3.705666968491157,total_fuel_sales,Продажи топлива,baseline_hgb_v2
2024-01-04 06:00:00,16,Татнефть-АЗС-017,20.817327064844566,total_fuel_sales,Продажи топлива,baseline_hgb_v2
2024-01-04 07:00:00,16,Татнефть-АЗС-017,185.82209195109684,total_fuel_sales,Продажи топлива,baseline_hgb_v2
2024-01-04 08:00:00,16,Татнефть-АЗС-017,203.38576175866697,total_fuel_sales,Продажи топлива,baseline_hgb_v2
2024-01-04 09:00:00,16,Татнефть-АЗС-017,177.95174178262454,total_fuel_sales,Продажи топлива,baseline_hgb_v2
2024-01-04 10:00:00,16,Татнефть-АЗС-017,22.08830694455228,total_fuel_sales,Продажи топлива,baseline_hgb_v2
2024-01-04 11:00:00,16,Татнефть-АЗС-017,19.682559206409742,total_fuel_sales,Продажи топлива,baseline_hgb_v2
2024-01-04 12:00:00,16,Татнефть-АЗС-017,35.227595382304166,total_fuel_sales,Продажи топлива,baseline_hgb_v2
2024-01-04 13:00:00,16,Татнефть-АЗС-017,63.70030810875926,total_fuel_sales,Продажи топлива,baseline_hgb_v2
2024-01-04 14:00:00,16,Татнефть-АЗС-017,35.42832890633496,total_fuel_sales,Продажи топлива,baseline_hgb_v2
2024-01-04 15:00:00,16,Татнефть-АЗС-017,20.585750588059852,total_fuel_sales,Продажи топлива,baseline_hgb_v2
2024-01-04 16:00:00,16,Татнефть-АЗС-017,35.03825494767724,total_fuel_sales,Продажи топлива,baseline_hgb_v2
2024-01-04 17:00:00,16,Татнефть-АЗС-017,132.3193516175551,total_fuel_sales,Продажи топлива,baseline_hgb_v2
2024-01-04 18:00:00,16,Татнефть-АЗС-017,121.83833279038068,total_fuel_sales,Продажи топлива,baseline_hgb_v2
2024-01-04 19:00:00,16,Татнефть-АЗС-017,204.56095469590574,total_fuel_sales,Продажи топлива,baseline_hgb_v2
2024-01-04 20:00:00,16,Татнефть-АЗС-017,20.69709810850394,total_fuel_sales,Продажи топлива,baseline_hgb_v2
2024-01-04 21:00:00,16,Татнефть-АЗС-017,38.358935014382226,total_fuel_sales,Продажи топлива,baseline_hgb_v2
2024-01-04 22:00:00,16,Татнефть-АЗС-017,3.285504497374136,total_fuel_sales,Продажи топлива,baseline_hgb_v2
2024-01-04 23:00:00,16,Татнефть-АЗС-017,7.915280903559131,total_fuel_sales,Продажи топлива,baseline_hgb_v2
2024-01-05 00:00:00,16,Татнефть-АЗС-017,2.58792436932265,total_fuel_sales,Продажи топлива,baseline_hgb_v2
2024-01-05 01:00:00,16,Татнефть-АЗС-017,7.801397941225317,total_fuel_sales,Продажи топлива,baseline_hgb_v2
2024-01-05 02:00:00,16,Татнефть-АЗС-017,7.801397941225317,total_fuel_sales,Продажи топлива,baseline_hgb_v2
2024-01-05 03:00:00,16,Татнефть-АЗС-017,3.1136722518357214,total_fuel_sales,Продажи топлива,baseline_hgb_v2
2024-01-05 04:00:00,16,Татнефть-АЗС-017,7.801397941225317,total_fuel_sales,Продажи топлива,baseline_hgb_v2
2024-01-05 05:00:00,16,Татнефть-АЗС-017,3.2272905160649605,total_fuel_sales,Продажи топлива,baseline_hgb_v2
2024-01-05 06:00:00,16,Татнефть-АЗС-017,17.78155202491445,total_fuel_sales,Продажи топлива,baseline_hgb_v2
2024-01-05 07:00:00,16,Татнефть-АЗС-017,188.20534830451837,total_fuel_sales,Продажи топлива,baseline_hgb_v2
2024-01-05 08:00:00,16,Татнефть-АЗС-017,159.42496351902875,total_fuel_sales,Продажи топлива,baseline_hgb_v2
2024-01-05 09:00:00,16,Татнефть-АЗС-017,102.35405824162677,total_fuel_sales,Продажи топлива,baseline_hgb_v2
2024-01-05 10:00:00,16,Татнефть-АЗС-017,20.699677187875903,total_fuel_sales,Продажи топлива,baseline_hgb_v2
2024-01-05 11:00:00,16,Татнефть-АЗС-017,37.13294073868486,total_fuel_sales,Продажи топлива,baseline_hgb_v2
2024-01-05 12:00:00,16,Татнефть-АЗС-017,55.17812325634315,total_fuel_sales,Продажи топлива,baseline_hgb_v2
2024-01-05 13:00:00,16,Татнефть-АЗС-017,60.55214606881924,total_fuel_sales,Продажи топлива,baseline_hgb_v2
2024-01-05 14:00:00,16,Татнефть-АЗС-017,35.227595382304166,total_fuel_sales,Продажи топлива,baseline_hgb_v2
2024-01-05 15:00:00,16,Татнефть-АЗС-017,31.873024417485347,total_fuel_sales,Продажи топлива,baseline_hgb_v2
2024-01-05 16:00:00,16,Татнефть-АЗС-017,19.47249748432246,total_fuel_sales,Продажи топлива,baseline_hgb_v2
2024-01-05 17:00:00,16,Татнефть-АЗС-017,218.7395252549989,total_fuel_sales,Продажи топлива,baseline_hgb_v2
2024-01-05 18:00:00,16,Татнефть-АЗС-017,146.2832798451132,total_fuel_sales,Продажи топлива,baseline_hgb_v2
2024-01-05 19:00:00,16,Татнефть-АЗС-017,176.9443969973786,total_fuel_sales,Продажи топлива,baseline_hgb_v2
2024-01-05 20:00:00,16,Татнефть-АЗС-017,35.03195259115266,total_fuel_sales,Продажи топлива,baseline_hgb_v2
2024-01-05 21:00:00,16,Татнефть-АЗС-017,40.77775985241884,total_fuel_sales,Продажи топлива,baseline_hgb_v2
2024-01-05 22:00:00,16,Татнефть-АЗС-017,5.496914659313924,total_fuel_sales,Продажи топлива,baseline_hgb_v2
2024-01-05 23:00:00,16,Татнефть-АЗС-017,7.168900529112647,total_fuel_sales,Продажи топлива,baseline_hgb_v2
2024-01-06 00:00:00,16,Татнефть-АЗС-017,10.2813843224603,total_fuel_sales,Продажи топлива,baseline_hgb_v2
2024-01-06 01:00:00,16,Татнефть-АЗС-017,11.183095296480014,total_fuel_sales,Продажи топлива,baseline_hgb_v2
2024-01-06 02:00:00,16,Татнефть-АЗС-017,4.721143735471554,total_fuel_sales,Продажи топлива,baseline_hgb_v2
2024-01-06 03:00:00,16,Татнефть-АЗС-017,3.466050965254948,total_fuel_sales,Продажи топлива,baseline_hgb_v2
2024-01-06 04:00:00,16,Татнефть-АЗС-017,4.1572561102741785,total_fuel_sales,Продажи топлива,baseline_hgb_v2
2024-01-06 05:00:00,16,Татнефть-АЗС-017,8.945374498303595,total_fuel_sales,Продажи топлива,baseline_hgb_v2
2024-01-06 06:00:00,16,Татнефть-АЗС-017,36.921058861136515,total_fuel_sales,Продажи топлива,baseline_hgb_v2
2024-01-06 07:00:00,16,Татнефть-АЗС-017,194.36685306106833,total_fuel_sales,Продажи топлива,baseline_hgb_v2
2024-01-06 08:00:00,16,Татнефть-АЗС-017,130.9453678728779,total_fuel_sales,Продажи топлива,baseline_hgb_v2
2024-01-06 09:00:00,16,Татнефть-АЗС-017,110.52644492641231,total_fuel_sales,Продажи топлива,baseline_hgb_v2
2024-01-06 10:00:00,16,Татнефть-АЗС-017,48.83003505220103,total_fuel_sales,Продажи топлива,baseline_hgb_v2
2024-01-06 11:00:00,16,Татнефть-АЗС-017,38.953044162041365,total_fuel_sales,Продажи топлива,baseline_hgb_v2
2024-01-06 12:00:00,16,Татнефть-АЗС-017,44.7498211394165,total_fuel_sales,Продажи топлива,baseline_hgb_v2
2024-01-06 13:00:00,16,Татнефть-АЗС-017,37.77419498592395,total_fuel_sales,Продажи топлива,baseline_hgb_v2
2024-01-06 14:00:00,16,Татнефть-АЗС-017,78.0973981469086,total_fuel_sales,Продажи топлива,baseline_hgb_v2
2024-01-06 15:00:00,16,Татнефть-АЗС-017,43.688274812879506,total_fuel_sales,Продажи топлива,baseline_hgb_v2
2024-01-06 16:00:00,16,Татнефть-АЗС-017,45.9018722802958,total_fuel_sales,Продажи топлива,baseline_hgb_v2
2024-01-06 17:00:00,16,Татнефть-АЗС-017,275.5372639161782,total_fuel_sales,Продажи топлива,baseline_hgb_v2
2024-01-06 18:00:00,16,Татнефть-АЗС-017,225.81416502830854,total_fuel_sales,Продажи топлива,baseline_hgb_v2
2024-01-06 19:00:00,16,Татнефть-АЗС-017,171.54261506357543,total_fuel_sales,Продажи топлива,baseline_hgb_v2
2024-01-06 20:00:00,16,Татнефть-АЗС-017,44.8086682903817,total_fuel_sales,Продажи топлива,baseline_hgb_v2
2024-01-06 21:00:00,16,Татнефть-АЗС-017,33.263207303130386,total_fuel_sales,Продажи топлива,baseline_hgb_v2
2024-01-06 22:00:00,16,Татнефть-АЗС-017,4.8850037603370735,total_fuel_sales,Продажи топлива,baseline_hgb_v2
2024-01-06 23:00:00,16,Татнефть-АЗС-017,3.0921866147785577,total_fuel_sales,Продажи топлива,baseline_hgb_v2
2024-01-07 00:00:00,16,Татнефть-АЗС-017,3.7108107660819,total_fuel_sales,Продажи топлива,baseline_hgb_v2
2024-01-07 01:00:00,16,Татнефть-АЗС-017,4.335323966879709,total_fuel_sales,Продажи топлива,baseline_hgb_v2
2024-01-07 02:00:00,16,Татнефть-АЗС-017,12.04510872629631,total_fuel_sales,Продажи топлива,baseline_hgb_v2
2024-01-07 03:00:00,16,Татнефть-АЗС-017,11.183095296480014,total_fuel_sales,Продажи топлива,baseline_hgb_v2
2024-01-07 04:00:00,16,Татнефть-АЗС-017,3.7108107660819,total_fuel_sales,Продажи топлива,baseline_hgb_v2
2024-01-07 05:00:00,16,Татнефть-АЗС-017,3.7108107660819,total_fuel_sales,Продажи топлива,baseline_hgb_v2
2024-01-07 06:00:00,16,Татнефть-АЗС-017,21.609311117350575,total_fuel_sales,Продажи топлива,baseline_hgb_v2
2024-01-07 07:00:00,16,Татнефть-АЗС-017,247.3922851508998,total_fuel_sales,Продажи топлива,baseline_hgb_v2
2024-01-07 08:00:00,16,Татнефть-АЗС-017,234.43378107182522,total_fuel_sales,Продажи топлива,baseline_hgb_v2
2024-01-07 09:00:00,16,Татнефть-АЗС-017,122.79099662558576,total_fuel_sales,Продажи топлива,baseline_hgb_v2
2024-01-07 10:00:00,16,Татнефть-АЗС-017,45.76692219861634,total_fuel_sales,Продажи топлива,baseline_hgb_v2
2024-01-07 11:00:00,16,Татнефть-АЗС-017,45.76692219861634,total_fuel_sales,Продажи топлива,baseline_hgb_v2
2024-01-07 12:00:00,16,Татнефть-АЗС-017,44.7498211394165,total_fuel_sales,Продажи топлива,baseline_hgb_v2
2024-01-07 13:00:00,16,Татнефть-АЗС-017,46.749273050675384,total_fuel_sales,Продажи топлива,baseline_hgb_v2
2024-01-07 14:00:00,16,Татнефть-АЗС-017,34.40479176664643,total_fuel_sales,Продажи топлива,baseline_hgb_v2
2024-01-07 15:00:00,16,Татнефть-АЗС-017,20.176072402672215,total_fuel_sales,Продажи топлива,baseline_hgb_v2
2024-01-07 16:00:00,16,Татнефть-АЗС-017,30.120430603993913,total_fuel_sales,Продажи топлива,baseline_hgb_v2
2024-01-07 17:00:00,16,Татнефть-АЗС-017,252.19189356946248,total_fuel_sales,Продажи топлива,baseline_hgb_v2
2024-01-07 18:00:00,16,Татнефть-АЗС-017,262.60502473070846,total_fuel_sales,Продажи топлива,baseline_hgb_v2
2024-01-07 19:00:00,16,Татнефть-АЗС-017,264.01948435503596,total_fuel_sales,Продажи топлива,baseline_hgb_v2
2024-01-07 20:00:00,16,Татнефть-АЗС-017,42.04802819649167,total_fuel_sales,Продажи топлива,baseline_hgb_v2
2024-01-07 21:00:00,16,Татнефть-АЗС-017,28.89738822389922,total_fuel_sales,Продажи топлива,baseline_hgb_v2
2024-01-07 22:00:00,16,Татнефть-АЗС-017,3.783391759797788,total_fuel_sales,Продажи топлива,baseline_hgb_v2
2024-01-07 23:00:00,16,Татнефть-АЗС-017,11.813010163809842,total_fuel_sales,Продажи топлива,baseline_hgb_v2
2024-01-01 00:00:00,17,Татнефть-АЗС-018,3.950426769318109,total_fuel_sales,Продажи топлива,baseline_hgb_v2
2024-01-01 01:00:00,17,Татнефть-АЗС-018,3.2272905160649605,total_fuel_sales,Продажи топлива,baseline_hgb_v2
2024-01-01 02:00:00,17,Татнефть-АЗС-018,8.12069318879395,total_fuel_sales,Продажи топлива,baseline_hgb_v2
2024-01-01 03:00:00,17,Татнефть-АЗС-018,3.2272905160649605,total_fuel_sales,Продажи топлива,baseline_hgb_v2
2024-01-01 04:00:00,17,Татнефть-АЗС-018,3.2272905160649605,total_fuel_sales,Продажи топлива,baseline_hgb_v2
2024-01-01 05:00:00,17,Татнефть-АЗС-018,3.2272905160649605,total_fuel_sales,Продажи топлива,baseline_hgb_v2
2024-01-01 06:00:00,17,Татнефть-АЗС-018,20.49590018014397,total_fuel_sales,Продажи топлива,baseline_hgb_v2
2024-01-01 07:00:00,17,Татнефть-АЗС-018,185.64285554190428,total_fuel_sales,Продажи топлива,baseline_hgb_v2
2024-01-01 08:00:00,17,Татнефть-АЗС-018,98.21303945656535,total_fuel_sales,Продажи топлива,baseline_hgb_v2
2024-01-01 09:00:00,17,Татнефть-АЗС-018,206.0922032981985,total_fuel_sales,Продажи топлива,baseline_hgb_v2
2024-01-01 10:00:00,17,Татнефть-АЗС-018,37.25858426519359,total_fuel_sales,Продажи топлива,baseline_hgb_v2
2024-01-01 11:00:00,17,Татнефть-АЗС-018,34.884465366491206,total_fuel_sales,Продажи топлива,baseline_hgb_v2
2024-01-01 12:00:00,17,Татнефть-АЗС-018,68.31162423304845,total_fuel_sales,Продажи топлива,baseline_hgb_v2
2024-01-01 13:00:00,17,Татнефть-АЗС-018,78.97738729429717,total_fuel_sales,Продажи топлива,baseline_hgb_v2
2024-01-01 14:00:00,17,Татнефть-АЗС-018,68.31162423304845,total_fuel_sales,Продажи топлива,baseline_hgb_v2
2024-01-01 15:00:00,17,Татнефть-АЗС-018,20.448018064373517,total_fuel_sales,Продажи топлива,baseline_hgb_v2
2024-01-01 16:00:00,17,Татнефть-АЗС-018,41.04708156116237,total_fuel_sales,Продажи топлива,baseline_hgb_v2
2024-01-01 17:00:00,17,Татнефть-АЗС-018,288.01361802561894,total_fuel_sales,Продажи топлива,baseline_hgb_v2
2024-01-01 18:00:00,17,Татнефть-АЗС-018,221.03031408331765,total_fuel_sales,Продажи топлива,baseline_hgb_v2
2024-01-01 19:00:00,17,Татнефть-АЗС-018,186.75726696720866,total_fuel_sales,Продажи топлива,baseline_hgb_v2
2024-01-01 20:00:00,17,Татнефть-АЗС-018,35.358289568074206,total_fuel_sales,Продажи топлива,baseline_hgb_v2
2024-01-01 21:00:00,17,Татнефть-АЗС-018,26.692299666584752,total_fuel_sales,Продажи топлива,baseline_hgb_v2
2024-01-01 22:00:00,17,Татнефть-АЗС-018,3.285504497374136,total_fuel_sales,Продажи топлива,baseline_hgb_v2
2024-01-01 23:00:00,17,Татнефть-АЗС-018,7.915280903559131,total_fuel_sales,Продажи топлива,baseline_hgb_v2
2024-01-02 00:00:00,17,Татнефть-АЗС-018,7.801397941225317,total_fuel_sales,Продажи топлива,baseline_hgb_v2
2024-01-02 01:00:00,17,Татнефть-АЗС-018,2.8357767470816775,total_fuel_sales,Продажи топлива,baseline_hgb_v2
2024-01-02 02:00:00,17,Татнефть-АЗС-018,3.705666968491157,total_fuel_sales,Продажи топлива,baseline_hgb_v2
2024-01-02 03:00:00,17,Татнефть-АЗС-018,3.2272905160649605,total_fuel_sales,Продажи топлива,baseline_hgb_v2
2024-01-02 04:00:00,17,Татнефть-АЗС-018,3.705666968491157,total_fuel_sales,Продажи топлива,baseline_hgb_v2
2024-01-02 05:00:00,17,Татнефть-АЗС-018,7.801397941225317,total_fuel_sales,Продажи топлива,baseline_hgb_v2
2024-01-02 06:00:00,17,Татнефть-АЗС-018,20.39338225490688,total_fuel_sales,Продажи топлива,baseline_hgb_v2
2024-01-02 07:00:00,17,Татнефть-АЗС-018,103.39435322774271,total_fuel_sales,Продажи топлива,baseline_hgb_v2
2024-01-02 08:00:00,17,Татнефть-АЗС-018,100.02638514309656,total_fuel_sales,Продажи топлива,baseline_hgb_v2
2024-01-02 09:00:00,17,Татнефть-АЗС-018,95.08295218785837,total_fuel_sales,Продажи топлива,baseline_hgb_v2
2024-01-02 10:00:00,17,Татнефть-АЗС-018,37.25858426519359,total_fuel_sales,Продажи топлива,baseline_hgb_v2
2024-01-02 11:00:00,17,Татнефть-АЗС-018,35.952053107929416,total_fuel_sales,Продажи топлива,baseline_hgb_v2
2024-01-02 12:00:00,17,Татнефть-АЗС-018,38.476305240911884,total_fuel_sales,Продажи топлива,baseline_hgb_v2
2024-01-02 13:00:00,17,Татнефть-АЗС-018,35.19807682702685,total_fuel_sales,Продажи топлива,baseline_hgb_v2
2024-01-02 14:00:00,17,Татнефть-АЗС-018,65.7198685523361,total_fuel_sales,Продажи топлива,baseline_hgb_v2
2024-01-02 15:00:00,17,Татнефть-АЗС-018,20.3147417907091,total_fuel_sales,Продажи топлива,baseline_hgb_v2
2024-01-02 16:00:00,17,Татнефть-АЗС-018,61.1126202986845,total_fuel_sales,Продажи топлива,baseline_hgb_v2
2024-01-02 17:00:00,17,Татнефть-АЗС-018,207.20827476905126,total_fuel_sales,Продажи топлива,baseline_hgb_v2
2024-01-02 18:00:00,17,Татнефть-АЗС-018,318.29015880542283,total_fuel_sales,Продажи топлива,baseline_hgb_v2
2024-01-02 19:00:00,17,Татнефть-АЗС-018,240.9665713670272,total_fuel_sales,Продажи топлива,baseline_hgb_v2
2024-01-02 20:00:00,17,Татнефть-АЗС-018,30.510096655987468,total_fuel_sales,Продажи топлива,baseline_hgb_v2
2024-01-02 21:00:00,17,Татнефть-АЗС-018,19.558993054309216,total_fuel_sales,Продажи топлива,baseline_hgb_v2
2024-01-02 22:00:00,17,Татнефть-АЗС-018,4.1547774989988975,total_fuel_sales,Продажи топлива,baseline_hgb_v2
2024-01-02 23:00:00,17,Татнефть-АЗС-018,3.5302642982010877,total_fuel_sales,Продажи топлива,baseline_hgb_v2
2024-01-03 00:00:00,17,Татнефть-АЗС-018,7.801397941225317,total_fuel_sales,Продажи топлива,baseline_hgb_v2
2024-01-03 01:00:00,17,Татнефть-АЗС-018,3.950426769318109,total_fuel_sales,Продажи топлива,baseline_hgb_v2
2024-01-03 02:00:00,17,Татнефть-АЗС-018,3.705666968491157,total_fuel_sales,Продажи топлива,baseline_hgb_v2
2024-01-03 03:00:00,17,Татнефть-АЗС-018,3.705666968491157,total_fuel_sales,Продажи топлива,baseline_hgb_v2
2024-01-03 04:00:00,17,Татнефть-АЗС-018,7.801397941225317,total_fuel_sales,Продажи топлива,baseline_hgb_v2
2024-01-03 05:00:00,17,Татнефть-АЗС-018,6.682339352275241,total_fuel_sales,Продажи топлива,baseline_hgb_v2
2024-01-03 06:00:00,17,Татнефть-АЗС-018,37.84558662164403,total_fuel_sales,Продажи топлива,baseline_hgb_v2
2024-01-03 07:00:00,17,Татнефть-АЗС-018,206.23230870588316,total_fuel_sales,Продажи топлива,baseline_hgb_v2
2024-01-03 08:00:00,17,Татнефть-АЗС-018,100.83016346471032,total_fuel_sales,Продажи топлива,baseline_hgb_v2
2024-01-03 09:00:00,17,Татнефть-АЗС-018,99.27956377336832,total_fuel_sales,Продажи топлива,baseline_hgb_v2
2024-01-03 10:00:00,17,Татнефть-АЗС-018,25.13589784365832,total_fuel_sales,Продажи топлива,baseline_hgb_v2
2024-01-03 11:00:00,17,Татнефть-АЗС-018,37.97776945236742,total_fuel_sales,Продажи топлива,baseline_hgb_v2
2024-01-03 12:00:00,17,Татнефть-АЗС-018,38.476305240911884,total_fuel_sales,Продажи топлива,baseline_hgb_v2
2024-01-03 13:00:00,17,Татнефть-АЗС-018,62.9695868406845,total_fuel_sales,Продажи топлива,baseline_hgb_v2
2024-01-03 14:00:00,17,Татнефть-АЗС-018,57.81692443479826,total_fuel_sales,Продажи топлива,baseline_hgb_v2
2024-01-03 15:00:00,17,Татнефть-АЗС-018,27.838426384583165,total_fuel_sales,Продажи топлива,baseline_hgb_v2
2024-01-03 16:00:00,17,Татнефть-АЗС-018,62.649832516675005,total_fuel_sales,Продажи топлива,baseline_hgb_v2
2024-01-03 17:00:00,17,Татнефть-АЗС-018,180.7825829547385,total_fuel_sales,Продажи топлива,baseline_hgb_v2
2024-01-03 18:00:00,17,Татнефть-АЗС-018,293.604063897263,total_fuel_sales,Продажи топлива,baseline_hgb_v2
2024-01-03 19:00:00,17,Татнефть-АЗС-018,186.10662901481655,total_fuel_sales,Продажи топлива,baseline_hgb_v2
2024-01-03 20:00:00,17,Татнефть-АЗС-018,54.69373175188606,total_fuel_sales,Продажи топлива,baseline_hgb_v2
2024-01-03 21:00:00,17,Татнефть-АЗС-018,35.82588733805177,total_fuel_sales,Продажи топлива,baseline_hgb_v2
2024-01-03 22:00:00,17,Татнефть-АЗС-018,2.807128044947938,total_fuel_sales,Продажи топлива,baseline_hgb_v2
2024-01-03 23:00:00,17,Татнефть-АЗС-018,2.807128044947938,total_fuel_sales,Продажи топлива,baseline_hgb_v2
2024-01-04 00:00:00,17,Татнефть-АЗС-018,6.416619992666957,total_fuel_sales,Продажи топлива,baseline_hgb_v2
2024-01-04 01:00:00,17,Татнефть-АЗС-018,3.705666968491157,total_fuel_sales,Продажи топлива,baseline_hgb_v2
2024-01-04 02:00:00,17,Татнефть-АЗС-018,3.705666968491157,total_fuel_sales,Продажи топлива,baseline_hgb_v2
2024-01-04 03:00:00,17,Татнефть-АЗС-018,3.705666968491157,total_fuel_sales,Продажи топлива,baseline_hgb_v2
2024-01-04 04:00:00,17,Татнефть-АЗС-018,3.2272905160649605,total_fuel_sales,Продажи топлива,baseline_hgb_v2
2024-01-04 05:00:00,17,Татнефть-АЗС-018,3.1136722518357214,total_fuel_sales,Продажи топлива,baseline_hgb_v2
2024-01-04 06:00:00,17,Татнефть-АЗС-018,20.48347525721803,total_fuel_sales,Продажи топлива,baseline_hgb_v2
2024-01-04 07:00:00,17,Татнефть-АЗС-018,187.92415534912223,total_fuel_sales,Продажи топлива,baseline_hgb_v2
2024-01-04 08:00:00,17,Татнефть-АЗС-018,108.05345712372323,total_fuel_sales,Продажи топлива,baseline_hgb_v2
2024-01-04 09:00:00,17,Татнефть-АЗС-018,187.92415534912223,total_fuel_sales,Продажи топлива,baseline_hgb_v2
2024-01-04 10:00:00,17,Татнефть-АЗС-018,34.33716352106082,total_fuel_sales,Продажи топлива,baseline_hgb_v2
2024-01-04 11:00:00,17,Татнефть-АЗС-018,45.86767468084426,total_fuel_sales,Продажи топлива,baseline_hgb_v2
2024-01-04 12:00:00,17,Татнефть-АЗС-018,34.18234178823336,total_fuel_sales,Продажи топлива,baseline_hgb_v2
2024-01-04 13:00:00,17,Татнефть-АЗС-018,55.8661465515199,total_fuel_sales,Продажи топлива,baseline_hgb_v2
2024-01-04 14:00:00,17,Татнефть-АЗС-018,51.458794603512494,total_fuel_sales,Продажи топлива,baseline_hgb_v2
2024-01-04 15:00:00,17,Татнефть-АЗС-018,35.788526000876715,total_fuel_sales,Продажи топлива,baseline_hgb_v2
2024-01-04 16:00:00,17,Татнефть-АЗС-018,33.62514346676302,total_fuel_sales,Продажи топлива,baseline_hgb_v2
2024-01-04 17:00:00,17,Татнефть-АЗС-018,300.85232763410914,total_fuel_sales,Продажи топлива,baseline_hgb_v2
2024-01-04 18:00:00,17,Татнефть-АЗС-018,319.3393166528406,total_fuel_sales,Продажи топлива,baseline_hgb_v2
2024-01-04 19:00:00,17,Татнефть-АЗС-018,180.54337401586744,total_fuel_sales,Продажи топлива,baseline_hgb_v2
2024-01-04 20:00:00,17,Татнефть-АЗС-018,45.93278939208943,total_fuel_sales,Продажи топлива,baseline_hgb_v2
2024-01-04 21:00:00,17,Татнефть-АЗС-018,36.66027430975633,total_fuel_sales,Продажи топлива,baseline_hgb_v2
2024-01-04 22:00:00,17,Татнефть-АЗС-018,7.750234742720813,total_fuel_sales,Продажи топлива,baseline_hgb_v2
2024-01-04 23:00:00,17,Татнефть-АЗС-018,7.750234742720813,total_fuel_sales,Продажи топлива,baseline_hgb_v2
2024-01-05 00:00:00,17,Татнефть-АЗС-018,2.8357767470816775,total_fuel_sales,Продажи топлива,baseline_hgb_v2
2024-01-05 01:00:00,17,Татнефть-АЗС-018,6.682339352275241,total_fuel_sales,Продажи топлива,baseline_hgb_v2
2024-01-05 02:00:00,17,Татнефть-АЗС-018,7.220063727617151,total_fuel_sales,Продажи топлива,baseline_hgb_v2
2024-01-05 03:00:00,17,Татнефть-АЗС-018,7.220063727617151,total_fuel_sales,Продажи топлива,baseline_hgb_v2
2024-01-05 04:00:00,17,Татнефть-АЗС-018,3.1136722518357214,total_fuel_sales,Продажи топлива,baseline_hgb_v2
2024-01-05 05:00:00,17,Татнефть-АЗС-018,3.2272905160649605,total_fuel_sales,Продажи топлива,baseline_hgb_v2
2024-01-05 06:00:00,17,Татнефть-АЗС-018,34.33716352106082,total_fuel_sales,Продажи топлива,baseline_hgb_v2
2024-01-05 07:00:00,17,Татнефть-АЗС-018,149.10521043480216,total_fuel_sales,Продажи топлива,baseline_hgb_v2
2024-01-05 08:00:00,17,Татнефть-АЗС-018,206.01240871553858,total_fuel_sales,Продажи топлива,baseline_hgb_v2
2024-01-05 09:00:00,17,Татнефть-АЗС-018,99.5450077704774,total_fuel_sales,Продажи топлива,baseline_hgb_v2
2024-01-05 10:00:00,17,Татнефть-АЗС-018,34.884465366491206,total_fuel_sales,Продажи топлива,baseline_hgb_v2
2024-01-05 11:00:00,17,Татнефть-АЗС-018,20.682285397665847,total_fuel_sales,Продажи топлива,baseline_hgb_v2
2024-01-05 12:00:00,17,Татнефть-АЗС-018,38.083785790089976,total_fuel_sales,Продажи топлива,baseline_hgb_v2
2024-01-05 13:00:00,17,Татнефть-АЗС-018,34.091166982840875,total_fuel_sales,Продажи топлива,baseline_hgb_v2
2024-01-05 14:00:00,17,Татнефть-АЗС-018,60.351378559384486,total_fuel_sales,Продажи топлива,baseline_hgb_v2
2024-01-05 15:00:00,17,Татнефть-АЗС-018,38.821409258031586,total_fuel_sales,Продажи топлива,baseline_hgb_v2
2024-01-05 16:00:00,17,Татнефть-АЗС-018,62.178638232454354,total_fuel_sales,Продажи топлива,baseline_hgb_v2
2024-01-05 17:00:00,17,Татнефть-АЗС-018,163.85781606730558,total_fuel_sales,Продажи топлива,baseline_hgb_v2
2024-01-05 18:00:00,17,Татнефть-АЗС-018,342.27942311898244,total_fuel_sales,Продажи топлива,baseline_hgb_v2
2024-01-05 19:00:00,17,Татнефть-АЗС-018,288.01391045007483,total_fuel_sales,Продажи топлива,baseline_hgb_v2
2024-01-05 20:00:00,17,Татнефть-АЗС-018,62.172335875929775,total_fuel_sales,Продажи топлива,baseline_hgb_v2
2024-01-05 21:00:00,17,Татнефть-АЗС-018,35.782223644352136,total_fuel_sales,Продажи топлива,baseline_hgb_v2
2024-01-05 22:00:00,17,Татнефть-АЗС-018,2.807128044947938,total_fuel_sales,Продажи топлива,baseline_hgb_v2
2024-01-05 23:00:00,17,Татнефть-АЗС-018,6.631176153770737,total_fuel_sales,Продажи топлива,baseline_hgb_v2
2024-01-06 00:00:00,17,Татнефть-АЗС-018,5.177186807999175,total_fuel_sales,Продажи топлива,baseline_hgb_v2
2024-01-06 01:00:00,17,Татнефть-АЗС-018,4.0913832215284165,total_fuel_sales,Продажи топлива,baseline_hgb_v2
2024-01-06 02:00:00,17,Татнефть-АЗС-018,4.0913832215284165,total_fuel_sales,Продажи топлива,baseline_hgb_v2
2024-01-06 03:00:00,17,Татнефть-АЗС-018,5.192995222067702,total_fuel_sales,Продажи топлива,baseline_hgb_v2
2024-01-06 04:00:00,17,Татнефть-АЗС-018,10.215511433714537,total_fuel_sales,Продажи топлива,baseline_hgb_v2
2024-01-06 05:00:00,17,Татнефть-АЗС-018,5.192995222067702,total_fuel_sales,Продажи топлива,baseline_hgb_v2
2024-01-06 06:00:00,17,Татнефть-АЗС-018,21.01224824020843,total_fuel_sales,Продажи топлива,baseline_hgb_v2
2024-01-06 07:00:00,17,Татнефть-АЗС-018,247.16381478423204,total_fuel_sales,Продажи топлива,baseline_hgb_v2
2024-01-06 08:00:00,17,Татнефть-АЗС-018,134.7155402717873,total_fuel_sales,Продажи топлива,baseline_hgb_v2
2024-01-06 09:00:00,17,Татнефть-АЗС-018,194.73972601692344,total_fuel_sales,Продажи топлива,baseline_hgb_v2
2024-01-06 10:00:00,17,Татнефть-АЗС-018,36.27851818237719,total_fuel_sales,Продажи топлива,baseline_hgb_v2
2024-01-06 11:00:00,17,Татнефть-АЗС-018,32.957643888288416,total_fuel_sales,Продажи топлива,baseline_hgb_v2
2024-01-06 12:00:00,17,Татнефть-АЗС-018,43.877503739460266,total_fuel_sales,Продажи топлива,baseline_hgb_v2
2024-01-06 13:00:00,17,Татнефть-АЗС-018,49.5987724432152,total_fuel_sales,Продажи топлива,baseline_hgb_v2
2024-01-06 14:00:00,17,Татнефть-АЗС-018,46.69951201896364,total_fuel_sales,Продажи топлива,baseline_hgb_v2
2024-01-06 15:00:00,17,Татнефть-АЗС-018,29.517063522073023,total_fuel_sales,Продажи топлива,baseline_hgb_v2
2024-01-06 16:00:00,17,Татнефть-АЗС-018,69.46828342089837,total_fuel_sales,Продажи топлива,baseline_hgb_v2
2024-01-06 17:00:00,17,Татнефть-АЗС-018,234.3968212584399,total_fuel_sales,Продажи топлива,baseline_hgb_v2
2024-01-06 18:00:00,17,Татнефть-АЗС-018,407.3431741737071,total_fuel_sales,Продажи топлива,baseline_hgb_v2
2024-01-06 19:00:00,17,Татнефть-АЗС-018,371.7671379937511,total_fuel_sales,Продажи топлива,baseline_hgb_v2
2024-01-06 20:00:00,17,Татнефть-АЗС-018,69.44257918233333,total_fuel_sales,Продажи топлива,baseline_hgb_v2
2024-01-06 21:00:00,17,Татнефть-АЗС-018,40.328533651699736,total_fuel_sales,Продажи топлива,baseline_hgb_v2
2024-01-06 22:00:00,17,Татнефть-АЗС-018,6.202943753381284,total_fuel_sales,Продажи топлива,baseline_hgb_v2
2024-01-06 23:00:00,17,Татнефть-АЗС-018,10.149023354085308,total_fuel_sales,Продажи топлива,baseline_hgb_v2
2024-01-07 00:00:00,17,Татнефть-АЗС-018,5.192995222067702,total_fuel_sales,Продажи топлива,baseline_hgb_v2
2024-01-07 01:00:00,17,Татнефть-АЗС-018,7.653089936781546,total_fuel_sales,Продажи топлива,baseline_hgb_v2
2024-01-07 02:00:00,17,Татнефть-АЗС-018,11.117222407734252,total_fuel_sales,Продажи топлива,baseline_hgb_v2
2024-01-07 03:00:00,17,Татнефть-АЗС-018,10.215511433714537,total_fuel_sales,Продажи топлива,baseline_hgb_v2
2024-01-07 04:00:00,17,Татнефть-АЗС-018,6.640891296419109,total_fuel_sales,Продажи топлива,baseline_hgb_v2
2024-01-07 05:00:00,17,Татнефть-АЗС-018,4.2694510781339465,total_fuel_sales,Продажи топлива,baseline_hgb_v2
2024-01-07 06:00:00,17,Татнефть-АЗС-018,29.30727698172117,total_fuel_sales,Продажи топлива,baseline_hgb_v2
2024-01-07 07:00:00,17,Татнефть-АЗС-018,134.67134509557187,total_fuel_sales,Продажи топлива,baseline_hgb_v2
2024-01-07 08:00:00,17,Татнефть-АЗС-018,238.15050146485103,total_fuel_sales,Продажи топлива,baseline_hgb_v2
2024-01-07 09:00:00,17,Татнефть-АЗС-018,238.15050146485103,total_fuel_sales,Продажи топлива,baseline_hgb_v2
2024-01-07 10:00:00,17,Татнефть-АЗС-018,45.14847558555612,total_fuel_sales,Продажи топлива,baseline_hgb_v2
2024-01-07 11:00:00,17,Татнефть-АЗС-018,27.68980663977378,total_fuel_sales,Продажи топлива,baseline_hgb_v2
2024-01-07 12:00:00,17,Татнефть-АЗС-018,37.0217566349646,total_fuel_sales,Продажи топлива,baseline_hgb_v2
2024-01-07 13:00:00,17,Татнефть-АЗС-018,33.98393830119462,total_fuel_sales,Продажи топлива,baseline_hgb_v2
2024-01-07 14:00:00,17,Татнефть-АЗС-018,45.99683469971604,total_fuel_sales,Продажи топлива,baseline_hgb_v2
2024-01-07 15:00:00,17,Татнефть-АЗС-018,30.893734618067903,total_fuel_sales,Продажи топлива,baseline_hgb_v2
2024-01-07 16:00:00,17,Татнефть-АЗС-018,74.07209789106601,total_fuel_sales,Продажи топлива,baseline_hgb_v2
2024-01-07 17:00:00,17,Татнефть-АЗС-018,193.53692934258743,total_fuel_sales,Продажи топлива,baseline_hgb_v2
2024-01-07 18:00:00,17,Татнефть-АЗС-018,259.79096056710614,total_fuel_sales,Продажи топлива,baseline_hgb_v2
2024-01-07 19:00:00,17,Татнефть-АЗС-018,386.4380545398088,total_fuel_sales,Продажи топлива,baseline_hgb_v2
2024-01-07 20:00:00,17,Татнефть-АЗС-018,38.61725025007143,total_fuel_sales,Продажи топлива,baseline_hgb_v2
2024-01-07 21:00:00,17,Татнефть-АЗС-018,43.19382269880044,total_fuel_sales,Продажи топлива,baseline_hgb_v2
2024-01-07 22:00:00,17,Татнефть-АЗС-018,10.149023354085308,total_fuel_sales,Продажи топлива,baseline_hgb_v2
2024-01-07 23:00:00,17,Татнефть-АЗС-018,3.895586727657556,total_fuel_sales,Продажи топлива,baseline_hgb_v2
2024-01-01 00:00:00,18,Татнефть-АЗС-019,1.7407307922094313,total_fuel_sales,Продажи топлива,baseline_hgb_v2
2024-01-01 01:00:00,18,Татнефть-АЗС-019,4.377539704226296,total_fuel_sales,Продажи топлива,baseline_hgb_v2
2024-01-01 02:00:00,18,Татнефть-АЗС-019,1.7407307922094313,total_fuel_sales,Продажи топлива,baseline_hgb_v2
2024-01-01 03:00:00,18,Татнефть-АЗС-019,3.987531379208914,total_fuel_sales,Продажи топлива,baseline_hgb_v2
2024-01-01 04:00:00,18,Татнефть-АЗС-019,5.264129809355443,total_fuel_sales,Продажи топлива,baseline_hgb_v2
2024-01-01 05:00:00,18,Татнефть-АЗС-019,3.084490772904121,total_fuel_sales,Продажи топлива,baseline_hgb_v2
2024-01-01 06:00:00,18,Татнефть-АЗС-019,21.8253776745625,total_fuel_sales,Продажи топлива,baseline_hgb_v2
2024-01-01 07:00:00,18,Татнефть-АЗС-019,122.58510890073933,total_fuel_sales,Продажи топлива,baseline_hgb_v2
2024-01-01 08:00:00,18,Татнефть-АЗС-019,112.9487134973705,total_fuel_sales,Продажи топлива,baseline_hgb_v2
2024-01-01 09:00:00,18,Татнефть-АЗС-019,122.66490348339927,total_fuel_sales,Продажи топлива,baseline_hgb_v2
2024-01-01 10:00:00,18,Татнефть-АЗС-019,15.064044292025452,total_fuel_sales,Продажи топлива,baseline_hgb_v2
2024-01-01 11:00:00,18,Татнефть-АЗС-019,13.675704192348293,total_fuel_sales,Продажи топлива,baseline_hgb_v2
2024-01-01 12:00:00,18,Татнефть-АЗС-019,37.797822372677196,total_fuel_sales,Продажи топлива,baseline_hgb_v2
2024-01-01 13:00:00,18,Татнефть-АЗС-019,16.051198683115775,total_fuel_sales,Продажи топлива,baseline_hgb_v2
2024-01-01 14:00:00,18,Татнефть-АЗС-019,18.808504238780678,total_fuel_sales,Продажи топлива,baseline_hgb_v2
2024-01-01 15:00:00,18,Татнефть-АЗС-019,18.260522135875153,total_fuel_sales,Продажи топлива,baseline_hgb_v2
2024-01-01 16:00:00,18,Татнефть-АЗС-019,19.13634574738477,total_fuel_sales,Продажи топлива,baseline_hgb_v2
2024-01-01 17:00:00,18,Татнефть-АЗС-019,190.98535835959348,total_fuel_sales,Продажи топлива,baseline_hgb_v2
2024-01-01 18:00:00,18,Татнефть-АЗС-019,168.22425532533947,total_fuel_sales,Продажи топлива,baseline_hgb_v2
2024-01-01 19:00:00,18,Татнефть-АЗС-019,191.18821931775435,total_fuel_sales,Продажи топлива,baseline_hgb_v2
2024-01-01 20:00:00,18,Татнефть-АЗС-019,36.23192216076423,total_fuel_sales,Продажи топлива,baseline_hgb_v2
2024-01-01 21:00:00,18,Татнефть-АЗС-019,26.126127616535392,total_fuel_sales,Продажи топлива,baseline_hgb_v2
2024-01-01 22:00:00,18,Татнефть-АЗС-019,1.1666173851300716,total_fuel_sales,Продажи топлива,baseline_hgb_v2
2024-01-01 23:00:00,18,Татнефть-АЗС-019,5.076785356977444,total_fuel_sales,Продажи топлива,baseline_hgb_v2
2024-01-02 00:00:00,18,Татнефть-АЗС-019,5.955334954374664,total_fuel_sales,Продажи топлива,baseline_hgb_v2
2024-01-02 01:00:00,18,Татнефть-АЗС-019,4.377539704226296,total_fuel_sales,Продажи топлива,baseline_hgb_v2
2024-01-02 02:00:00,18,Татнефть-АЗС-019,5.217449899067993,total_fuel_sales,Продажи топлива,baseline_hgb_v2
2024-01-02 03:00:00,18,Татнефть-АЗС-019,1.5626629356039001,total_fuel_sales,Продажи топлива,baseline_hgb_v2
2024-01-02 04:00:00,18,Татнефть-АЗС-019,1.5626629356039001,total_fuel_sales,Продажи топлива,baseline_hgb_v2
2024-01-02 05:00:00,18,Татнефть-АЗС-019,5.264129809355443,total_fuel_sales,Продажи топлива,baseline_hgb_v2
2024-01-02 06:00:00,18,Татнефть-АЗС-019,12.901667985881174,total_fuel_sales,Продажи топлива,baseline_hgb_v2
2024-01-02 07:00:00,18,Татнефть-АЗС-019,70.19330420475396,total_fuel_sales,Продажи топлива,baseline_hgb_v2
2024-01-02 08:00:00,18,Татнефть-АЗС-019,133.09504858697235,total_fuel_sales,Продажи топлива,baseline_hgb_v2
2024-01-02 09:00:00,18,Татнефть-АЗС-019,70.19330420475396,total_fuel_sales,Продажи топлива,baseline_hgb_v2
2024-01-02 10:00:00,18,Татнефть-АЗС-019,12.701370778553876,total_fuel_sales,Продажи топлива,baseline_hgb_v2
2024-01-02 11:00:00,18,Татнефть-АЗС-019,23.536438141488325,total_fuel_sales,Продажи топлива,baseline_hgb_v2
2024-01-02 12:00:00,18,Татнефть-АЗС-019,24.496470512346633,total_fuel_sales,Продажи топлива,baseline_hgb_v2
2024-01-02 13:00:00,18,Татнефть-АЗС-019,41.47660592399087,total_fuel_sales,Продажи топлива,baseline_hgb_v2
2024-01-02 14:00:00,18,Татнефть-АЗС-019,37.09329403885875,total_fuel_sales,Продажи топлива,baseline_hgb_v2
2024-01-02 15:00:00,18,Татнефть-АЗС-019,21.407413425433646,total_fuel_sales,Продажи топлива,baseline_hgb_v2
2024-01-02 16:00:00,18,Татнефть-АЗС-019,32.233987085784044,total_fuel_sales,Продажи топлива,baseline_hgb_v2
2024-01-02 17:00:00,18,Татнефть-АЗС-019,196.89170659384155,total_fuel_sales,Продажи топлива,baseline_hgb_v2
2024-01-02 18:00:00,18,Татнефть-АЗС-019,114.36630727302474,total_fuel_sales,Продажи топлива,baseline_hgb_v2
2024-01-02 19:00:00,18,Татнефть-АЗС-019,121.92200394444181,total_fuel_sales,Продажи топлива,baseline_hgb_v2
2024-01-02 20:00:00,18,Татнефть-АЗС-019,36.23234819351413,total_fuel_sales,Продажи топлива,baseline_hgb_v2
2024-01-02 21:00:00,18,Татнефть-АЗС-019,28.315843048608485,total_fuel_sales,Продажи топлива,baseline_hgb_v2
2024-01-02 22:00:00,18,Татнефть-АЗС-019,5.076785356977444,total_fuel_sales,Продажи топлива,baseline_hgb_v2
2024-01-02 23:00:00,18,Татнефть-АЗС-019,5.076785356977444,total_fuel_sales,Продажи топлива,baseline_hgb_v2
2024-01-03 00:00:00,18,Татнефть-АЗС-019,4.887214513117748,total_fuel_sales,Продажи топлива,baseline_hgb_v2
2024-01-03 01:00:00,18,Татнефть-АЗС-019,5.264129809355443,total_fuel_sales,Продажи топлива,baseline_hgb_v2
2024-01-03 02:00:00,18,Татнефть-АЗС-019,4.377539704226296,total_fuel_sales,Продажи топлива,baseline_hgb_v2
2024-01-03 03:00:00,18,Татнефть-АЗС-019,5.508889610182394,total_fuel_sales,Продажи топлива,baseline_hgb_v2
2024-01-03 04:00:00,18,Татнефть-АЗС-019,1.5626629356039001,total_fuel_sales,Продажи топлива,baseline_hgb_v2
2024-01-03 05:00:00,18,Татнефть-АЗС-019,1.797844017828985,total_fuel_sales,Продажи топлива,baseline_hgb_v2
2024-01-03 06:00:00,18,Татнефть-АЗС-019,21.8272730723086,total_fuel_sales,Продажи топлива,baseline_hgb_v2
2024-01-03 07:00:00,18,Татнефть-АЗС-019,123.03091337143476,total_fuel_sales,Продажи топлива,baseline_hgb_v2
2024-01-03 08:00:00,18,Татнефть-АЗС-019,66.81750912949047,total_fuel_sales,Продажи топлива,baseline_hgb_v2
2024-01-03 09:00:00,18,Татнефть-АЗС-019,68.44971782248456,total_fuel_sales,Продажи топлива,baseline_hgb_v2
2024-01-03 10:00:00,18,Татнефть-АЗС-019,25.623971829596652,total_fuel_sales,Продажи топлива,baseline_hgb_v2
2024-01-03 11:00:00,18,Татнефть-АЗС-019,15.064044292025452,total_fuel_sales,Продажи топлива,baseline_hgb_v2
2024-01-03 12:00:00,18,Татнефть-АЗС-019,26.038093045728772,total_fuel_sales,Продажи топлива,baseline_hgb_v2
2024-01-03 13:00:00,18,Татнефть-АЗС-019,21.781280000628986,total_fuel_sales,Продажи топлива,baseline_hgb_v2
2024-01-03 14:00:00,18,Татнефть-АЗС-019,21.781280000628986,total_fuel_sales,Продажи топлива,baseline_hgb_v2
2024-01-03 15:00:00,18,Татнефть-АЗС-019,12.724265747341393,total_fuel_sales,Продажи топлива,baseline_hgb_v2
2024-01-03 16:00:00,18,Татнефть-АЗС-019,37.95752268569937,total_fuel_sales,Продажи топлива,baseline_hgb_v2
2024-01-03 17:00:00,18,Татнефть-АЗС-019,98.22872760275503,total_fuel_sales,Продажи топлива,baseline_hgb_v2
2024-01-03 18:00:00,18,Татнефть-АЗС-019,156.48473352132748,total_fuel_sales,Продажи топлива,baseline_hgb_v2
2024-01-03 19:00:00,18,Татнефть-АЗС-019,181.98119958404644,total_fuel_sales,Продажи топлива,baseline_hgb_v2
2024-01-03 20:00:00,18,Татнефть-АЗС-019,37.95122032917479,total_fuel_sales,Продажи топлива,baseline_hgb_v2
2024-01-03 21:00:00,18,Татнефть-АЗС-019,26.473416100576678,total_fuel_sales,Продажи топлива,baseline_hgb_v2
2024-01-03 22:00:00,18,Татнефть-АЗС-019,1.782603303199349,total_fuel_sales,Продажи топлива,baseline_hgb_v2
2024-01-03 23:00:00,18,Татнефть-АЗС-019,5.792790057568524,total_fuel_sales,Продажи топлива,baseline_hgb_v2
2024-01-04 00:00:00,18,Татнефть-АЗС-019,1.797844017828985,total_fuel_sales,Продажи топлива,baseline_hgb_v2
2024-01-04 01:00:00,18,Татнефть-АЗС-019,1.797844017828985,total_fuel_sales,Продажи топлива,baseline_hgb_v2
2024-01-04 02:00:00,18,Татнефть-АЗС-019,1.6132741942792526,total_fuel_sales,Продажи топлива,baseline_hgb_v2
2024-01-04 03:00:00,18,Татнефть-АЗС-019,2.7043967361862458,total_fuel_sales,Продажи топлива,baseline_hgb_v2
2024-01-04 04:00:00,18,Татнефть-АЗС-019,1.5626629356039001,total_fuel_sales,Продажи топлива,baseline_hgb_v2
2024-01-04 05:00:00,18,Татнефть-АЗС-019,4.887214513117748,total_fuel_sales,Продажи топлива,baseline_hgb_v2
2024-01-04 06:00:00,18,Татнефть-АЗС-019,21.12274473849014,total_fuel_sales,Продажи топлива,baseline_hgb_v2
2024-01-04 07:00:00,18,Татнефть-АЗС-019,124.84638385836206,total_fuel_sales,Продажи топлива,baseline_hgb_v2
2024-01-04 08:00:00,18,Татнефть-АЗС-019,129.72881325371367,total_fuel_sales,Продажи топлива,baseline_hgb_v2
2024-01-04 09:00:00,18,Татнефть-АЗС-019,125.1087171858315,total_fuel_sales,Продажи топлива,baseline_hgb_v2
2024-01-04 10:00:00,18,Татнефть-АЗС-019,13.766878997740776,total_fuel_sales,Продажи топлива,baseline_hgb_v2
2024-01-04 11:00:00,18,Татнефть-АЗС-019,30.896942914564807,total_fuel_sales,Продажи топлива,baseline_hgb_v2
2024-01-04 12:00:00,18,Татнефть-АЗС-019,19.782837652575097,total_fuel_sales,Продажи топлива,baseline_hgb_v2
2024-01-04 13:00:00,18,Татнефть-АЗС-019,37.797822372677196,total_fuel_sales,Продажи топлива,baseline_hgb_v2
2024-01-04 14:00:00,18,Татнефть-АЗС-019,19.782837652575097,total_fuel_sales,Продажи топлива,baseline_hgb_v2
2024-01-04 15:00:00,18,Татнефть-АЗС-019,14.187904938697681,total_fuel_sales,Продажи топлива,baseline_hgb_v2
2024-01-04 16:00:00,18,Татнефть-АЗС-019,36.77350717846455,total_fuel_sales,Продажи топлива,baseline_hgb_v2
2024-01-04 17:00:00,18,Татнефть-АЗС-019,152.11429643139562,total_fuel_sales,Продажи топлива,baseline_hgb_v2
2024-01-04 18:00:00,18,Татнефть-АЗС-019,110.91296450343327,total_fuel_sales,Продажи топлива,baseline_hgb_v2
2024-01-04 19:00:00,18,Татнефть-АЗС-019,178.02771041843135,total_fuel_sales,Продажи топлива,baseline_hgb_v2
2024-01-04 20:00:00,18,Татнефть-АЗС-019,33.03334672951101,total_fuel_sales,Продажи топлива,baseline_hgb_v2
2024-01-04 21:00:00,18,Татнефть-АЗС-019,22.131893391081665,total_fuel_sales,Продажи топлива,baseline_hgb_v2
2024-01-04 22:00:00,18,Татнефть-АЗС-019,1.4017984673551556,total_fuel_sales,Продажи топлива,baseline_hgb_v2
2024-01-04 23:00:00,18,Татнефть-АЗС-019,4.236875162135746,total_fuel_sales,Продажи топлива,baseline_hgb_v2
2024-01-05 00:00:00,18,Татнефть-АЗС-019,5.217449899067993,total_fuel_sales,Продажи топлива,baseline_hgb_v2
2024-01-05 01:00:00,18,Татнефть-АЗС-019,1.7407307922094313,total_fuel_sales,Продажи топлива,baseline_hgb_v2
2024-01-05 02:00:00,18,Татнефть-АЗС-019,4.887214513117748,total_fuel_sales,Продажи топлива,baseline_hgb_v2
2024-01-05 03:00:00,18,Татнефть-АЗС-019,4.263921439997057,total_fuel_sales,Продажи топлива,baseline_hgb_v2
2024-01-05 04:00:00,18,Татнефть-АЗС-019,2.178648853673175,total_fuel_sales,Продажи топлива,baseline_hgb_v2
2024-01-05 05:00:00,18,Татнефть-АЗС-019,1.7407307922094313,total_fuel_sales,Продажи топлива,baseline_hgb_v2
2024-01-05 06:00:00,18,Татнефть-АЗС-019,12.901667985881174,total_fuel_sales,Продажи топлива,baseline_hgb_v2
2024-01-05 07:00:00,18,Татнефть-АЗС-019,72.6031409416361,total_fuel_sales,Продажи топлива,baseline_hgb_v2
2024-01-05 08:00:00,18,Татнефть-АЗС-019,113.68929054494045,total_fuel_sales,Продажи топлива,baseline_hgb_v2
2024-01-05 09:00:00,18,Татнефть-АЗС-019,119.24904972185284,total_fuel_sales,Продажи топлива,baseline_hgb_v2
2024-01-05 10:00:00,18,Татнефть-АЗС-019,20.92244753116284,total_fuel_sales,Продажи топлива,baseline_hgb_v2
2024-01-05 11:00:00,18,Татнефть-АЗС-019,22.386099268339077,total_fuel_sales,Продажи топлива,baseline_hgb_v2
2024-01-05 12:00:00,18,Татнефть-АЗС-019,41.52003446895436,total_fuel_sales,Продажи топлива,baseline_hgb_v2
2024-01-05 13:00:00,18,Татнефть-АЗС-019,38.56832934659027,total_fuel_sales,Продажи топлива,baseline_hgb_v2
2024-01-05 14:00:00,18,Татнефть-АЗС-019,41.47660592399087,total_fuel_sales,Продажи топлива,baseline_hgb_v2
2024-01-05 15:00:00,18,Татнефть-АЗС-019,14.279079744090163,total_fuel_sales,Продажи топлива,baseline_hgb_v2
2024-01-05 16:00:00,18,Татнефть-АЗС-019,23.412097590741112,total_fuel_sales,Продажи топлива,baseline_hgb_v2
2024-01-05 17:00:00,18,Татнефть-АЗС-019,215.05638618089492,total_fuel_sales,Продажи топлива,baseline_hgb_v2
2024-01-05 18:00:00,18,Татнефть-АЗС-019,216.20465844652242,total_fuel_sales,Продажи топлива,baseline_hgb_v2
2024-01-05 19:00:00,18,Татнефть-АЗС-019,163.40092037539162,total_fuel_sales,Продажи топлива,baseline_hgb_v2
2024-01-05 20:00:00,18,Татнефть-АЗС-019,26.177400139593743,total_fuel_sales,Продажи топлива,baseline_hgb_v2
2024-01-05 21:00:00,18,Татнефть-АЗС-019,26.473416100576678,total_fuel_sales,Продажи топлива,baseline_hgb_v2
2024-01-05 22:00:00,18,Татнефть-АЗС-019,1.1666173851300716,total_fuel_sales,Продажи топлива,baseline_hgb_v2
2024-01-05 23:00:00,18,Татнефть-АЗС-019,2.9362161190527027,total_fuel_sales,Продажи топлива,baseline_hgb_v2
2024-01-06 00:00:00,18,Татнефть-АЗС-019,2.594892652471765,total_fuel_sales,Продажи топлива,baseline_hgb_v2
2024-01-06 01:00:00,18,Татнефть-АЗС-019,2.3736168761313547,total_fuel_sales,Продажи топлива,baseline_hgb_v2
2024-01-06 02:00:00,18,Татнефть-АЗС-019,1.1713070383610873,total_fuel_sales,Продажи топлива,baseline_hgb_v2
2024-01-06 03:00:00,18,Татнефть-АЗС-019,2.594892652471765,total_fuel_sales,Продажи топлива,baseline_hgb_v2
2024-01-06 04:00:00,18,Татнефть-АЗС-019,1.1713070383610873,total_fuel_sales,Продажи топлива,baseline_hgb_v2
2024-01-06 05:00:00,18,Татнефть-АЗС-019,3.113213148318018,total_fuel_sales,Продажи топлива,baseline_hgb_v2
2024-01-06 06:00:00,18,Татнефть-АЗС-019,17.35427691272058,total_fuel_sales,Продажи топлива,baseline_hgb_v2
2024-01-06 07:00:00,18,Татнефть-АЗС-019,53.08469562512699,total_fuel_sales,Продажи топлива,baseline_hgb_v2
2024-01-06 08:00:00,18,Татнефть-АЗС-019,82.87853035370779,total_fuel_sales,Продажи топлива,baseline_hgb_v2
2024-01-06 09:00:00,18,Татнефть-АЗС-019,53.819463178029984,total_fuel_sales,Продажи топлива,baseline_hgb_v2
2024-01-06 10:00:00,18,Татнефть-АЗС-019,9.315658610088382,total_fuel_sales,Продажи топлива,baseline_hgb_v2
2024-01-06 11:00:00,18,Татнефть-АЗС-019,10.558995072486317,total_fuel_sales,Продажи топлива,baseline_hgb_v2
2024-01-06 12:00:00,18,Татнефть-АЗС-019,13.802417151285862,total_fuel_sales,Продажи топлива,baseline_hgb_v2
2024-01-06 13:00:00,18,Татнефть-АЗС-019,16.317854014792175,total_fuel_sales,Продажи топлива,baseline_hgb_v2
2024-01-06 14:00:00,18,Татнефть-АЗС-019,13.802417151285862,total_fuel_sales,Продажи топлива,baseline_hgb_v2
2024-01-06 15:00:00,18,Татнефть-АЗС-019,20.31605124606407,total_fuel_sales,Продажи топлива,baseline_hgb_v2
2024-01-06 16:00:00,18,Татнефть-АЗС-019,19.778187799135278,total_fuel_sales,Продажи топлива,baseline_hgb_v2
2024-01-06 17:00:00,18,Татнефть-АЗС-019,93.67832889755564,total_fuel_sales,Продажи топлива,baseline_hgb_v2
2024-01-06 18:00:00,18,Татнефть-АЗС-019,82.63763133364971,total_fuel_sales,Продажи топлива,baseline_hgb_v2
2024-01-06 19:00:00,18,Татнефть-АЗС-019,125.17351658453691,total_fuel_sales,Продажи топлива,baseline_hgb_v2
2024-01-06 20:00:00,18,Татнефть-АЗС-019,26.860226695636467,total_fuel_sales,Продажи топлива,baseline_hgb_v2
2024-01-06 21:00:00,18,Татнефть-АЗС-019,18.007607425369358,total_fuel_sales,Продажи топлива,baseline_hgb_v2
2024-01-06 22:00:00,18,Татнефть-АЗС-019,1.5285430956383386,total_fuel_sales,Продажи топлива,baseline_hgb_v2
2024-01-06 23:00:00,18,Татнефть-АЗС-019,3.551992277693567,total_fuel_sales,Продажи топлива,baseline_hgb_v2
2024-01-07 00:00:00,18,Татнефть-АЗС-019,1.1713070383610873,total_fuel_sales,Продажи топлива,baseline_hgb_v2
2024-01-07 01:00:00,18,Татнефть-АЗС-019,1.1713070383610873,total_fuel_sales,Продажи топлива,baseline_hgb_v2
2024-01-07 02:00:00,18,Татнефть-АЗС-019,1.1713070383610873,total_fuel_sales,Продажи топлива,baseline_hgb_v2
2024-01-07 03:00:00,18,Татнефть-АЗС-019,1.1713070383610873,total_fuel_sales,Продажи топлива,baseline_hgb_v2
2024-01-07 04:00:00,18,Татнефть-АЗС-019,1.1713070383610873,total_fuel_sales,Продажи топлива,baseline_hgb_v2
2024-01-07 05:00:00,18,Татнефть-АЗС-019,2.195549019525823,total_fuel_sales,Продажи топлива,baseline_hgb_v2
2024-01-07 06:00:00,18,Татнефть-АЗС-019,18.232807657465543,total_fuel_sales,Продажи топлива,baseline_hgb_v2
2024-01-07 07:00:00,18,Татнефть-АЗС-019,93.48699250642646,total_fuel_sales,Продажи топлива,baseline_hgb_v2
2024-01-07 08:00:00,18,Татнефть-АЗС-019,49.862710167824005,total_fuel_sales,Продажи топлива,baseline_hgb_v2
2024-01-07 09:00:00,18,Татнефть-АЗС-019,49.94826700780866,total_fuel_sales,Продажи топлива,baseline_hgb_v2
2024-01-07 10:00:00,18,Татнефть-АЗС-019,9.700850392122105,total_fuel_sales,Продажи топлива,baseline_hgb_v2
2024-01-07 11:00:00,18,Татнефть-АЗС-019,18.263607275272843,total_fuel_sales,Продажи топлива,baseline_hgb_v2
2024-01-07 12:00:00,18,Татнефть-АЗС-019,28.276251265911416,total_fuel_sales,Продажи топлива,baseline_hgb_v2
2024-01-07 13:00:00,18,Татнефть-АЗС-019,25.410343724761795,total_fuel_sales,Продажи топлива,baseline_hgb_v2
2024-01-07 14:00:00,18,Татнефть-АЗС-019,17.979334528556375,total_fuel_sales,Продажи топлива,baseline_hgb_v2
2024-01-07 15:00:00,18,Татнефть-АЗС-019,17.215627577293507,total_fuel_sales,Продажи топлива,baseline_hgb_v2
2024-01-07 16:00:00,18,Татнефть-АЗС-019,31.379902876269693,total_fuel_sales,Продажи топлива,baseline_hgb_v2
2024-01-07 17:00:00,18,Татнефть-АЗС-019,180.54842986407218,total_fuel_sales,Продажи топлива,baseline_hgb_v2
2024-01-07 18:00:00,18,Татнефть-АЗС-019,83.15394056170572,total_fuel_sales,Продажи топлива,baseline_hgb_v2
2024-01-07 19:00:00,18,Татнефть-АЗС-019,92.86109003722265,total_fuel_sales,Продажи топлива,baseline_hgb_v2
2024-01-07 20:00:00,18,Татнефть-АЗС-019,28.258155217978693,total_fuel_sales,Продажи топлива,baseline_hgb_v2
2024-01-07 21:00:00,18,Татнефть-АЗС-019,18.303765045394698,total_fuel_sales,Продажи топлива,baseline_hgb_v2
2024-01-07 22:00:00,18,Татнефть-АЗС-019,2.890882106446885,total_fuel_sales,Продажи топлива,baseline_hgb_v2
2024-01-07 23:00:00,18,Татнефть-АЗС-019,0.7634967245056813,total_fuel_sales,Продажи топлива,baseline_hgb_v2
2024-01-01 00:00:00,19,Татнефть-АЗС-020,6.164243930685244,total_fuel_sales,Продажи топлива,baseline_hgb_v2
2024-01-01 01:00:00,19,Татнефть-АЗС-020,2.4712426881119436,total_fuel_sales,Продажи топлива,baseline_hgb_v2
2024-01-01 02:00:00,19,Татнефть-АЗС-020,6.117564020397794,total_fuel_sales,Продажи топлива,baseline_hgb_v2
2024-01-01 03:00:00,19,Татнефть-АЗС-020,4.1840661727239965,total_fuel_sales,Продажи топлива,baseline_hgb_v2
2024-01-01 04:00:00,19,Татнефть-АЗС-020,2.137044094439423,total_fuel_sales,Продажи топлива,baseline_hgb_v2
2024-01-01 05:00:00,19,Татнефть-АЗС-020,2.852047523956137,total_fuel_sales,Продажи топлива,baseline_hgb_v2
2024-01-01 06:00:00,19,Татнефть-АЗС-020,40.884975793702495,total_fuel_sales,Продажи топлива,baseline_hgb_v2
2024-01-01 07:00:00,19,Татнефть-АЗС-020,110.9210197058671,total_fuel_sales,Продажи топлива,baseline_hgb_v2
2024-01-01 08:00:00,19,Татнефть-АЗС-020,101.55776796052524,total_fuel_sales,Продажи топлива,baseline_hgb_v2
2024-01-01 09:00:00,19,Татнефть-АЗС-020,122.16382228953084,total_fuel_sales,Продажи топлива,baseline_hgb_v2
2024-01-01 10:00:00,19,Татнефть-АЗС-020,20.74181554929016,total_fuel_sales,Продажи топлива,baseline_hgb_v2
2024-01-01 11:00:00,19,Татнефть-АЗС-020,15.032039869108358,total_fuel_sales,Продажи топлива,baseline_hgb_v2
2024-01-01 12:00:00,19,Татнефть-АЗС-020,26.22361753256404,total_fuel_sales,Продажи топлива,baseline_hgb_v2
2024-01-01 13:00:00,19,Татнефть-АЗС-020,41.60094875861163,total_fuel_sales,Продажи топлива,baseline_hgb_v2
2024-01-01 14:00:00,19,Татнефть-АЗС-020,24.347015678645555,total_fuel_sales,Продажи топлива,baseline_hgb_v2
2024-01-01 15:00:00,19,Татнефть-АЗС-020,23.987197066860663,total_fuel_sales,Продажи топлива,baseline_hgb_v2
2024-01-01 16:00:00,19,Татнефть-АЗС-020,28.031405893884425,total_fuel_sales,Продажи топлива,baseline_hgb_v2
2024-01-01 17:00:00,19,Татнефть-АЗС-020,77.27234247581383,total_fuel_sales,Продажи топлива,baseline_hgb_v2
2024-01-01 18:00:00,19,Татнефть-АЗС-020,68.75486652457735,total_fuel_sales,Продажи топлива,baseline_hgb_v2
2024-01-01 19:00:00,19,Татнефть-АЗС-020,103.55863016732903,total_fuel_sales,Продажи топлива,baseline_hgb_v2
2024-01-01 20:00:00,19,Татнефть-АЗС-020,14.737646397554212,total_fuel_sales,Продажи топлива,baseline_hgb_v2
2024-01-01 21:00:00,19,Татнефть-АЗС-020,26.697235670624025,total_fuel_sales,Продажи топлива,baseline_hgb_v2
2024-01-01 22:00:00,19,Татнефть-АЗС-020,5.736165435943045,total_fuel_sales,Продажи топлива,baseline_hgb_v2
2024-01-01 23:00:00,19,Татнефть-АЗС-020,5.736165435943045,total_fuel_sales,Продажи топлива,baseline_hgb_v2
2024-01-02 00:00:00,19,Татнефть-АЗС-020,2.4712426881119436,total_fuel_sales,Продажи топлива,baseline_hgb_v2
2024-01-02 01:00:00,19,Татнефть-АЗС-020,5.787328634447548,total_fuel_sales,Продажи топлива,baseline_hgb_v2
2024-01-02 02:00:00,19,Татнефть-АЗС-020,1.9507400381825033,total_fuel_sales,Продажи топлива,baseline_hgb_v2
2024-01-02 03:00:00,19,Татнефть-АЗС-020,1.9507400381825033,total_fuel_sales,Продажи топлива,baseline_hgb_v2
2024-01-02 04:00:00,19,Татнефть-АЗС-020,2.852047523956137,total_fuel_sales,Продажи топлива,baseline_hgb_v2
2024-01-02 05:00:00,19,Татнефть-АЗС-020,5.1113567255934145,total_fuel_sales,Продажи топлива,baseline_hgb_v2
2024-01-02 06:00:00,19,Татнефть-АЗС-020,38.65020014280679,total_fuel_sales,Продажи топлива,baseline_hgb_v2
2024-01-02 07:00:00,19,Татнефть-АЗС-020,112.01692721909627,total_fuel_sales,Продажи топлива,baseline_hgb_v2
2024-01-02 08:00:00,19,Татнефть-АЗС-020,214.2342986832728,total_fuel_sales,Продажи топлива,baseline_hgb_v2
2024-01-02 09:00:00,19,Татнефть-АЗС-020,110.72723790150694,total_fuel_sales,Продажи топлива,baseline_hgb_v2
2024-01-02 10:00:00,19,Татнефть-АЗС-020,22.272835675489866,total_fuel_sales,Продажи топлива,baseline_hgb_v2
2024-01-02 11:00:00,19,Татнефть-АЗС-020,25.243364099694254,total_fuel_sales,Продажи топлива,baseline_hgb_v2
2024-01-02 12:00:00,19,Татнефть-АЗС-020,24.347015678645555,total_fuel_sales,Продажи топлива,baseline_hgb_v2
2024-01-02 13:00:00,19,Татнефть-АЗС-020,19.360557126031473,total_fuel_sales,Продажи топлива,baseline_hgb_v2
2024-01-02 14:00:00,19,Татнефть-АЗС-020,37.98606722376147,total_fuel_sales,Продажи топлива,baseline_hgb_v2
2024-01-02 15:00:00,19,Татнефть-АЗС-020,26.7035380271486,total_fuel_sales,Продажи топлива,baseline_hgb_v2
2024-01-02 16:00:00,19,Татнефть-АЗС-020,21.844270351205793,total_fuel_sales,Продажи топлива,baseline_hgb_v2
2024-01-02 17:00:00,19,Татнефть-АЗС-020,173.88785082148237,total_fuel_sales,Продажи топлива,baseline_hgb_v2
2024-01-02 18:00:00,19,Татнефть-АЗС-020,135.46478801188593,total_fuel_sales,Продажи топлива,baseline_hgb_v2
2024-01-02 19:00:00,19,Татнефть-АЗС-020,152.0219733084156,total_fuel_sales,Продажи топлива,baseline_hgb_v2
2024-01-02 20:00:00,19,Татнефть-АЗС-020,17.200574858164707,total_fuel_sales,Продажи топлива,baseline_hgb_v2
2024-01-02 21:00:00,19,Татнефть-АЗС-020,23.980894710336088,total_fuel_sales,Продажи топлива,baseline_hgb_v2
2024-01-02 22:00:00,19,Татнефть-АЗС-020,5.060193527088911,total_fuel_sales,Продажи топлива,baseline_hgb_v2
2024-01-02 23:00:00,19,Татнефть-АЗС-020,5.736165435943045,total_fuel_sales,Продажи топлива,baseline_hgb_v2
2024-01-03 00:00:00,19,Татнефть-АЗС-020,2.4712426881119436,total_fuel_sales,Продажи топлива,baseline_hgb_v2
2024-01-03 01:00:00,19,Татнефть-АЗС-020,6.855449075704467,total_fuel_sales,Продажи топлива,baseline_hgb_v2
2024-01-03 02:00:00,19,Татнефть-АЗС-020,4.2959312850864935,total_fuel_sales,Продажи топлива,baseline_hgb_v2
2024-01-03 03:00:00,19,Татнефть-АЗС-020,5.1113567255934145,total_fuel_sales,Продажи топлива,baseline_hgb_v2
2024-01-03 04:00:00,19,Татнефть-АЗС-020,4.997738461364176,total_fuel_sales,Продажи топлива,baseline_hgb_v2
2024-01-03 05:00:00,19,Татнефть-АЗС-020,6.164243930685244,total_fuel_sales,Продажи топлива,baseline_hgb_v2
2024-01-03 06:00:00,19,Татнефть-АЗС-020,23.123599756775796,total_fuel_sales,Продажи топлива,baseline_hgb_v2
2024-01-03 07:00:00,19,Татнефть-АЗС-020,219.33621702917742,total_fuel_sales,Продажи топлива,baseline_hgb_v2
2024-01-03 08:00:00,19,Татнефть-АЗС-020,126.40605603576287,total_fuel_sales,Продажи топлива,baseline_hgb_v2
2024-01-03 09:00:00,19,Татнефть-АЗС-020,183.05077412330948,total_fuel_sales,Продажи топлива,baseline_hgb_v2
2024-01-03 10:00:00,19,Татнефть-АЗС-020,36.27652106234656,total_fuel_sales,Продажи топлива,baseline_hgb_v2
2024-01-03 11:00:00,19,Татнефть-АЗС-020,15.032039869108358,total_fuel_sales,Продажи топлива,baseline_hgb_v2
2024-01-03 12:00:00,19,Татнефть-АЗС-020,30.355648797423473,total_fuel_sales,Продажи топлива,baseline_hgb_v2
2024-01-03 13:00:00,19,Татнефть-АЗС-020,44.9553651321946,total_fuel_sales,Продажи топлива,baseline_hgb_v2
2024-01-03 14:00:00,19,Татнефть-АЗС-020,26.22361753256404,total_fuel_sales,Продажи топлива,baseline_hgb_v2
2024-01-03 15:00:00,19,Татнефть-АЗС-020,30.524679539744852,total_fuel_sales,Продажи топлива,baseline_hgb_v2
2024-01-03 16:00:00,19,Татнефть-АЗС-020,17.206877214689282,total_fuel_sales,Продажи топлива,baseline_hgb_v2
2024-01-03 17:00:00,19,Татнефть-АЗС-020,82.06774106243667,total_fuel_sales,Продажи топлива,baseline_hgb_v2
2024-01-03 18:00:00,19,Татнефть-АЗС-020,120.11180819018385,total_fuel_sales,Продажи топлива,baseline_hgb_v2
2024-01-03 19:00:00,19,Татнефть-АЗС-020,166.1032719508919,total_fuel_sales,Продажи топлива,baseline_hgb_v2
2024-01-03 20:00:00,19,Татнефть-АЗС-020,18.50024564470533,total_fuel_sales,Продажи топлива,baseline_hgb_v2
2024-01-03 21:00:00,19,Татнефть-АЗС-020,14.737646397554212,total_fuel_sales,Продажи топлива,baseline_hgb_v2
2024-01-03 22:00:00,19,Татнефть-АЗС-020,1.9712331669994678,total_fuel_sales,Продажи топлива,baseline_hgb_v2
2024-01-03 23:00:00,19,Татнефть-АЗС-020,1.6441958312947202,total_fuel_sales,Продажи топлива,baseline_hgb_v2
2024-01-04 00:00:00,19,Татнефть-АЗС-020,2.4712426881119436,total_fuel_sales,Продажи топлива,baseline_hgb_v2
2024-01-04 01:00:00,19,Татнефть-АЗС-020,2.2777773738872495,total_fuel_sales,Продажи топлива,baseline_hgb_v2
2024-01-04 02:00:00,19,Татнефть-АЗС-020,6.117564020397794,total_fuel_sales,Продажи топлива,baseline_hgb_v2
2024-01-04 03:00:00,19,Татнефть-АЗС-020,6.117564020397794,total_fuel_sales,Продажи топлива,baseline_hgb_v2
2024-01-04 04:00:00,19,Татнефть-АЗС-020,2.4712426881119436,total_fuel_sales,Продажи топлива,baseline_hgb_v2
2024-01-04 05:00:00,19,Татнефть-АЗС-020,5.1113567255934145,total_fuel_sales,Продажи топлива,baseline_hgb_v2
2024-01-04 06:00:00,19,Татнефть-АЗС-020,38.311012039061545,total_fuel_sales,Продажи топлива,baseline_hgb_v2
2024-01-04 07:00:00,19,Татнефть-АЗС-020,137.00325562282293,total_fuel_sales,Продажи топлива,baseline_hgb_v2
2024-01-04 08:00:00,19,Татнефть-АЗС-020,219.81350088234672,total_fuel_sales,Продажи топлива,baseline_hgb_v2
2024-01-04 09:00:00,19,Татнефть-АЗС-020,136.60949475947206,total_fuel_sales,Продажи топлива,baseline_hgb_v2
2024-01-04 10:00:00,19,Татнефть-АЗС-020,23.80966635650479,total_fuel_sales,Продажи топлива,baseline_hgb_v2
2024-01-04 11:00:00,19,Татнефть-АЗС-020,17.362702667962225,total_fuel_sales,Продажи топлива,baseline_hgb_v2
2024-01-04 12:00:00,19,Татнефть-АЗС-020,22.776748751182836,total_fuel_sales,Продажи топлива,baseline_hgb_v2
2024-01-04 13:00:00,19,Татнефть-АЗС-020,20.187990280600793,total_fuel_sales,Продажи топлива,baseline_hgb_v2
2024-01-04 14:00:00,19,Татнефть-АЗС-020,48.23021799466965,total_fuel_sales,Продажи топлива,baseline_hgb_v2
2024-01-04 15:00:00,19,Татнефть-АЗС-020,13.67540698979731,total_fuel_sales,Продажи топлива,baseline_hgb_v2
2024-01-04 16:00:00,19,Татнефть-АЗС-020,21.831845428279852,total_fuel_sales,Продажи топлива,baseline_hgb_v2
2024-01-04 17:00:00,19,Татнефть-АЗС-020,154.91279542806532,total_fuel_sales,Продажи топлива,baseline_hgb_v2
2024-01-04 18:00:00,19,Татнефть-АЗС-020,147.67222129174874,total_fuel_sales,Продажи топлива,baseline_hgb_v2
2024-01-04 19:00:00,19,Татнефть-АЗС-020,139.88853946926722,total_fuel_sales,Продажи топлива,baseline_hgb_v2
2024-01-04 20:00:00,19,Татнефть-АЗС-020,26.910200535683398,total_fuel_sales,Продажи топлива,baseline_hgb_v2
2024-01-04 21:00:00,19,Татнефть-АЗС-020,24.46587392752228,total_fuel_sales,Продажи топлива,baseline_hgb_v2
2024-01-04 22:00:00,19,Татнефть-АЗС-020,6.782405522484373,total_fuel_sales,Продажи топлива,baseline_hgb_v2
2024-01-04 23:00:00,19,Татнефть-АЗС-020,6.066400821893291,total_fuel_sales,Продажи топлива,baseline_hgb_v2
2024-01-05 00:00:00,19,Татнефть-АЗС-020,1.9507400381825033,total_fuel_sales,Продажи топлива,baseline_hgb_v2
2024-01-05 01:00:00,19,Татнефть-АЗС-020,6.164243930685244,total_fuel_sales,Продажи топлива,baseline_hgb_v2
2024-01-05 02:00:00,19,Татнефть-АЗС-020,5.1113567255934145,total_fuel_sales,Продажи топлива,baseline_hgb_v2
2024-01-05 03:00:00,19,Татнефть-АЗС-020,5.787328634447548,total_fuel_sales,Продажи топлива,baseline_hgb_v2
2024-01-05 04:00:00,19,Татнефть-АЗС-020,2.2777773738872495,total_fuel_sales,Продажи топлива,baseline_hgb_v2
2024-01-05 05:00:00,19,Татнефть-АЗС-020,5.1113567255934145,total_fuel_sales,Продажи топлива,baseline_hgb_v2
2024-01-05 06:00:00,19,Татнефть-АЗС-020,31.322391096310096,total_fuel_sales,Продажи топлива,baseline_hgb_v2
2024-01-05 07:00:00,19,Татнефть-АЗС-020,205.69576104342613,total_fuel_sales,Продажи топлива,baseline_hgb_v2
2024-01-05 08:00:00,19,Татнефть-АЗС-020,204.14896843647782,total_fuel_sales,Продажи топлива,baseline_hgb_v2
2024-01-05 09:00:00,19,Татнефть-АЗС-020,188.58707487858132,total_fuel_sales,Продажи топлива,baseline_hgb_v2
2024-01-05 10:00:00,19,Татнефть-АЗС-020,39.97297948009444,total_fuel_sales,Продажи топлива,baseline_hgb_v2
2024-01-05 11:00:00,19,Татнефть-АЗС-020,26.611780218900485,total_fuel_sales,Продажи топлива,baseline_hgb_v2
2024-01-05 12:00:00,19,Татнефть-АЗС-020,46.727014592382055,total_fuel_sales,Продажи топлива,baseline_hgb_v2
2024-01-05 13:00:00,19,Татнефть-АЗС-020,27.0622061903632,total_fuel_sales,Продажи топлива,baseline_hgb_v2
2024-01-05 14:00:00,19,Татнефть-АЗС-020,27.0622061903632,total_fuel_sales,Продажи топлива,baseline_hgb_v2
2024-01-05 15:00:00,19,Татнефть-АЗС-020,24.359740499690524,total_fuel_sales,Продажи топлива,baseline_hgb_v2
2024-01-05 16:00:00,19,Татнефть-АЗС-020,30.720003162099832,total_fuel_sales,Продажи топлива,baseline_hgb_v2
2024-01-05 17:00:00,19,Татнефть-АЗС-020,152.09305087532624,total_fuel_sales,Продажи топлива,baseline_hgb_v2
2024-01-05 18:00:00,19,Татнефть-АЗС-020,139.95961703617786,total_fuel_sales,Продажи топлива,baseline_hgb_v2
2024-01-05 19:00:00,19,Татнефть-АЗС-020,143.41014730310744,total_fuel_sales,Продажи топлива,baseline_hgb_v2
2024-01-05 20:00:00,19,Татнефть-АЗС-020,23.980894710336088,total_fuel_sales,Продажи топлива,baseline_hgb_v2
2024-01-05 21:00:00,19,Татнефть-АЗС-020,15.33068621649362,total_fuel_sales,Продажи топлива,baseline_hgb_v2
2024-01-05 22:00:00,19,Татнефть-АЗС-020,6.335960178292101,total_fuel_sales,Продажи топлива,baseline_hgb_v2
2024-01-05 23:00:00,19,Татнефть-АЗС-020,5.736165435943045,total_fuel_sales,Продажи топлива,baseline_hgb_v2
2024-01-06 00:00:00,19,Татнефть-АЗС-020,1.4904234306766657,total_fuel_sales,Продажи топлива,baseline_hgb_v2
2024-01-06 01:00:00,19,Татнефть-АЗС-020,4.156895794009117,total_fuel_sales,Продажи топлива,baseline_hgb_v2
2024-01-06 02:00:00,19,Татнефть-АЗС-020,3.101293070310824,total_fuel_sales,Продажи топлива,baseline_hgb_v2
2024-01-06 03:00:00,19,Татнефть-АЗС-020,2.773717535364249,total_fuel_sales,Продажи топлива,baseline_hgb_v2
2024-01-06 04:00:00,19,Татнефть-АЗС-020,1.4904234306766657,total_fuel_sales,Продажи топлива,baseline_hgb_v2
2024-01-06 05:00:00,19,Татнефть-АЗС-020,1.4904234306766657,total_fuel_sales,Продажи топлива,baseline_hgb_v2
2024-01-06 06:00:00,19,Татнефть-АЗС-020,19.708114067246186,total_fuel_sales,Продажи топлива,baseline_hgb_v2
2024-01-06 07:00:00,19,Татнефть-АЗС-020,159.8240846183523,total_fuel_sales,Продажи топлива,baseline_hgb_v2
2024-01-06 08:00:00,19,Татнефть-АЗС-020,170.41941936695648,total_fuel_sales,Продажи топлива,baseline_hgb_v2
2024-01-06 09:00:00,19,Татнефть-АЗС-020,81.00669890338717,total_fuel_sales,Продажи топлива,baseline_hgb_v2
2024-01-06 10:00:00,19,Татнефть-АЗС-020,30.159294385173876,total_fuel_sales,Продажи топлива,baseline_hgb_v2
2024-01-06 11:00:00,19,Татнефть-АЗС-020,19.476608999454974,total_fuel_sales,Продажи топлива,baseline_hgb_v2
2024-01-06 12:00:00,19,Татнефть-АЗС-020,17.54615473252295,total_fuel_sales,Продажи топлива,baseline_hgb_v2
2024-01-06 13:00:00,19,Татнефть-АЗС-020,15.463537578594025,total_fuel_sales,Продажи топлива,baseline_hgb_v2
2024-01-06 14:00:00,19,Татнефть-АЗС-020,26.81832944041219,total_fuel_sales,Продажи топлива,baseline_hgb_v2
2024-01-06 15:00:00,19,Татнефть-АЗС-020,20.743577698101962,total_fuel_sales,Продажи топлива,baseline_hgb_v2
2024-01-06 16:00:00,19,Татнефть-АЗС-020,11.409940906283586,total_fuel_sales,Продажи топлива,baseline_hgb_v2
2024-01-06 17:00:00,19,Татнефть-АЗС-020,98.35890729132419,total_fuel_sales,Продажи топлива,baseline_hgb_v2
2024-01-06 18:00:00,19,Татнефть-АЗС-020,94.75769577034147,total_fuel_sales,Продажи топлива,baseline_hgb_v2
2024-01-06 19:00:00,19,Татнефть-АЗС-020,56.59511652798278,total_fuel_sales,Продажи топлива,baseline_hgb_v2
2024-01-06 20:00:00,19,Татнефть-АЗС-020,16.355452003544244,total_fuel_sales,Продажи топлива,baseline_hgb_v2
2024-01-06 21:00:00,19,Татнефть-АЗС-020,13.377245708697567,total_fuel_sales,Продажи топлива,baseline_hgb_v2
2024-01-06 22:00:00,19,Татнефть-АЗС-020,1.378318410905464,total_fuel_sales,Продажи топлива,baseline_hgb_v2
2024-01-06 23:00:00,19,Татнефть-АЗС-020,4.0806235357803375,total_fuel_sales,Продажи топлива,baseline_hgb_v2
2024-01-07 00:00:00,19,Татнефть-АЗС-020,1.4904234306766657,total_fuel_sales,Продажи топлива,baseline_hgb_v2
2024-01-07 01:00:00,19,Татнефть-АЗС-020,1.638564497152617,total_fuel_sales,Продажи топлива,baseline_hgb_v2
2024-01-07 02:00:00,19,Татнефть-АЗС-020,1.4904234306766657,total_fuel_sales,Продажи топлива,baseline_hgb_v2
2024-01-07 03:00:00,19,Татнефть-АЗС-020,3.101293070310824,total_fuel_sales,Продажи топлива,baseline_hgb_v2
2024-01-07 04:00:00,19,Татнефть-АЗС-020,4.433285854797259,total_fuel_sales,Продажи топлива,baseline_hgb_v2
2024-01-07 05:00:00,19,Татнефть-АЗС-020,4.433285854797259,total_fuel_sales,Продажи топлива,baseline_hgb_v2
2024-01-07 06:00:00,19,Татнефть-АЗС-020,28.936476846079675,total_fuel_sales,Продажи топлива,baseline_hgb_v2
2024-01-07 07:00:00,19,Татнефть-АЗС-020,151.06700886503904,total_fuel_sales,Продажи топлива,baseline_hgb_v2
2024-01-07 08:00:00,19,Татнефть-АЗС-020,142.14700550232774,total_fuel_sales,Продажи топлива,baseline_hgb_v2
2024-01-07 09:00:00,19,Татнефть-АЗС-020,81.35218209278634,total_fuel_sales,Продажи топлива,baseline_hgb_v2
2024-01-07 10:00:00,19,Татнефть-АЗС-020,30.947690403247243,total_fuel_sales,Продажи топлива,baseline_hgb_v2
2024-01-07 11:00:00,19,Татнефть-АЗС-020,20.424890293539324,total_fuel_sales,Продажи топлива,baseline_hgb_v2
2024-01-07 12:00:00,19,Татнефть-АЗС-020,18.611038781896863,total_fuel_sales,Продажи топлива,baseline_hgb_v2
2024-01-07 13:00:00,19,Татнефть-АЗС-020,35.04112339571814,total_fuel_sales,Продажи топлива,baseline_hgb_v2
2024-01-07 14:00:00,19,Татнефть-АЗС-020,17.54615473252295,total_fuel_sales,Продажи топлива,baseline_hgb_v2
2024-01-07 15:00:00,19,Татнефть-АЗС-020,20.386735795467633,total_fuel_sales,Продажи топлива,baseline_hgb_v2
2024-01-07 16:00:00,19,Татнефть-АЗС-020,18.746078411061088,total_fuel_sales,Продажи топлива,baseline_hgb_v2
2024-01-07 17:00:00,19,Татнефть-АЗС-020,102.84948182540505,total_fuel_sales,Продажи топлива,baseline_hgb_v2
2024-01-07 18:00:00,19,Татнефть-АЗС-020,112.40652689015155,total_fuel_sales,Продажи топлива,baseline_hgb_v2
2024-01-07 19:00:00,19,Татнефть-АЗС-020,64.87034777351964,total_fuel_sales,Продажи топлива,baseline_hgb_v2
2024-01-07 20:00:00,19,Татнефть-АЗС-020,22.989492600285494,total_fuel_sales,Продажи топлива,baseline_hgb_v2
2024-01-07 21:00:00,19,Татнефть-АЗС-020,10.213647362245373,total_fuel_sales,Продажи топлива,baseline_hgb_v2
2024-01-07 22:00:00,19,Татнефть-АЗС-020,4.35851904053438,total_fuel_sales,Продажи топлива,baseline_hgb_v2
2024-01-07 23:00:00,19,Татнефть-АЗС-020,3.5448467518942004,total_fuel_sales,Продажи топлива,baseline_hgb_v2
2024-01-01 00:00:00,2,Татнефть-АЗС-003,2.5196144176060056,total_fuel_sales,Продажи топлива,baseline_hgb_v2
2024-01-01 01:00:00,2,Татнефть-АЗС-003,2.987927613669903,total_fuel_sales,Продажи топлива,baseline_hgb_v2
2024-01-01 02:00:00,2,Татнефть-АЗС-003,6.435648972632626,total_fuel_sales,Продажи топлива,baseline_hgb_v2
2024-01-01 03:00:00,2,Татнефть-АЗС-003,6.834310967305808,total_fuel_sales,Продажи топлива,baseline_hgb_v2
2024-01-01 04:00:00,2,Татнефть-АЗС-003,6.435648972632626,total_fuel_sales,Продажи топлива,baseline_hgb_v2
2024-01-01 05:00:00,2,Татнефть-АЗС-003,2.5196144176060056,total_fuel_sales,Продажи топлива,baseline_hgb_v2
2024-01-01 06:00:00,2,Татнефть-АЗС-003,20.075214334523523,total_fuel_sales,Продажи топлива,baseline_hgb_v2
2024-01-01 07:00:00,2,Татнефть-АЗС-003,164.07583559341796,total_fuel_sales,Продажи топлива,baseline_hgb_v2
2024-01-01 08:00:00,2,Татнефть-АЗС-003,81.16936640878218,total_fuel_sales,Продажи топлива,baseline_hgb_v2
2024-01-01 09:00:00,2,Татнефть-АЗС-003,157.72980888264382,total_fuel_sales,Продажи топлива,baseline_hgb_v2
2024-01-01 10:00:00,2,Татнефть-АЗС-003,17.69130550246852,total_fuel_sales,Продажи топлива,baseline_hgb_v2
2024-01-01 11:00:00,2,Татнефть-АЗС-003,15.109559765543555,total_fuel_sales,Продажи топлива,baseline_hgb_v2
2024-01-01 12:00:00,2,Татнефть-АЗС-003,32.17896580331846,total_fuel_sales,Продажи топлива,baseline_hgb_v2
2024-01-01 13:00:00,2,Татнефть-АЗС-003,31.376389211481694,total_fuel_sales,Продажи топлива,baseline_hgb_v2
2024-01-01 14:00:00,2,Татнефть-АЗС-003,47.35383670716845,total_fuel_sales,Продажи топлива,baseline_hgb_v2
2024-01-01 15:00:00,2,Татнефть-АЗС-003,18.04952837677569,total_fuel_sales,Продажи топлива,baseline_hgb_v2
2024-01-01 16:00:00,2,Татнефть-АЗС-003,51.589780373345505,total_fuel_sales,Продажи топлива,baseline_hgb_v2
2024-01-01 17:00:00,2,Татнефть-АЗС-003,275.1219239936344,total_fuel_sales,Продажи топлива,baseline_hgb_v2
2024-01-01 18:00:00,2,Татнефть-АЗС-003,284.06463863164436,total_fuel_sales,Продажи топлива,baseline_hgb_v2
2024-01-01 19:00:00,2,Татнефть-АЗС-003,294.32358313340615,total_fuel_sales,Продажи топлива,baseline_hgb_v2
2024-01-01 20:00:00,2,Татнефть-АЗС-003,54.78472017881547,total_fuel_sales,Продажи топлива,baseline_hgb_v2
2024-01-01 21:00:00,2,Татнефть-АЗС-003,18.043226020251115,total_fuel_sales,Продажи топлива,baseline_hgb_v2
2024-01-01 22:00:00,2,Татнефть-АЗС-003,6.69364642521526,total_fuel_sales,Продажи топлива,baseline_hgb_v2
2024-01-01 23:00:00,2,Татнефть-АЗС-003,2.7330868561560897,total_fuel_sales,Продажи топлива,baseline_hgb_v2
2024-01-02 00:00:00,2,Татнефть-АЗС-003,2.5196144176060056,total_fuel_sales,Продажи топлива,baseline_hgb_v2
2024-01-02 01:00:00,2,Татнефть-АЗС-003,6.834310967305808,total_fuel_sales,Продажи топлива,baseline_hgb_v2
2024-01-02 02:00:00,2,Татнефть-АЗС-003,2.5196144176060056,total_fuel_sales,Продажи топлива,baseline_hgb_v2
2024-01-02 03:00:00,2,Татнефть-АЗС-003,2.5196144176060056,total_fuel_sales,Продажи топлива,baseline_hgb_v2
2024-01-02 04:00:00,2,Татнефть-АЗС-003,2.5196144176060056,total_fuel_sales,Продажи топлива,baseline_hgb_v2
2024-01-02 05:00:00,2,Татнефть-АЗС-003,2.9979908700322038,total_fuel_sales,Продажи топлива,baseline_hgb_v2
2024-01-02 06:00:00,2,Татнефть-АЗС-003,34.499052408142205,total_fuel_sales,Продажи топлива,baseline_hgb_v2
2024-01-02 07:00:00,2,Татнефть-АЗС-003,95.1800291664204,total_fuel_sales,Продажи топлива,baseline_hgb_v2
2024-01-02 08:00:00,2,Татнефть-АЗС-003,155.66816716302375,total_fuel_sales,Продажи топлива,baseline_hgb_v2
2024-01-02 09:00:00,2,Татнефть-АЗС-003,83.51596901299166,total_fuel_sales,Продажи топлива,baseline_hgb_v2
2024-01-02 10:00:00,2,Татнефть-АЗС-003,18.70842348393468,total_fuel_sales,Продажи топлива,baseline_hgb_v2
2024-01-02 11:00:00,2,Татнефть-АЗС-003,18.70842348393468,total_fuel_sales,Продажи топлива,baseline_hgb_v2
2024-01-02 12:00:00,2,Татнефть-АЗС-003,54.43836887481571,total_fuel_sales,Продажи топлива,baseline_hgb_v2
2024-01-02 13:00:00,2,Татнефть-АЗС-003,31.393335940833737,total_fuel_sales,Продажи топлива,baseline_hgb_v2
2024-01-02 14:00:00,2,Татнефть-АЗС-003,48.40496619202193,total_fuel_sales,Продажи топлива,baseline_hgb_v2
2024-01-02 15:00:00,2,Татнефть-АЗС-003,18.066475106127733,total_fuel_sales,Продажи топлива,baseline_hgb_v2
2024-01-02 16:00:00,2,Татнефть-АЗС-003,33.13779942262515,total_fuel_sales,Продажи топлива,baseline_hgb_v2
2024-01-02 17:00:00,2,Татнефть-АЗС-003,281.2230081542373,total_fuel_sales,Продажи топлива,baseline_hgb_v2
2024-01-02 18:00:00,2,Татнефть-АЗС-003,249.48157977423543,total_fuel_sales,Продажи топлива,baseline_hgb_v2
2024-01-02 19:00:00,2,Татнефть-АЗС-003,147.1569770258545,total_fuel_sales,Продажи топлива,baseline_hgb_v2
2024-01-02 20:00:00,2,Татнефть-АЗС-003,45.79747805536517,total_fuel_sales,Продажи топлива,baseline_hgb_v2
2024-01-02 21:00:00,2,Татнефть-АЗС-003,32.74075006809203,total_fuel_sales,Продажи топлива,baseline_hgb_v2
2024-01-02 22:00:00,2,Татнефть-АЗС-003,2.4883270553291355,total_fuel_sales,Продажи топлива,baseline_hgb_v2
2024-01-02 23:00:00,2,Татнефть-АЗС-003,5.193372430002793,total_fuel_sales,Продажи топлива,baseline_hgb_v2
2024-01-03 00:00:00,2,Татнефть-АЗС-003,6.435648972632626,total_fuel_sales,Продажи топлива,baseline_hgb_v2
2024-01-03 01:00:00,2,Татнефть-АЗС-003,6.834310967305808,total_fuel_sales,Продажи топлива,baseline_hgb_v2
2024-01-03 02:00:00,2,Татнефть-АЗС-003,6.834310967305808,total_fuel_sales,Продажи топлива,baseline_hgb_v2
2024-01-03 03:00:00,2,Татнефть-АЗС-003,6.885890416124918,total_fuel_sales,Продажи топлива,baseline_hgb_v2
2024-01-03 04:00:00,2,Татнефть-АЗС-003,6.835816411271708,total_fuel_sales,Продажи топлива,baseline_hgb_v2
2024-01-03 05:00:00,2,Татнефть-АЗС-003,2.405996153376767,total_fuel_sales,Продажи топлива,baseline_hgb_v2
2024-01-03 06:00:00,2,Татнефть-АЗС-003,33.31334114566532,total_fuel_sales,Продажи топлива,baseline_hgb_v2
2024-01-03 07:00:00,2,Татнефть-АЗС-003,164.3593248776622,total_fuel_sales,Продажи топлива,baseline_hgb_v2
2024-01-03 08:00:00,2,Татнефть-АЗС-003,98.27918027332986,total_fuel_sales,Продажи топлива,baseline_hgb_v2
2024-01-03 09:00:00,2,Татнефть-АЗС-003,103.56937752545625,total_fuel_sales,Продажи топлива,baseline_hgb_v2
2024-01-03 10:00:00,2,Татнефть-АЗС-003,18.70155003130884,total_fuel_sales,Продажи топлива,baseline_hgb_v2
2024-01-03 11:00:00,2,Татнефть-АЗС-003,33.500798717449925,total_fuel_sales,Продажи топлива,baseline_hgb_v2
2024-01-03 12:00:00,2,Татнефть-АЗС-003,32.262049450380594,total_fuel_sales,Продажи топлива,baseline_hgb_v2
2024-01-03 13:00:00,2,Татнефть-АЗС-003,61.36774375611311,total_fuel_sales,Продажи топлива,baseline_hgb_v2
2024-01-03 14:00:00,2,Татнефть-АЗС-003,33.76012797914967,total_fuel_sales,Продажи топлива,baseline_hgb_v2
2024-01-03 15:00:00,2,Татнефть-АЗС-003,32.39634259312932,total_fuel_sales,Продажи топлива,baseline_hgb_v2
2024-01-03 16:00:00,2,Татнефть-АЗС-003,27.96401398425094,total_fuel_sales,Продажи топлива,baseline_hgb_v2
2024-01-03 17:00:00,2,Татнефть-АЗС-003,340.9861255216836,total_fuel_sales,Продажи топлива,baseline_hgb_v2
2024-01-03 18:00:00,2,Татнефть-АЗС-003,286.98231692287754,total_fuel_sales,Продажи топлива,baseline_hgb_v2
2024-01-03 19:00:00,2,Татнефть-АЗС-003,307.38122458242816,total_fuel_sales,Продажи топлива,baseline_hgb_v2
2024-01-03 20:00:00,2,Татнефть-АЗС-003,54.78472017881547,total_fuel_sales,Продажи топлива,baseline_hgb_v2
2024-01-03 21:00:00,2,Татнефть-АЗС-003,35.055536326617634,total_fuel_sales,Продажи топлива,baseline_hgb_v2
2024-01-03 22:00:00,2,Татнефть-АЗС-003,6.69364642521526,total_fuel_sales,Продажи топлива,baseline_hgb_v2
2024-01-03 23:00:00,2,Татнефть-АЗС-003,6.69364642521526,total_fuel_sales,Продажи топлива,baseline_hgb_v2
2024-01-04 00:00:00,2,Татнефть-АЗС-003,5.679964404069554,total_fuel_sales,Продажи топлива,baseline_hgb_v2
2024-01-04 01:00:00,2,Татнефть-АЗС-003,6.834310967305808,total_fuel_sales,Продажи топлива,baseline_hgb_v2
2024-01-04 02:00:00,2,Татнефть-АЗС-003,1.8802482708636992,total_fuel_sales,Продажи топлива,baseline_hgb_v2
2024-01-04 03:00:00,2,Татнефть-АЗС-003,6.435648972632626,total_fuel_sales,Продажи топлива,baseline_hgb_v2
2024-01-04 04:00:00,2,Татнефть-АЗС-003,2.5196144176060056,total_fuel_sales,Продажи топлива,baseline_hgb_v2
2024-01-04 05:00:00,2,Татнефть-АЗС-003,6.834310967305808,total_fuel_sales,Продажи топлива,baseline_hgb_v2
2024-01-04 06:00:00,2,Татнефть-АЗС-003,18.89629576833604,total_fuel_sales,Продажи топлива,baseline_hgb_v2
2024-01-04 07:00:00,2,Татнефть-АЗС-003,108.24330177832499,total_fuel_sales,Продажи топлива,baseline_hgb_v2
2024-01-04 08:00:00,2,Татнефть-АЗС-003,140.28622970117863,total_fuel_sales,Продажи топлива,baseline_hgb_v2
2024-01-04 09:00:00,2,Татнефть-АЗС-003,89.6752235279284,total_fuel_sales,Продажи топлива,baseline_hgb_v2
2024-01-04 10:00:00,2,Татнефть-АЗС-003,35.30188803407147,total_fuel_sales,Продажи топлива,baseline_hgb_v2
2024-01-04 11:00:00,2,Татнефть-АЗС-003,31.326417463807505,total_fuel_sales,Продажи топлива,baseline_hgb_v2
2024-01-04 12:00:00,2,Татнефть-АЗС-003,51.39019311069988,total_fuel_sales,Продажи топлива,baseline_hgb_v2
2024-01-04 13:00:00,2,Татнефть-АЗС-003,29.86277174633555,total_fuel_sales,Продажи топлива,baseline_hgb_v2
2024-01-04 14:00:00,2,Татнефть-АЗС-003,51.39019311069988,total_fuel_sales,Продажи топлива,baseline_hgb_v2
2024-01-04 15:00:00,2,Татнефть-АЗС-003,18.03710345384975,total_fuel_sales,Продажи топлива,baseline_hgb_v2
2024-01-04 16:00:00,2,Татнефть-АЗС-003,47.44176314063482,total_fuel_sales,Продажи топлива,baseline_hgb_v2
2024-01-04 17:00:00,2,Татнефть-АЗС-003,275.0042494684835,total_fuel_sales,Продажи топлива,baseline_hgb_v2
2024-01-04 18:00:00,2,Татнефть-АЗС-003,283.0119920887314,total_fuel_sales,Продажи топлива,baseline_hgb_v2
2024-01-04 19:00:00,2,Татнефть-АЗС-003,285.90450912710816,total_fuel_sales,Продажи топлива,baseline_hgb_v2
2024-01-04 20:00:00,2,Татнефть-АЗС-003,31.84602503311619,total_fuel_sales,Продажи топлива,baseline_hgb_v2
2024-01-04 21:00:00,2,Татнефть-АЗС-003,38.5740344241102,total_fuel_sales,Продажи топлива,baseline_hgb_v2
2024-01-04 22:00:00,2,Татнефть-АЗС-003,6.69364642521526,total_fuel_sales,Продажи топлива,baseline_hgb_v2
2024-01-04 23:00:00,2,Татнефть-АЗС-003,6.294984430542078,total_fuel_sales,Продажи топлива,baseline_hgb_v2
2024-01-05 00:00:00,2,Татнефть-АЗС-003,2.1281006486227247,total_fuel_sales,Продажи топлива,baseline_hgb_v2
2024-01-05 01:00:00,2,Татнефть-АЗС-003,6.834310967305808,total_fuel_sales,Продажи топлива,baseline_hgb_v2
2024-01-05 02:00:00,2,Татнефть-АЗС-003,6.435648972632626,total_fuel_sales,Продажи топлива,baseline_hgb_v2
2024-01-05 03:00:00,2,Татнефть-АЗС-003,2.5196144176060056,total_fuel_sales,Продажи топлива,baseline_hgb_v2
2024-01-05 04:00:00,2,Татнефть-АЗС-003,6.435648972632626,total_fuel_sales,Продажи топлива,baseline_hgb_v2
2024-01-05 05:00:00,2,Татнефть-АЗС-003,2.5196144176060056,total_fuel_sales,Продажи топлива,baseline_hgb_v2
2024-01-05 06:00:00,2,Татнефть-АЗС-003,18.89629576833604,total_fuel_sales,Продажи топлива,baseline_hgb_v2
2024-01-05 07:00:00,2,Татнефть-АЗС-003,90.33456528127937,total_fuel_sales,Продажи топлива,baseline_hgb_v2
2024-01-05 08:00:00,2,Татнефть-АЗС-003,99.70687019444287,total_fuel_sales,Продажи топлива,baseline_hgb_v2
2024-01-05 09:00:00,2,Татнефть-АЗС-003,147.78844290835752,total_fuel_sales,Продажи топлива,baseline_hgb_v2
2024-01-05 10:00:00,2,Татнефть-АЗС-003,40.96556286285766,total_fuel_sales,Продажи топлива,baseline_hgb_v2
2024-01-05 11:00:00,2,Татнефть-АЗС-003,18.69599856100874,total_fuel_sales,Продажи топлива,baseline_hgb_v2
2024-01-05 12:00:00,2,Татнефть-АЗС-003,32.24962452745466,total_fuel_sales,Продажи топлива,baseline_hgb_v2
2024-01-05 13:00:00,2,Татнефть-АЗС-003,59.20114670932926,total_fuel_sales,Продажи топлива,baseline_hgb_v2
2024-01-05 14:00:00,2,Татнефть-АЗС-003,31.363964288555753,total_fuel_sales,Продажи топлива,baseline_hgb_v2
2024-01-05 15:00:00,2,Татнефть-АЗС-003,23.718024337520564,total_fuel_sales,Продажи топлива,baseline_hgb_v2
2024-01-05 16:00:00,2,Татнефть-АЗС-003,31.617587085038558,total_fuel_sales,Продажи топлива,baseline_hgb_v2
2024-01-05 17:00:00,2,Татнефть-АЗС-003,320.96987593878674,total_fuel_sales,Продажи топлива,baseline_hgb_v2
2024-01-05 18:00:00,2,Татнефть-АЗС-003,286.3525819063444,total_fuel_sales,Продажи топлива,baseline_hgb_v2
2024-01-05 19:00:00,2,Татнефть-АЗС-003,278.90124482548777,total_fuel_sales,Продажи топлива,baseline_hgb_v2
2024-01-05 20:00:00,2,Татнефть-АЗС-003,31.433353594722096,total_fuel_sales,Продажи топлива,baseline_hgb_v2
2024-01-05 21:00:00,2,Татнефть-АЗС-003,35.055536326617634,total_fuel_sales,Продажи топлива,baseline_hgb_v2
2024-01-05 22:00:00,2,Татнефть-АЗС-003,6.69364642521526,total_fuel_sales,Продажи топлива,baseline_hgb_v2
2024-01-05 23:00:00,2,Татнефть-АЗС-003,6.806870423038432,total_fuel_sales,Продажи топлива,baseline_hgb_v2
2024-01-06 00:00:00,2,Татнефть-АЗС-003,6.5906721979418785,total_fuel_sales,Продажи топлива,baseline_hgb_v2
2024-01-06 01:00:00,2,Татнефть-АЗС-003,9.027872799194393,total_fuel_sales,Продажи топлива,baseline_hgb_v2
2024-01-06 02:00:00,2,Татнефть-АЗС-003,2.9149105518236595,total_fuel_sales,Продажи топлива,baseline_hgb_v2
2024-01-06 03:00:00,2,Татнефть-АЗС-003,6.5906721979418785,total_fuel_sales,Продажи топлива,baseline_hgb_v2
2024-01-06 04:00:00,2,Татнефть-АЗС-003,7.691862975037696,total_fuel_sales,Продажи топлива,baseline_hgb_v2
2024-01-06 05:00:00,2,Татнефть-АЗС-003,3.6061156968428887,total_fuel_sales,Продажи топлива,baseline_hgb_v2
2024-01-06 06:00:00,2,Татнефть-АЗС-003,19.58167400586357,total_fuel_sales,Продажи топлива,baseline_hgb_v2
2024-01-06 07:00:00,2,Татнефть-АЗС-003,118.75279103762931,total_fuel_sales,Продажи топлива,baseline_hgb_v2
2024-01-06 08:00:00,2,Татнефть-АЗС-003,110.8718840847065,total_fuel_sales,Продажи топлива,baseline_hgb_v2
2024-01-06 09:00:00,2,Татнефть-АЗС-003,216.2336491019001,total_fuel_sales,Продажи топлива,baseline_hgb_v2
2024-01-06 10:00:00,2,Татнефть-АЗС-003,23.372341609231686,total_fuel_sales,Продажи топлива,baseline_hgb_v2
2024-01-06 11:00:00,2,Татнефть-АЗС-003,22.750394582342906,total_fuel_sales,Продажи топлива,baseline_hgb_v2
2024-01-06 12:00:00,2,Татнефть-АЗС-003,75.040485137767,total_fuel_sales,Продажи топлива,baseline_hgb_v2
2024-01-06 13:00:00,2,Татнефть-АЗС-003,33.95425881423711,total_fuel_sales,Продажи топлива,baseline_hgb_v2
2024-01-06 14:00:00,2,Татнефть-АЗС-003,41.99226847993597,total_fuel_sales,Продажи топлива,baseline_hgb_v2
2024-01-06 15:00:00,2,Татнефть-АЗС-003,32.15432426044865,total_fuel_sales,Продажи топлива,baseline_hgb_v2
2024-01-06 16:00:00,2,Татнефть-АЗС-003,55.56520834450666,total_fuel_sales,Продажи топлива,baseline_hgb_v2
2024-01-06 17:00:00,2,Татнефть-АЗС-003,348.64907967694955,total_fuel_sales,Продажи топлива,baseline_hgb_v2
2024-01-06 18:00:00,2,Татнефть-АЗС-003,188.7509736041216,total_fuel_sales,Продажи топлива,baseline_hgb_v2
2024-01-06 19:00:00,2,Татнефть-АЗС-003,389.20148317287453,total_fuel_sales,Продажи топлива,baseline_hgb_v2
2024-01-06 20:00:00,2,Татнефть-АЗС-003,48.32497815640028,total_fuel_sales,Продажи топлива,baseline_hgb_v2
2024-01-06 21:00:00,2,Татнефть-АЗС-003,21.63982904082965,total_fuel_sales,Продажи топлива,baseline_hgb_v2
2024-01-06 22:00:00,2,Татнефть-АЗС-003,8.64073778010188,total_fuel_sales,Продажи топлива,baseline_hgb_v2
2024-01-06 23:00:00,2,Татнефть-АЗС-003,2.638241774565967,total_fuel_sales,Продажи топлива,baseline_hgb_v2
2024-01-07 00:00:00,2,Татнефть-АЗС-003,4.707727697382179,total_fuel_sales,Продажи топлива,baseline_hgb_v2
2024-01-07 01:00:00,2,Татнефть-АЗС-003,9.027872799194393,total_fuel_sales,Продажи топлива,baseline_hgb_v2
2024-01-07 02:00:00,2,Татнефть-АЗС-003,2.9149105518236595,total_fuel_sales,Продажи топлива,baseline_hgb_v2
2024-01-07 03:00:00,2,Татнефть-АЗС-003,9.027872799194393,total_fuel_sales,Продажи топлива,baseline_hgb_v2
2024-01-07 04:00:00,2,Татнефть-АЗС-003,2.436534099397462,total_fuel_sales,Продажи топлива,baseline_hgb_v2
2024-01-07 05:00:00,2,Татнефть-АЗС-003,9.92958377321411,total_fuel_sales,Продажи топлива,baseline_hgb_v2
2024-01-07 06:00:00,2,Татнефть-АЗС-003,18.25980488878481,total_fuel_sales,Продажи топлива,baseline_hgb_v2
2024-01-07 07:00:00,2,Татнефть-АЗС-003,215.28808423134785,total_fuel_sales,Продажи топлива,baseline_hgb_v2
2024-01-07 08:00:00,2,Татнефть-АЗС-003,192.48049621327866,total_fuel_sales,Продажи топлива,baseline_hgb_v2
2024-01-07 09:00:00,2,Татнефть-АЗС-003,129.58355605527197,total_fuel_sales,Продажи топлива,baseline_hgb_v2
2024-01-07 10:00:00,2,Татнефть-АЗС-003,23.693940758407066,total_fuel_sales,Продажи топлива,baseline_hgb_v2
2024-01-07 11:00:00,2,Татнефть-АЗС-003,22.216527927976543,total_fuel_sales,Продажи топлива,baseline_hgb_v2
2024-01-07 12:00:00,2,Татнефть-АЗС-003,57.59447405853912,total_fuel_sales,Продажи топлива,baseline_hgb_v2
2024-01-07 13:00:00,2,Татнефть-АЗС-003,31.494501124925762,total_fuel_sales,Продажи топлива,baseline_hgb_v2
2024-01-07 14:00:00,2,Татнефть-АЗС-003,43.84736262575882,total_fuel_sales,Продажи топлива,baseline_hgb_v2
2024-01-07 15:00:00,2,Татнефть-АЗС-003,40.90061612253654,total_fuel_sales,Продажи топлива,baseline_hgb_v2
2024-01-07 16:00:00,2,Татнефть-АЗС-003,34.53527051842496,total_fuel_sales,Продажи топлива,baseline_hgb_v2
2024-01-07 17:00:00,2,Татнефть-АЗС-003,201.38063956690283,total_fuel_sales,Продажи топлива,baseline_hgb_v2
2024-01-07 18:00:00,2,Татнефть-АЗС-003,187.4427740115122,total_fuel_sales,Продажи топлива,baseline_hgb_v2
2024-01-07 19:00:00,2,Татнефть-АЗС-003,170.20967290919347,total_fuel_sales,Продажи топлива,baseline_hgb_v2
2024-01-07 20:00:00,2,Татнефть-АЗС-003,32.51374343138237,total_fuel_sales,Продажи топлива,baseline_hgb_v2
2024-01-07 21:00:00,2,Татнефть-АЗС-003,33.22264314709018,total_fuel_sales,Продажи топлива,baseline_hgb_v2
2024-01-07 22:00:00,2,Татнефть-АЗС-003,6.266493737847168,total_fuel_sales,Продажи топлива,baseline_hgb_v2
2024-01-07 23:00:00,2,Татнефть-АЗС-003,7.3266083106607764,total_fuel_sales,Продажи топлива,baseline_hgb_v2
2024-01-01 00:00:00,20,Татнефть-АЗС-021,5.335542416059241,total_fuel_sales,Продажи топлива,baseline_hgb_v2
2024-01-01 01:00:00,20,Татнефть-АЗС-021,2.5196144176060056,total_fuel_sales,Продажи топлива,baseline_hgb_v2
2024-01-01 02:00:00,20,Татнефть-АЗС-021,2.5196144176060056,total_fuel_sales,Продажи топлива,baseline_hgb_v2
2024-01-01 03:00:00,20,Татнефть-АЗС-021,6.834310967305808,total_fuel_sales,Продажи топлива,baseline_hgb_v2
2024-01-01 04:00:00,20,Татнефть-АЗС-021,5.334036972093341,total_fuel_sales,Продажи топлива,baseline_hgb_v2
2024-01-01 05:00:00,20,Татнефть-АЗС-021,2.9979908700322038,total_fuel_sales,Продажи топлива,baseline_hgb_v2
2024-01-01 06:00:00,20,Татнефть-АЗС-021,33.31334114566532,total_fuel_sales,Продажи топлива,baseline_hgb_v2
2024-01-01 07:00:00,20,Татнефть-АЗС-021,181.5691477442643,total_fuel_sales,Продажи топлива,baseline_hgb_v2
2024-01-01 08:00:00,20,Татнефть-АЗС-021,99.6283310834772,total_fuel_sales,Продажи топлива,baseline_hgb_v2
2024-01-01 09:00:00,20,Татнефть-АЗС-021,181.6700237591916,total_fuel_sales,Продажи топлива,baseline_hgb_v2
2024-01-01 10:00:00,20,Татнефть-АЗС-021,19.874917127196223,total_fuel_sales,Продажи топлива,baseline_hgb_v2
2024-01-01 11:00:00,20,Татнефть-АЗС-021,21.642626191359504,total_fuel_sales,Продажи топлива,baseline_hgb_v2
2024-01-01 12:00:00,20,Татнефть-АЗС-021,59.20114670932926,total_fuel_sales,Продажи топлива,baseline_hgb_v2
2024-01-01 13:00:00,20,Татнефть-АЗС-021,32.56847012245763,total_fuel_sales,Продажи топлива,baseline_hgb_v2
2024-01-01 14:00:00,20,Татнефть-АЗС-021,47.41746791694497,total_fuel_sales,Продажи топлива,baseline_hgb_v2
2024-01-01 15:00:00,20,Татнефть-АЗС-021,18.946428872614106,total_fuel_sales,Продажи топлива,baseline_hgb_v2
2024-01-01 16:00:00,20,Татнефть-АЗС-021,32.277064978485726,total_fuel_sales,Продажи топлива,baseline_hgb_v2
2024-01-01 17:00:00,20,Татнефть-АЗС-021,252.33584141910336,total_fuel_sales,Продажи топлива,baseline_hgb_v2
2024-01-01 18:00:00,20,Татнефть-АЗС-021,259.38725856602156,total_fuel_sales,Продажи топлива,baseline_hgb_v2
2024-01-01 19:00:00,20,Татнефть-АЗС-021,189.125661213353,total_fuel_sales,Продажи топлива,baseline_hgb_v2
2024-01-01 20:00:00,20,Татнефть-АЗС-021,47.43546078411024,total_fuel_sales,Продажи топлива,baseline_hgb_v2
2024-01-01 21:00:00,20,Татнефть-АЗС-021,24.974846355061427,total_fuel_sales,Продажи топлива,baseline_hgb_v2
2024-01-01 22:00:00,20,Татнефть-АЗС-021,5.371440286608323,total_fuel_sales,Продажи топлива,baseline_hgb_v2
2024-01-01 23:00:00,20,Татнефть-АЗС-021,6.69364642521526,total_fuel_sales,Продажи топлива,baseline_hgb_v2
2024-01-02 00:00:00,20,Татнефть-АЗС-021,2.5196144176060056,total_fuel_sales,Продажи топлива,baseline_hgb_v2
2024-01-02 01:00:00,20,Татнефть-АЗС-021,3.2427506708591554,total_fuel_sales,Продажи топлива,baseline_hgb_v2
2024-01-02 02:00:00,20,Татнефть-АЗС-021,2.5196144176060056,total_fuel_sales,Продажи топлива,baseline_hgb_v2
2024-01-02 03:00:00,20,Татнефть-АЗС-021,6.435648972632626,total_fuel_sales,Продажи топлива,baseline_hgb_v2
2024-01-02 04:00:00,20,Татнефть-АЗС-021,6.834310967305808,total_fuel_sales,Продажи топлива,baseline_hgb_v2
2024-01-02 05:00:00,20,Татнефть-АЗС-021,4.887591627901065,total_fuel_sales,Продажи топлива,baseline_hgb_v2
2024-01-02 06:00:00,20,Татнефть-АЗС-021,34.499052408142205,total_fuel_sales,Продажи топлива,baseline_hgb_v2
2024-01-02 07:00:00,20,Татнефть-АЗС-021,140.32351642220624,total_fuel_sales,Продажи топлива,baseline_hgb_v2
2024-01-02 08:00:00,20,Татнефть-АЗС-021,155.56714976037884,total_fuel_sales,Продажи топлива,baseline_hgb_v2
2024-01-02 09:00:00,20,Татнефть-АЗС-021,140.58938222099255,total_fuel_sales,Продажи топлива,baseline_hgb_v2
2024-01-02 10:00:00,20,Татнефть-АЗС-021,33.500798717449925,total_fuel_sales,Продажи топлива,baseline_hgb_v2
2024-01-02 11:00:00,20,Татнефть-АЗС-021,18.80274738793633,total_fuel_sales,Продажи топлива,baseline_hgb_v2
2024-01-02 12:00:00,20,Татнефть-АЗС-021,54.43836887481571,total_fuel_sales,Продажи топлива,baseline_hgb_v2
2024-01-02 13:00:00,20,Татнефть-АЗС-021,32.262049450380594,total_fuel_sales,Продажи топлива,baseline_hgb_v2
2024-01-02 14:00:00,20,Татнефть-АЗС-021,32.262049450380594,total_fuel_sales,Продажи топлива,baseline_hgb_v2
2024-01-02 15:00:00,20,Татнефть-АЗС-021,17.782349870571945,total_fuel_sales,Продажи топлива,baseline_hgb_v2
2024-01-02 16:00:00,20,Татнефть-АЗС-021,58.54922143414353,total_fuel_sales,Продажи топлива,baseline_hgb_v2
2024-01-02 17:00:00,20,Татнефть-АЗС-021,281.9074260451291,total_fuel_sales,Продажи топлива,baseline_hgb_v2
2024-01-02 18:00:00,20,Татнефть-АЗС-021,202.12377794935398,total_fuel_sales,Продажи топлива,baseline_hgb_v2
2024-01-02 19:00:00,20,Татнефть-АЗС-021,192.80305685761138,total_fuel_sales,Продажи топлива,baseline_hgb_v2
2024-01-02 20:00:00,20,Татнефть-АЗС-021,54.78472017881547,total_fuel_sales,Продажи топлива,baseline_hgb_v2
2024-01-02 21:00:00,20,Татнефть-АЗС-021,23.462768749557586,total_fuel_sales,Продажи топлива,baseline_hgb_v2
2024-01-02 22:00:00,20,Татнефть-АЗС-021,2.0099506029029417,total_fuel_sales,Продажи топлива,baseline_hgb_v2
2024-01-02 23:00:00,20,Татнефть-АЗС-021,6.705417271220922,total_fuel_sales,Продажи топлива,baseline_hgb_v2
2024-01-03 00:00:00,20,Татнефть-АЗС-021,6.834310967305808,total_fuel_sales,Продажи топлива,baseline_hgb_v2
2024-01-03 01:00:00,20,Татнефть-АЗС-021,6.435648972632626,total_fuel_sales,Продажи топлива,baseline_hgb_v2
2024-01-03 02:00:00,20,Татнефть-АЗС-021,6.834310967305808,total_fuel_sales,Продажи топлива,baseline_hgb_v2
2024-01-03 03:00:00,20,Татнефть-АЗС-021,6.834310967305808,total_fuel_sales,Продажи топлива,baseline_hgb_v2
2024-01-03 04:00:00,20,Татнефть-АЗС-021,2.5095511612437087,total_fuel_sales,Продажи топлива,baseline_hgb_v2
2024-01-03 05:00:00,20,Татнефть-АЗС-021,2.5196144176060056,total_fuel_sales,Продажи топлива,baseline_hgb_v2
2024-01-03 06:00:00,20,Татнефть-АЗС-021,27.080368906066433,total_fuel_sales,Продажи топлива,baseline_hgb_v2
2024-01-03 07:00:00,20,Татнефть-АЗС-021,184.02214714599717,total_fuel_sales,Продажи топлива,baseline_hgb_v2
2024-01-03 08:00:00,20,Татнефть-АЗС-021,164.11312231444558,total_fuel_sales,Продажи топлива,baseline_hgb_v2
2024-01-03 09:00:00,20,Татнефть-АЗС-021,98.79313207539711,total_fuel_sales,Продажи топлива,baseline_hgb_v2
2024-01-03 10:00:00,20,Татнефть-АЗС-021,32.06737976860211,total_fuel_sales,Продажи топлива,baseline_hgb_v2
2024-01-03 11:00:00,20,Татнефть-АЗС-021,33.17438768150644,total_fuel_sales,Продажи топлива,baseline_hgb_v2
2024-01-03 12:00:00,20,Татнефть-АЗС-021,58.87244481218443,total_fuel_sales,Продажи топлива,baseline_hgb_v2
2024-01-03 13:00:00,20,Татнефть-АЗС-021,32.17896580331846,total_fuel_sales,Продажи топлива,baseline_hgb_v2
2024-01-03 14:00:00,20,Татнефть-АЗС-021,32.17896580331846,total_fuel_sales,Продажи топлива,baseline_hgb_v2
2024-01-03 15:00:00,20,Татнефть-АЗС-021,32.479566691013325,total_fuel_sales,Продажи топлива,baseline_hgb_v2
2024-01-03 16:00:00,20,Татнефть-АЗС-021,55.85704046910993,total_fuel_sales,Продажи топлива,baseline_hgb_v2
2024-01-03 17:00:00,20,Татнефть-АЗС-021,304.9597298903935,total_fuel_sales,Продажи топлива,baseline_hgb_v2
2024-01-03 18:00:00,20,Татнефть-АЗС-021,157.23208480499997,total_fuel_sales,Продажи топлива,baseline_hgb_v2
2024-01-03 19:00:00,20,Татнефть-АЗС-021,301.3082005755147,total_fuel_sales,Продажи топлива,baseline_hgb_v2
2024-01-03 20:00:00,20,Татнефть-АЗС-021,47.43546078411024,total_fuel_sales,Продажи топлива,baseline_hgb_v2
2024-01-03 21:00:00,20,Татнефть-АЗС-021,27.29445455194605,total_fuel_sales,Продажи топлива,baseline_hgb_v2
2024-01-03 22:00:00,20,Татнефть-АЗС-021,2.0099506029029417,total_fuel_sales,Продажи топлива,baseline_hgb_v2
2024-01-03 23:00:00,20,Татнефть-АЗС-021,1.1033978845456769,total_fuel_sales,Продажи топлива,baseline_hgb_v2
2024-01-04 00:00:00,20,Татнефть-АЗС-021,3.8672638716569616,total_fuel_sales,Продажи топлива,baseline_hgb_v2
2024-01-04 01:00:00,20,Татнефть-АЗС-021,6.435648972632626,total_fuel_sales,Продажи топлива,baseline_hgb_v2
2024-01-04 02:00:00,20,Татнефть-АЗС-021,2.5196144176060056,total_fuel_sales,Продажи топлива,baseline_hgb_v2
2024-01-04 03:00:00,20,Татнефть-АЗС-021,2.9979908700322038,total_fuel_sales,Продажи топлива,baseline_hgb_v2
2024-01-04 04:00:00,20,Татнефть-АЗС-021,2.9979908700322038,total_fuel_sales,Продажи топлива,baseline_hgb_v2
2024-01-04 05:00:00,20,Татнефть-АЗС-021,6.834310967305808,total_fuel_sales,Продажи топлива,baseline_hgb_v2
2024-01-04 06:00:00,20,Татнефть-АЗС-021,18.89629576833604,total_fuel_sales,Продажи топлива,baseline_hgb_v2
2024-01-04 07:00:00,20,Татнефть-АЗС-021,179.8684223668548,total_fuel_sales,Продажи топлива,baseline_hgb_v2
2024-01-04 08:00:00,20,Татнефть-АЗС-021,92.41743701927928,total_fuel_sales,Продажи топлива,baseline_hgb_v2
2024-01-04 09:00:00,20,Татнефть-АЗС-021,101.98835646330095,total_fuel_sales,Продажи топлива,baseline_hgb_v2
2024-01-04 10:00:00,20,Татнефть-АЗС-021,18.69599856100874,total_fuel_sales,Продажи топлива,baseline_hgb_v2
2024-01-04 11:00:00,20,Татнефть-АЗС-021,18.69599856100874,total_fuel_sales,Продажи топлива,baseline_hgb_v2
2024-01-04 12:00:00,20,Татнефть-АЗС-021,32.67553331696384,total_fuel_sales,Продажи топлива,baseline_hgb_v2
2024-01-04 13:00:00,20,Татнефть-АЗС-021,56.669743308169764,total_fuel_sales,Продажи топлива,baseline_hgb_v2
2024-01-04 14:00:00,20,Татнефть-АЗС-021,35.360010060353915,total_fuel_sales,Продажи топлива,baseline_hgb_v2
2024-01-04 15:00:00,20,Татнефть-АЗС-021,17.769924947646004,total_fuel_sales,Продажи топлива,baseline_hgb_v2
2024-01-04 16:00:00,20,Татнефть-АЗС-021,28.809390252205798,total_fuel_sales,Продажи топлива,baseline_hgb_v2
2024-01-04 17:00:00,20,Татнефть-АЗС-021,148.8089153536522,total_fuel_sales,Продажи топлива,baseline_hgb_v2
2024-01-04 18:00:00,20,Татнефть-АЗС-021,260.6275637643653,total_fuel_sales,Продажи топлива,baseline_hgb_v2
2024-01-04 19:00:00,20,Татнефть-АЗС-021,208.82982825766078,total_fuel_sales,Продажи топлива,baseline_hgb_v2
2024-01-04 20:00:00,20,Татнефть-АЗС-021,57.965771391966754,total_fuel_sales,Продажи топлива,baseline_hgb_v2
2024-01-04 21:00:00,20,Татнефть-АЗС-021,24.06355874748178,total_fuel_sales,Продажи топлива,baseline_hgb_v2
2024-01-04 22:00:00,20,Татнефть-АЗС-021,6.69364642521526,total_fuel_sales,Продажи топлива,baseline_hgb_v2
2024-01-04 23:00:00,20,Татнефть-АЗС-021,2.4883270553291355,total_fuel_sales,Продажи топлива,baseline_hgb_v2
2024-01-05 00:00:00,20,Татнефть-АЗС-021,6.834310967305808,total_fuel_sales,Продажи топлива,baseline_hgb_v2
2024-01-05 01:00:00,20,Татнефть-АЗС-021,6.435648972632626,total_fuel_sales,Продажи топлива,baseline_hgb_v2
2024-01-05 02:00:00,20,Татнефть-АЗС-021,2.9979908700322038,total_fuel_sales,Продажи топлива,baseline_hgb_v2
2024-01-05 03:00:00,20,Татнефть-АЗС-021,5.334036972093341,total_fuel_sales,Продажи топлива,baseline_hgb_v2
2024-01-05 04:00:00,20,Татнефть-АЗС-021,6.435648972632626,total_fuel_sales,Продажи топлива,baseline_hgb_v2
2024-01-05 05:00:00,20,Татнефть-АЗС-021,6.435648972632626,total_fuel_sales,Продажи топлива,baseline_hgb_v2
2024-01-05 06:00:00,20,Татнефть-АЗС-021,33.31334114566532,total_fuel_sales,Продажи топлива,baseline_hgb_v2
2024-01-05 07:00:00,20,Татнефть-АЗС-021,164.36259885150054,total_fuel_sales,Продажи топлива,baseline_hgb_v2
2024-01-05 08:00:00,20,Татнефть-АЗС-021,104.17030615372268,total_fuel_sales,Продажи топлива,baseline_hgb_v2
2024-01-05 09:00:00,20,Татнефть-АЗС-021,164.37898811323188,total_fuel_sales,Продажи топлива,baseline_hgb_v2
2024-01-05 10:00:00,20,Татнефть-АЗС-021,35.30188803407147,total_fuel_sales,Продажи топлива,baseline_hgb_v2
2024-01-05 11:00:00,20,Татнефть-АЗС-021,18.69599856100874,total_fuel_sales,Продажи топлива,baseline_hgb_v2
2024-01-05 12:00:00,20,Татнефть-АЗС-021,47.37811698185842,total_fuel_sales,Продажи топлива,baseline_hgb_v2
2024-01-05 13:00:00,20,Татнефть-АЗС-021,56.669743308169764,total_fuel_sales,Продажи топлива,baseline_hgb_v2
2024-01-05 14:00:00,20,Татнефть-АЗС-021,61.36774375611311,total_fuel_sales,Продажи топлива,baseline_hgb_v2
2024-01-05 15:00:00,20,Татнефть-АЗС-021,35.06183868314221,total_fuel_sales,Продажи топлива,baseline_hgb_v2
2024-01-05 16:00:00,20,Татнефть-АЗС-021,35.95102254279623,total_fuel_sales,Продажи топлива,baseline_hgb_v2
2024-01-05 17:00:00,20,Татнефть-АЗС-021,284.78971474051275,total_fuel_sales,Продажи топлива,baseline_hgb_v2
2024-01-05 18:00:00,20,Татнефть-АЗС-021,203.52513930791778,total_fuel_sales,Продажи топлива,baseline_hgb_v2
2024-01-05 19:00:00,20,Татнефть-АЗС-021,149.25338954446298,total_fuel_sales,Продажи топлива,baseline_hgb_v2
2024-01-05 20:00:00,20,Татнефть-АЗС-021,28.820544174828115,total_fuel_sales,Продажи топлива,baseline_hgb_v2
2024-01-05 21:00:00,20,Татнефть-АЗС-021,36.82993022549007,total_fuel_sales,Продажи топлива,baseline_hgb_v2
2024-01-05 22:00:00,20,Татнефть-АЗС-021,6.294984430542078,total_fuel_sales,Продажи топлива,baseline_hgb_v2
2024-01-05 23:00:00,20,Татнефть-АЗС-021,6.806870423038432,total_fuel_sales,Продажи топлива,baseline_hgb_v2
2024-01-06 00:00:00,20,Татнефть-АЗС-021,2.7915150183122344,total_fuel_sales,Продажи топлива,baseline_hgb_v2
2024-01-06 01:00:00,20,Татнефть-АЗС-021,7.568467441526271,total_fuel_sales,Продажи топлива,baseline_hgb_v2
2024-01-06 02:00:00,20,Татнефть-АЗС-021,9.806188239702685,total_fuel_sales,Продажи топлива,baseline_hgb_v2
2024-01-06 03:00:00,20,Татнефть-АЗС-021,7.568467441526271,total_fuel_sales,Продажи топлива,baseline_hgb_v2
2024-01-06 04:00:00,20,Татнефть-АЗС-021,2.7915150183122344,total_fuel_sales,Продажи топлива,baseline_hgb_v2
2024-01-06 05:00:00,20,Татнефть-АЗС-021,7.568467441526271,total_fuel_sales,Продажи топлива,baseline_hgb_v2
2024-01-06 06:00:00,20,Татнефть-АЗС-021,45.3610665461883,total_fuel_sales,Продажи топлива,baseline_hgb_v2
2024-01-06 07:00:00,20,Татнефть-АЗС-021,101.32438477656436,total_fuel_sales,Продажи топлива,baseline_hgb_v2
2024-01-06 08:00:00,20,Татнефть-АЗС-021,175.02741370010668,total_fuel_sales,Продажи топлива,baseline_hgb_v2
2024-01-06 09:00:00,20,Татнефть-АЗС-021,119.88884809547164,total_fuel_sales,Продажи топлива,baseline_hgb_v2
2024-01-06 10:00:00,20,Татнефть-АЗС-021,18.18581152576495,total_fuel_sales,Продажи топлива,baseline_hgb_v2
2024-01-06 11:00:00,20,Татнефть-АЗС-021,23.353564136548627,total_fuel_sales,Продажи топлива,baseline_hgb_v2
2024-01-06 12:00:00,20,Татнефть-АЗС-021,62.46940239688291,total_fuel_sales,Продажи топлива,baseline_hgb_v2
2024-01-06 13:00:00,20,Татнефть-АЗС-021,63.803473286775166,total_fuel_sales,Продажи топлива,baseline_hgb_v2
2024-01-06 14:00:00,20,Татнефть-АЗС-021,73.17306552459256,total_fuel_sales,Продажи топлива,baseline_hgb_v2
2024-01-06 15:00:00,20,Татнефть-АЗС-021,37.098982270875005,total_fuel_sales,Продажи топлива,baseline_hgb_v2
2024-01-06 16:00:00,20,Татнефть-АЗС-021,55.18007930538931,total_fuel_sales,Продажи топлива,baseline_hgb_v2
2024-01-06 17:00:00,20,Татнефть-АЗС-021,322.5457385147669,total_fuel_sales,Продажи топлива,baseline_hgb_v2
2024-01-06 18:00:00,20,Татнефть-АЗС-021,201.13174853695858,total_fuel_sales,Продажи топлива,baseline_hgb_v2
2024-01-06 19:00:00,20,Татнефть-АЗС-021,237.62681769050823,total_fuel_sales,Продажи топлива,baseline_hgb_v2
2024-01-06 20:00:00,20,Татнефть-АЗС-021,43.97753467314807,total_fuel_sales,Продажи топлива,baseline_hgb_v2
2024-01-06 21:00:00,20,Татнефть-АЗС-021,24.420717045036312,total_fuel_sales,Продажи топлива,baseline_hgb_v2
2024-01-06 22:00:00,20,Татнефть-АЗС-021,7.203212777149351,total_fuel_sales,Продажи топлива,baseline_hgb_v2
2024-01-06 23:00:00,20,Татнефть-АЗС-021,6.143098204335742,total_fuel_sales,Продажи топлива,baseline_hgb_v2
2024-01-07 00:00:00,20,Татнефть-АЗС-021,6.467276664430453,total_fuel_sales,Продажи топлива,baseline_hgb_v2
2024-01-07 01:00:00,20,Татнефть-АЗС-021,8.268728829924099,total_fuel_sales,Продажи топлива,baseline_hgb_v2
2024-01-07 02:00:00,20,Татнефть-АЗС-021,3.6607880199369944,total_fuel_sales,Продажи топлива,baseline_hgb_v2
2024-01-07 03:00:00,20,Татнефть-АЗС-021,3.4827201633314635,total_fuel_sales,Продажи топлива,baseline_hgb_v2
2024-01-07 04:00:00,20,Татнефть-АЗС-021,9.806188239702685,total_fuel_sales,Продажи топлива,baseline_hgb_v2
2024-01-07 05:00:00,20,Татнефть-АЗС-021,4.982994158543933,total_fuel_sales,Продажи топлива,baseline_hgb_v2
2024-01-07 06:00:00,20,Татнефть-АЗС-021,41.121134631964686,total_fuel_sales,Продажи топлива,baseline_hgb_v2
2024-01-07 07:00:00,20,Татнефть-АЗС-021,107.22040095625577,total_fuel_sales,Продажи топлива,baseline_hgb_v2
2024-01-07 08:00:00,20,Татнефть-АЗС-021,189.73421466845477,total_fuel_sales,Продажи топлива,baseline_hgb_v2
2024-01-07 09:00:00,20,Татнефть-АЗС-021,184.66664357844195,total_fuel_sales,Продажи топлива,baseline_hgb_v2
2024-01-07 10:00:00,20,Татнефть-АЗС-021,34.98030190620423,total_fuel_sales,Продажи топлива,baseline_hgb_v2
2024-01-07 11:00:00,20,Татнефть-АЗС-021,45.160769338861,total_fuel_sales,Продажи топлива,baseline_hgb_v2
2024-01-07 12:00:00,20,Татнефть-АЗС-021,71.1577278886649,total_fuel_sales,Продажи топлива,baseline_hgb_v2
2024-01-07 13:00:00,20,Татнефть-АЗС-021,32.44327533067426,total_fuel_sales,Продажи топлива,baseline_hgb_v2
2024-01-07 14:00:00,20,Татнефть-АЗС-021,58.443382926447306,total_fuel_sales,Продажи топлива,baseline_hgb_v2
2024-01-07 15:00:00,20,Татнефть-АЗС-021,44.3963978151368,total_fuel_sales,Продажи топлива,baseline_hgb_v2
2024-01-07 16:00:00,20,Татнефть-АЗС-021,65.74261797546117,total_fuel_sales,Продажи топлива,baseline_hgb_v2
2024-01-07 17:00:00,20,Татнефть-АЗС-021,169.90789264974725,total_fuel_sales,Продажи топлива,baseline_hgb_v2
2024-01-07 18:00:00,20,Татнефть-АЗС-021,170.17746806297723,total_fuel_sales,Продажи топлива,baseline_hgb_v2
2024-01-07 19:00:00,20,Татнефть-АЗС-021,205.740079062715,total_fuel_sales,Продажи топлива,baseline_hgb_v2
2024-01-07 20:00:00,20,Татнефть-АЗС-021,61.49864014655754,total_fuel_sales,Продажи топлива,baseline_hgb_v2
2024-01-07 21:00:00,20,Татнефть-АЗС-021,37.71435776088181,total_fuel_sales,Продажи топлива,baseline_hgb_v2
2024-01-07 22:00:00,20,Татнефть-АЗС-021,8.725711094063758,total_fuel_sales,Продажи топлива,baseline_hgb_v2
2024-01-07 23:00:00,20,Татнефть-АЗС-021,7.90347416554718,total_fuel_sales,Продажи топлива,baseline_hgb_v2
2024-01-01 00:00:00,21,Татнефть-АЗС-022,3.705666968491157,total_fuel_sales,Продажи топлива,baseline_hgb_v2
2024-01-01 01:00:00,21,Татнефть-АЗС-022,7.801397941225317,total_fuel_sales,Продажи топлива,baseline_hgb_v2
2024-01-01 02:00:00,21,Татнефть-АЗС-022,8.001730237681906,total_fuel_sales,Продажи топлива,baseline_hgb_v2
2024-01-01 03:00:00,21,Татнефть-АЗС-022,6.682339352275241,total_fuel_sales,Продажи топлива,baseline_hgb_v2
2024-01-01 04:00:00,21,Татнефть-АЗС-022,5.493075848733202,total_fuel_sales,Продажи топлива,baseline_hgb_v2
2024-01-01 05:00:00,21,Татнефть-АЗС-022,7.220063727617151,total_fuel_sales,Продажи топлива,baseline_hgb_v2
2024-01-01 06:00:00,21,Татнефть-АЗС-022,35.08523287592596,total_fuel_sales,Продажи топлива,baseline_hgb_v2
2024-01-01 07:00:00,21,Татнефть-АЗС-022,178.2521961346768,total_fuel_sales,Продажи топлива,baseline_hgb_v2
2024-01-01 08:00:00,21,Татнефть-АЗС-022,94.77619128039721,total_fuel_sales,Продажи топлива,baseline_hgb_v2
2024-01-01 09:00:00,21,Татнефть-АЗС-022,178.33199071733674,total_fuel_sales,Продажи топлива,baseline_hgb_v2
2024-01-01 10:00:00,21,Татнефть-АЗС-022,40.46159273355775,total_fuel_sales,Продажи топлива,baseline_hgb_v2
2024-01-01 11:00:00,21,Татнефть-АЗС-022,23.710002379918926,total_fuel_sales,Продажи топлива,baseline_hgb_v2
2024-01-01 12:00:00,21,Татнефть-АЗС-022,34.580634285037135,total_fuel_sales,Продажи топлива,baseline_hgb_v2
2024-01-01 13:00:00,21,Татнефть-АЗС-022,76.55829062141862,total_fuel_sales,Продажи топлива,baseline_hgb_v2
2024-01-01 14:00:00,21,Татнефть-АЗС-022,36.06699596683477,total_fuel_sales,Продажи топлива,baseline_hgb_v2
2024-01-01 15:00:00,21,Татнефть-АЗС-022,19.792562427459565,total_fuel_sales,Продажи топлива,baseline_hgb_v2
2024-01-01 16:00:00,21,Татнефть-АЗС-022,20.712788896264996,total_fuel_sales,Продажи топлива,baseline_hgb_v2
2024-01-01 17:00:00,21,Татнефть-АЗС-022,120.97147265334002,total_fuel_sales,Продажи топлива,baseline_hgb_v2
2024-01-01 18:00:00,21,Татнефть-АЗС-022,227.00454903773704,total_fuel_sales,Продажи топлива,baseline_hgb_v2
2024-01-01 19:00:00,21,Татнефть-АЗС-022,119.92972059815372,total_fuel_sales,Продажи топлива,baseline_hgb_v2
2024-01-01 20:00:00,21,Татнефть-АЗС-022,32.52992347573704,total_fuel_sales,Продажи топлива,baseline_hgb_v2
2024-01-01 21:00:00,21,Татнефть-АЗС-022,20.852951218040808,total_fuel_sales,Продажи топлива,baseline_hgb_v2
2024-01-01 22:00:00,21,Татнефть-АЗС-022,9.231350169170911,total_fuel_sales,Продажи топлива,baseline_hgb_v2
2024-01-01 23:00:00,21,Татнефть-АЗС-022,7.750234742720813,total_fuel_sales,Продажи топлива,baseline_hgb_v2
2024-01-02 00:00:00,21,Татнефть-АЗС-022,3.705666968491157,total_fuel_sales,Продажи топлива,baseline_hgb_v2
2024-01-02 01:00:00,21,Татнефть-АЗС-022,7.220063727617151,total_fuel_sales,Продажи топлива,baseline_hgb_v2
2024-01-02 02:00:00,21,Татнефть-АЗС-022,7.802903385191216,total_fuel_sales,Продажи топлива,baseline_hgb_v2
2024-01-02 03:00:00,21,Татнефть-АЗС-022,3.1136722518357214,total_fuel_sales,Продажи топлива,baseline_hgb_v2
2024-01-02 04:00:00,21,Татнефть-АЗС-022,7.801397941225317,total_fuel_sales,Продажи топлива,baseline_hgb_v2
2024-01-02 05:00:00,21,Татнефть-АЗС-022,7.801397941225317,total_fuel_sales,Продажи топлива,baseline_hgb_v2
2024-01-02 06:00:00,21,Татнефть-АЗС-022,20.709065619112383,total_fuel_sales,Продажи топлива,baseline_hgb_v2
2024-01-02 07:00:00,21,Татнефть-АЗС-022,205.34640654045876,total_fuel_sales,Продажи топлива,baseline_hgb_v2
2024-01-02 08:00:00,21,Татнефть-АЗС-022,99.09563750436803,total_fuel_sales,Продажи топлива,baseline_hgb_v2
2024-01-02 09:00:00,21,Татнефть-АЗС-022,178.2521961346768,total_fuel_sales,Продажи топлива,baseline_hgb_v2
2024-01-02 10:00:00,21,Татнефть-АЗС-022,20.826715496081047,total_fuel_sales,Продажи топлива,baseline_hgb_v2
2024-01-02 11:00:00,21,Татнефть-АЗС-022,22.09769537578876,total_fuel_sales,Продажи топлива,baseline_hgb_v2
2024-01-02 12:00:00,21,Татнефть-АЗС-022,68.64167207646442,total_fuel_sales,Продажи топлива,baseline_hgb_v2
2024-01-02 13:00:00,21,Татнефть-АЗС-022,36.25192414744009,total_fuel_sales,Продажи топлива,baseline_hgb_v2
2024-01-02 14:00:00,21,Татнефть-АЗС-022,60.68142640280045,total_fuel_sales,Продажи топлива,baseline_hgb_v2
2024-01-02 15:00:00,21,Татнефть-АЗС-022,28.401900657787312,total_fuel_sales,Продажи топлива,baseline_hgb_v2
2024-01-02 16:00:00,21,Татнефть-АЗС-022,19.1857282955336,total_fuel_sales,Продажи топлива,baseline_hgb_v2
2024-01-02 17:00:00,21,Татнефть-АЗС-022,121.24478355691424,total_fuel_sales,Продажи топлива,baseline_hgb_v2
2024-01-02 18:00:00,21,Татнефть-АЗС-022,115.04091253291068,total_fuel_sales,Продажи топлива,baseline_hgb_v2
2024-01-02 19:00:00,21,Татнефть-АЗС-022,101.97599551717069,total_fuel_sales,Продажи топлива,baseline_hgb_v2
2024-01-02 20:00:00,21,Татнефть-АЗС-022,20.70648653974042,total_fuel_sales,Продажи топлива,baseline_hgb_v2
2024-01-02 21:00:00,21,Татнефть-АЗС-022,34.83434530703312,total_fuel_sales,Продажи топлива,baseline_hgb_v2
2024-01-02 22:00:00,21,Татнефть-АЗС-022,3.285504497374136,total_fuel_sales,Продажи топлива,baseline_hgb_v2
2024-01-02 23:00:00,21,Татнефть-АЗС-022,7.750234742720813,total_fuel_sales,Продажи топлива,baseline_hgb_v2
2024-01-03 00:00:00,21,Татнефть-АЗС-022,3.2272905160649605,total_fuel_sales,Продажи топлива,baseline_hgb_v2
2024-01-03 01:00:00,21,Татнефть-АЗС-022,7.801397941225317,total_fuel_sales,Продажи топлива,baseline_hgb_v2
2024-01-03 02:00:00,21,Татнефть-АЗС-022,2.8357767470816775,total_fuel_sales,Продажи топлива,baseline_hgb_v2
2024-01-03 03:00:00,21,Татнефть-АЗС-022,3.950426769318109,total_fuel_sales,Продажи топлива,baseline_hgb_v2
2024-01-03 04:00:00,21,Татнефть-АЗС-022,2.8357767470816775,total_fuel_sales,Продажи топлива,baseline_hgb_v2
2024-01-03 05:00:00,21,Татнефть-АЗС-022,2.58792436932265,total_fuel_sales,Продажи топлива,baseline_hgb_v2
2024-01-03 06:00:00,21,Татнефть-АЗС-022,22.09769537578876,total_fuel_sales,Продажи топлива,baseline_hgb_v2
2024-01-03 07:00:00,21,Татнефть-АЗС-022,194.78128970421164,total_fuel_sales,Продажи топлива,baseline_hgb_v2
2024-01-03 08:00:00,21,Татнефть-АЗС-022,96.56560324730104,total_fuel_sales,Продажи топлива,baseline_hgb_v2
2024-01-03 09:00:00,21,Татнефть-АЗС-022,103.73459889084937,total_fuel_sales,Продажи топлива,baseline_hgb_v2
2024-01-03 10:00:00,21,Татнефть-АЗС-022,37.459351774628345,total_fuel_sales,Продажи топлива,baseline_hgb_v2
2024-01-03 11:00:00,21,Татнефть-АЗС-022,37.96020064419652,total_fuel_sales,Продажи топлива,baseline_hgb_v2
2024-01-03 12:00:00,21,Татнефть-АЗС-022,75.4292662069575,total_fuel_sales,Продажи топлива,baseline_hgb_v2
2024-01-03 13:00:00,21,Татнефть-АЗС-022,35.56699767155265,total_fuel_sales,Продажи топлива,baseline_hgb_v2
2024-01-03 14:00:00,21,Татнефть-АЗС-022,30.88652447826531,total_fuel_sales,Продажи топлива,baseline_hgb_v2
2024-01-03 15:00:00,21,Татнефть-АЗС-022,37.01553314069063,total_fuel_sales,Продажи топлива,baseline_hgb_v2
2024-01-03 16:00:00,21,Татнефть-АЗС-022,33.62390763998758,total_fuel_sales,Продажи топлива,baseline_hgb_v2
2024-01-03 17:00:00,21,Татнефть-АЗС-022,227.13760109949382,total_fuel_sales,Продажи топлива,baseline_hgb_v2
2024-01-03 18:00:00,21,Татнефть-АЗС-022,106.61774823677297,total_fuel_sales,Продажи топлива,baseline_hgb_v2
2024-01-03 19:00:00,21,Татнефть-АЗС-022,144.05346692060067,total_fuel_sales,Продажи топлива,baseline_hgb_v2
2024-01-03 20:00:00,21,Татнефть-АЗС-022,36.87704795344266,total_fuel_sales,Продажи топлива,baseline_hgb_v2
2024-01-03 21:00:00,21,Татнефть-АЗС-022,32.52992347573704,total_fuel_sales,Продажи топлива,baseline_hgb_v2
2024-01-03 22:00:00,21,Татнефть-АЗС-022,7.750234742720813,total_fuel_sales,Продажи топлива,baseline_hgb_v2
2024-01-03 23:00:00,21,Татнефть-АЗС-022,3.285504497374136,total_fuel_sales,Продажи топлива,baseline_hgb_v2
2024-01-04 00:00:00,21,Татнефть-АЗС-022,7.220063727617151,total_fuel_sales,Продажи топлива,baseline_hgb_v2
2024-01-04 01:00:00,21,Татнефть-АЗС-022,7.801397941225317,total_fuel_sales,Продажи топлива,baseline_hgb_v2
2024-01-04 02:00:00,21,Татнефть-АЗС-022,3.705666968491157,total_fuel_sales,Продажи топлива,baseline_hgb_v2
2024-01-04 03:00:00,21,Татнефть-АЗС-022,3.2272905160649605,total_fuel_sales,Продажи топлива,baseline_hgb_v2
2024-01-04 04:00:00,21,Татнефть-АЗС-022,7.801397941225317,total_fuel_sales,Продажи топлива,baseline_hgb_v2
2024-01-04 05:00:00,21,Татнефть-АЗС-022,6.682339352275241,total_fuel_sales,Продажи топлива,baseline_hgb_v2
2024-01-04 06:00:00,21,Татнефть-АЗС-022,20.817327064844566,total_fuel_sales,Продажи топлива,baseline_hgb_v2
2024-01-04 07:00:00,21,Татнефть-АЗС-022,158.4521361173168,total_fuel_sales,Продажи топлива,baseline_hgb_v2
2024-01-04 08:00:00,21,Татнефть-АЗС-022,203.68621611071924,total_fuel_sales,Продажи топлива,baseline_hgb_v2
2024-01-04 09:00:00,21,Татнефть-АЗС-022,118.9357464212919,total_fuel_sales,Продажи топлива,baseline_hgb_v2
2024-01-04 10:00:00,21,Татнефть-АЗС-022,40.46159273355775,total_fuel_sales,Продажи топлива,baseline_hgb_v2
2024-01-04 11:00:00,21,Татнефть-АЗС-022,38.046354131078786,total_fuel_sales,Продажи топлива,baseline_hgb_v2
2024-01-04 12:00:00,21,Татнефть-АЗС-022,53.66106175150992,total_fuel_sales,Продажи топлива,baseline_hgb_v2
2024-01-04 13:00:00,21,Татнефть-АЗС-022,63.829588442740466,total_fuel_sales,Продажи топлива,baseline_hgb_v2
2024-01-04 14:00:00,21,Татнефть-АЗС-022,35.8891941258237,total_fuel_sales,Продажи топлива,baseline_hgb_v2
2024-01-04 15:00:00,21,Татнефть-АЗС-022,20.585750588059852,total_fuel_sales,Продажи топлива,baseline_hgb_v2
2024-01-04 16:00:00,21,Татнефть-АЗС-022,20.585750588059852,total_fuel_sales,Продажи топлива,baseline_hgb_v2
2024-01-04 17:00:00,21,Татнефть-АЗС-022,205.95973580035417,total_fuel_sales,Продажи топлива,baseline_hgb_v2
2024-01-04 18:00:00,21,Татнефть-АЗС-022,206.26304787780708,total_fuel_sales,Продажи топлива,baseline_hgb_v2
2024-01-04 19:00:00,21,Татнефть-АЗС-022,97.93509809793325,total_fuel_sales,Продажи топлива,baseline_hgb_v2
2024-01-04 20:00:00,21,Татнефть-АЗС-022,21.915732526064225,total_fuel_sales,Продажи топлива,baseline_hgb_v2
2024-01-04 21:00:00,21,Татнефть-АЗС-022,20.579448231535277,total_fuel_sales,Продажи топлива,baseline_hgb_v2
2024-01-04 22:00:00,21,Татнефть-АЗС-022,3.976709642393365,total_fuel_sales,Продажи топлива,baseline_hgb_v2
2024-01-04 23:00:00,21,Татнефть-АЗС-022,2.807128044947938,total_fuel_sales,Продажи топлива,baseline_hgb_v2
2024-01-05 00:00:00,21,Татнефть-АЗС-022,8.001730237681906,total_fuel_sales,Продажи топлива,baseline_hgb_v2
2024-01-05 01:00:00,21,Татнефть-АЗС-022,3.2272905160649605,total_fuel_sales,Продажи топлива,baseline_hgb_v2
2024-01-05 02:00:00,21,Татнефть-АЗС-022,7.801397941225317,total_fuel_sales,Продажи топлива,baseline_hgb_v2
2024-01-05 03:00:00,21,Татнефть-АЗС-022,7.801397941225317,total_fuel_sales,Продажи топлива,baseline_hgb_v2
2024-01-05 04:00:00,21,Татнефть-АЗС-022,7.801397941225317,total_fuel_sales,Продажи топлива,baseline_hgb_v2
2024-01-05 05:00:00,21,Татнефть-АЗС-022,6.682339352275241,total_fuel_sales,Продажи топлива,baseline_hgb_v2
2024-01-05 06:00:00,21,Татнефть-АЗС-022,37.97452634768914,total_fuel_sales,Продажи топлива,baseline_hgb_v2
2024-01-05 07:00:00,21,Татнефть-АЗС-022,109.69666815816029,total_fuel_sales,Продажи топлива,baseline_hgb_v2
2024-01-05 08:00:00,21,Татнефть-АЗС-022,178.2521961346768,total_fuel_sales,Продажи топлива,baseline_hgb_v2
2024-01-05 09:00:00,21,Татнефть-АЗС-022,98.95770203302813,total_fuel_sales,Продажи топлива,baseline_hgb_v2
2024-01-05 10:00:00,21,Татнефть-АЗС-022,37.459351774628345,total_fuel_sales,Продажи топлива,baseline_hgb_v2
2024-01-05 11:00:00,21,Татнефть-АЗС-022,20.714809139607475,total_fuel_sales,Продажи топлива,baseline_hgb_v2
2024-01-05 12:00:00,21,Татнефть-АЗС-022,58.14697227821422,total_fuel_sales,Продажи топлива,baseline_hgb_v2
2024-01-05 13:00:00,21,Татнефть-АЗС-022,35.47570518863772,total_fuel_sales,Продажи топлива,baseline_hgb_v2
2024-01-05 14:00:00,21,Татнефть-АЗС-022,35.55760924031617,total_fuel_sales,Продажи топлива,baseline_hgb_v2
2024-01-05 15:00:00,21,Татнефть-АЗС-022,36.867344175715665,total_fuel_sales,Продажи топлива,baseline_hgb_v2
2024-01-05 16:00:00,21,Татнефть-АЗС-022,20.585750588059852,total_fuel_sales,Продажи топлива,baseline_hgb_v2
2024-01-05 17:00:00,21,Татнефть-АЗС-022,230.41892098421894,total_fuel_sales,Продажи топлива,baseline_hgb_v2
2024-01-05 18:00:00,21,Татнефть-АЗС-022,205.06553867662544,total_fuel_sales,Продажи топлива,baseline_hgb_v2
2024-01-05 19:00:00,21,Татнефть-АЗС-022,226.43377804823592,total_fuel_sales,Продажи топлива,baseline_hgb_v2
2024-01-05 20:00:00,21,Татнефть-АЗС-022,20.843562786804327,total_fuel_sales,Продажи топлива,baseline_hgb_v2
2024-01-05 21:00:00,21,Татнефть-АЗС-022,36.25047688739017,total_fuel_sales,Продажи топлива,baseline_hgb_v2
2024-01-05 22:00:00,21,Татнефть-АЗС-022,4.241821889097319,total_fuel_sales,Продажи топлива,baseline_hgb_v2
2024-01-05 23:00:00,21,Татнефть-АЗС-022,9.231350169170911,total_fuel_sales,Продажи топлива,baseline_hgb_v2
2024-01-06 00:00:00,21,Татнефть-АЗС-022,5.258868110813464,total_fuel_sales,Продажи топлива,baseline_hgb_v2
2024-01-06 01:00:00,21,Татнефть-АЗС-022,4.1572561102741785,total_fuel_sales,Продажи топлива,baseline_hgb_v2
2024-01-06 02:00:00,21,Татнефть-АЗС-022,4.1572561102741785,total_fuel_sales,Продажи топлива,baseline_hgb_v2
2024-01-06 03:00:00,21,Татнефть-АЗС-022,4.1572561102741785,total_fuel_sales,Продажи топлива,baseline_hgb_v2
2024-01-06 04:00:00,21,Татнефть-АЗС-022,3.7108107660819,total_fuel_sales,Продажи топлива,baseline_hgb_v2
2024-01-06 05:00:00,21,Татнефть-АЗС-022,3.7108107660819,total_fuel_sales,Продажи топлива,baseline_hgb_v2
2024-01-06 06:00:00,21,Татнефть-АЗС-022,25.814206466167786,total_fuel_sales,Продажи топлива,baseline_hgb_v2
2024-01-06 07:00:00,21,Татнефть-АЗС-022,201.0153234857034,total_fuel_sales,Продажи топлива,baseline_hgb_v2
2024-01-06 08:00:00,21,Татнефть-АЗС-022,132.99770315940543,total_fuel_sales,Продажи топлива,baseline_hgb_v2
2024-01-06 09:00:00,21,Татнефть-АЗС-022,136.28697444747723,total_fuel_sales,Продажи топлива,baseline_hgb_v2
2024-01-06 10:00:00,21,Татнефть-АЗС-022,26.17691322993718,total_fuel_sales,Продажи топлива,baseline_hgb_v2
2024-01-06 11:00:00,21,Татнефть-АЗС-022,26.17691322993718,total_fuel_sales,Продажи топлива,baseline_hgb_v2
2024-01-06 12:00:00,21,Татнефть-АЗС-022,76.02395411856763,total_fuel_sales,Продажи топлива,baseline_hgb_v2
2024-01-06 13:00:00,21,Татнефть-АЗС-022,79.1574086979843,total_fuel_sales,Продажи топлива,baseline_hgb_v2
2024-01-06 14:00:00,21,Татнефть-АЗС-022,37.903475319905155,total_fuel_sales,Продажи топлива,baseline_hgb_v2
2024-01-06 15:00:00,21,Татнефть-АЗС-022,36.16443081605981,total_fuel_sales,Продажи топлива,baseline_hgb_v2
2024-01-06 16:00:00,21,Татнефть-АЗС-022,23.074245613981496,total_fuel_sales,Продажи топлива,baseline_hgb_v2
2024-01-06 17:00:00,21,Татнефть-АЗС-022,149.76136242158566,total_fuel_sales,Продажи топлива,baseline_hgb_v2
2024-01-06 18:00:00,21,Татнефть-АЗС-022,153.81119051506323,total_fuel_sales,Продажи топлива,baseline_hgb_v2
2024-01-06 19:00:00,21,Татнефть-АЗС-022,194.9445189249495,total_fuel_sales,Продажи топлива,baseline_hgb_v2
2024-01-06 20:00:00,21,Татнефть-АЗС-022,48.28211172987463,total_fuel_sales,Продажи топлива,baseline_hgb_v2
2024-01-06 21:00:00,21,Татнефть-АЗС-022,45.53643704191382,total_fuel_sales,Продажи топлива,baseline_hgb_v2
2024-01-06 22:00:00,21,Татнефть-АЗС-022,3.961459616403318,total_fuel_sales,Продажи топлива,baseline_hgb_v2
2024-01-06 23:00:00,21,Татнефть-АЗС-022,10.90823836937748,total_fuel_sales,Продажи топлива,baseline_hgb_v2
2024-01-07 00:00:00,21,Татнефть-АЗС-022,4.721143735471554,total_fuel_sales,Продажи топлива,baseline_hgb_v2
2024-01-07 01:00:00,21,Татнефть-АЗС-022,3.7108107660819,total_fuel_sales,Продажи топлива,baseline_hgb_v2
2024-01-07 02:00:00,21,Татнефть-АЗС-022,3.7108107660819,total_fuel_sales,Продажи топлива,baseline_hgb_v2
2024-01-07 03:00:00,21,Татнефть-АЗС-022,4.335323966879709,total_fuel_sales,Продажи топлива,baseline_hgb_v2
2024-01-07 04:00:00,21,Татнефть-АЗС-022,11.183095296480014,total_fuel_sales,Продажи топлива,baseline_hgb_v2
2024-01-07 05:00:00,21,Татнефть-АЗС-022,4.721143735471554,total_fuel_sales,Продажи топлива,baseline_hgb_v2
2024-01-07 06:00:00,21,Татнефть-АЗС-022,24.978328901157212,total_fuel_sales,Продажи топлива,baseline_hgb_v2
2024-01-07 07:00:00,21,Татнефть-АЗС-022,142.587161002688,total_fuel_sales,Продажи топлива,baseline_hgb_v2
2024-01-07 08:00:00,21,Татнефть-АЗС-022,195.36357485832303,total_fuel_sales,Продажи топлива,baseline_hgb_v2
2024-01-07 09:00:00,21,Татнефть-АЗС-022,107.70717755205139,total_fuel_sales,Продажи топлива,baseline_hgb_v2
2024-01-07 10:00:00,21,Татнефть-АЗС-022,20.53714137809068,total_fuel_sales,Продажи топлива,baseline_hgb_v2
2024-01-07 11:00:00,21,Татнефть-АЗС-022,20.346153857715258,total_fuel_sales,Продажи топлива,baseline_hgb_v2
2024-01-07 12:00:00,21,Татнефть-АЗС-022,83.28555368149782,total_fuel_sales,Продажи топлива,baseline_hgb_v2
2024-01-07 13:00:00,21,Татнефть-АЗС-022,36.291168315774975,total_fuel_sales,Продажи топлива,baseline_hgb_v2
2024-01-07 14:00:00,21,Татнефть-АЗС-022,37.523380792009185,total_fuel_sales,Продажи топлива,baseline_hgb_v2
2024-01-07 15:00:00,21,Татнефть-АЗС-022,32.11248999398088,total_fuel_sales,Продажи топлива,baseline_hgb_v2
2024-01-07 16:00:00,21,Татнефть-АЗС-022,54.05628617162607,total_fuel_sales,Продажи топлива,baseline_hgb_v2
2024-01-07 17:00:00,21,Татнефть-АЗС-022,236.85678881851516,total_fuel_sales,Продажи топлива,baseline_hgb_v2
2024-01-07 18:00:00,21,Татнефть-АЗС-022,143.78692902475888,total_fuel_sales,Продажи топлива,baseline_hgb_v2
2024-01-07 19:00:00,21,Татнефть-АЗС-022,225.81747556816347,total_fuel_sales,Продажи топлива,baseline_hgb_v2
2024-01-07 20:00:00,21,Татнефть-АЗС-022,24.69506210356036,total_fuel_sales,Продажи топлива,baseline_hgb_v2
2024-01-07 21:00:00,21,Татнефть-АЗС-022,42.04802819649167,total_fuel_sales,Продажи топлива,baseline_hgb_v2
2024-01-07 22:00:00,21,Татнефть-АЗС-022,8.692397925916653,total_fuel_sales,Продажи топлива,baseline_hgb_v2
2024-01-07 23:00:00,21,Татнефть-АЗС-022,10.90823836937748,total_fuel_sales,Продажи топлива,baseline_hgb_v2
2024-01-01 00:00:00,22,Татнефть-АЗС-023,2.715493299679328,total_fuel_sales,Продажи топлива,baseline_hgb_v2
2024-01-01 01:00:00,22,Татнефть-АЗС-023,2.715493299679328,total_fuel_sales,Продажи топлива,baseline_hgb_v2
2024-01-01 02:00:00,22,Татнефть-АЗС-023,2.9819088888507053,total_fuel_sales,Продажи топлива,baseline_hgb_v2
2024-01-01 03:00:00,22,Татнефть-АЗС-023,1.8025989717065534,total_fuel_sales,Продажи топлива,baseline_hgb_v2
2024-01-01 04:00:00,22,Татнефть-АЗС-023,2.6742773776703377,total_fuel_sales,Продажи топлива,baseline_hgb_v2
2024-01-01 05:00:00,22,Татнефть-АЗС-023,3.4876778202722085,total_fuel_sales,Продажи топлива,baseline_hgb_v2
2024-01-01 06:00:00,22,Татнефть-АЗС-023,16.6656960395608,total_fuel_sales,Продажи топлива,baseline_hgb_v2
2024-01-01 07:00:00,22,Татнефть-АЗС-023,53.17452067965722,total_fuel_sales,Продажи топлива,baseline_hgb_v2
2024-01-01 08:00:00,22,Татнефть-АЗС-023,55.63842709996766,total_fuel_sales,Продажи топлива,baseline_hgb_v2
2024-01-01 09:00:00,22,Татнефть-АЗС-023,59.83437237461651,total_fuel_sales,Продажи топлива,baseline_hgb_v2
2024-01-01 10:00:00,22,Татнефть-АЗС-023,10.555473091641009,total_fuel_sales,Продажи топлива,baseline_hgb_v2
2024-01-01 11:00:00,22,Татнефть-АЗС-023,8.207886882840821,total_fuel_sales,Продажи топлива,baseline_hgb_v2
2024-01-01 12:00:00,22,Татнефть-АЗС-023,18.39854870323851,total_fuel_sales,Продажи топлива,baseline_hgb_v2
2024-01-01 13:00:00,22,Татнефть-АЗС-023,27.596890723496124,total_fuel_sales,Продажи топлива,baseline_hgb_v2
2024-01-01 14:00:00,22,Татнефть-АЗС-023,32.333599312321695,total_fuel_sales,Продажи топлива,baseline_hgb_v2
2024-01-01 15:00:00,22,Татнефть-АЗС-023,8.860984457659457,total_fuel_sales,Продажи топлива,baseline_hgb_v2
2024-01-01 16:00:00,22,Татнефть-АЗС-023,12.521649778636176,total_fuel_sales,Продажи топлива,baseline_hgb_v2
2024-01-01 17:00:00,22,Татнефть-АЗС-023,100.04292361900387,total_fuel_sales,Продажи топлива,baseline_hgb_v2
2024-01-01 18:00:00,22,Татнефть-АЗС-023,58.496458143122446,total_fuel_sales,Продажи топлива,baseline_hgb_v2
2024-01-01 19:00:00,22,Татнефть-АЗС-023,76.22862055391344,total_fuel_sales,Продажи топлива,baseline_hgb_v2
2024-01-01 20:00:00,22,Татнефть-АЗС-023,19.564277058076613,total_fuel_sales,Продажи топлива,baseline_hgb_v2
2024-01-01 21:00:00,22,Татнефть-АЗС-023,18.885957018421262,total_fuel_sales,Продажи топлива,baseline_hgb_v2
2024-01-01 22:00:00,22,Татнефть-АЗС-023,2.777948365404065,total_fuel_sales,Продажи топлива,baseline_hgb_v2
2024-01-01 23:00:00,22,Татнефть-АЗС-023,2.777948365404065,total_fuel_sales,Продажи топлива,baseline_hgb_v2
2024-01-02 00:00:00,22,Татнефть-АЗС-023,2.715493299679328,total_fuel_sales,Продажи топлива,baseline_hgb_v2
2024-01-02 01:00:00,22,Татнефть-АЗС-023,1.8025989717065534,total_fuel_sales,Продажи топлива,baseline_hgb_v2
2024-01-02 02:00:00,22,Татнефть-АЗС-023,1.8025989717065534,total_fuel_sales,Продажи топлива,baseline_hgb_v2
2024-01-02 03:00:00,22,Татнефть-АЗС-023,1.8025989717065534,total_fuel_sales,Продажи топлива,baseline_hgb_v2
2024-01-02 04:00:00,22,Татнефть-АЗС-023,1.8025989717065534,total_fuel_sales,Продажи топлива,baseline_hgb_v2
2024-01-02 05:00:00,22,Татнефть-АЗС-023,3.4876778202722085,total_fuel_sales,Продажи топлива,baseline_hgb_v2
2024-01-02 06:00:00,22,Татнефть-АЗС-023,21.258720343670443,total_fuel_sales,Продажи топлива,baseline_hgb_v2
2024-01-02 07:00:00,22,Татнефть-АЗС-023,76.01347559345912,total_fuel_sales,Продажи топлива,baseline_hgb_v2
2024-01-02 08:00:00,22,Татнефть-АЗС-023,109.6230175981789,total_fuel_sales,Продажи топлива,baseline_hgb_v2
2024-01-02 09:00:00,22,Татнефть-АЗС-023,48.24884232597292,total_fuel_sales,Продажи топлива,baseline_hgb_v2
2024-01-02 10:00:00,22,Татнефть-АЗС-023,19.489461249983723,total_fuel_sales,Продажи топлива,baseline_hgb_v2
2024-01-02 11:00:00,22,Татнефть-АЗС-023,14.476863144179344,total_fuel_sales,Продажи топлива,baseline_hgb_v2
2024-01-02 12:00:00,22,Татнефть-АЗС-023,13.530184289066112,total_fuel_sales,Продажи топлива,baseline_hgb_v2
2024-01-02 13:00:00,22,Татнефть-АЗС-023,16.44195389020039,total_fuel_sales,Продажи топлива,baseline_hgb_v2
2024-01-02 14:00:00,22,Татнефть-АЗС-023,13.530184289066112,total_fuel_sales,Продажи топлива,baseline_hgb_v2
2024-01-02 15:00:00,22,Татнефть-АЗС-023,18.892259374945837,total_fuel_sales,Продажи топлива,baseline_hgb_v2
2024-01-02 16:00:00,22,Татнефть-АЗС-023,16.694371780587996,total_fuel_sales,Продажи топлива,baseline_hgb_v2
2024-01-02 17:00:00,22,Татнефть-АЗС-023,100.04292361900387,total_fuel_sales,Продажи топлива,baseline_hgb_v2
2024-01-02 18:00:00,22,Татнефть-АЗС-023,90.45217799309712,total_fuel_sales,Продажи топлива,baseline_hgb_v2
2024-01-02 19:00:00,22,Татнефть-АЗС-023,57.998647688638655,total_fuel_sales,Продажи топлива,baseline_hgb_v2
2024-01-02 20:00:00,22,Татнефть-АЗС-023,16.68806942406342,total_fuel_sales,Продажи топлива,baseline_hgb_v2
2024-01-02 21:00:00,22,Татнефть-АЗС-023,16.334194395579594,total_fuel_sales,Продажи топлива,baseline_hgb_v2
2024-01-02 22:00:00,22,Татнефть-АЗС-023,1.4960547648187699,total_fuel_sales,Продажи топлива,baseline_hgb_v2
2024-01-02 23:00:00,22,Татнефть-АЗС-023,2.777948365404065,total_fuel_sales,Продажи топлива,baseline_hgb_v2
2024-01-03 00:00:00,22,Татнефть-АЗС-023,2.715493299679328,total_fuel_sales,Продажи топлива,baseline_hgb_v2
2024-01-03 01:00:00,22,Татнефть-АЗС-023,1.8025989717065534,total_fuel_sales,Продажи топлива,baseline_hgb_v2
2024-01-03 02:00:00,22,Татнефть-АЗС-023,4.005998316118463,total_fuel_sales,Продажи топлива,baseline_hgb_v2
2024-01-03 03:00:00,22,Татнефть-АЗС-023,3.4876778202722085,total_fuel_sales,Продажи топлива,baseline_hgb_v2
2024-01-03 04:00:00,22,Татнефть-АЗС-023,1.8025989717065534,total_fuel_sales,Продажи топлива,baseline_hgb_v2
2024-01-03 05:00:00,22,Татнефть-АЗС-023,2.715493299679328,total_fuel_sales,Продажи топлива,baseline_hgb_v2
2024-01-03 06:00:00,22,Татнефть-АЗС-023,17.620171586411068,total_fuel_sales,Продажи топлива,baseline_hgb_v2
2024-01-03 07:00:00,22,Татнефть-АЗС-023,53.4238227952449,total_fuel_sales,Продажи топлива,baseline_hgb_v2
2024-01-03 08:00:00,22,Татнефть-АЗС-023,49.91622311057602,total_fuel_sales,Продажи топлива,baseline_hgb_v2
2024-01-03 09:00:00,22,Татнефть-АЗС-023,53.0490175683513,total_fuel_sales,Продажи топлива,baseline_hgb_v2
2024-01-03 10:00:00,22,Татнефть-АЗС-023,10.555473091641009,total_fuel_sales,Продажи топлива,baseline_hgb_v2
2024-01-03 11:00:00,22,Татнефть-АЗС-023,9.99018620063423,total_fuel_sales,Продажи топлива,baseline_hgb_v2
2024-01-03 12:00:00,22,Татнефть-АЗС-023,33.103521141829276,total_fuel_sales,Продажи топлива,baseline_hgb_v2
2024-01-03 13:00:00,22,Татнефть-АЗС-023,16.44195389020039,total_fuel_sales,Продажи топлива,baseline_hgb_v2
2024-01-03 14:00:00,22,Татнефть-АЗС-023,28.5513662703464,total_fuel_sales,Продажи топлива,baseline_hgb_v2
2024-01-03 15:00:00,22,Татнефть-АЗС-023,9.84480289164493,total_fuel_sales,Продажи топлива,baseline_hgb_v2
2024-01-03 16:00:00,22,Татнефть-АЗС-023,10.410089782651708,total_fuel_sales,Продажи топлива,baseline_hgb_v2
2024-01-03 17:00:00,22,Татнефть-АЗС-023,107.58837239876038,total_fuel_sales,Продажи топлива,baseline_hgb_v2
2024-01-03 18:00:00,22,Татнефть-АЗС-023,56.021429113330115,total_fuel_sales,Продажи топлива,baseline_hgb_v2
2024-01-03 19:00:00,22,Татнефть-АЗС-023,109.12674065809607,total_fuel_sales,Продажи топлива,baseline_hgb_v2
2024-01-03 20:00:00,22,Татнефть-АЗС-023,15.297173379889902,total_fuel_sales,Продажи топлива,baseline_hgb_v2
2024-01-03 21:00:00,22,Татнефть-АЗС-023,8.85468210113488,total_fuel_sales,Продажи топлива,baseline_hgb_v2
2024-01-03 22:00:00,22,Татнефть-АЗС-023,1.4960547648187699,total_fuel_sales,Продажи топлива,baseline_hgb_v2
2024-01-03 23:00:00,22,Татнефть-АЗС-023,2.777948365404065,total_fuel_sales,Продажи топлива,baseline_hgb_v2
2024-01-04 00:00:00,22,Татнефть-АЗС-023,1.8025989717065534,total_fuel_sales,Продажи топлива,baseline_hgb_v2
2024-01-04 01:00:00,22,Татнефть-АЗС-023,2.9819088888507053,total_fuel_sales,Продажи топлива,baseline_hgb_v2
2024-01-04 02:00:00,22,Татнефть-АЗС-023,1.8025989717065534,total_fuel_sales,Продажи топлива,baseline_hgb_v2
2024-01-04 03:00:00,22,Татнефть-АЗС-023,1.8025989717065534,total_fuel_sales,Продажи топлива,baseline_hgb_v2
2024-01-04 04:00:00,22,Татнефть-АЗС-023,1.8025989717065534,total_fuel_sales,Продажи топлива,baseline_hgb_v2
2024-01-04 05:00:00,22,Татнефть-АЗС-023,2.715493299679328,total_fuel_sales,Продажи топлива,baseline_hgb_v2
2024-01-04 06:00:00,22,Татнефть-АЗС-023,19.489461249983723,total_fuel_sales,Продажи топлива,baseline_hgb_v2
2024-01-04 07:00:00,22,Татнефть-АЗС-023,53.61827949887406,total_fuel_sales,Продажи топлива,baseline_hgb_v2
2024-01-04 08:00:00,22,Татнефть-АЗС-023,90.42852201154355,total_fuel_sales,Продажи топлива,baseline_hgb_v2
2024-01-04 09:00:00,22,Татнефть-АЗС-023,55.10426645732569,total_fuel_sales,Продажи топлива,baseline_hgb_v2
2024-01-04 10:00:00,22,Татнефть-АЗС-023,18.675784392208104,total_fuel_sales,Продажи топлива,baseline_hgb_v2
2024-01-04 11:00:00,22,Татнефть-АЗС-023,11.10009966932797,total_fuel_sales,Продажи топлива,baseline_hgb_v2
2024-01-04 12:00:00,22,Татнефть-АЗС-023,16.98658046788735,total_fuel_sales,Продажи топлива,baseline_hgb_v2
2024-01-04 13:00:00,22,Татнефть-АЗС-023,28.5513662703464,total_fuel_sales,Продажи топлива,baseline_hgb_v2
2024-01-04 14:00:00,22,Татнефть-АЗС-023,27.596890723496124,total_fuel_sales,Продажи топлива,baseline_hgb_v2
2024-01-04 15:00:00,22,Татнефть-АЗС-023,9.323325279515755,total_fuel_sales,Продажи топлива,baseline_hgb_v2
2024-01-04 16:00:00,22,Татнефть-АЗС-023,11.401954751513486,total_fuel_sales,Продажи топлива,baseline_hgb_v2
2024-01-04 17:00:00,22,Татнефть-АЗС-023,44.99963846567804,total_fuel_sales,Продажи топлива,baseline_hgb_v2
2024-01-04 18:00:00,22,Татнефть-АЗС-023,98.58381471897611,total_fuel_sales,Продажи топлива,baseline_hgb_v2
2024-01-04 19:00:00,22,Татнефть-АЗС-023,52.555577526967184,total_fuel_sales,Продажи топлива,baseline_hgb_v2
2024-01-04 20:00:00,22,Татнефть-АЗС-023,18.885957018421262,total_fuel_sales,Продажи топлива,baseline_hgb_v2
2024-01-04 21:00:00,22,Татнефть-АЗС-023,11.38123371339148,total_fuel_sales,Продажи топлива,baseline_hgb_v2
2024-01-04 22:00:00,22,Татнефть-АЗС-023,2.088730936411322,total_fuel_sales,Продажи топлива,baseline_hgb_v2
2024-01-04 23:00:00,22,Татнефть-АЗС-023,2.777948365404065,total_fuel_sales,Продажи топлива,baseline_hgb_v2
2024-01-05 00:00:00,22,Татнефть-АЗС-023,2.715493299679328,total_fuel_sales,Продажи топлива,baseline_hgb_v2
2024-01-05 01:00:00,22,Татнефть-АЗС-023,2.715493299679328,total_fuel_sales,Продажи топлива,baseline_hgb_v2
2024-01-05 02:00:00,22,Татнефть-АЗС-023,1.8025989717065534,total_fuel_sales,Продажи топлива,baseline_hgb_v2
2024-01-05 03:00:00,22,Татнефть-АЗС-023,2.9819088888507053,total_fuel_sales,Продажи топлива,baseline_hgb_v2
2024-01-05 04:00:00,22,Татнефть-АЗС-023,2.715493299679328,total_fuel_sales,Продажи топлива,baseline_hgb_v2
2024-01-05 05:00:00,22,Татнефть-АЗС-023,2.715493299679328,total_fuel_sales,Продажи топлива,baseline_hgb_v2
2024-01-05 06:00:00,22,Татнефть-АЗС-023,15.584060931165336,total_fuel_sales,Продажи топлива,baseline_hgb_v2
2024-01-05 07:00:00,22,Татнефть-АЗС-023,92.74364021059806,total_fuel_sales,Продажи топлива,baseline_hgb_v2
2024-01-05 08:00:00,22,Татнефть-АЗС-023,104.96967883668823,total_fuel_sales,Продажи топлива,baseline_hgb_v2
2024-01-05 09:00:00,22,Татнефть-АЗС-023,97.4710516470779,total_fuel_sales,Продажи топлива,baseline_hgb_v2
2024-01-05 10:00:00,22,Татнефть-АЗС-023,8.207886882840821,total_fuel_sales,Продажи топлива,baseline_hgb_v2
2024-01-05 11:00:00,22,Татнефть-АЗС-023,11.10009966932797,total_fuel_sales,Продажи топлива,baseline_hgb_v2
2024-01-05 12:00:00,22,Татнефть-АЗС-023,16.43256545896391,total_fuel_sales,Продажи топлива,baseline_hgb_v2
2024-01-05 13:00:00,22,Татнефть-АЗС-023,13.530184289066112,total_fuel_sales,Продажи топлива,baseline_hgb_v2
2024-01-05 14:00:00,22,Татнефть-АЗС-023,30.57406172279731,total_fuel_sales,Продажи топлива,baseline_hgb_v2
2024-01-05 15:00:00,22,Татнефть-АЗС-023,12.079441637822299,total_fuel_sales,Продажи топлива,baseline_hgb_v2
2024-01-05 16:00:00,22,Татнефть-АЗС-023,19.570579414601188,total_fuel_sales,Продажи топлива,baseline_hgb_v2
2024-01-05 17:00:00,22,Татнефть-АЗС-023,65.98766931997879,total_fuel_sales,Продажи топлива,baseline_hgb_v2
2024-01-05 18:00:00,22,Татнефть-АЗС-023,96.87515736411859,total_fuel_sales,Продажи топлива,baseline_hgb_v2
2024-01-05 19:00:00,22,Татнефть-АЗС-023,55.60298617723416,total_fuel_sales,Продажи топлива,baseline_hgb_v2
2024-01-05 20:00:00,22,Татнефть-АЗС-023,17.642544970913693,total_fuel_sales,Продажи топлива,baseline_hgb_v2
2024-01-05 21:00:00,22,Татнефть-АЗС-023,12.786437771584314,total_fuel_sales,Продажи топлива,baseline_hgb_v2
2024-01-05 22:00:00,22,Татнефть-АЗС-023,2.088730936411322,total_fuel_sales,Продажи топлива,baseline_hgb_v2
2024-01-05 23:00:00,22,Татнефть-АЗС-023,2.777948365404065,total_fuel_sales,Продажи топлива,baseline_hgb_v2
2024-01-06 00:00:00,22,Татнефть-АЗС-023,2.2332653069387334,total_fuel_sales,Продажи топлива,baseline_hgb_v2
2024-01-06 01:00:00,22,Татнефть-АЗС-023,2.2332653069387334,total_fuel_sales,Продажи топлива,baseline_hgb_v2
2024-01-06 02:00:00,22,Татнефть-АЗС-023,2.2332653069387334,total_fuel_sales,Продажи топлива,baseline_hgb_v2
2024-01-06 03:00:00,22,Татнефть-АЗС-023,1.4904234306766657,total_fuel_sales,Продажи топлива,baseline_hgb_v2
2024-01-06 04:00:00,22,Татнефть-АЗС-023,1.4904234306766657,total_fuel_sales,Продажи топлива,baseline_hgb_v2
2024-01-06 05:00:00,22,Татнефть-АЗС-023,2.2332653069387334,total_fuel_sales,Продажи топлива,baseline_hgb_v2
2024-01-06 06:00:00,22,Татнефть-АЗС-023,14.941721577768593,total_fuel_sales,Продажи топлива,baseline_hgb_v2
2024-01-06 07:00:00,22,Татнефть-АЗС-023,71.77222152044794,total_fuel_sales,Продажи топлива,baseline_hgb_v2
2024-01-06 08:00:00,22,Татнефть-АЗС-023,67.54557768167962,total_fuel_sales,Продажи топлива,baseline_hgb_v2
2024-01-06 09:00:00,22,Татнефть-АЗС-023,36.88439604858192,total_fuel_sales,Продажи топлива,baseline_hgb_v2
2024-01-06 10:00:00,22,Татнефть-АЗС-023,7.813486727984613,total_fuel_sales,Продажи топлива,baseline_hgb_v2
2024-01-06 11:00:00,22,Татнефть-АЗС-023,7.224418202513198,total_fuel_sales,Продажи топлива,baseline_hgb_v2
2024-01-06 12:00:00,22,Татнефть-АЗС-023,12.787509616288965,total_fuel_sales,Продажи топлива,baseline_hgb_v2
2024-01-06 13:00:00,22,Татнефть-АЗС-023,19.208650109818386,total_fuel_sales,Продажи топлива,baseline_hgb_v2
2024-01-06 14:00:00,22,Татнефть-АЗС-023,12.190577883279811,total_fuel_sales,Продажи топлива,baseline_hgb_v2
2024-01-06 15:00:00,22,Татнефть-АЗС-023,13.026045968630866,total_fuel_sales,Продажи топлива,baseline_hgb_v2
2024-01-06 16:00:00,22,Татнефть-АЗС-023,7.497709817806377,total_fuel_sales,Продажи топлива,baseline_hgb_v2
2024-01-06 17:00:00,22,Татнефть-АЗС-023,34.71277399529396,total_fuel_sales,Продажи топлива,baseline_hgb_v2
2024-01-06 18:00:00,22,Татнефть-АЗС-023,77.53635071722886,total_fuel_sales,Продажи топлива,baseline_hgb_v2
2024-01-06 19:00:00,22,Татнефть-АЗС-023,66.39546615784676,total_fuel_sales,Продажи топлива,baseline_hgb_v2
2024-01-06 20:00:00,22,Татнефть-АЗС-023,7.882249767733748,total_fuel_sales,Продажи топлива,baseline_hgb_v2
2024-01-06 21:00:00,22,Татнефть-АЗС-023,7.536102012591359,total_fuel_sales,Продажи топлива,baseline_hgb_v2
2024-01-06 22:00:00,22,Татнефть-АЗС-023,2.4566420900751837,total_fuel_sales,Продажи топлива,baseline_hgb_v2
2024-01-06 23:00:00,22,Татнефть-АЗС-023,2.158498492675857,total_fuel_sales,Продажи топлива,baseline_hgb_v2
2024-01-07 00:00:00,22,Татнефть-АЗС-023,1.4904234306766657,total_fuel_sales,Продажи топлива,baseline_hgb_v2
2024-01-07 01:00:00,22,Татнефть-АЗС-023,1.4904234306766657,total_fuel_sales,Продажи топлива,baseline_hgb_v2
2024-01-07 02:00:00,22,Татнефть-АЗС-023,2.2332653069387334,total_fuel_sales,Продажи топлива,baseline_hgb_v2
2024-01-07 03:00:00,22,Татнефть-АЗС-023,1.4904234306766657,total_fuel_sales,Продажи топлива,baseline_hgb_v2
2024-01-07 04:00:00,22,Татнефть-АЗС-023,2.2332653069387334,total_fuel_sales,Продажи топлива,baseline_hgb_v2
2024-01-07 05:00:00,22,Татнефть-АЗС-023,2.2332653069387334,total_fuel_sales,Продажи топлива,baseline_hgb_v2
2024-01-07 06:00:00,22,Татнефть-АЗС-023,6.524156814115366,total_fuel_sales,Продажи топлива,baseline_hgb_v2
2024-01-07 07:00:00,22,Татнефть-АЗС-023,79.7581842008398,total_fuel_sales,Продажи топлива,baseline_hgb_v2
2024-01-07 08:00:00,22,Татнефть-АЗС-023,74.58493637386427,total_fuel_sales,Продажи топлива,baseline_hgb_v2
2024-01-07 09:00:00,22,Татнефть-АЗС-023,35.95701872742009,total_fuel_sales,Продажи топлива,baseline_hgb_v2
2024-01-07 10:00:00,22,Татнефть-АЗС-023,6.483080609833154,total_fuel_sales,Продажи топлива,baseline_hgb_v2
2024-01-07 11:00:00,22,Татнефть-АЗС-023,8.035982336815161,total_fuel_sales,Продажи топлива,baseline_hgb_v2
2024-01-07 12:00:00,22,Татнефть-АЗС-023,12.190577883279811,total_fuel_sales,Продажи топлива,baseline_hgb_v2
2024-01-07 13:00:00,22,Татнефть-АЗС-023,19.208650109818386,total_fuel_sales,Продажи топлива,baseline_hgb_v2
2024-01-07 14:00:00,22,Татнефть-АЗС-023,10.908167231261984,total_fuel_sales,Продажи топлива,baseline_hgb_v2
2024-01-07 15:00:00,22,Татнефть-АЗС-023,12.593226259053479,total_fuel_sales,Продажи топлива,baseline_hgb_v2
2024-01-07 16:00:00,22,Татнефть-АЗС-023,11.47392435912326,total_fuel_sales,Продажи топлива,baseline_hgb_v2
2024-01-07 17:00:00,22,Татнефть-АЗС-023,36.94272722880529,total_fuel_sales,Продажи топлива,baseline_hgb_v2
2024-01-07 18:00:00,22,Татнефть-АЗС-023,35.8705574895454,total_fuel_sales,Продажи топлива,baseline_hgb_v2
2024-01-07 19:00:00,22,Татнефть-АЗС-023,64.15860081577826,total_fuel_sales,Продажи топлива,baseline_hgb_v2
2024-01-07 20:00:00,22,Татнефть-АЗС-023,6.246772098722105,total_fuel_sales,Продажи топлива,baseline_hgb_v2
2024-01-07 21:00:00,22,Татнефть-АЗС-023,9.372181307855321,total_fuel_sales,Продажи топлива,baseline_hgb_v2
2024-01-07 22:00:00,22,Татнефть-АЗС-023,2.158498492675857,total_fuel_sales,Продажи топлива,baseline_hgb_v2
2024-01-07 23:00:00,22,Татнефть-АЗС-023,1.2301773444295137,total_fuel_sales,Продажи топлива,baseline_hgb_v2
2024-01-01 00:00:00,23,Татнефть-АЗС-024,2.906422916298589,total_fuel_sales,Продажи топлива,baseline_hgb_v2
2024-01-01 01:00:00,23,Татнефть-АЗС-024,1.4145218691279497,total_fuel_sales,Продажи топлива,baseline_hgb_v2
2024-01-01 02:00:00,23,Татнефть-АЗС-024,2.5370060734822273,total_fuel_sales,Продажи топлива,baseline_hgb_v2
2024-01-01 03:00:00,23,Татнефть-АЗС-024,1.4145218691279497,total_fuel_sales,Продажи топлива,baseline_hgb_v2
2024-01-01 04:00:00,23,Татнефть-АЗС-024,2.5370060734822273,total_fuel_sales,Продажи топлива,baseline_hgb_v2
2024-01-01 05:00:00,23,Татнефть-АЗС-024,2.5370060734822273,total_fuel_sales,Продажи топлива,baseline_hgb_v2
2024-01-01 06:00:00,23,Татнефть-АЗС-024,18.531106689460653,total_fuel_sales,Продажи топлива,baseline_hgb_v2
2024-01-01 07:00:00,23,Татнефть-АЗС-024,92.8385887746103,total_fuel_sales,Продажи топлива,baseline_hgb_v2
2024-01-01 08:00:00,23,Татнефть-АЗС-024,44.86531964980951,total_fuel_sales,Продажи топлива,baseline_hgb_v2
2024-01-01 09:00:00,23,Татнефть-АЗС-024,69.34855134472714,total_fuel_sales,Продажи топлива,baseline_hgb_v2
2024-01-01 10:00:00,23,Татнефть-АЗС-024,12.758319218962088,total_fuel_sales,Продажи топлива,baseline_hgb_v2
2024-01-01 11:00:00,23,Татнефть-АЗС-024,7.265065556025456,total_fuel_sales,Продажи топлива,baseline_hgb_v2
2024-01-01 12:00:00,23,Татнефть-АЗС-024,15.433810638368742,total_fuel_sales,Продажи топлива,baseline_hgb_v2
2024-01-01 13:00:00,23,Татнефть-АЗС-024,25.658716360991495,total_fuel_sales,Продажи топлива,baseline_hgb_v2
2024-01-01 14:00:00,23,Татнефть-АЗС-024,11.553766514236841,total_fuel_sales,Продажи топлива,baseline_hgb_v2
2024-01-01 15:00:00,23,Татнефть-АЗС-024,17.89961390173705,total_fuel_sales,Продажи топлива,baseline_hgb_v2
2024-01-01 16:00:00,23,Татнефть-АЗС-024,8.710989430254028,total_fuel_sales,Продажи топлива,baseline_hgb_v2
2024-01-01 17:00:00,23,Татнефть-АЗС-024,47.72030693365541,total_fuel_sales,Продажи топлива,baseline_hgb_v2
2024-01-01 18:00:00,23,Татнефть-АЗС-024,99.55789721887858,total_fuel_sales,Продажи топлива,baseline_hgb_v2
2024-01-01 19:00:00,23,Татнефть-АЗС-024,39.59201363723766,total_fuel_sales,Продажи топлива,baseline_hgb_v2
2024-01-01 20:00:00,23,Татнефть-АЗС-024,9.823988973659672,total_fuel_sales,Продажи топлива,baseline_hgb_v2
2024-01-01 21:00:00,23,Татнефть-АЗС-024,10.256808683237061,total_fuel_sales,Продажи топлива,baseline_hgb_v2
2024-01-01 22:00:00,23,Татнефть-АЗС-024,2.50995979562092,total_fuel_sales,Продажи топлива,baseline_hgb_v2
2024-01-01 23:00:00,23,Татнефть-АЗС-024,1.0184763186541212,total_fuel_sales,Продажи топлива,baseline_hgb_v2
2024-01-02 00:00:00,23,Татнефть-АЗС-024,2.5370060734822273,total_fuel_sales,Продажи топлива,baseline_hgb_v2
2024-01-02 01:00:00,23,Татнефть-АЗС-024,2.906422916298589,total_fuel_sales,Продажи топлива,baseline_hgb_v2
2024-01-02 02:00:00,23,Татнефть-АЗС-024,2.5385115174481268,total_fuel_sales,Продажи топлива,baseline_hgb_v2
2024-01-02 03:00:00,23,Татнефть-АЗС-024,1.4145218691279497,total_fuel_sales,Продажи топлива,baseline_hgb_v2
2024-01-02 04:00:00,23,Татнефть-АЗС-024,1.4145218691279497,total_fuel_sales,Продажи топлива,baseline_hgb_v2
2024-01-02 05:00:00,23,Татнефть-АЗС-024,2.5370060734822273,total_fuel_sales,Продажи топлива,baseline_hgb_v2
2024-01-02 06:00:00,23,Татнефть-АЗС-024,14.035037341790984,total_fuel_sales,Продажи топлива,baseline_hgb_v2
2024-01-02 07:00:00,23,Татнефть-АЗС-024,42.853525954549816,total_fuel_sales,Продажи топлива,baseline_hgb_v2
2024-01-02 08:00:00,23,Татнефть-АЗС-024,47.88024109420812,total_fuel_sales,Продажи топлива,baseline_hgb_v2
2024-01-02 09:00:00,23,Татнефть-АЗС-024,54.627900592493845,total_fuel_sales,Продажи топлива,baseline_hgb_v2
2024-01-02 10:00:00,23,Татнефть-АЗС-024,7.861997289034604,total_fuel_sales,Продажи топлива,baseline_hgb_v2
2024-01-02 11:00:00,23,Татнефть-АЗС-024,9.75232015312216,total_fuel_sales,Продажи топлива,baseline_hgb_v2
2024-01-02 12:00:00,23,Татнефть-АЗС-024,15.433810638368742,total_fuel_sales,Продажи топлива,baseline_hgb_v2
2024-01-02 13:00:00,23,Татнефть-АЗС-024,23.63251309340984,total_fuel_sales,Продажи топлива,baseline_hgb_v2
2024-01-02 14:00:00,23,Татнефть-АЗС-024,12.150698247245993,total_fuel_sales,Продажи топлива,baseline_hgb_v2
2024-01-02 15:00:00,23,Татнефть-АЗС-024,18.669535731244633,total_fuel_sales,Продажи топлива,baseline_hgb_v2
2024-01-02 16:00:00,23,Татнефть-АЗС-024,18.669535731244633,total_fuel_sales,Продажи топлива,baseline_hgb_v2
2024-01-02 17:00:00,23,Татнефть-АЗС-024,111.39018559967492,total_fuel_sales,Продажи топлива,baseline_hgb_v2
2024-01-02 18:00:00,23,Татнефть-АЗС-024,53.50099509560353,total_fuel_sales,Продажи топлива,baseline_hgb_v2
2024-01-02 19:00:00,23,Татнефть-АЗС-024,107.34015907896419,total_fuel_sales,Продажи топлива,baseline_hgb_v2
2024-01-02 20:00:00,23,Татнефть-АЗС-024,15.186449324191525,total_fuel_sales,Продажи топлива,baseline_hgb_v2
2024-01-02 21:00:00,23,Татнефть-АЗС-024,14.044606386639785,total_fuel_sales,Продажи топлива,baseline_hgb_v2
2024-01-02 22:00:00,23,Татнефть-АЗС-024,1.0184763186541212,total_fuel_sales,Продажи топлива,baseline_hgb_v2
2024-01-02 23:00:00,23,Татнефть-АЗС-024,2.50995979562092,total_fuel_sales,Продажи топлива,baseline_hgb_v2
2024-01-03 00:00:00,23,Татнефть-АЗС-024,1.4145218691279497,total_fuel_sales,Продажи топлива,baseline_hgb_v2
2024-01-03 01:00:00,23,Татнефть-АЗС-024,1.4145218691279497,total_fuel_sales,Продажи топлива,baseline_hgb_v2
2024-01-03 02:00:00,23,Татнефть-АЗС-024,2.5370060734822273,total_fuel_sales,Продажи топлива,baseline_hgb_v2
2024-01-03 03:00:00,23,Татнефть-АЗС-024,1.4145218691279497,total_fuel_sales,Продажи топлива,baseline_hgb_v2
2024-01-03 04:00:00,23,Татнефть-АЗС-024,2.5370060734822273,total_fuel_sales,Продажи топлива,baseline_hgb_v2
2024-01-03 05:00:00,23,Татнефть-АЗС-024,1.4145218691279497,total_fuel_sales,Продажи топлива,baseline_hgb_v2
2024-01-03 06:00:00,23,Татнефть-АЗС-024,9.41772860517323,total_fuel_sales,Продажи топлива,baseline_hgb_v2
2024-01-03 07:00:00,23,Татнефть-АЗС-024,49.312810850375286,total_fuel_sales,Продажи топлива,baseline_hgb_v2
2024-01-03 08:00:00,23,Татнефть-АЗС-024,83.73849873950513,total_fuel_sales,Продажи топлива,baseline_hgb_v2
2024-01-03 09:00:00,23,Татнефть-АЗС-024,52.62188706402392,total_fuel_sales,Продажи топлива,baseline_hgb_v2
2024-01-03 10:00:00,23,Татнефть-АЗС-024,14.906467855195068,total_fuel_sales,Продажи топлива,baseline_hgb_v2
2024-01-03 11:00:00,23,Татнефть-АЗС-024,8.633018253191938,total_fuel_sales,Продажи топлива,baseline_hgb_v2
2024-01-03 12:00:00,23,Татнефть-АЗС-024,14.879795629445296,total_fuel_sales,Продажи топлива,baseline_hgb_v2
2024-01-03 13:00:00,23,Татнефть-АЗС-024,24.70424081414122,total_fuel_sales,Продажи топлива,baseline_hgb_v2
2024-01-03 14:00:00,23,Татнефть-АЗС-024,28.836430805289382,total_fuel_sales,Продажи топлива,baseline_hgb_v2
2024-01-03 15:00:00,23,Татнефть-АЗС-024,14.050908743164362,total_fuel_sales,Продажи топлива,baseline_hgb_v2
2024-01-03 16:00:00,23,Татнефть-АЗС-024,17.202840033363394,total_fuel_sales,Продажи топлива,baseline_hgb_v2
2024-01-03 17:00:00,23,Татнефть-АЗС-024,96.22453359732701,total_fuel_sales,Продажи топлива,baseline_hgb_v2
2024-01-03 18:00:00,23,Татнефть-АЗС-024,88.88561460064142,total_fuel_sales,Продажи топлива,baseline_hgb_v2
2024-01-03 19:00:00,23,Татнефть-АЗС-024,111.62893417037391,total_fuel_sales,Продажи топлива,baseline_hgb_v2
2024-01-03 20:00:00,23,Татнефть-АЗС-024,17.893311545212477,total_fuel_sales,Продажи топлива,baseline_hgb_v2
2024-01-03 21:00:00,23,Татнефть-АЗС-024,7.903540858678961,total_fuel_sales,Продажи топлива,baseline_hgb_v2
2024-01-03 22:00:00,23,Татнефть-АЗС-024,1.0184763186541212,total_fuel_sales,Продажи топлива,baseline_hgb_v2
2024-01-03 23:00:00,23,Татнефть-АЗС-024,2.50995979562092,total_fuel_sales,Продажи топлива,baseline_hgb_v2
2024-01-04 00:00:00,23,Татнефть-АЗС-024,1.4145218691279497,total_fuel_sales,Продажи топлива,baseline_hgb_v2
2024-01-04 01:00:00,23,Татнефть-АЗС-024,1.4145218691279497,total_fuel_sales,Продажи топлива,baseline_hgb_v2
2024-01-04 02:00:00,23,Татнефть-АЗС-024,2.5370060734822273,total_fuel_sales,Продажи топлива,baseline_hgb_v2
2024-01-04 03:00:00,23,Татнефть-АЗС-024,2.5370060734822273,total_fuel_sales,Продажи топлива,baseline_hgb_v2
2024-01-04 04:00:00,23,Татнефть-АЗС-024,2.906422916298589,total_fuel_sales,Продажи топлива,baseline_hgb_v2
2024-01-04 05:00:00,23,Татнефть-АЗС-024,1.4145218691279497,total_fuel_sales,Продажи топлива,baseline_hgb_v2
2024-01-04 06:00:00,23,Татнефть-АЗС-024,10.376048638790369,total_fuel_sales,Продажи топлива,baseline_hgb_v2
2024-01-04 07:00:00,23,Татнефть-АЗС-024,56.91048930013733,total_fuel_sales,Продажи топлива,baseline_hgb_v2
2024-01-04 08:00:00,23,Татнефть-АЗС-024,80.62751590829949,total_fuel_sales,Продажи топлива,baseline_hgb_v2
2024-01-04 09:00:00,23,Татнефть-АЗС-024,79.03961784034814,total_fuel_sales,Продажи топлива,baseline_hgb_v2
2024-01-04 10:00:00,23,Татнефть-АЗС-024,18.330809482133354,total_fuel_sales,Продажи топлива,baseline_hgb_v2
2024-01-04 11:00:00,23,Татнефть-АЗС-024,10.289095955095144,total_fuel_sales,Продажи топлива,baseline_hgb_v2
2024-01-04 12:00:00,23,Татнефть-АЗС-024,15.42442220713226,total_fuel_sales,Продажи топлива,baseline_hgb_v2
2024-01-04 13:00:00,23,Татнефть-АЗС-024,18.798187817344797,total_fuel_sales,Продажи топлива,baseline_hgb_v2
2024-01-04 14:00:00,23,Татнефть-АЗС-024,30.85649296063652,total_fuel_sales,Продажи топлива,baseline_hgb_v2
2024-01-04 15:00:00,23,Татнефть-АЗС-024,8.701600999017545,total_fuel_sales,Продажи топлива,baseline_hgb_v2
2024-01-04 16:00:00,23,Татнефть-АЗС-024,17.202840033363394,total_fuel_sales,Продажи топлива,baseline_hgb_v2
2024-01-04 17:00:00,23,Татнефть-АЗС-024,53.30971914529607,total_fuel_sales,Продажи топлива,baseline_hgb_v2
2024-01-04 18:00:00,23,Татнефть-АЗС-024,87.07796510938067,total_fuel_sales,Продажи топлива,baseline_hgb_v2
2024-01-04 19:00:00,23,Татнефть-АЗС-024,97.45024371875422,total_fuel_sales,Продажи топлива,baseline_hgb_v2
2024-01-04 20:00:00,23,Татнефть-АЗС-024,17.893311545212477,total_fuel_sales,Продажи топлива,baseline_hgb_v2
2024-01-04 21:00:00,23,Татнефть-АЗС-024,7.3066091256698185,total_fuel_sales,Продажи топлива,baseline_hgb_v2
2024-01-04 22:00:00,23,Татнефть-АЗС-024,2.50995979562092,total_fuel_sales,Продажи топлива,baseline_hgb_v2
2024-01-04 23:00:00,23,Татнефть-АЗС-024,1.0184763186541212,total_fuel_sales,Продажи топлива,baseline_hgb_v2
2024-01-05 00:00:00,23,Татнефть-АЗС-024,1.4145218691279497,total_fuel_sales,Продажи топлива,baseline_hgb_v2
2024-01-05 01:00:00,23,Татнефть-АЗС-024,1.4145218691279497,total_fuel_sales,Продажи топлива,baseline_hgb_v2
2024-01-05 02:00:00,23,Татнефть-АЗС-024,1.4145218691279497,total_fuel_sales,Продажи топлива,baseline_hgb_v2
2024-01-05 03:00:00,23,Татнефть-АЗС-024,2.5370060734822273,total_fuel_sales,Продажи топлива,baseline_hgb_v2
2024-01-05 04:00:00,23,Татнефть-АЗС-024,2.5370060734822273,total_fuel_sales,Продажи топлива,baseline_hgb_v2
2024-01-05 05:00:00,23,Татнефть-АЗС-024,1.4145218691279497,total_fuel_sales,Продажи топлива,baseline_hgb_v2
2024-01-05 06:00:00,23,Татнефть-АЗС-024,18.531106689460653,total_fuel_sales,Продажи топлива,baseline_hgb_v2
2024-01-05 07:00:00,23,Татнефть-АЗС-024,50.303994778778474,total_fuel_sales,Продажи топлива,baseline_hgb_v2
2024-01-05 08:00:00,23,Татнефть-АЗС-024,89.54993250028033,total_fuel_sales,Продажи топлива,baseline_hgb_v2
2024-01-05 09:00:00,23,Татнефть-АЗС-024,50.329239180985866,total_fuel_sales,Продажи топлива,baseline_hgb_v2
2024-01-05 10:00:00,23,Татнефть-АЗС-024,15.860943402045336,total_fuel_sales,Продажи топлива,baseline_hgb_v2
2024-01-05 11:00:00,23,Татнефть-АЗС-024,8.016871501085722,total_fuel_sales,Продажи топлива,baseline_hgb_v2
2024-01-05 12:00:00,23,Татнефть-АЗС-024,24.70424081414122,total_fuel_sales,Продажи топлива,baseline_hgb_v2
2024-01-05 13:00:00,23,Татнефть-АЗС-024,25.658716360991495,total_fuel_sales,Продажи топлива,baseline_hgb_v2
2024-01-05 14:00:00,23,Татнефть-АЗС-024,14.870407198208813,total_fuel_sales,Продажи топлива,baseline_hgb_v2
2024-01-05 15:00:00,23,Татнефть-АЗС-024,9.266887890024323,total_fuel_sales,Продажи топлива,baseline_hgb_v2
2024-01-05 16:00:00,23,Татнефть-АЗС-024,15.192751680716102,total_fuel_sales,Продажи топлива,baseline_hgb_v2
2024-01-05 17:00:00,23,Татнефть-АЗС-024,89.76256112924796,total_fuel_sales,Продажи топлива,baseline_hgb_v2
2024-01-05 18:00:00,23,Татнефть-АЗС-024,99.4820525811056,total_fuel_sales,Продажи топлива,baseline_hgb_v2
2024-01-05 19:00:00,23,Татнефть-АЗС-024,43.59042701965472,total_fuel_sales,Продажи топлива,baseline_hgb_v2
2024-01-05 20:00:00,23,Татнефть-АЗС-024,9.260585533499746,total_fuel_sales,Продажи топлива,baseline_hgb_v2
2024-01-05 21:00:00,23,Татнефть-АЗС-024,9.260585533499746,total_fuel_sales,Продажи топлива,baseline_hgb_v2
2024-01-05 22:00:00,23,Татнефть-АЗС-024,2.7723525593633505,total_fuel_sales,Продажи топлива,baseline_hgb_v2
2024-01-05 23:00:00,23,Татнефть-АЗС-024,2.50995979562092,total_fuel_sales,Продажи топлива,baseline_hgb_v2
2024-01-06 00:00:00,23,Татнефть-АЗС-024,2.1049305978155357,total_fuel_sales,Продажи топлива,baseline_hgb_v2
2024-01-06 01:00:00,23,Татнефть-АЗС-024,2.1049305978155357,total_fuel_sales,Продажи топлива,baseline_hgb_v2
2024-01-06 02:00:00,23,Татнефть-АЗС-024,1.2288296831267507,total_fuel_sales,Продажи топлива,baseline_hgb_v2
2024-01-06 03:00:00,23,Татнефть-АЗС-024,2.1049305978155357,total_fuel_sales,Продажи топлива,baseline_hgb_v2
2024-01-06 04:00:00,23,Татнефть-АЗС-024,1.2288296831267507,total_fuel_sales,Продажи топлива,baseline_hgb_v2
2024-01-06 05:00:00,23,Татнефть-АЗС-024,1.2288296831267507,total_fuel_sales,Продажи топлива,baseline_hgb_v2
2024-01-06 06:00:00,23,Татнефть-АЗС-024,7.125268662351475,total_fuel_sales,Продажи топлива,baseline_hgb_v2
2024-01-06 07:00:00,23,Татнефть-АЗС-024,34.28101449293312,total_fuel_sales,Продажи топлива,baseline_hgb_v2
2024-01-06 08:00:00,23,Татнефть-АЗС-024,57.93041153346864,total_fuel_sales,Продажи топлива,baseline_hgb_v2
2024-01-06 09:00:00,23,Татнефть-АЗС-024,67.05560964814828,total_fuel_sales,Продажи топлива,baseline_hgb_v2
2024-01-06 10:00:00,23,Татнефть-АЗС-024,6.335902929552758,total_fuel_sales,Продажи топлива,baseline_hgb_v2
2024-01-06 11:00:00,23,Татнефть-АЗС-024,11.613872992219951,total_fuel_sales,Продажи топлива,baseline_hgb_v2
2024-01-06 12:00:00,23,Татнефть-АЗС-024,8.44691546966754,total_fuel_sales,Продажи топлива,baseline_hgb_v2
2024-01-06 13:00:00,23,Татнефть-АЗС-024,11.0197998103147,total_fuel_sales,Продажи топлива,baseline_hgb_v2
2024-01-06 14:00:00,23,Татнефть-АЗС-024,18.52354315038014,total_fuel_sales,Продажи топлива,baseline_hgb_v2
2024-01-06 15:00:00,23,Татнефть-АЗС-024,6.697213660183254,total_fuel_sales,Продажи топлива,baseline_hgb_v2
2024-01-06 16:00:00,23,Татнефть-АЗС-024,6.108145134711835,total_fuel_sales,Продажи топлива,baseline_hgb_v2
2024-01-06 17:00:00,23,Татнефть-АЗС-024,32.25106354628253,total_fuel_sales,Продажи топлива,baseline_hgb_v2
2024-01-06 18:00:00,23,Татнефть-АЗС-024,39.98655840733858,total_fuel_sales,Продажи топлива,baseline_hgb_v2
2024-01-06 19:00:00,23,Татнефть-АЗС-024,61.77297722316011,total_fuel_sales,Продажи топлива,baseline_hgb_v2
2024-01-06 20:00:00,23,Татнефть-АЗС-024,11.323904304717772,total_fuel_sales,Продажи топлива,baseline_hgb_v2
2024-01-06 21:00:00,23,Татнефть-АЗС-024,7.081753610110631,total_fuel_sales,Продажи топлива,baseline_hgb_v2
2024-01-06 22:00:00,23,Татнефть-АЗС-024,0.8210193692713447,total_fuel_sales,Продажи топлива,baseline_hgb_v2
2024-01-06 23:00:00,23,Татнефть-АЗС-024,1.882599555944406,total_fuel_sales,Продажи топлива,baseline_hgb_v2
2024-01-07 00:00:00,23,Татнефть-АЗС-024,2.1049305978155357,total_fuel_sales,Продажи топлива,baseline_hgb_v2
2024-01-07 01:00:00,23,Татнефть-АЗС-024,2.1049305978155357,total_fuel_sales,Продажи топлива,baseline_hgb_v2
2024-01-07 02:00:00,23,Татнефть-АЗС-024,1.2288296831267507,total_fuel_sales,Продажи топлива,baseline_hgb_v2
2024-01-07 03:00:00,23,Татнефть-АЗС-024,1.2288296831267507,total_fuel_sales,Продажи топлива,baseline_hgb_v2
2024-01-07 04:00:00,23,Татнефть-АЗС-024,1.2288296831267507,total_fuel_sales,Продажи топлива,baseline_hgb_v2
2024-01-07 05:00:00,23,Татнефть-АЗС-024,1.2288296831267507,total_fuel_sales,Продажи топлива,baseline_hgb_v2
2024-01-07 06:00:00,23,Татнефть-АЗС-024,11.43956938382804,total_fuel_sales,Продажи топлива,baseline_hgb_v2
2024-01-07 07:00:00,23,Татнефть-АЗС-024,34.28101449293312,total_fuel_sales,Продажи топлива,baseline_hgb_v2
2024-01-07 08:00:00,23,Татнефть-АЗС-024,65.19749547994218,total_fuel_sales,Продажи топлива,baseline_hgb_v2
2024-01-07 09:00:00,23,Татнефть-АЗС-024,34.1829662349148,total_fuel_sales,Продажи топлива,baseline_hgb_v2
2024-01-07 10:00:00,23,Татнефть-АЗС-024,11.941051961261678,total_fuel_sales,Продажи топлива,baseline_hgb_v2
2024-01-07 11:00:00,23,Татнефть-АЗС-024,13.18438842365961,total_fuel_sales,Продажи топлива,baseline_hgb_v2
2024-01-07 12:00:00,23,Татнефть-АЗС-024,19.767437707606703,total_fuel_sales,Продажи топлива,baseline_hgb_v2
2024-01-07 13:00:00,23,Татнефть-АЗС-024,10.326457683768291,total_fuel_sales,Продажи топлива,baseline_hgb_v2
2024-01-07 14:00:00,23,Татнефть-АЗС-024,10.326457683768291,total_fuel_sales,Продажи топлива,baseline_hgb_v2
2024-01-07 15:00:00,23,Татнефть-АЗС-024,11.76302637081974,total_fuel_sales,Продажи топлива,baseline_hgb_v2
2024-01-07 16:00:00,23,Татнефть-АЗС-024,9.24285749898714,total_fuel_sales,Продажи топлива,baseline_hgb_v2
2024-01-07 17:00:00,23,Татнефть-АЗС-024,31.47108498635017,total_fuel_sales,Продажи топлива,baseline_hgb_v2
2024-01-07 18:00:00,23,Татнефть-АЗС-024,77.41239036402263,total_fuel_sales,Продажи топлива,baseline_hgb_v2
2024-01-07 19:00:00,23,Татнефть-АЗС-024,35.98623566677614,total_fuel_sales,Продажи топлива,baseline_hgb_v2
2024-01-07 20:00:00,23,Татнефть-АЗС-024,11.725427446688148,total_fuel_sales,Продажи топлива,baseline_hgb_v2
2024-01-07 21:00:00,23,Татнефть-АЗС-024,11.756724014295163,total_fuel_sales,Продажи топлива,baseline_hgb_v2
2024-01-07 22:00:00,23,Татнефть-АЗС-024,1.882599555944406,total_fuel_sales,Продажи топлива,baseline_hgb_v2
2024-01-07 23:00:00,23,Татнефть-АЗС-024,1.8841049999103054,total_fuel_sales,Продажи топлива,baseline_hgb_v2
2024-01-01 00:00:00,24,Татнефть-АЗС-025,3.705666968491157,total_fuel_sales,Продажи топлива,baseline_hgb_v2
2024-01-01 01:00:00,24,Татнефть-АЗС-025,9.347104861570239,total_fuel_sales,Продажи топлива,baseline_hgb_v2
2024-01-01 02:00:00,24,Татнефть-АЗС-025,8.001730237681906,total_fuel_sales,Продажи топлива,baseline_hgb_v2
2024-01-01 03:00:00,24,Татнефть-АЗС-025,3.2272905160649605,total_fuel_sales,Продажи топлива,baseline_hgb_v2
2024-01-01 04:00:00,24,Татнефть-АЗС-025,8.12069318879395,total_fuel_sales,Продажи топлива,baseline_hgb_v2
2024-01-01 05:00:00,24,Татнефть-АЗС-025,2.2071195334784575,total_fuel_sales,Продажи топлива,baseline_hgb_v2
2024-01-01 06:00:00,24,Татнефть-АЗС-025,20.69471032059179,total_fuel_sales,Продажи топлива,baseline_hgb_v2
2024-01-01 07:00:00,24,Татнефть-АЗС-025,97.60871641966745,total_fuel_sales,Продажи топлива,baseline_hgb_v2
2024-01-01 08:00:00,24,Татнефть-АЗС-025,123.1990919703512,total_fuel_sales,Продажи топлива,baseline_hgb_v2
2024-01-01 09:00:00,24,Татнефть-АЗС-025,89.3170762076159,total_fuel_sales,Продажи топлива,baseline_hgb_v2
2024-01-01 10:00:00,24,Татнефть-АЗС-025,37.77375883825439,total_fuel_sales,Продажи топлива,baseline_hgb_v2
2024-01-01 11:00:00,24,Татнефть-АЗС-025,19.592620440690567,total_fuel_sales,Продажи топлива,baseline_hgb_v2
2024-01-01 12:00:00,24,Татнефть-АЗС-025,34.10359190576681,total_fuel_sales,Продажи топлива,baseline_hgb_v2
2024-01-01 13:00:00,24,Татнефть-АЗС-025,35.10690202163437,total_fuel_sales,Продажи топлива,baseline_hgb_v2
2024-01-01 14:00:00,24,Татнефть-АЗС-025,34.120538635118855,total_fuel_sales,Продажи топлива,baseline_hgb_v2
2024-01-01 15:00:00,24,Татнефть-АЗС-025,19.461747111522488,total_fuel_sales,Продажи топлива,baseline_hgb_v2
2024-01-01 16:00:00,24,Татнефть-АЗС-025,35.98309328424213,total_fuel_sales,Продажи топлива,baseline_hgb_v2
2024-01-01 17:00:00,24,Татнефть-АЗС-025,164.6201869795681,total_fuel_sales,Продажи топлива,baseline_hgb_v2
2024-01-01 18:00:00,24,Татнефть-АЗС-025,145.30271518196335,total_fuel_sales,Продажи топлива,baseline_hgb_v2
2024-01-01 19:00:00,24,Татнефть-АЗС-025,368.8448987135311,total_fuel_sales,Продажи топлива,baseline_hgb_v2
2024-01-01 20:00:00,24,Татнефть-АЗС-025,61.10631794215992,total_fuel_sales,Продажи топлива,baseline_hgb_v2
2024-01-01 21:00:00,24,Татнефть-АЗС-025,20.375671223803344,total_fuel_sales,Продажи топлива,baseline_hgb_v2
2024-01-01 22:00:00,24,Татнефть-АЗС-025,9.231350169170911,total_fuel_sales,Продажи топлива,baseline_hgb_v2
2024-01-01 23:00:00,24,Татнефть-АЗС-025,7.750234742720813,total_fuel_sales,Продажи топлива,baseline_hgb_v2
2024-01-02 00:00:00,24,Татнефть-АЗС-025,3.705666968491157,total_fuel_sales,Продажи топлива,baseline_hgb_v2
2024-01-02 01:00:00,24,Татнефть-АЗС-025,3.705666968491157,total_fuel_sales,Продажи топлива,baseline_hgb_v2
2024-01-02 02:00:00,24,Татнефть-АЗС-025,7.220063727617151,total_fuel_sales,Продажи топлива,baseline_hgb_v2
2024-01-02 03:00:00,24,Татнефть-АЗС-025,7.220063727617151,total_fuel_sales,Продажи топлива,baseline_hgb_v2
2024-01-02 04:00:00,24,Татнефть-АЗС-025,7.801397941225317,total_fuel_sales,Продажи топлива,baseline_hgb_v2
2024-01-02 05:00:00,24,Татнефть-АЗС-025,7.220063727617151,total_fuel_sales,Продажи топлива,baseline_hgb_v2
2024-01-02 06:00:00,24,Татнефть-АЗС-025,20.378250303175307,total_fuel_sales,Продажи топлива,baseline_hgb_v2
2024-01-02 07:00:00,24,Татнефть-АЗС-025,108.35328315338167,total_fuel_sales,Продажи топлива,baseline_hgb_v2
2024-01-02 08:00:00,24,Татнефть-АЗС-025,88.76652609620383,total_fuel_sales,Продажи топлива,baseline_hgb_v2
2024-01-02 09:00:00,24,Татнефть-АЗС-025,166.56374864601378,total_fuel_sales,Продажи топлива,baseline_hgb_v2
2024-01-02 10:00:00,24,Татнефть-АЗС-025,20.49590018014397,total_fuel_sales,Продажи топлива,baseline_hgb_v2
2024-01-02 11:00:00,24,Татнефть-АЗС-025,39.29056956609844,total_fuel_sales,Продажи топлива,baseline_hgb_v2
2024-01-02 12:00:00,24,Татнефть-АЗС-025,63.499540599324504,total_fuel_sales,Продажи топлива,baseline_hgb_v2
2024-01-02 13:00:00,24,Татнефть-АЗС-025,60.865100198914085,total_fuel_sales,Продажи топлива,baseline_hgb_v2
2024-01-02 14:00:00,24,Татнефть-АЗС-025,69.98632623118702,total_fuel_sales,Продажи топлива,baseline_hgb_v2
2024-01-02 15:00:00,24,Татнефть-АЗС-025,38.16446986147205,total_fuel_sales,Продажи топлива,baseline_hgb_v2
2024-01-02 16:00:00,24,Татнефть-АЗС-025,54.55843202184717,total_fuel_sales,Продажи топлива,baseline_hgb_v2
2024-01-02 17:00:00,24,Татнефть-АЗС-025,247.3658306602501,total_fuel_sales,Продажи топлива,baseline_hgb_v2
2024-01-02 18:00:00,24,Татнефть-АЗС-025,293.21075458073483,total_fuel_sales,Продажи топлива,baseline_hgb_v2
2024-01-02 19:00:00,24,Татнефть-АЗС-025,330.0799818262146,total_fuel_sales,Продажи топлива,baseline_hgb_v2
2024-01-02 20:00:00,24,Татнефть-АЗС-025,62.643530160150426,total_fuel_sales,Продажи топлива,baseline_hgb_v2
2024-01-02 21:00:00,24,Татнефть-АЗС-025,29.823578384808183,total_fuel_sales,Продажи топлива,baseline_hgb_v2
2024-01-02 22:00:00,24,Татнефть-АЗС-025,5.111094890722078,total_fuel_sales,Продажи топлива,baseline_hgb_v2
2024-01-02 23:00:00,24,Татнефть-АЗС-025,7.168900529112647,total_fuel_sales,Продажи топлива,baseline_hgb_v2
2024-01-03 00:00:00,24,Татнефть-АЗС-025,8.12069318879395,total_fuel_sales,Продажи топлива,baseline_hgb_v2
2024-01-03 01:00:00,24,Татнефть-АЗС-025,3.1136722518357214,total_fuel_sales,Продажи топлива,baseline_hgb_v2
2024-01-03 02:00:00,24,Татнефть-АЗС-025,7.801397941225317,total_fuel_sales,Продажи топлива,baseline_hgb_v2
2024-01-03 03:00:00,24,Татнефть-АЗС-025,2.8357767470816775,total_fuel_sales,Продажи топлива,baseline_hgb_v2
2024-01-03 04:00:00,24,Татнефть-АЗС-025,7.801397941225317,total_fuel_sales,Продажи топлива,baseline_hgb_v2
2024-01-03 05:00:00,24,Татнефть-АЗС-025,7.802903385191216,total_fuel_sales,Продажи топлива,baseline_hgb_v2
2024-01-03 06:00:00,24,Татнефть-АЗС-025,39.07735902240765,total_fuel_sales,Продажи топлива,baseline_hgb_v2
2024-01-03 07:00:00,24,Татнефть-АЗС-025,89.32713953812137,total_fuel_sales,Продажи топлива,baseline_hgb_v2
2024-01-03 08:00:00,24,Татнефть-АЗС-025,118.70113786264878,total_fuel_sales,Продажи топлива,baseline_hgb_v2
2024-01-03 09:00:00,24,Татнефть-АЗС-025,89.11424350652494,total_fuel_sales,Продажи топлива,baseline_hgb_v2
2024-01-03 10:00:00,24,Татнефть-АЗС-025,22.999092536085886,total_fuel_sales,Продажи топлива,baseline_hgb_v2
2024-01-03 11:00:00,24,Татнефть-АЗС-025,35.76067807609324,total_fuel_sales,Продажи топлива,baseline_hgb_v2
2024-01-03 12:00:00,24,Татнефть-АЗС-025,55.8661465515199,total_fuel_sales,Продажи топлива,baseline_hgb_v2
2024-01-03 13:00:00,24,Татнефть-АЗС-025,74.976472544223,total_fuel_sales,Продажи топлива,baseline_hgb_v2
2024-01-03 14:00:00,24,Татнефть-АЗС-025,63.499540599324504,total_fuel_sales,Продажи топлива,baseline_hgb_v2
2024-01-03 15:00:00,24,Татнефть-АЗС-025,20.38197358032792,total_fuel_sales,Продажи топлива,baseline_hgb_v2
2024-01-03 16:00:00,24,Татнефть-АЗС-025,31.876543696610128,total_fuel_sales,Продажи топлива,baseline_hgb_v2
2024-01-03 17:00:00,24,Татнефть-АЗС-025,319.2460807860264,total_fuel_sales,Продажи топлива,baseline_hgb_v2
2024-01-03 18:00:00,24,Татнефть-АЗС-025,311.5330891175994,total_fuel_sales,Продажи топлива,baseline_hgb_v2
2024-01-03 19:00:00,24,Татнефть-АЗС-025,312.2599772076856,total_fuel_sales,Продажи топлива,baseline_hgb_v2
2024-01-03 20:00:00,24,Татнефть-АЗС-025,55.9837244818787,total_fuel_sales,Продажи топлива,baseline_hgb_v2
2024-01-03 21:00:00,24,Татнефть-АЗС-025,20.25802134683468,total_fuel_sales,Продажи топлива,baseline_hgb_v2
2024-01-03 22:00:00,24,Татнефть-АЗС-025,7.168900529112647,total_fuel_sales,Продажи топлива,baseline_hgb_v2
2024-01-03 23:00:00,24,Татнефть-АЗС-025,7.750234742720813,total_fuel_sales,Продажи топлива,baseline_hgb_v2
2024-01-04 00:00:00,24,Татнефть-АЗС-025,6.296519583683397,total_fuel_sales,Продажи топлива,baseline_hgb_v2
2024-01-04 01:00:00,24,Татнефть-АЗС-025,3.2272905160649605,total_fuel_sales,Продажи топлива,baseline_hgb_v2
2024-01-04 02:00:00,24,Татнефть-АЗС-025,3.705666968491157,total_fuel_sales,Продажи топлива,baseline_hgb_v2
2024-01-04 03:00:00,24,Татнефть-АЗС-025,8.12069318879395,total_fuel_sales,Продажи топлива,baseline_hgb_v2
2024-01-04 04:00:00,24,Татнефть-АЗС-025,7.801397941225317,total_fuel_sales,Продажи топлива,baseline_hgb_v2
2024-01-04 05:00:00,24,Татнефть-АЗС-025,7.801397941225317,total_fuel_sales,Продажи топлива,baseline_hgb_v2
2024-01-04 06:00:00,24,Татнефть-АЗС-025,19.563248788412583,total_fuel_sales,Продажи топлива,baseline_hgb_v2
2024-01-04 07:00:00,24,Татнефть-АЗС-025,185.13063839358574,total_fuel_sales,Продажи топлива,baseline_hgb_v2
2024-01-04 08:00:00,24,Татнефть-АЗС-025,187.6715628255979,total_fuel_sales,Продажи топлива,baseline_hgb_v2
2024-01-04 09:00:00,24,Татнефть-АЗС-025,203.11693088025973,total_fuel_sales,Продажи топлива,baseline_hgb_v2
2024-01-04 10:00:00,24,Татнефть-АЗС-025,19.563248788412583,total_fuel_sales,Продажи топлива,baseline_hgb_v2
2024-01-04 11:00:00,24,Татнефть-АЗС-025,20.26777712223104,total_fuel_sales,Продажи топлива,baseline_hgb_v2
2024-01-04 12:00:00,24,Татнефть-АЗС-025,68.31162423304845,total_fuel_sales,Продажи топлива,baseline_hgb_v2
2024-01-04 13:00:00,24,Татнефть-АЗС-025,34.893743574677636,total_fuel_sales,Продажи топлива,baseline_hgb_v2
2024-01-04 14:00:00,24,Татнефть-АЗС-025,54.93523800039524,total_fuel_sales,Продажи топлива,baseline_hgb_v2
2024-01-04 15:00:00,24,Татнефть-АЗС-025,20.369548657401978,total_fuel_sales,Продажи топлива,baseline_hgb_v2
2024-01-04 16:00:00,24,Татнефть-АЗС-025,62.69638446405607,total_fuel_sales,Продажи топлива,baseline_hgb_v2
2024-01-04 17:00:00,24,Татнефть-АЗС-025,316.40969538650893,total_fuel_sales,Продажи топлива,baseline_hgb_v2
2024-01-04 18:00:00,24,Татнефть-АЗС-025,161.42966890861217,total_fuel_sales,Продажи топлива,baseline_hgb_v2
2024-01-04 19:00:00,24,Татнефть-АЗС-025,259.5005417927826,total_fuel_sales,Продажи топлива,baseline_hgb_v2
2024-01-04 20:00:00,24,Татнефть-АЗС-025,62.643530160150426,total_fuel_sales,Продажи топлива,baseline_hgb_v2
2024-01-04 21:00:00,24,Татнефть-АЗС-025,36.66027430975633,total_fuel_sales,Продажи топлива,baseline_hgb_v2
2024-01-04 22:00:00,24,Татнефть-АЗС-025,7.168900529112647,total_fuel_sales,Продажи топлива,baseline_hgb_v2
2024-01-04 23:00:00,24,Татнефть-АЗС-025,9.231350169170911,total_fuel_sales,Продажи топлива,baseline_hgb_v2
2024-01-05 00:00:00,24,Татнефть-АЗС-025,7.801397941225317,total_fuel_sales,Продажи топлива,baseline_hgb_v2
2024-01-05 01:00:00,24,Татнефть-АЗС-025,3.2272905160649605,total_fuel_sales,Продажи топлива,baseline_hgb_v2
2024-01-05 02:00:00,24,Татнефть-АЗС-025,3.1136722518357214,total_fuel_sales,Продажи топлива,baseline_hgb_v2
2024-01-05 03:00:00,24,Татнефть-АЗС-025,7.801397941225317,total_fuel_sales,Продажи топлива,baseline_hgb_v2
2024-01-05 04:00:00,24,Татнефть-АЗС-025,8.12069318879395,total_fuel_sales,Продажи топлива,baseline_hgb_v2
2024-01-05 05:00:00,24,Татнефть-АЗС-025,3.2272905160649605,total_fuel_sales,Продажи топлива,baseline_hgb_v2
2024-01-05 06:00:00,24,Татнефть-АЗС-025,20.48347525721803,total_fuel_sales,Продажи топлива,baseline_hgb_v2
2024-01-05 07:00:00,24,Татнефть-АЗС-025,194.2258060228867,total_fuel_sales,Продажи топлива,baseline_hgb_v2
2024-01-05 08:00:00,24,Татнефть-АЗС-025,203.3368308706043,total_fuel_sales,Продажи топлива,baseline_hgb_v2
2024-01-05 09:00:00,24,Татнефть-АЗС-025,194.28544017856134,total_fuel_sales,Продажи топлива,baseline_hgb_v2
2024-01-05 10:00:00,24,Татнефть-АЗС-025,34.33716352106082,total_fuel_sales,Продажи топлива,baseline_hgb_v2
2024-01-05 11:00:00,24,Татнефть-АЗС-025,37.97776945236742,total_fuel_sales,Продажи топлива,baseline_hgb_v2
2024-01-05 12:00:00,24,Татнефть-АЗС-025,70.81091175077984,total_fuel_sales,Продажи топлива,baseline_hgb_v2
2024-01-05 13:00:00,24,Татнефть-АЗС-025,60.865100198914085,total_fuel_sales,Продажи топлива,baseline_hgb_v2
2024-01-05 14:00:00,24,Татнефть-АЗС-025,39.57056034239685,total_fuel_sales,Продажи топлива,baseline_hgb_v2
2024-01-05 15:00:00,24,Татнефть-АЗС-025,35.83218969457635,total_fuel_sales,Продажи топлива,baseline_hgb_v2
2024-01-05 16:00:00,24,Татнефть-АЗС-025,54.55843202184717,total_fuel_sales,Продажи топлива,baseline_hgb_v2
2024-01-05 17:00:00,24,Татнефть-АЗС-025,272.17623932942445,total_fuel_sales,Продажи топлива,baseline_hgb_v2
2024-01-05 18:00:00,24,Татнефть-АЗС-025,164.15404242433578,total_fuel_sales,Продажи топлива,baseline_hgb_v2
2024-01-05 19:00:00,24,Татнефть-АЗС-025,307.6691838358103,total_fuel_sales,Продажи топлива,baseline_hgb_v2
2024-01-05 20:00:00,24,Татнефть-АЗС-025,33.61884111023844,total_fuel_sales,Продажи топлива,baseline_hgb_v2
2024-01-05 21:00:00,24,Татнефть-АЗС-025,34.63357779759836,total_fuel_sales,Продажи топлива,baseline_hgb_v2
2024-01-05 22:00:00,24,Татнефть-АЗС-025,8.004938496394622,total_fuel_sales,Продажи топлива,baseline_hgb_v2
2024-01-05 23:00:00,24,Татнефть-АЗС-025,7.168900529112647,total_fuel_sales,Продажи топлива,baseline_hgb_v2
2024-01-06 00:00:00,24,Татнефть-АЗС-025,10.489753169933604,total_fuel_sales,Продажи топлива,baseline_hgb_v2
2024-01-06 01:00:00,24,Татнефть-АЗС-025,8.945374498303595,total_fuel_sales,Продажи топлива,baseline_hgb_v2
2024-01-06 02:00:00,24,Татнефть-АЗС-025,10.2813843224603,total_fuel_sales,Продажи топлива,baseline_hgb_v2
2024-01-06 03:00:00,24,Татнефть-АЗС-025,7.718962825527308,total_fuel_sales,Продажи топлива,baseline_hgb_v2
2024-01-06 04:00:00,24,Татнефть-АЗС-025,3.466050965254948,total_fuel_sales,Продажи топлива,baseline_hgb_v2
2024-01-06 05:00:00,24,Татнефть-АЗС-025,5.309479369488816,total_fuel_sales,Продажи топлива,baseline_hgb_v2
2024-01-06 06:00:00,24,Татнефть-АЗС-025,42.39771151705013,total_fuel_sales,Продажи топлива,baseline_hgb_v2
2024-01-06 07:00:00,24,Татнефть-АЗС-025,106.19337933743029,total_fuel_sales,Продажи топлива,baseline_hgb_v2
2024-01-06 08:00:00,24,Татнефть-АЗС-025,129.6360346771771,total_fuel_sales,Продажи топлива,baseline_hgb_v2
2024-01-06 09:00:00,24,Татнефть-АЗС-025,129.3472480157242,total_fuel_sales,Продажи топлива,baseline_hgb_v2
2024-01-06 10:00:00,24,Татнефть-АЗС-025,53.7103865343549,total_fuel_sales,Продажи топлива,baseline_hgb_v2
2024-01-06 11:00:00,24,Татнефть-АЗС-025,38.42403281586527,total_fuel_sales,Продажи топлива,baseline_hgb_v2
2024-01-06 12:00:00,24,Татнефть-АЗС-025,85.72685425937411,total_fuel_sales,Продажи топлива,baseline_hgb_v2
2024-01-06 13:00:00,24,Татнефть-АЗС-025,43.51206525531428,total_fuel_sales,Продажи топлива,baseline_hgb_v2
2024-01-06 14:00:00,24,Татнефть-АЗС-025,34.55852825413751,total_fuel_sales,Продажи топлива,baseline_hgb_v2
2024-01-06 15:00:00,24,Татнефть-АЗС-025,49.07653574685291,total_fuel_sales,Продажи топлива,baseline_hgb_v2
2024-01-06 16:00:00,24,Татнефть-АЗС-025,38.584020493037066,total_fuel_sales,Продажи топлива,baseline_hgb_v2
2024-01-06 17:00:00,24,Татнефть-АЗС-025,210.7839320192459,total_fuel_sales,Продажи топлива,baseline_hgb_v2
2024-01-06 18:00:00,24,Татнефть-АЗС-025,381.94641440226314,total_fuel_sales,Продажи топлива,baseline_hgb_v2
2024-01-06 19:00:00,24,Татнефть-АЗС-025,489.425405851441,total_fuel_sales,Продажи топлива,baseline_hgb_v2
2024-01-06 20:00:00,24,Татнефть-АЗС-025,42.89710295924288,total_fuel_sales,Продажи топлива,baseline_hgb_v2
2024-01-06 21:00:00,24,Татнефть-АЗС-025,25.399848781975685,total_fuel_sales,Продажи топлива,baseline_hgb_v2
2024-01-06 22:00:00,24,Татнефть-АЗС-025,8.692397925916653,total_fuel_sales,Продажи топлива,baseline_hgb_v2
2024-01-06 23:00:00,24,Татнефть-АЗС-025,8.692397925916653,total_fuel_sales,Продажи топлива,baseline_hgb_v2
2024-01-07 00:00:00,24,Татнефть-АЗС-025,6.706764185164871,total_fuel_sales,Продажи топлива,baseline_hgb_v2
2024-01-07 01:00:00,24,Татнефть-АЗС-025,4.335323966879709,total_fuel_sales,Продажи топлива,baseline_hgb_v2
2024-01-07 02:00:00,24,Татнефть-АЗС-025,3.466050965254948,total_fuel_sales,Продажи топлива,baseline_hgb_v2
2024-01-07 03:00:00,24,Татнефть-АЗС-025,4.1572561102741785,total_fuel_sales,Продажи топлива,baseline_hgb_v2
2024-01-07 04:00:00,24,Татнефть-АЗС-025,9.64563588670143,total_fuel_sales,Продажи топлива,baseline_hgb_v2
2024-01-07 05:00:00,24,Татнефть-АЗС-025,4.1572561102741785,total_fuel_sales,Продажи топлива,baseline_hgb_v2
2024-01-07 06:00:00,24,Татнефть-АЗС-025,22.690454719300252,total_fuel_sales,Продажи топлива,baseline_hgb_v2
2024-01-07 07:00:00,24,Татнефть-АЗС-025,217.13702672771146,total_fuel_sales,Продажи топлива,baseline_hgb_v2
2024-01-07 08:00:00,24,Татнефть-АЗС-025,121.59614781731966,total_fuel_sales,Продажи топлива,baseline_hgb_v2
2024-01-07 09:00:00,24,Татнефть-АЗС-025,147.81872824294075,total_fuel_sales,Продажи топлива,baseline_hgb_v2
2024-01-07 10:00:00,24,Татнефть-АЗС-025,19.65176577542926,total_fuel_sales,Продажи топлива,baseline_hgb_v2
2024-01-07 11:00:00,24,Татнефть-АЗС-025,19.54924785019217,total_fuel_sales,Продажи топлива,baseline_hgb_v2
2024-01-07 12:00:00,24,Татнефть-АЗС-025,69.3304636504577,total_fuel_sales,Продажи топлива,baseline_hgb_v2
2024-01-07 13:00:00,24,Татнефть-АЗС-025,46.61000943389218,total_fuel_sales,Продажи топлива,baseline_hgb_v2
2024-01-07 14:00:00,24,Татнефть-АЗС-025,34.392677879517386,total_fuel_sales,Продажи топлива,baseline_hgb_v2
2024-01-07 15:00:00,24,Татнефть-АЗС-025,30.62058093731325,total_fuel_sales,Продажи топлива,baseline_hgb_v2
2024-01-07 16:00:00,24,Татнефть-АЗС-025,82.21082117679478,total_fuel_sales,Продажи топлива,baseline_hgb_v2
2024-01-07 17:00:00,24,Татнефть-АЗС-025,381.91985791036274,total_fuel_sales,Продажи топлива,baseline_hgb_v2
2024-01-07 18:00:00,24,Татнефть-АЗС-025,221.1426333264164,total_fuel_sales,Продажи топлива,baseline_hgb_v2
2024-01-07 19:00:00,24,Татнефть-АЗС-025,223.03682687955381,total_fuel_sales,Продажи топлива,baseline_hgb_v2
2024-01-07 20:00:00,24,Татнефть-АЗС-025,65.93004938424093,total_fuel_sales,Продажи топлива,baseline_hgb_v2
2024-01-07 21:00:00,24,Татнефть-АЗС-025,35.92523114074273,total_fuel_sales,Продажи топлива,baseline_hgb_v2
2024-01-07 22:00:00,24,Татнефть-АЗС-025,3.783391759797788,total_fuel_sales,Продажи топлива,baseline_hgb_v2
2024-01-07 23:00:00,24,Татнефть-АЗС-025,7.454215407134707,total_fuel_sales,Продажи топлива,baseline_hgb_v2
2024-01-01 00:00:00,3,Татнефть-АЗС-004,6.682339352275241,total_fuel_sales,Продажи топлива,baseline_hgb_v2
2024-01-01 01:00:00,3,Татнефть-АЗС-004,7.220063727617151,total_fuel_sales,Продажи топлива,baseline_hgb_v2
2024-01-01 02:00:00,3,Татнефть-АЗС-004,4.39687211351039,total_fuel_sales,Продажи топлива,baseline_hgb_v2
2024-01-01 03:00:00,3,Татнефть-АЗС-004,2.8357767470816775,total_fuel_sales,Продажи топлива,baseline_hgb_v2
2024-01-01 04:00:00,3,Татнефть-АЗС-004,2.5620481846057945,total_fuel_sales,Продажи топлива,baseline_hgb_v2
2024-01-01 05:00:00,3,Татнефть-АЗС-004,3.705666968491157,total_fuel_sales,Продажи топлива,baseline_hgb_v2
2024-01-01 06:00:00,3,Татнефть-АЗС-004,62.48467464792899,total_fuel_sales,Продажи топлива,baseline_hgb_v2
2024-01-01 07:00:00,3,Татнефть-АЗС-004,162.81734623269608,total_fuel_sales,Продажи топлива,baseline_hgb_v2
2024-01-01 08:00:00,3,Татнефть-АЗС-004,294.3451520263781,total_fuel_sales,Продажи топлива,baseline_hgb_v2
2024-01-01 09:00:00,3,Татнефть-АЗС-004,289.1541912205645,total_fuel_sales,Продажи топлива,baseline_hgb_v2
2024-01-01 10:00:00,3,Татнефть-АЗС-004,39.94258644998977,total_fuel_sales,Продажи топлива,baseline_hgb_v2
2024-01-01 11:00:00,3,Татнефть-АЗС-004,20.378250303175307,total_fuel_sales,Продажи топлива,baseline_hgb_v2
2024-01-01 12:00:00,3,Татнефть-АЗС-004,62.9695868406845,total_fuel_sales,Продажи топлива,baseline_hgb_v2
2024-01-01 13:00:00,3,Татнефть-АЗС-004,62.9695868406845,total_fuel_sales,Продажи топлива,baseline_hgb_v2
2024-01-01 14:00:00,3,Татнефть-АЗС-004,63.499540599324504,total_fuel_sales,Продажи топлива,baseline_hgb_v2
2024-01-01 15:00:00,3,Татнефть-АЗС-004,20.38197358032792,total_fuel_sales,Продажи топлива,baseline_hgb_v2
2024-01-01 16:00:00,3,Татнефть-АЗС-004,38.821409258031586,total_fuel_sales,Продажи топлива,baseline_hgb_v2
2024-01-01 17:00:00,3,Татнефть-АЗС-004,205.31789560775294,total_fuel_sales,Продажи топлива,baseline_hgb_v2
2024-01-01 18:00:00,3,Татнефть-АЗС-004,120.32781231510131,total_fuel_sales,Продажи топлива,baseline_hgb_v2
2024-01-01 19:00:00,3,Татнефть-АЗС-004,150.23773175880294,total_fuel_sales,Продажи топлива,baseline_hgb_v2
2024-01-01 20:00:00,3,Татнефть-АЗС-004,20.159973088816354,total_fuel_sales,Продажи топлива,baseline_hgb_v2
2024-01-01 21:00:00,3,Татнефть-АЗС-004,19.455444754997913,total_fuel_sales,Продажи топлива,baseline_hgb_v2
2024-01-01 22:00:00,3,Татнефть-АЗС-004,2.5292325401938967,total_fuel_sales,Продажи топлива,baseline_hgb_v2
2024-01-01 23:00:00,3,Татнефть-АЗС-004,7.750234742720813,total_fuel_sales,Продажи топлива,baseline_hgb_v2
2024-01-02 00:00:00,3,Татнефть-АЗС-004,3.705666968491157,total_fuel_sales,Продажи топлива,baseline_hgb_v2
2024-01-02 01:00:00,3,Татнефть-АЗС-004,7.801397941225317,total_fuel_sales,Продажи топлива,baseline_hgb_v2
2024-01-02 02:00:00,3,Татнефть-АЗС-004,7.220063727617151,total_fuel_sales,Продажи топлива,baseline_hgb_v2
2024-01-02 03:00:00,3,Татнефть-АЗС-004,2.8357767470816775,total_fuel_sales,Продажи топлива,baseline_hgb_v2
2024-01-02 04:00:00,3,Татнефть-АЗС-004,6.682339352275241,total_fuel_sales,Продажи топлива,baseline_hgb_v2
2024-01-02 05:00:00,3,Татнефть-АЗС-004,7.801397941225317,total_fuel_sales,Продажи топлива,baseline_hgb_v2
2024-01-02 06:00:00,3,Татнефть-АЗС-004,32.87701028418189,total_fuel_sales,Продажи топлива,baseline_hgb_v2
2024-01-02 07:00:00,3,Татнефть-АЗС-004,293.9076576483962,total_fuel_sales,Продажи топлива,baseline_hgb_v2
2024-01-02 08:00:00,3,Татнефть-АЗС-004,158.1724330405397,total_fuel_sales,Продажи топлива,baseline_hgb_v2
2024-01-02 09:00:00,3,Татнефть-АЗС-004,162.11793222058924,total_fuel_sales,Продажи топлива,baseline_hgb_v2
2024-01-02 10:00:00,3,Татнефть-АЗС-004,36.21727176249051,total_fuel_sales,Продажи топлива,baseline_hgb_v2
2024-01-02 11:00:00,3,Татнефть-АЗС-004,37.25858426519359,total_fuel_sales,Продажи топлива,baseline_hgb_v2
2024-01-02 12:00:00,3,Татнефть-АЗС-004,55.8661465515199,total_fuel_sales,Продажи топлива,baseline_hgb_v2
2024-01-02 13:00:00,3,Татнефть-АЗС-004,35.10690202163437,total_fuel_sales,Продажи топлива,baseline_hgb_v2
2024-01-02 14:00:00,3,Татнефть-АЗС-004,62.9695868406845,total_fuel_sales,Продажи топлива,baseline_hgb_v2
2024-01-02 15:00:00,3,Татнефть-АЗС-004,26.698602023109327,total_fuel_sales,Продажи топлива,baseline_hgb_v2
2024-01-02 16:00:00,3,Татнефть-АЗС-004,19.461747111522488,total_fuel_sales,Продажи топлива,baseline_hgb_v2
2024-01-02 17:00:00,3,Татнефть-АЗС-004,122.59475804585172,total_fuel_sales,Продажи топлива,baseline_hgb_v2
2024-01-02 18:00:00,3,Татнефть-АЗС-004,123.00339810971302,total_fuel_sales,Продажи топлива,baseline_hgb_v2
2024-01-02 19:00:00,3,Татнефть-АЗС-004,112.98287008486857,total_fuel_sales,Продажи топлива,baseline_hgb_v2
2024-01-02 20:00:00,3,Татнефть-АЗС-004,36.808463274731295,total_fuel_sales,Продажи топлива,baseline_hgb_v2
2024-01-02 21:00:00,3,Татнефть-АЗС-004,35.82588733805177,total_fuel_sales,Продажи топлива,baseline_hgb_v2
2024-01-02 22:00:00,3,Татнефть-АЗС-004,5.111094890722078,total_fuel_sales,Продажи топлива,baseline_hgb_v2
2024-01-02 23:00:00,3,Татнефть-АЗС-004,7.750234742720813,total_fuel_sales,Продажи топлива,baseline_hgb_v2
2024-01-03 00:00:00,3,Татнефть-АЗС-004,3.2272905160649605,total_fuel_sales,Продажи топлива,baseline_hgb_v2
2024-01-03 01:00:00,3,Татнефть-АЗС-004,8.001730237681906,total_fuel_sales,Продажи топлива,baseline_hgb_v2
2024-01-03 02:00:00,3,Татнефть-АЗС-004,7.801397941225317,total_fuel_sales,Продажи топлива,baseline_hgb_v2
2024-01-03 03:00:00,3,Татнефть-АЗС-004,6.296519583683397,total_fuel_sales,Продажи топлива,baseline_hgb_v2
2024-01-03 04:00:00,3,Татнефть-АЗС-004,9.347104861570239,total_fuel_sales,Продажи топлива,baseline_hgb_v2
2024-01-03 05:00:00,3,Татнефть-АЗС-004,3.705666968491157,total_fuel_sales,Продажи топлива,baseline_hgb_v2
2024-01-03 06:00:00,3,Татнефть-АЗС-004,35.033805560775164,total_fuel_sales,Продажи топлива,baseline_hgb_v2
2024-01-03 07:00:00,3,Татнефть-АЗС-004,303.7013636346421,total_fuel_sales,Продажи топлива,baseline_hgb_v2
2024-01-03 08:00:00,3,Татнефть-АЗС-004,126.83565603883588,total_fuel_sales,Продажи топлива,baseline_hgb_v2
2024-01-03 09:00:00,3,Татнефть-АЗС-004,277.2473907614278,total_fuel_sales,Продажи топлива,baseline_hgb_v2
2024-01-03 10:00:00,3,Татнефть-АЗС-004,35.29216666184915,total_fuel_sales,Продажи топлива,baseline_hgb_v2
2024-01-03 11:00:00,3,Татнефть-АЗС-004,42.25172425496565,total_fuel_sales,Продажи топлива,baseline_hgb_v2
2024-01-03 12:00:00,3,Татнефть-АЗС-004,34.90616849760357,total_fuel_sales,Продажи топлива,baseline_hgb_v2
2024-01-03 13:00:00,3,Татнефть-АЗС-004,35.79182849752181,total_fuel_sales,Продажи топлива,baseline_hgb_v2
2024-01-03 14:00:00,3,Татнефть-АЗС-004,34.10359190576681,total_fuel_sales,Продажи топлива,baseline_hgb_v2
2024-01-03 15:00:00,3,Татнефть-АЗС-004,36.66657666628091,total_fuel_sales,Продажи топлива,baseline_hgb_v2
2024-01-03 16:00:00,3,Татнефть-АЗС-004,20.264323703359256,total_fuel_sales,Продажи топлива,baseline_hgb_v2
2024-01-03 17:00:00,3,Татнефть-АЗС-004,201.53033721142964,total_fuel_sales,Продажи топлива,baseline_hgb_v2
2024-01-03 18:00:00,3,Татнефть-АЗС-004,120.03437475051614,total_fuel_sales,Продажи топлива,baseline_hgb_v2
2024-01-03 19:00:00,3,Татнефть-АЗС-004,205.10779597058857,total_fuel_sales,Продажи топлива,baseline_hgb_v2
2024-01-03 20:00:00,3,Татнефть-АЗС-004,33.96413961945863,total_fuel_sales,Продажи топлива,baseline_hgb_v2
2024-01-03 21:00:00,3,Татнефть-АЗС-004,42.50284476671014,total_fuel_sales,Продажи топлива,baseline_hgb_v2
2024-01-03 22:00:00,3,Татнефть-АЗС-004,7.915280903559131,total_fuel_sales,Продажи топлива,baseline_hgb_v2
2024-01-03 23:00:00,3,Татнефть-АЗС-004,7.168900529112647,total_fuel_sales,Продажи топлива,baseline_hgb_v2
2024-01-04 00:00:00,3,Татнефть-АЗС-004,3.2272905160649605,total_fuel_sales,Продажи топлива,baseline_hgb_v2
2024-01-04 01:00:00,3,Татнефть-АЗС-004,3.2272905160649605,total_fuel_sales,Продажи топлива,baseline_hgb_v2
2024-01-04 02:00:00,3,Татнефть-АЗС-004,7.221569171583051,total_fuel_sales,Продажи топлива,baseline_hgb_v2
2024-01-04 03:00:00,3,Татнефть-АЗС-004,3.950426769318109,total_fuel_sales,Продажи топлива,baseline_hgb_v2
2024-01-04 04:00:00,3,Татнефть-АЗС-004,3.705666968491157,total_fuel_sales,Продажи топлива,baseline_hgb_v2
2024-01-04 05:00:00,3,Татнефть-АЗС-004,6.682339352275241,total_fuel_sales,Продажи топлива,baseline_hgb_v2
2024-01-04 06:00:00,3,Татнефть-АЗС-004,55.72292699107317,total_fuel_sales,Продажи топлива,baseline_hgb_v2
2024-01-04 07:00:00,3,Татнефть-АЗС-004,174.8031962035751,total_fuel_sales,Продажи топлива,baseline_hgb_v2
2024-01-04 08:00:00,3,Татнефть-АЗС-004,293.1694734982546,total_fuel_sales,Продажи топлива,baseline_hgb_v2
2024-01-04 09:00:00,3,Татнефть-АЗС-004,269.5140698376192,total_fuel_sales,Продажи топлива,baseline_hgb_v2
2024-01-04 10:00:00,3,Татнефть-АЗС-004,54.31766519303954,total_fuel_sales,Продажи топлива,baseline_hgb_v2
2024-01-04 11:00:00,3,Татнефть-АЗС-004,21.754455136925742,total_fuel_sales,Продажи топлива,baseline_hgb_v2
2024-01-04 12:00:00,3,Татнефть-АЗС-004,34.893743574677636,total_fuel_sales,Продажи топлива,baseline_hgb_v2
2024-01-04 13:00:00,3,Татнефть-АЗС-004,36.851573313855766,total_fuel_sales,Продажи топлива,baseline_hgb_v2
2024-01-04 14:00:00,3,Татнефть-АЗС-004,34.091166982840875,total_fuel_sales,Продажи топлива,baseline_hgb_v2
2024-01-04 15:00:00,3,Татнефть-АЗС-004,36.66657666628091,total_fuel_sales,Продажи топлива,baseline_hgb_v2
2024-01-04 16:00:00,3,Татнефть-АЗС-004,36.66657666628091,total_fuel_sales,Продажи топлива,baseline_hgb_v2
2024-01-04 17:00:00,3,Татнефть-АЗС-004,123.80332026417125,total_fuel_sales,Продажи топлива,baseline_hgb_v2
2024-01-04 18:00:00,3,Татнефть-АЗС-004,97.34109045770171,total_fuel_sales,Продажи топлива,baseline_hgb_v2
2024-01-04 19:00:00,3,Татнефть-АЗС-004,203.91232062972628,total_fuel_sales,Продажи топлива,baseline_hgb_v2
2024-01-04 20:00:00,3,Татнефть-АЗС-004,20.24559642390874,total_fuel_sales,Продажи топлива,baseline_hgb_v2
2024-01-04 21:00:00,3,Татнефть-АЗС-004,36.66027430975633,total_fuel_sales,Продажи топлива,baseline_hgb_v2
2024-01-04 22:00:00,3,Татнефть-АЗС-004,7.168900529112647,total_fuel_sales,Продажи топлива,baseline_hgb_v2
2024-01-04 23:00:00,3,Татнефть-АЗС-004,9.231350169170911,total_fuel_sales,Продажи топлива,baseline_hgb_v2
2024-01-05 00:00:00,3,Татнефть-АЗС-004,7.220063727617151,total_fuel_sales,Продажи топлива,baseline_hgb_v2
2024-01-05 01:00:00,3,Татнефть-АЗС-004,2.8357767470816775,total_fuel_sales,Продажи топлива,baseline_hgb_v2
2024-01-05 02:00:00,3,Татнефть-АЗС-004,3.2272905160649605,total_fuel_sales,Продажи топлива,baseline_hgb_v2
2024-01-05 03:00:00,3,Татнефть-АЗС-004,7.801397941225317,total_fuel_sales,Продажи топлива,baseline_hgb_v2
2024-01-05 04:00:00,3,Татнефть-АЗС-004,7.801397941225317,total_fuel_sales,Продажи топлива,baseline_hgb_v2
2024-01-05 05:00:00,3,Татнефть-АЗС-004,3.705666968491157,total_fuel_sales,Продажи топлива,baseline_hgb_v2
2024-01-05 06:00:00,3,Татнефть-АЗС-004,39.85029971580234,total_fuel_sales,Продажи топлива,baseline_hgb_v2
2024-01-05 07:00:00,3,Татнефть-АЗС-004,256.340224031688,total_fuel_sales,Продажи топлива,baseline_hgb_v2
2024-01-05 08:00:00,3,Татнефть-АЗС-004,179.86383727843506,total_fuel_sales,Продажи топлива,baseline_hgb_v2
2024-01-05 09:00:00,3,Татнефть-АЗС-004,175.36206854416073,total_fuel_sales,Продажи топлива,baseline_hgb_v2
2024-01-05 10:00:00,3,Татнефть-АЗС-004,36.204846839564574,total_fuel_sales,Продажи топлива,baseline_hgb_v2
2024-01-05 11:00:00,3,Татнефть-АЗС-004,35.76067807609324,total_fuel_sales,Продажи топлива,baseline_hgb_v2
2024-01-05 12:00:00,3,Татнефть-АЗС-004,62.9695868406845,total_fuel_sales,Продажи топлива,baseline_hgb_v2
2024-01-05 13:00:00,3,Татнефть-АЗС-004,34.091166982840875,total_fuel_sales,Продажи топлива,baseline_hgb_v2
2024-01-05 14:00:00,3,Татнефть-АЗС-004,61.20796688849109,total_fuel_sales,Продажи топлива,baseline_hgb_v2
2024-01-05 15:00:00,3,Татнефть-АЗС-004,36.66657666628091,total_fuel_sales,Продажи топлива,baseline_hgb_v2
2024-01-05 16:00:00,3,Татнефть-АЗС-004,19.449322188596547,total_fuel_sales,Продажи топлива,baseline_hgb_v2
2024-01-05 17:00:00,3,Татнефть-АЗС-004,113.723424312261,total_fuel_sales,Продажи топлива,baseline_hgb_v2
2024-01-05 18:00:00,3,Татнефть-АЗС-004,101.17336437468722,total_fuel_sales,Продажи топлива,baseline_hgb_v2
2024-01-05 19:00:00,3,Татнефть-АЗС-004,98.94367734417403,total_fuel_sales,Продажи топлива,baseline_hgb_v2
2024-01-05 20:00:00,3,Татнефть-АЗС-004,39.527751631839735,total_fuel_sales,Продажи топлива,baseline_hgb_v2
2024-01-05 21:00:00,3,Татнефть-АЗС-004,34.63357779759836,total_fuel_sales,Продажи топлива,baseline_hgb_v2
2024-01-05 22:00:00,3,Татнефть-АЗС-004,7.750234742720813,total_fuel_sales,Продажи топлива,baseline_hgb_v2
2024-01-05 23:00:00,3,Татнефть-АЗС-004,7.750234742720813,total_fuel_sales,Продажи топлива,baseline_hgb_v2
2024-01-06 00:00:00,3,Татнефть-АЗС-004,4.721143735471554,total_fuel_sales,Продажи топлива,baseline_hgb_v2
2024-01-06 01:00:00,3,Татнефть-АЗС-004,7.477554324788505,total_fuel_sales,Продажи топлива,baseline_hgb_v2
2024-01-06 02:00:00,3,Татнефть-АЗС-004,8.945374498303595,total_fuel_sales,Продажи топлива,baseline_hgb_v2
2024-01-06 03:00:00,3,Татнефть-АЗС-004,2.9876745128287516,total_fuel_sales,Продажи топлива,baseline_hgb_v2
2024-01-06 04:00:00,3,Татнефть-АЗС-004,8.945374498303595,total_fuel_sales,Продажи топлива,baseline_hgb_v2
2024-01-06 05:00:00,3,Татнефть-АЗС-004,3.7108107660819,total_fuel_sales,Продажи топлива,baseline_hgb_v2
2024-01-06 06:00:00,3,Татнефть-АЗС-004,73.59992151089959,total_fuel_sales,Продажи топлива,baseline_hgb_v2
2024-01-06 07:00:00,3,Татнефть-АЗС-004,186.20630250970513,total_fuel_sales,Продажи топлива,baseline_hgb_v2
2024-01-06 08:00:00,3,Татнефть-АЗС-004,311.87073946566824,total_fuel_sales,Продажи топлива,baseline_hgb_v2
2024-01-06 09:00:00,3,Татнефть-АЗС-004,349.87553765489145,total_fuel_sales,Продажи топлива,baseline_hgb_v2
2024-01-06 10:00:00,3,Татнефть-АЗС-004,43.42426733353087,total_fuel_sales,Продажи топлива,baseline_hgb_v2
2024-01-06 11:00:00,3,Татнефть-АЗС-004,21.07812112895419,total_fuel_sales,Продажи топлива,baseline_hgb_v2
2024-01-06 12:00:00,3,Татнефть-АЗС-004,46.7653849077094,total_fuel_sales,Продажи топлива,baseline_hgb_v2
2024-01-06 13:00:00,3,Татнефть-АЗС-004,82.57630733793684,total_fuel_sales,Продажи топлива,baseline_hgb_v2
2024-01-06 14:00:00,3,Татнефть-АЗС-004,40.97503662396781,total_fuel_sales,Продажи топлива,baseline_hgb_v2
2024-01-06 15:00:00,3,Татнефть-АЗС-004,40.51638035547246,total_fuel_sales,Продажи топлива,baseline_hgb_v2
2024-01-06 16:00:00,3,Татнефть-АЗС-004,53.51288956170744,total_fuel_sales,Продажи топлива,baseline_hgb_v2
2024-01-06 17:00:00,3,Татнефть-АЗС-004,169.8277875192558,total_fuel_sales,Продажи топлива,baseline_hgb_v2
2024-01-06 18:00:00,3,Татнефть-АЗС-004,209.6217953234071,total_fuel_sales,Продажи топлива,baseline_hgb_v2
2024-01-06 19:00:00,3,Татнефть-АЗС-004,231.76193922454246,total_fuel_sales,Продажи топлива,baseline_hgb_v2
2024-01-06 20:00:00,3,Татнефть-АЗС-004,43.37536704604858,total_fuel_sales,Продажи топлива,baseline_hgb_v2
2024-01-06 21:00:00,3,Татнефть-АЗС-004,19.647775449930215,total_fuel_sales,Продажи топлива,baseline_hgb_v2
2024-01-06 22:00:00,3,Татнефть-АЗС-004,8.692397925916653,total_fuel_sales,Продажи топлива,baseline_hgb_v2
2024-01-06 23:00:00,3,Татнефть-АЗС-004,3.3369464156055098,total_fuel_sales,Продажи топлива,baseline_hgb_v2
2024-01-07 00:00:00,3,Татнефть-АЗС-004,9.630916570077265,total_fuel_sales,Продажи топлива,baseline_hgb_v2
2024-01-07 01:00:00,3,Татнефть-АЗС-004,10.489753169933604,total_fuel_sales,Продажи топлива,baseline_hgb_v2
2024-01-07 02:00:00,3,Татнефть-АЗС-004,4.335323966879709,total_fuel_sales,Продажи топлива,baseline_hgb_v2
2024-01-07 03:00:00,3,Татнефть-АЗС-004,3.466050965254948,total_fuel_sales,Продажи топлива,baseline_hgb_v2
2024-01-07 04:00:00,3,Татнефть-АЗС-004,4.335323966879709,total_fuel_sales,Продажи топлива,baseline_hgb_v2
2024-01-07 05:00:00,3,Татнефть-АЗС-004,3.466050965254948,total_fuel_sales,Продажи топлива,baseline_hgb_v2
2024-01-07 06:00:00,3,Татнефть-АЗС-004,37.07648050514876,total_fuel_sales,Продажи топлива,baseline_hgb_v2
2024-01-07 07:00:00,3,Татнефть-АЗС-004,189.1875163665563,total_fuel_sales,Продажи топлива,baseline_hgb_v2
2024-01-07 08:00:00,3,Татнефть-АЗС-004,188.56469389715562,total_fuel_sales,Продажи топлива,baseline_hgb_v2
2024-01-07 09:00:00,3,Татнефть-АЗС-004,180.78824668361682,total_fuel_sales,Продажи топлива,baseline_hgb_v2
2024-01-07 10:00:00,3,Татнефть-АЗС-004,39.33868108470255,total_fuel_sales,Продажи топлива,baseline_hgb_v2
2024-01-07 11:00:00,3,Татнефть-АЗС-004,20.922745655136975,total_fuel_sales,Продажи топлива,baseline_hgb_v2
2024-01-07 12:00:00,3,Татнефть-АЗС-004,80.72766519744545,total_fuel_sales,Продажи топлива,baseline_hgb_v2
2024-01-07 13:00:00,3,Татнефть-АЗС-004,77.60726009036762,total_fuel_sales,Продажи топлива,baseline_hgb_v2
2024-01-07 14:00:00,3,Татнефть-АЗС-004,82.57630733793684,total_fuel_sales,Продажи топлива,baseline_hgb_v2
2024-01-07 15:00:00,3,Татнефть-АЗС-004,31.43511992394624,total_fuel_sales,Продажи топлива,baseline_hgb_v2
2024-01-07 16:00:00,3,Татнефть-АЗС-004,41.700395862707275,total_fuel_sales,Продажи топлива,baseline_hgb_v2
2024-01-07 17:00:00,3,Татнефть-АЗС-004,147.0455911767451,total_fuel_sales,Продажи топлива,baseline_hgb_v2
2024-01-07 18:00:00,3,Татнефть-АЗС-004,273.62673911389084,total_fuel_sales,Продажи топлива,baseline_hgb_v2
2024-01-07 19:00:00,3,Татнефть-АЗС-004,118.61880419245982,total_fuel_sales,Продажи топлива,baseline_hgb_v2
2024-01-07 20:00:00,3,Татнефть-АЗС-004,39.149739722813294,total_fuel_sales,Продажи топлива,baseline_hgb_v2
2024-01-07 21:00:00,3,Татнефть-АЗС-004,20.778266183292104,total_fuel_sales,Продажи топлива,baseline_hgb_v2
2024-01-07 22:00:00,3,Татнефть-АЗС-004,4.347279384995162,total_fuel_sales,Продажи топлива,baseline_hgb_v2
2024-01-07 23:00:00,3,Татнефть-АЗС-004,7.289169246296388,total_fuel_sales,Продажи топлива,baseline_hgb_v2
2024-01-01 00:00:00,4,Татнефть-АЗС-005,1.4145218691279497,total_fuel_sales,Продажи топлива,baseline_hgb_v2
2024-01-01 01:00:00,4,Татнефть-АЗС-005,2.5370060734822273,total_fuel_sales,Продажи топлива,baseline_hgb_v2
2024-01-01 02:00:00,4,Татнефть-АЗС-005,1.4145218691279497,total_fuel_sales,Продажи топлива,baseline_hgb_v2
2024-01-01 03:00:00,4,Татнефть-АЗС-005,1.4145218691279497,total_fuel_sales,Продажи топлива,baseline_hgb_v2
2024-01-01 04:00:00,4,Татнефть-АЗС-005,1.4145218691279497,total_fuel_sales,Продажи топлива,baseline_hgb_v2
2024-01-01 05:00:00,4,Татнефть-АЗС-005,2.5370060734822273,total_fuel_sales,Продажи топлива,baseline_hgb_v2
2024-01-01 06:00:00,4,Татнефть-АЗС-005,23.806394438552914,total_fuel_sales,Продажи топлива,baseline_hgb_v2
2024-01-01 07:00:00,4,Татнефть-АЗС-005,81.72166407511864,total_fuel_sales,Продажи топлива,baseline_hgb_v2
2024-01-01 08:00:00,4,Татнефть-АЗС-005,76.80388763444215,total_fuel_sales,Продажи топлива,baseline_hgb_v2
2024-01-01 09:00:00,4,Татнефть-АЗС-005,78.56248459778828,total_fuel_sales,Продажи топлива,baseline_hgb_v2
2024-01-01 10:00:00,4,Татнефть-АЗС-005,15.045973544554593,total_fuel_sales,Продажи топлива,baseline_hgb_v2
2024-01-01 11:00:00,4,Татнефть-АЗС-005,8.633018253191938,total_fuel_sales,Продажи топлива,baseline_hgb_v2
2024-01-01 12:00:00,4,Татнефть-АЗС-005,28.635663295854627,total_fuel_sales,Продажи топлива,baseline_hgb_v2
2024-01-01 13:00:00,4,Татнефть-АЗС-005,28.635663295854627,total_fuel_sales,Продажи топлива,baseline_hgb_v2
2024-01-01 14:00:00,4,Татнефть-АЗС-005,15.0584675933907,total_fuel_sales,Продажи топлива,baseline_hgb_v2
2024-01-01 15:00:00,4,Татнефть-АЗС-005,11.494156148291335,total_fuel_sales,Продажи топлива,baseline_hgb_v2
2024-01-01 16:00:00,4,Татнефть-АЗС-005,8.710989430254028,total_fuel_sales,Продажи топлива,baseline_hgb_v2
2024-01-01 17:00:00,4,Татнефть-АЗС-005,74.22383791575287,total_fuel_sales,Продажи топлива,baseline_hgb_v2
2024-01-01 18:00:00,4,Татнефть-АЗС-005,52.09992305715701,total_fuel_sales,Продажи топлива,baseline_hgb_v2
2024-01-01 19:00:00,4,Татнефть-АЗС-005,71.06532716280621,total_fuel_sales,Продажи топлива,baseline_hgb_v2
2024-01-01 20:00:00,4,Татнефть-АЗС-005,17.1835694091146,total_fuel_sales,Продажи топлива,baseline_hgb_v2
2024-01-01 21:00:00,4,Татнефть-АЗС-005,9.269973964736229,total_fuel_sales,Продажи топлива,baseline_hgb_v2
2024-01-01 22:00:00,4,Татнефть-АЗС-005,1.0184763186541212,total_fuel_sales,Продажи топлива,baseline_hgb_v2
2024-01-01 23:00:00,4,Татнефть-АЗС-005,2.50995979562092,total_fuel_sales,Продажи топлива,baseline_hgb_v2
2024-01-02 00:00:00,4,Татнефть-АЗС-005,2.9079283602644885,total_fuel_sales,Продажи топлива,baseline_hgb_v2
2024-01-02 01:00:00,4,Татнефть-АЗС-005,1.4145218691279497,total_fuel_sales,Продажи топлива,baseline_hgb_v2
2024-01-02 02:00:00,4,Татнефть-АЗС-005,2.5370060734822273,total_fuel_sales,Продажи топлива,baseline_hgb_v2
2024-01-02 03:00:00,4,Татнефть-АЗС-005,2.5370060734822273,total_fuel_sales,Продажи топлива,baseline_hgb_v2
2024-01-02 04:00:00,4,Татнефть-АЗС-005,2.5370060734822273,total_fuel_sales,Продажи топлива,baseline_hgb_v2
2024-01-02 05:00:00,4,Татнефть-АЗС-005,1.4145218691279497,total_fuel_sales,Продажи топлива,baseline_hgb_v2
2024-01-02 06:00:00,4,Татнефть-АЗС-005,23.806394438552914,total_fuel_sales,Продажи топлива,baseline_hgb_v2
2024-01-02 07:00:00,4,Татнефть-АЗС-005,70.271637967523,total_fuel_sales,Продажи топлива,baseline_hgb_v2
2024-01-02 08:00:00,4,Татнефть-АЗС-005,125.96187758392799,total_fuel_sales,Продажи топлива,baseline_hgb_v2
2024-01-02 09:00:00,4,Татнефть-АЗС-005,107.16617918097094,total_fuel_sales,Продажи топлива,baseline_hgb_v2
2024-01-02 10:00:00,4,Татнефть-АЗС-005,11.905805247754333,total_fuel_sales,Продажи топлива,baseline_hgb_v2
2024-01-02 11:00:00,4,Татнефть-АЗС-005,12.045948467886642,total_fuel_sales,Продажи топлива,baseline_hgb_v2
2024-01-02 12:00:00,4,Татнефть-АЗС-005,25.658716360991495,total_fuel_sales,Продажи топлива,baseline_hgb_v2
2024-01-02 13:00:00,4,Татнефть-АЗС-005,14.314508738438517,total_fuel_sales,Продажи топлива,baseline_hgb_v2
2024-01-02 14:00:00,4,Татнефть-АЗС-005,12.150698247245993,total_fuel_sales,Продажи топлива,baseline_hgb_v2
2024-01-02 15:00:00,4,Татнефть-АЗС-005,7.909843215203538,total_fuel_sales,Продажи топлива,baseline_hgb_v2
2024-01-02 16:00:00,4,Татнефть-АЗС-005,13.842539895691056,total_fuel_sales,Продажи топлива,baseline_hgb_v2
2024-01-02 17:00:00,4,Татнефть-АЗС-005,88.09819123730911,total_fuel_sales,Продажи топлива,baseline_hgb_v2
2024-01-02 18:00:00,4,Татнефть-АЗС-005,97.37969327192998,total_fuel_sales,Продажи топлива,baseline_hgb_v2
2024-01-02 19:00:00,4,Татнефть-АЗС-005,53.343833083182474,total_fuel_sales,Продажи топлива,baseline_hgb_v2
2024-01-02 20:00:00,4,Татнефть-АЗС-005,7.3066091256698185,total_fuel_sales,Продажи топлива,baseline_hgb_v2
2024-01-02 21:00:00,4,Татнефть-АЗС-005,16.995770167404064,total_fuel_sales,Продажи топлива,baseline_hgb_v2
2024-01-02 22:00:00,4,Татнефть-АЗС-005,1.0184763186541212,total_fuel_sales,Продажи топлива,baseline_hgb_v2
2024-01-02 23:00:00,4,Татнефть-АЗС-005,1.0184763186541212,total_fuel_sales,Продажи топлива,baseline_hgb_v2
2024-01-03 00:00:00,4,Татнефть-АЗС-005,2.5370060734822273,total_fuel_sales,Продажи топлива,baseline_hgb_v2
2024-01-03 01:00:00,4,Татнефть-АЗС-005,1.4145218691279497,total_fuel_sales,Продажи топлива,baseline_hgb_v2
2024-01-03 02:00:00,4,Татнефть-АЗС-005,1.4145218691279497,total_fuel_sales,Продажи топлива,baseline_hgb_v2
2024-01-03 03:00:00,4,Татнефть-АЗС-005,2.5370060734822273,total_fuel_sales,Продажи топлива,baseline_hgb_v2
2024-01-03 04:00:00,4,Татнефть-АЗС-005,1.4145218691279497,total_fuel_sales,Продажи топлива,baseline_hgb_v2
2024-01-03 05:00:00,4,Татнефть-АЗС-005,2.5370060734822273,total_fuel_sales,Продажи топлива,baseline_hgb_v2
2024-01-03 06:00:00,4,Татнефть-АЗС-005,14.870016014408687,total_fuel_sales,Продажи топлива,baseline_hgb_v2
2024-01-03 07:00:00,4,Татнефть-АЗС-005,124.32887391215459,total_fuel_sales,Продажи топлива,baseline_hgb_v2
2024-01-03 08:00:00,4,Татнефть-АЗС-005,76.80388763444215,total_fuel_sales,Продажи топлива,baseline_hgb_v2
2024-01-03 09:00:00,4,Татнефть-АЗС-005,114.3385777020815,total_fuel_sales,Продажи топлива,baseline_hgb_v2
2024-01-03 10:00:00,4,Татнефть-АЗС-005,25.910479446719712,total_fuel_sales,Продажи топлива,baseline_hgb_v2
2024-01-03 11:00:00,4,Татнефть-АЗС-005,9.75232015312216,total_fuel_sales,Продажи топлива,baseline_hgb_v2
2024-01-03 12:00:00,4,Татнефть-АЗС-005,14.314508738438517,total_fuel_sales,Продажи топлива,baseline_hgb_v2
2024-01-03 13:00:00,4,Татнефть-АЗС-005,28.635663295854627,total_fuel_sales,Продажи топлива,baseline_hgb_v2
2024-01-03 14:00:00,4,Татнефть-АЗС-005,14.879795629445296,total_fuel_sales,Продажи топлива,baseline_hgb_v2
2024-01-03 15:00:00,4,Татнефть-АЗС-005,17.698846392302297,total_fuel_sales,Продажи топлива,baseline_hgb_v2
2024-01-03 16:00:00,4,Татнефть-АЗС-005,9.830291330184249,total_fuel_sales,Продажи топлива,baseline_hgb_v2
2024-01-03 17:00:00,4,Татнефть-АЗС-005,69.32536653475962,total_fuel_sales,Продажи топлива,baseline_hgb_v2
2024-01-03 18:00:00,4,Татнефть-АЗС-005,52.09992305715701,total_fuel_sales,Продажи топлива,baseline_hgb_v2
2024-01-03 19:00:00,4,Татнефть-АЗС-005,92.89462390729646,total_fuel_sales,Продажи топлива,baseline_hgb_v2
2024-01-03 20:00:00,4,Татнефть-АЗС-005,9.823988973659672,total_fuel_sales,Продажи топлива,baseline_hgb_v2
2024-01-03 21:00:00,4,Татнефть-АЗС-005,9.823988973659672,total_fuel_sales,Продажи топлива,baseline_hgb_v2
2024-01-03 22:00:00,4,Татнефть-АЗС-005,2.50995979562092,total_fuel_sales,Продажи топлива,baseline_hgb_v2
2024-01-03 23:00:00,4,Татнефть-АЗС-005,2.50995979562092,total_fuel_sales,Продажи топлива,baseline_hgb_v2
2024-01-04 00:00:00,4,Татнефть-АЗС-005,1.4145218691279497,total_fuel_sales,Продажи топлива,baseline_hgb_v2
2024-01-04 01:00:00,4,Татнефть-АЗС-005,1.4145218691279497,total_fuel_sales,Продажи топлива,baseline_hgb_v2
2024-01-04 02:00:00,4,Татнефть-АЗС-005,1.4145218691279497,total_fuel_sales,Продажи топлива,baseline_hgb_v2
2024-01-04 03:00:00,4,Татнефть-АЗС-005,2.5370060734822273,total_fuel_sales,Продажи топлива,baseline_hgb_v2
2024-01-04 04:00:00,4,Татнефть-АЗС-005,2.5370060734822273,total_fuel_sales,Продажи топлива,baseline_hgb_v2
2024-01-04 05:00:00,4,Татнефть-АЗС-005,2.5370060734822273,total_fuel_sales,Продажи топлива,baseline_hgb_v2
2024-01-04 06:00:00,4,Татнефть-АЗС-005,26.11077665404701,total_fuel_sales,Продажи топлива,baseline_hgb_v2
2024-01-04 07:00:00,4,Татнефть-АЗС-005,130.73093914576398,total_fuel_sales,Продажи топлива,baseline_hgb_v2
2024-01-04 08:00:00,4,Татнефть-АЗС-005,70.17935123333558,total_fuel_sales,Продажи топлива,baseline_hgb_v2
2024-01-04 09:00:00,4,Татнефть-АЗС-005,127.20609924429083,total_fuel_sales,Продажи топлива,baseline_hgb_v2
2024-01-04 10:00:00,4,Татнефть-АЗС-005,21.34601448470004,total_fuel_sales,Продажи топлива,baseline_hgb_v2
2024-01-04 11:00:00,4,Татнефть-АЗС-005,16.811088897931043,total_fuel_sales,Продажи топлива,baseline_hgb_v2
2024-01-04 12:00:00,4,Татнефть-АЗС-005,11.553766514236841,total_fuel_sales,Продажи топлива,baseline_hgb_v2
2024-01-04 13:00:00,4,Татнефть-АЗС-005,14.302083815512574,total_fuel_sales,Продажи топлива,baseline_hgb_v2
2024-01-04 14:00:00,4,Татнефть-АЗС-005,12.150698247245993,total_fuel_sales,Продажи топлива,baseline_hgb_v2
2024-01-04 15:00:00,4,Татнефть-АЗС-005,8.698564507328085,total_fuel_sales,Продажи топлива,baseline_hgb_v2
2024-01-04 16:00:00,4,Татнефть-АЗС-005,19.307356879609042,total_fuel_sales,Продажи топлива,baseline_hgb_v2
2024-01-04 17:00:00,4,Татнефть-АЗС-005,54.820068896424004,total_fuel_sales,Продажи топлива,baseline_hgb_v2
2024-01-04 18:00:00,4,Татнефть-АЗС-005,73.95405960502376,total_fuel_sales,Продажи топлива,baseline_hgb_v2
2024-01-04 19:00:00,4,Татнефть-АЗС-005,33.18653785926285,total_fuel_sales,Продажи топлива,baseline_hgb_v2
2024-01-04 20:00:00,4,Татнефть-АЗС-005,15.186449324191525,total_fuel_sales,Продажи топлива,baseline_hgb_v2
2024-01-04 21:00:00,4,Татнефть-АЗС-005,8.692262150803508,total_fuel_sales,Продажи топлива,baseline_hgb_v2
2024-01-04 22:00:00,4,Татнефть-АЗС-005,3.397697134283535,total_fuel_sales,Продажи топлива,baseline_hgb_v2
2024-01-04 23:00:00,4,Татнефть-АЗС-005,2.50995979562092,total_fuel_sales,Продажи топлива,baseline_hgb_v2
2024-01-05 00:00:00,4,Татнефть-АЗС-005,2.5370060734822273,total_fuel_sales,Продажи топлива,baseline_hgb_v2
2024-01-05 01:00:00,4,Татнефть-АЗС-005,1.4145218691279497,total_fuel_sales,Продажи топлива,baseline_hgb_v2
2024-01-05 02:00:00,4,Татнефть-АЗС-005,1.4145218691279497,total_fuel_sales,Продажи топлива,baseline_hgb_v2
2024-01-05 03:00:00,4,Татнефть-АЗС-005,2.5370060734822273,total_fuel_sales,Продажи топлива,baseline_hgb_v2
2024-01-05 04:00:00,4,Татнефть-АЗС-005,1.4145218691279497,total_fuel_sales,Продажи топлива,baseline_hgb_v2
2024-01-05 05:00:00,4,Татнефть-АЗС-005,2.5370060734822273,total_fuel_sales,Продажи топлива,baseline_hgb_v2
2024-01-05 06:00:00,4,Татнефть-АЗС-005,13.175312640551152,total_fuel_sales,Продажи топлива,baseline_hgb_v2
2024-01-05 07:00:00,4,Татнефть-АЗС-005,136.87428928809612,total_fuel_sales,Продажи топлива,baseline_hgb_v2
2024-01-05 08:00:00,4,Татнефть-АЗС-005,67.84139775294956,total_fuel_sales,Продажи топлива,baseline_hgb_v2
2024-01-05 09:00:00,4,Татнефть-АЗС-005,81.50088571687915,total_fuel_sales,Продажи топлива,baseline_hgb_v2
2024-01-05 10:00:00,4,Татнефть-АЗС-005,12.975015433223854,total_fuel_sales,Продажи топлива,baseline_hgb_v2
2024-01-05 11:00:00,4,Татнефть-АЗС-005,9.185880221272773,total_fuel_sales,Продажи топлива,baseline_hgb_v2
2024-01-05 12:00:00,4,Татнефть-АЗС-005,24.70424081414122,total_fuel_sales,Продажи топлива,baseline_hgb_v2
2024-01-05 13:00:00,4,Татнефть-АЗС-005,24.70424081414122,total_fuel_sales,Продажи топлива,baseline_hgb_v2
2024-01-05 14:00:00,4,Татнефть-АЗС-005,32.40310099937611,total_fuel_sales,Продажи топлива,baseline_hgb_v2
2024-01-05 15:00:00,4,Татнефть-АЗС-005,16.14722722756636,total_fuel_sales,Продажи топлива,baseline_hgb_v2
2024-01-05 16:00:00,4,Татнефть-АЗС-005,17.00207252392864,total_fuel_sales,Продажи топлива,baseline_hgb_v2
2024-01-05 17:00:00,4,Татнефть-АЗС-005,90.34432247057805,total_fuel_sales,Продажи топлива,baseline_hgb_v2
2024-01-05 18:00:00,4,Татнефть-АЗС-005,100.56555165491659,total_fuel_sales,Продажи топлива,baseline_hgb_v2
2024-01-05 19:00:00,4,Татнефть-АЗС-005,72.85661094382046,total_fuel_sales,Продажи топлива,baseline_hgb_v2
2024-01-05 20:00:00,4,Татнефть-АЗС-005,17.1835694091146,total_fuel_sales,Продажи топлива,baseline_hgb_v2
2024-01-05 21:00:00,4,Татнефть-АЗС-005,16.995770167404064,total_fuel_sales,Продажи топлива,baseline_hgb_v2
2024-01-05 22:00:00,4,Татнефть-АЗС-005,1.0184763186541212,total_fuel_sales,Продажи топлива,baseline_hgb_v2
2024-01-05 23:00:00,4,Татнефть-АЗС-005,2.5114652395868196,total_fuel_sales,Продажи топлива,baseline_hgb_v2
2024-01-06 00:00:00,4,Татнефть-АЗС-005,2.047407953049872,total_fuel_sales,Продажи топлива,baseline_hgb_v2
2024-01-06 01:00:00,4,Татнефть-АЗС-005,1.1713070383610873,total_fuel_sales,Продажи топлива,baseline_hgb_v2
2024-01-06 02:00:00,4,Татнефть-АЗС-005,2.047407953049872,total_fuel_sales,Продажи топлива,baseline_hgb_v2
2024-01-06 03:00:00,4,Татнефть-АЗС-005,1.056454457916148,total_fuel_sales,Продажи топлива,baseline_hgb_v2
2024-01-06 04:00:00,4,Татнефть-АЗС-005,1.1713070383610873,total_fuel_sales,Продажи топлива,baseline_hgb_v2
2024-01-06 05:00:00,4,Татнефть-АЗС-005,1.1713070383610873,total_fuel_sales,Продажи топлива,baseline_hgb_v2
2024-01-06 06:00:00,4,Татнефть-АЗС-005,23.029402054658693,total_fuel_sales,Продажи топлива,baseline_hgb_v2
2024-01-06 07:00:00,4,Татнефть-АЗС-005,97.65542901346413,total_fuel_sales,Продажи топлива,baseline_hgb_v2
2024-01-06 08:00:00,4,Татнефть-АЗС-005,56.17461978951402,total_fuel_sales,Продажи топлива,baseline_hgb_v2
2024-01-06 09:00:00,4,Татнефть-АЗС-005,102.30532464916615,total_fuel_sales,Продажи топлива,baseline_hgb_v2
2024-01-06 10:00:00,4,Татнефть-АЗС-005,12.73180060245699,total_fuel_sales,Продажи топлива,baseline_hgb_v2
2024-01-06 11:00:00,4,Татнефть-АЗС-005,11.614569241312473,total_fuel_sales,Продажи топлива,baseline_hgb_v2
2024-01-06 12:00:00,4,Татнефть-АЗС-005,17.9934416357706,total_fuel_sales,Продажи топлива,baseline_hgb_v2
2024-01-06 13:00:00,4,Татнефть-АЗС-005,9.679866513531207,total_fuel_sales,Продажи топлива,baseline_hgb_v2
2024-01-06 14:00:00,4,Татнефть-АЗС-005,18.439269879195916,total_fuel_sales,Продажи топлива,baseline_hgb_v2
2024-01-06 15:00:00,4,Татнефть-АЗС-005,7.039728714048502,total_fuel_sales,Продажи топлива,baseline_hgb_v2
2024-01-06 16:00:00,4,Татнефть-АЗС-005,11.281879408655643,total_fuel_sales,Продажи топлива,baseline_hgb_v2
2024-01-06 17:00:00,4,Татнефть-АЗС-005,30.78854017968357,total_fuel_sales,Продажи топлива,baseline_hgb_v2
2024-01-06 18:00:00,4,Татнефть-АЗС-005,30.78854017968357,total_fuel_sales,Продажи топлива,baseline_hgb_v2
2024-01-06 19:00:00,4,Татнефть-АЗС-005,36.199290102978786,total_fuel_sales,Продажи топлива,baseline_hgb_v2
2024-01-06 20:00:00,4,Татнефть-АЗС-005,11.94316029321321,total_fuel_sales,Продажи топлива,baseline_hgb_v2
2024-01-06 21:00:00,4,Татнефть-АЗС-005,12.275006800362641,total_fuel_sales,Продажи топлива,baseline_hgb_v2
2024-01-06 22:00:00,4,Татнефть-АЗС-005,1.825076911178742,total_fuel_sales,Продажи топлива,baseline_hgb_v2
2024-01-06 23:00:00,4,Татнефть-АЗС-005,1.825076911178742,total_fuel_sales,Продажи топлива,baseline_hgb_v2
2024-01-07 00:00:00,4,Татнефть-АЗС-005,1.6742276789736998,total_fuel_sales,Продажи топлива,baseline_hgb_v2
2024-01-07 01:00:00,4,Татнефть-АЗС-005,1.1713070383610873,total_fuel_sales,Продажи топлива,baseline_hgb_v2
2024-01-07 02:00:00,4,Татнефть-АЗС-005,2.047407953049872,total_fuel_sales,Продажи топлива,baseline_hgb_v2
2024-01-07 03:00:00,4,Татнефть-АЗС-005,2.047407953049872,total_fuel_sales,Продажи топлива,baseline_hgb_v2
2024-01-07 04:00:00,4,Татнефть-АЗС-005,1.1713070383610873,total_fuel_sales,Продажи топлива,baseline_hgb_v2
2024-01-07 05:00:00,4,Татнефть-АЗС-005,2.047407953049872,total_fuel_sales,Продажи топлива,baseline_hgb_v2
2024-01-07 06:00:00,4,Татнефть-АЗС-005,18.88053862257514,total_fuel_sales,Продажи топлива,baseline_hgb_v2
2024-01-07 07:00:00,4,Татнефть-АЗС-005,77.88099602156683,total_fuel_sales,Продажи топлива,baseline_hgb_v2
2024-01-07 08:00:00,4,Татнефть-АЗС-005,55.73224018622959,total_fuel_sales,Продажи топлива,baseline_hgb_v2
2024-01-07 09:00:00,4,Татнефть-АЗС-005,102.15632868387233,total_fuel_sales,Продажи топлива,baseline_hgb_v2
2024-01-07 10:00:00,4,Татнефть-АЗС-005,9.871281215148562,total_fuel_sales,Продажи топлива,baseline_hgb_v2
2024-01-07 11:00:00,4,Татнефть-АЗС-005,7.618782458267738,total_fuel_sales,Продажи топлива,baseline_hgb_v2
2024-01-07 12:00:00,4,Татнефть-АЗС-005,9.679866513531207,total_fuel_sales,Продажи топлива,baseline_hgb_v2
2024-01-07 13:00:00,4,Татнефть-АЗС-005,8.389392824901876,total_fuel_sales,Продажи топлива,baseline_hgb_v2
2024-01-07 14:00:00,4,Татнефть-АЗС-005,10.268935039002628,total_fuel_sales,Продажи топлива,baseline_hgb_v2
2024-01-07 15:00:00,4,Татнефть-АЗС-005,7.039728714048502,total_fuel_sales,Продажи топлива,baseline_hgb_v2
2024-01-07 16:00:00,4,Татнефть-АЗС-005,6.639691015417591,total_fuel_sales,Продажи топлива,baseline_hgb_v2
2024-01-07 17:00:00,4,Татнефть-АЗС-005,64.34097935832636,total_fuel_sales,Продажи топлива,baseline_hgb_v2
2024-01-07 18:00:00,4,Татнефть-АЗС-005,64.26283669174263,total_fuel_sales,Продажи топлива,baseline_hgb_v2
2024-01-07 19:00:00,4,Татнефть-АЗС-005,67.52568013611685,total_fuel_sales,Продажи топлива,baseline_hgb_v2
2024-01-07 20:00:00,4,Татнефть-АЗС-005,6.089014684731153,total_fuel_sales,Продажи топлива,baseline_hgb_v2
2024-01-07 21:00:00,4,Татнефть-АЗС-005,8.419079382657616,total_fuel_sales,Продажи топлива,baseline_hgb_v2
2024-01-07 22:00:00,4,Татнефть-АЗС-005,1.825076911178742,total_fuel_sales,Продажи топлива,baseline_hgb_v2
2024-01-07 23:00:00,4,Татнефть-АЗС-005,1.825076911178742,total_fuel_sales,Продажи топлива,baseline_hgb_v2
2024-01-01 00:00:00,5,Татнефть-АЗС-006,1.9507400381825033,total_fuel_sales,Продажи топлива,baseline_hgb_v2
2024-01-01 01:00:00,5,Татнефть-АЗС-006,2.852047523956137,total_fuel_sales,Продажи топлива,baseline_hgb_v2
2024-01-01 02:00:00,5,Татнефть-АЗС-006,2.4712426881119436,total_fuel_sales,Продажи топлива,baseline_hgb_v2
2024-01-01 03:00:00,5,Татнефть-АЗС-006,4.997738461364176,total_fuel_sales,Продажи топлива,baseline_hgb_v2
2024-01-01 04:00:00,5,Татнефть-АЗС-006,2.4712426881119436,total_fuel_sales,Продажи топлива,baseline_hgb_v2
2024-01-01 05:00:00,5,Татнефть-АЗС-006,2.2777773738872495,total_fuel_sales,Продажи топлива,baseline_hgb_v2
2024-01-01 06:00:00,5,Татнефть-АЗС-006,39.63325609383548,total_fuel_sales,Продажи топлива,baseline_hgb_v2
2024-01-01 07:00:00,5,Татнефть-АЗС-006,110.73220659868163,total_fuel_sales,Продажи топлива,baseline_hgb_v2
2024-01-01 08:00:00,5,Татнефть-АЗС-006,211.93721624054848,total_fuel_sales,Продажи топлива,baseline_hgb_v2
2024-01-01 09:00:00,5,Татнефть-АЗС-006,119.8044395357468,total_fuel_sales,Продажи топлива,baseline_hgb_v2
2024-01-01 10:00:00,5,Татнефть-АЗС-006,22.910634891716423,total_fuel_sales,Продажи топлива,baseline_hgb_v2
2024-01-01 11:00:00,5,Татнефть-АЗС-006,15.598790120622356,total_fuel_sales,Продажи топлива,baseline_hgb_v2
2024-01-01 12:00:00,5,Татнефть-АЗС-006,24.347015678645555,total_fuel_sales,Продажи топлива,baseline_hgb_v2
2024-01-01 13:00:00,5,Татнефть-АЗС-006,48.51534572208389,total_fuel_sales,Продажи топлива,baseline_hgb_v2
2024-01-01 14:00:00,5,Татнефть-АЗС-006,53.65642442966412,total_fuel_sales,Продажи топлива,baseline_hgb_v2
2024-01-01 15:00:00,5,Татнефть-АЗС-006,26.7035380271486,total_fuel_sales,Продажи топлива,baseline_hgb_v2
2024-01-01 16:00:00,5,Татнефть-АЗС-006,26.916502892207973,total_fuel_sales,Продажи топлива,baseline_hgb_v2
2024-01-01 17:00:00,5,Татнефть-АЗС-006,154.87862802434603,total_fuel_sales,Продажи топлива,baseline_hgb_v2
2024-01-01 18:00:00,5,Татнефть-АЗС-006,86.35513292658715,total_fuel_sales,Продажи топлива,baseline_hgb_v2
2024-01-01 19:00:00,5,Татнефть-АЗС-006,81.98660016502055,total_fuel_sales,Продажи топлива,baseline_hgb_v2
2024-01-01 20:00:00,5,Татнефть-АЗС-006,30.518377183220277,total_fuel_sales,Продажи топлива,baseline_hgb_v2
2024-01-01 21:00:00,5,Татнефть-АЗС-006,15.33068621649362,total_fuel_sales,Продажи топлива,baseline_hgb_v2
2024-01-01 22:00:00,5,Татнефть-АЗС-006,6.066400821893291,total_fuel_sales,Продажи топлива,baseline_hgb_v2
2024-01-01 23:00:00,5,Татнефть-АЗС-006,6.066400821893291,total_fuel_sales,Продажи топлива,baseline_hgb_v2
2024-01-02 00:00:00,5,Татнефть-АЗС-006,5.1113567255934145,total_fuel_sales,Продажи топлива,baseline_hgb_v2
2024-01-02 01:00:00,5,Татнефть-АЗС-006,1.9507400381825033,total_fuel_sales,Продажи топлива,baseline_hgb_v2
2024-01-02 02:00:00,5,Татнефть-АЗС-006,1.9507400381825033,total_fuel_sales,Продажи топлива,baseline_hgb_v2
2024-01-02 03:00:00,5,Татнефть-АЗС-006,5.787328634447548,total_fuel_sales,Продажи топлива,baseline_hgb_v2
2024-01-02 04:00:00,5,Татнефть-АЗС-006,1.9507400381825033,total_fuel_sales,Продажи топлива,baseline_hgb_v2
2024-01-02 05:00:00,5,Татнефть-АЗС-006,2.2777773738872495,total_fuel_sales,Продажи топлива,baseline_hgb_v2
2024-01-02 06:00:00,5,Татнефть-АЗС-006,34.1117488749688,total_fuel_sales,Продажи топлива,baseline_hgb_v2
2024-01-02 07:00:00,5,Татнефть-АЗС-006,115.12961027406227,total_fuel_sales,Продажи топлива,baseline_hgb_v2
2024-01-02 08:00:00,5,Татнефть-АЗС-006,203.9816279187846,total_fuel_sales,Продажи топлива,baseline_hgb_v2
2024-01-02 09:00:00,5,Татнефть-АЗС-006,122.15872765620006,total_fuel_sales,Продажи топлива,baseline_hgb_v2
2024-01-02 10:00:00,5,Татнефть-АЗС-006,40.1697266739197,total_fuel_sales,Продажи топлива,baseline_hgb_v2
2024-01-02 11:00:00,5,Татнефть-АЗС-006,15.598790120622356,total_fuel_sales,Продажи топлива,baseline_hgb_v2
2024-01-02 12:00:00,5,Татнефть-АЗС-006,42.71774517700041,total_fuel_sales,Продажи топлива,baseline_hgb_v2
2024-01-02 13:00:00,5,Татнефть-АЗС-006,20.187990280600793,total_fuel_sales,Продажи топлива,baseline_hgb_v2
2024-01-02 14:00:00,5,Татнефть-АЗС-006,40.896420424793185,total_fuel_sales,Продажи топлива,baseline_hgb_v2
2024-01-02 15:00:00,5,Татнефть-АЗС-006,20.32910177921379,total_fuel_sales,Продажи топлива,baseline_hgb_v2
2024-01-02 16:00:00,5,Татнефть-АЗС-006,28.91388201186234,total_fuel_sales,Продажи топлива,baseline_hgb_v2
2024-01-02 17:00:00,5,Татнефть-АЗС-006,89.23490347318516,total_fuel_sales,Продажи топлива,baseline_hgb_v2
2024-01-02 18:00:00,5,Татнефть-АЗС-006,132.42129636373414,total_fuel_sales,Продажи топлива,baseline_hgb_v2
2024-01-02 19:00:00,5,Татнефть-АЗС-006,147.62730735096156,total_fuel_sales,Продажи топлива,baseline_hgb_v2
2024-01-02 20:00:00,5,Татнефть-АЗС-006,19.385674664473754,total_fuel_sales,Продажи топлива,baseline_hgb_v2
2024-01-02 21:00:00,5,Татнефть-АЗС-006,14.737646397554212,total_fuel_sales,Продажи топлива,baseline_hgb_v2
2024-01-02 22:00:00,5,Татнефть-АЗС-006,2.5455033170683543,total_fuel_sales,Продажи топлива,baseline_hgb_v2
2024-01-02 23:00:00,5,Татнефть-АЗС-006,3.2756951486629675,total_fuel_sales,Продажи топлива,baseline_hgb_v2
2024-01-03 00:00:00,5,Татнефть-АЗС-006,1.9507400381825033,total_fuel_sales,Продажи топлива,baseline_hgb_v2
2024-01-03 01:00:00,5,Татнефть-АЗС-006,2.4712426881119436,total_fuel_sales,Продажи топлива,baseline_hgb_v2
2024-01-03 02:00:00,5,Татнефть-АЗС-006,2.2777773738872495,total_fuel_sales,Продажи топлива,baseline_hgb_v2
2024-01-03 03:00:00,5,Татнефть-АЗС-006,2.4712426881119436,total_fuel_sales,Продажи топлива,baseline_hgb_v2
2024-01-03 04:00:00,5,Татнефть-АЗС-006,2.2777773738872495,total_fuel_sales,Продажи топлива,baseline_hgb_v2
2024-01-03 05:00:00,5,Татнефть-АЗС-006,2.4712426881119436,total_fuel_sales,Продажи топлива,baseline_hgb_v2
2024-01-03 06:00:00,5,Татнефть-АЗС-006,38.3918390417328,total_fuel_sales,Продажи топлива,baseline_hgb_v2
2024-01-03 07:00:00,5,Татнефть-АЗС-006,114.82839910837761,total_fuel_sales,Продажи топлива,baseline_hgb_v2
2024-01-03 08:00:00,5,Татнефть-АЗС-006,219.14066840085738,total_fuel_sales,Продажи топлива,baseline_hgb_v2
2024-01-03 09:00:00,5,Татнефть-АЗС-006,207.97168481623265,total_fuel_sales,Продажи топлива,baseline_hgb_v2
2024-01-03 10:00:00,5,Татнефть-АЗС-006,28.884923052582042,total_fuel_sales,Продажи топлива,baseline_hgb_v2
2024-01-03 11:00:00,5,Татнефть-АЗС-006,15.598790120622356,total_fuel_sales,Продажи топлива,baseline_hgb_v2
2024-01-03 12:00:00,5,Татнефть-АЗС-006,41.60094875861163,total_fuel_sales,Продажи топлива,baseline_hgb_v2
2024-01-03 13:00:00,5,Татнефть-АЗС-006,41.60094875861163,total_fuel_sales,Продажи топлива,baseline_hgb_v2
2024-01-03 14:00:00,5,Татнефть-АЗС-006,21.809666104528958,total_fuel_sales,Продажи топлива,baseline_hgb_v2
2024-01-03 15:00:00,5,Татнефть-АЗС-006,15.336988573018196,total_fuel_sales,Продажи топлива,baseline_hgb_v2
2024-01-03 16:00:00,5,Татнефть-АЗС-006,17.781555393546377,total_fuel_sales,Продажи топлива,baseline_hgb_v2
2024-01-03 17:00:00,5,Татнефть-АЗС-006,127.50128135774128,total_fuel_sales,Продажи топлива,baseline_hgb_v2
2024-01-03 18:00:00,5,Татнефть-АЗС-006,80.64418946026426,total_fuel_sales,Продажи топлива,baseline_hgb_v2
2024-01-03 19:00:00,5,Татнефть-АЗС-006,152.04813693453906,total_fuel_sales,Продажи топлива,baseline_hgb_v2
2024-01-03 20:00:00,5,Татнефть-АЗС-006,30.713700805575257,total_fuel_sales,Продажи топлива,baseline_hgb_v2
2024-01-03 21:00:00,5,Татнефть-АЗС-006,15.33068621649362,total_fuel_sales,Продажи топлива,baseline_hgb_v2
2024-01-03 22:00:00,5,Татнефть-АЗС-006,5.060193527088911,total_fuel_sales,Продажи топлива,baseline_hgb_v2
2024-01-03 23:00:00,5,Татнефть-АЗС-006,5.736165435943045,total_fuel_sales,Продажи топлива,baseline_hgb_v2
2024-01-04 00:00:00,5,Татнефть-АЗС-006,5.787328634447548,total_fuel_sales,Продажи топлива,baseline_hgb_v2
2024-01-04 01:00:00,5,Татнефть-АЗС-006,2.4712426881119436,total_fuel_sales,Продажи топлива,baseline_hgb_v2
2024-01-04 02:00:00,5,Татнефть-АЗС-006,1.9507400381825033,total_fuel_sales,Продажи топлива,baseline_hgb_v2
2024-01-04 03:00:00,5,Татнефть-АЗС-006,2.2777773738872495,total_fuel_sales,Продажи топлива,baseline_hgb_v2
2024-01-04 04:00:00,5,Татнефть-АЗС-006,5.1113567255934145,total_fuel_sales,Продажи топлива,baseline_hgb_v2
2024-01-04 05:00:00,5,Татнефть-АЗС-006,2.4712426881119436,total_fuel_sales,Продажи топлива,baseline_hgb_v2
2024-01-04 06:00:00,5,Татнефть-АЗС-006,22.818348157529,total_fuel_sales,Продажи топлива,baseline_hgb_v2
2024-01-04 07:00:00,5,Татнефть-АЗС-006,205.77362336764944,total_fuel_sales,Продажи топлива,baseline_hgb_v2
2024-01-04 08:00:00,5,Татнефть-АЗС-006,195.3458849254121,total_fuel_sales,Продажи топлива,baseline_hgb_v2
2024-01-04 09:00:00,5,Татнефть-АЗС-006,111.54106949465395,total_fuel_sales,Продажи топлива,baseline_hgb_v2
2024-01-04 10:00:00,5,Татнефть-АЗС-006,38.68590248906704,total_fuel_sales,Продажи топлива,baseline_hgb_v2
2024-01-04 11:00:00,5,Татнефть-АЗС-006,31.587429983237787,total_fuel_sales,Продажи топлива,baseline_hgb_v2
2024-01-04 12:00:00,5,Татнефть-АЗС-006,21.809666104528958,total_fuel_sales,Продажи топлива,baseline_hgb_v2
2024-01-04 13:00:00,5,Татнефть-АЗС-006,24.438190484038042,total_fuel_sales,Продажи топлива,baseline_hgb_v2
2024-01-04 14:00:00,5,Татнефть-АЗС-006,26.22361753256404,total_fuel_sales,Продажи топлива,baseline_hgb_v2
2024-01-04 15:00:00,5,Татнефть-АЗС-006,30.524679539744852,total_fuel_sales,Продажи топлива,baseline_hgb_v2
2024-01-04 16:00:00,5,Татнефть-АЗС-006,30.524679539744852,total_fuel_sales,Продажи топлива,baseline_hgb_v2
2024-01-04 17:00:00,5,Татнефть-АЗС-006,75.38620166001972,total_fuel_sales,Продажи топлива,baseline_hgb_v2
2024-01-04 18:00:00,5,Татнефть-АЗС-006,73.77949815927164,total_fuel_sales,Продажи топлива,baseline_hgb_v2
2024-01-04 19:00:00,5,Татнефть-АЗС-006,147.72676516919117,total_fuel_sales,Продажи топлива,baseline_hgb_v2
2024-01-04 20:00:00,5,Татнефть-АЗС-006,25.53227993705562,total_fuel_sales,Продажи топлива,baseline_hgb_v2
2024-01-04 21:00:00,5,Татнефть-АЗС-006,16.361986200365543,total_fuel_sales,Продажи топлива,baseline_hgb_v2
2024-01-04 22:00:00,5,Татнефть-АЗС-006,2.1646984812241623,total_fuel_sales,Продажи топлива,baseline_hgb_v2
2024-01-04 23:00:00,5,Татнефть-АЗС-006,2.1646984812241623,total_fuel_sales,Продажи топлива,baseline_hgb_v2
2024-01-05 00:00:00,5,Татнефть-АЗС-006,1.9507400381825033,total_fuel_sales,Продажи топлива,baseline_hgb_v2
2024-01-05 01:00:00,5,Татнефть-АЗС-006,1.9507400381825033,total_fuel_sales,Продажи топлива,baseline_hgb_v2
2024-01-05 02:00:00,5,Татнефть-АЗС-006,6.164243930685244,total_fuel_sales,Продажи топлива,baseline_hgb_v2
2024-01-05 03:00:00,5,Татнефть-АЗС-006,5.1113567255934145,total_fuel_sales,Продажи топлива,baseline_hgb_v2
2024-01-05 04:00:00,5,Татнефть-АЗС-006,1.9507400381825033,total_fuel_sales,Продажи топлива,baseline_hgb_v2
2024-01-05 05:00:00,5,Татнефть-АЗС-006,1.9507400381825033,total_fuel_sales,Продажи топлива,baseline_hgb_v2
2024-01-05 06:00:00,5,Татнефть-АЗС-006,42.0171676731583,total_fuel_sales,Продажи топлива,baseline_hgb_v2
2024-01-05 07:00:00,5,Татнефть-АЗС-006,213.1210118034378,total_fuel_sales,Продажи топлива,baseline_hgb_v2
2024-01-05 08:00:00,5,Татнефть-АЗС-006,107.27955376860561,total_fuel_sales,Продажи топлива,baseline_hgb_v2
2024-01-05 09:00:00,5,Татнефть-АЗС-006,189.8248698132493,total_fuel_sales,Продажи топлива,baseline_hgb_v2
2024-01-05 10:00:00,5,Татнефть-АЗС-006,23.685932280613844,total_fuel_sales,Продажи топлива,baseline_hgb_v2
2024-01-05 11:00:00,5,Татнефть-АЗС-006,26.398815353841112,total_fuel_sales,Продажи топлива,baseline_hgb_v2
2024-01-05 12:00:00,5,Татнефть-АЗС-006,46.514049727322686,total_fuel_sales,Продажи топлива,baseline_hgb_v2
2024-01-05 13:00:00,5,Татнефть-АЗС-006,28.865921047970325,total_fuel_sales,Продажи топлива,baseline_hgb_v2
2024-01-05 14:00:00,5,Татнефть-АЗС-006,42.71774517700041,total_fuel_sales,Продажи топлива,baseline_hgb_v2
2024-01-05 15:00:00,5,Татнефть-АЗС-006,23.987197066860663,total_fuel_sales,Продажи топлива,baseline_hgb_v2
2024-01-05 16:00:00,5,Татнефть-АЗС-006,23.987197066860663,total_fuel_sales,Продажи топлива,baseline_hgb_v2
2024-01-05 17:00:00,5,Татнефть-АЗС-006,84.47008839369661,total_fuel_sales,Продажи топлива,baseline_hgb_v2
2024-01-05 18:00:00,5,Татнефть-АЗС-006,81.91512329840648,total_fuel_sales,Продажи топлива,baseline_hgb_v2
2024-01-05 19:00:00,5,Татнефть-АЗС-006,86.19727251718454,total_fuel_sales,Продажи топлива,baseline_hgb_v2
2024-01-05 20:00:00,5,Татнефть-АЗС-006,16.361986200365543,total_fuel_sales,Продажи топлива,baseline_hgb_v2
2024-01-05 21:00:00,5,Татнефть-АЗС-006,23.980894710336088,total_fuel_sales,Продажи топлива,baseline_hgb_v2
2024-01-05 22:00:00,5,Татнефть-АЗС-006,2.1646984812241623,total_fuel_sales,Продажи топлива,baseline_hgb_v2
2024-01-05 23:00:00,5,Татнефть-АЗС-006,6.0912003774651495,total_fuel_sales,Продажи топлива,baseline_hgb_v2
2024-01-06 00:00:00,5,Татнефть-АЗС-006,4.155390350043217,total_fuel_sales,Продажи топлива,baseline_hgb_v2
2024-01-06 01:00:00,5,Татнефть-АЗС-006,2.1414851377652284,total_fuel_sales,Продажи топлива,baseline_hgb_v2
2024-01-06 02:00:00,5,Татнефть-АЗС-006,3.101293070310824,total_fuel_sales,Продажи топлива,baseline_hgb_v2
2024-01-06 03:00:00,5,Татнефть-АЗС-006,1.4904234306766657,total_fuel_sales,Продажи топлива,baseline_hgb_v2
2024-01-06 04:00:00,5,Татнефть-АЗС-006,1.638564497152617,total_fuel_sales,Продажи топлива,baseline_hgb_v2
2024-01-06 05:00:00,5,Татнефть-АЗС-006,3.6196135661570787,total_fuel_sales,Продажи топлива,baseline_hgb_v2
2024-01-06 06:00:00,5,Татнефть-АЗС-006,27.138182291532416,total_fuel_sales,Продажи топлива,baseline_hgb_v2
2024-01-06 07:00:00,5,Татнефть-АЗС-006,161.94963807228166,total_fuel_sales,Продажи топлива,baseline_hgb_v2
2024-01-06 08:00:00,5,Татнефть-АЗС-006,167.32030603712033,total_fuel_sales,Продажи топлива,baseline_hgb_v2
2024-01-06 09:00:00,5,Татнефть-АЗС-006,161.0422163174506,total_fuel_sales,Продажи топлива,baseline_hgb_v2
2024-01-06 10:00:00,5,Татнефть-АЗС-006,30.77838947163035,total_fuel_sales,Продажи топлива,baseline_hgb_v2
2024-01-06 11:00:00,5,Татнефть-АЗС-006,20.424890293539324,total_fuel_sales,Продажи топлива,baseline_hgb_v2
2024-01-06 12:00:00,5,Татнефть-АЗС-006,33.47729885576485,total_fuel_sales,Продажи топлива,baseline_hgb_v2
2024-01-06 13:00:00,5,Татнефть-АЗС-006,31.822931159705284,total_fuel_sales,Продажи топлива,baseline_hgb_v2
2024-01-06 14:00:00,5,Татнефть-АЗС-006,29.533519952129833,total_fuel_sales,Продажи топлива,baseline_hgb_v2
2024-01-06 15:00:00,5,Татнефть-АЗС-006,17.907489753261924,total_fuel_sales,Продажи топлива,baseline_hgb_v2
2024-01-06 16:00:00,5,Татнефть-АЗС-006,10.551796225919379,total_fuel_sales,Продажи топлива,baseline_hgb_v2
2024-01-06 17:00:00,5,Татнефть-АЗС-006,75.44415214808818,total_fuel_sales,Продажи топлива,baseline_hgb_v2
2024-01-06 18:00:00,5,Татнефть-АЗС-006,107.61551324473129,total_fuel_sales,Продажи топлива,baseline_hgb_v2
2024-01-06 19:00:00,5,Татнефть-АЗС-006,65.96553082835993,total_fuel_sales,Продажи топлива,baseline_hgb_v2
2024-01-06 20:00:00,5,Татнефть-АЗС-006,19.314454233393608,total_fuel_sales,Продажи топлива,baseline_hgb_v2
2024-01-06 21:00:00,5,Татнефть-АЗС-006,20.737275341577387,total_fuel_sales,Продажи топлива,baseline_hgb_v2
2024-01-06 22:00:00,5,Татнефть-АЗС-006,1.2301773444295137,total_fuel_sales,Продажи топлива,baseline_hgb_v2
2024-01-06 23:00:00,5,Татнефть-АЗС-006,1.2301773444295137,total_fuel_sales,Продажи топлива,baseline_hgb_v2
2024-01-07 00:00:00,5,Татнефть-АЗС-006,4.433285854797259,total_fuel_sales,Продажи топлива,baseline_hgb_v2
2024-01-07 01:00:00,5,Татнефть-АЗС-006,1.4904234306766657,total_fuel_sales,Продажи топлива,baseline_hgb_v2
2024-01-07 02:00:00,5,Татнефть-АЗС-006,4.155390350043217,total_fuel_sales,Продажи топлива,baseline_hgb_v2
2024-01-07 03:00:00,5,Татнефть-АЗС-006,2.773717535364249,total_fuel_sales,Продажи топлива,baseline_hgb_v2
2024-01-07 04:00:00,5,Татнефть-АЗС-006,4.155390350043217,total_fuel_sales,Продажи топлива,baseline_hgb_v2
2024-01-07 05:00:00,5,Татнефть-АЗС-006,1.4904234306766657,total_fuel_sales,Продажи топлива,baseline_hgb_v2
2024-01-07 06:00:00,5,Татнефть-АЗС-006,18.09706692460809,total_fuel_sales,Продажи топлива,baseline_hgb_v2
2024-01-07 07:00:00,5,Татнефть-АЗС-006,86.8264692113727,total_fuel_sales,Продажи топлива,baseline_hgb_v2
2024-01-07 08:00:00,5,Татнефть-АЗС-006,77.92010440212039,total_fuel_sales,Продажи топлива,baseline_hgb_v2
2024-01-07 09:00:00,5,Татнефть-АЗС-006,131.63868460929436,total_fuel_sales,Продажи топлива,baseline_hgb_v2
2024-01-07 10:00:00,5,Татнефть-АЗС-006,17.865578805626672,total_fuel_sales,Продажи топлива,baseline_hgb_v2
2024-01-07 11:00:00,5,Татнефть-АЗС-006,10.33896901450635,total_fuel_sales,Продажи топлива,baseline_hgb_v2
2024-01-07 12:00:00,5,Татнефть-АЗС-006,31.337234809736955,total_fuel_sales,Продажи топлива,baseline_hgb_v2
2024-01-07 13:00:00,5,Татнефть-АЗС-006,16.688010052158738,total_fuel_sales,Продажи топлива,baseline_hgb_v2
2024-01-07 14:00:00,5,Татнефть-АЗС-006,31.822931159705284,total_fuel_sales,Продажи топлива,baseline_hgb_v2
2024-01-07 15:00:00,5,Татнефть-АЗС-006,10.21994971876995,total_fuel_sales,Продажи топлива,baseline_hgb_v2
2024-01-07 16:00:00,5,Татнефть-АЗС-006,10.21994971876995,total_fuel_sales,Продажи топлива,baseline_hgb_v2
2024-01-07 17:00:00,5,Татнефть-АЗС-006,115.96362396657916,total_fuel_sales,Продажи топлива,baseline_hgb_v2
2024-01-07 18:00:00,5,Татнефть-АЗС-006,86.35456888681078,total_fuel_sales,Продажи топлива,baseline_hgb_v2
2024-01-07 19:00:00,5,Татнефть-АЗС-006,69.96333160810052,total_fuel_sales,Продажи топлива,baseline_hgb_v2
2024-01-07 20:00:00,5,Татнефть-АЗС-006,18.739776054536513,total_fuel_sales,Продажи топлива,baseline_hgb_v2
2024-01-07 21:00:00,5,Татнефть-АЗС-006,20.380433438943058,total_fuel_sales,Продажи топлива,baseline_hgb_v2
2024-01-07 22:00:00,5,Татнефть-АЗС-006,2.6989507211013715,total_fuel_sales,Продажи топлива,baseline_hgb_v2
2024-01-07 23:00:00,5,Татнефть-АЗС-006,3.0265262560479456,total_fuel_sales,Продажи топлива,baseline_hgb_v2
2024-01-01 00:00:00,6,Татнефть-АЗС-007,2.3570936301932046,total_fuel_sales,Продажи топлива,baseline_hgb_v2
2024-01-01 01:00:00,6,Татнефть-АЗС-007,1.8025989717065534,total_fuel_sales,Продажи топлива,baseline_hgb_v2
2024-01-01 02:00:00,6,Татнефть-АЗС-007,1.8025989717065534,total_fuel_sales,Продажи топлива,baseline_hgb_v2
2024-01-01 03:00:00,6,Татнефть-АЗС-007,2.988929232766069,total_fuel_sales,Продажи топлива,baseline_hgb_v2
2024-01-01 04:00:00,6,Татнефть-АЗС-007,2.988929232766069,total_fuel_sales,Продажи топлива,baseline_hgb_v2
2024-01-01 05:00:00,6,Татнефть-АЗС-007,2.715493299679328,total_fuel_sales,Продажи топлива,baseline_hgb_v2
2024-01-01 06:00:00,6,Татнефть-АЗС-007,18.682804736123465,total_fuel_sales,Продажи топлива,baseline_hgb_v2
2024-01-01 07:00:00,6,Татнефть-АЗС-007,91.04556672543218,total_fuel_sales,Продажи топлива,baseline_hgb_v2
2024-01-01 08:00:00,6,Татнефть-АЗС-007,49.0013279178161,total_fuel_sales,Продажи топлива,baseline_hgb_v2
2024-01-01 09:00:00,6,Татнефть-АЗС-007,85.14299735375747,total_fuel_sales,Продажи топлива,baseline_hgb_v2
2024-01-01 10:00:00,6,Татнефть-АЗС-007,8.446581628448127,total_fuel_sales,Продажи топлива,baseline_hgb_v2
2024-01-01 11:00:00,6,Татнефть-АЗС-007,10.562493435556373,total_fuel_sales,Продажи топлива,baseline_hgb_v2
2024-01-01 12:00:00,6,Татнефть-АЗС-007,16.448974234115752,total_fuel_sales,Продажи топлива,baseline_hgb_v2
2024-01-01 13:00:00,6,Татнефть-АЗС-007,16.448974234115752,total_fuel_sales,Продажи топлива,baseline_hgb_v2
2024-01-01 14:00:00,6,Татнефть-АЗС-007,32.34061965623706,total_fuel_sales,Продажи топлива,baseline_hgb_v2
2024-01-01 15:00:00,6,Татнефть-АЗС-007,10.178416099012685,total_fuel_sales,Продажи топлива,baseline_hgb_v2
2024-01-01 16:00:00,6,Татнефть-АЗС-007,17.65586767135363,total_fuel_sales,Продажи топлива,baseline_hgb_v2
2024-01-01 17:00:00,6,Татнефть-АЗС-007,104.08267618131087,total_fuel_sales,Продажи топлива,baseline_hgb_v2
2024-01-01 18:00:00,6,Татнефть-АЗС-007,59.582330159097346,total_fuel_sales,Продажи топлива,baseline_hgb_v2
2024-01-01 19:00:00,6,Татнефть-АЗС-007,56.5856410278225,total_fuel_sales,Продажи топлива,baseline_hgb_v2
2024-01-01 20:00:00,6,Татнефть-АЗС-007,11.397642488543326,total_fuel_sales,Продажи топлива,baseline_hgb_v2
2024-01-01 21:00:00,6,Татнефть-АЗС-007,18.705178120626087,total_fuel_sales,Продажи топлива,baseline_hgb_v2
2024-01-01 22:00:00,6,Татнефть-АЗС-007,2.777948365404065,total_fuel_sales,Продажи топлива,baseline_hgb_v2
2024-01-01 23:00:00,6,Татнефть-АЗС-007,1.4960547648187699,total_fuel_sales,Продажи топлива,baseline_hgb_v2
2024-01-02 00:00:00,6,Татнефть-АЗС-007,2.3570936301932046,total_fuel_sales,Продажи топлива,baseline_hgb_v2
2024-01-02 01:00:00,6,Татнефть-АЗС-007,2.715493299679328,total_fuel_sales,Продажи топлива,baseline_hgb_v2
2024-01-02 02:00:00,6,Татнефть-АЗС-007,1.8025989717065534,total_fuel_sales,Продажи топлива,baseline_hgb_v2
2024-01-02 03:00:00,6,Татнефть-АЗС-007,2.715493299679328,total_fuel_sales,Продажи топлива,baseline_hgb_v2
2024-01-02 04:00:00,6,Татнефть-АЗС-007,1.8025989717065534,total_fuel_sales,Продажи топлива,baseline_hgb_v2
2024-01-02 05:00:00,6,Татнефть-АЗС-007,2.715493299679328,total_fuel_sales,Продажи топлива,baseline_hgb_v2
2024-01-02 06:00:00,6,Татнефть-АЗС-007,10.562493435556373,total_fuel_sales,Продажи топлива,baseline_hgb_v2
2024-01-02 07:00:00,6,Татнефть-АЗС-007,50.563185707676915,total_fuel_sales,Продажи топлива,baseline_hgb_v2
2024-01-02 08:00:00,6,Татнефть-АЗС-007,89.05350189545597,total_fuel_sales,Продажи топлива,baseline_hgb_v2
2024-01-02 09:00:00,6,Татнефть-АЗС-007,44.92892949449715,total_fuel_sales,Продажи топлива,baseline_hgb_v2
2024-01-02 10:00:00,6,Татнефть-АЗС-007,18.682804736123465,total_fuel_sales,Продажи топлива,baseline_hgb_v2
2024-01-02 11:00:00,6,Татнефть-АЗС-007,18.778104935646894,total_fuel_sales,Продажи топлива,baseline_hgb_v2
2024-01-02 12:00:00,6,Татнефть-АЗС-007,15.883687343108981,total_fuel_sales,Продажи топлива,baseline_hgb_v2
2024-01-02 13:00:00,6,Татнефть-АЗС-007,32.34061965623706,total_fuel_sales,Продажи топлива,baseline_hgb_v2
2024-01-02 14:00:00,6,Татнефть-АЗС-007,17.002989243039192,total_fuel_sales,Продажи топлива,baseline_hgb_v2
2024-01-02 15:00:00,6,Татнефть-АЗС-007,22.61492514795644,total_fuel_sales,Продажи топлива,baseline_hgb_v2
2024-01-02 16:00:00,6,Татнефть-АЗС-007,16.701392124503357,total_fuel_sales,Продажи топлива,baseline_hgb_v2
2024-01-02 17:00:00,6,Татнефть-АЗС-007,97.54218495571959,total_fuel_sales,Продажи топлива,baseline_hgb_v2
2024-01-02 18:00:00,6,Татнефть-АЗС-007,56.77463252276921,total_fuel_sales,Продажи топлива,baseline_hgb_v2
2024-01-02 19:00:00,6,Татнефть-АЗС-007,56.57557769731701,total_fuel_sales,Продажи топлива,baseline_hgb_v2
2024-01-02 20:00:00,6,Татнефть-АЗС-007,10.410807770042496,total_fuel_sales,Продажи топлива,baseline_hgb_v2
2024-01-02 21:00:00,6,Татнефть-АЗС-007,10.964822778965939,total_fuel_sales,Продажи топлива,baseline_hgb_v2
2024-01-02 22:00:00,6,Татнефть-АЗС-007,2.777948365404065,total_fuel_sales,Продажи топлива,baseline_hgb_v2
2024-01-02 23:00:00,6,Татнефть-АЗС-007,2.088730936411322,total_fuel_sales,Продажи топлива,baseline_hgb_v2
2024-01-03 00:00:00,6,Татнефть-АЗС-007,2.988929232766069,total_fuel_sales,Продажи топлива,baseline_hgb_v2
2024-01-03 01:00:00,6,Татнефть-АЗС-007,1.8025989717065534,total_fuel_sales,Продажи топлива,baseline_hgb_v2
2024-01-03 02:00:00,6,Татнефть-АЗС-007,2.715493299679328,total_fuel_sales,Продажи топлива,baseline_hgb_v2
2024-01-03 03:00:00,6,Татнефть-АЗС-007,1.8025989717065534,total_fuel_sales,Продажи топлива,baseline_hgb_v2
2024-01-03 04:00:00,6,Татнефть-АЗС-007,2.715493299679328,total_fuel_sales,Продажи топлива,baseline_hgb_v2
2024-01-03 05:00:00,6,Татнефть-АЗС-007,1.8025989717065534,total_fuel_sales,Продажи топлива,baseline_hgb_v2
2024-01-03 06:00:00,6,Татнефть-АЗС-007,18.682804736123465,total_fuel_sales,Продажи топлива,baseline_hgb_v2
2024-01-03 07:00:00,6,Татнефть-АЗС-007,55.78706371534132,total_fuel_sales,Продажи топлива,baseline_hgb_v2
2024-01-03 08:00:00,6,Татнефть-АЗС-007,90.57354723685475,total_fuel_sales,Продажи топлива,baseline_hgb_v2
2024-01-03 09:00:00,6,Татнефть-АЗС-007,44.92892949449715,total_fuel_sales,Продажи топлива,baseline_hgb_v2
2024-01-03 10:00:00,6,Татнефть-АЗС-007,10.562493435556373,total_fuel_sales,Продажи топлива,baseline_hgb_v2
2024-01-03 11:00:00,6,Татнефть-АЗС-007,8.446581628448127,total_fuel_sales,Продажи топлива,baseline_hgb_v2
2024-01-03 12:00:00,6,Татнефть-АЗС-007,13.537204632981476,total_fuel_sales,Продажи топлива,baseline_hgb_v2
2024-01-03 13:00:00,6,Татнефть-АЗС-007,28.55838661426176,total_fuel_sales,Продажи топлива,baseline_hgb_v2
2024-01-03 14:00:00,6,Татнефть-АЗС-007,17.002989243039192,total_fuel_sales,Продажи топлива,baseline_hgb_v2
2024-01-03 15:00:00,6,Татнефть-АЗС-007,10.971125135490515,total_fuel_sales,Продажи топлива,baseline_hgb_v2
2024-01-03 16:00:00,6,Татнефть-АЗС-007,17.65586767135363,total_fuel_sales,Продажи топлива,baseline_hgb_v2
2024-01-03 17:00:00,6,Татнефть-АЗС-007,109.75764718955969,total_fuel_sales,Продажи топлива,baseline_hgb_v2
2024-01-03 18:00:00,6,Татнефть-АЗС-007,100.6341065728319,total_fuel_sales,Продажи топлива,baseline_hgb_v2
2024-01-03 19:00:00,6,Татнефть-АЗС-007,49.03976805300342,total_fuel_sales,Продажи топлива,baseline_hgb_v2
2024-01-03 20:00:00,6,Татнефть-АЗС-007,17.649565314829054,total_fuel_sales,Продажи топлива,baseline_hgb_v2
2024-01-03 21:00:00,6,Татнефть-АЗС-007,12.587397706299745,total_fuel_sales,Продажи топлива,baseline_hgb_v2
2024-01-03 22:00:00,6,Татнефть-АЗС-007,2.088730936411322,total_fuel_sales,Продажи топлива,baseline_hgb_v2
2024-01-03 23:00:00,6,Татнефть-АЗС-007,3.051384298490806,total_fuel_sales,Продажи топлива,baseline_hgb_v2
2024-01-04 00:00:00,6,Татнефть-АЗС-007,2.988929232766069,total_fuel_sales,Продажи топлива,baseline_hgb_v2
2024-01-04 01:00:00,6,Татнефть-АЗС-007,2.715493299679328,total_fuel_sales,Продажи топлива,baseline_hgb_v2
2024-01-04 02:00:00,6,Татнефть-АЗС-007,1.8025989717065534,total_fuel_sales,Продажи топлива,baseline_hgb_v2
2024-01-04 03:00:00,6,Татнефть-АЗС-007,1.8025989717065534,total_fuel_sales,Продажи топлива,baseline_hgb_v2
2024-01-04 04:00:00,6,Татнефть-АЗС-007,2.715493299679328,total_fuel_sales,Продажи топлива,baseline_hgb_v2
2024-01-04 05:00:00,6,Татнефть-АЗС-007,1.8025989717065534,total_fuel_sales,Продажи топлива,baseline_hgb_v2
2024-01-04 06:00:00,6,Татнефть-АЗС-007,17.62719193032643,total_fuel_sales,Продажи топлива,baseline_hgb_v2
2024-01-04 07:00:00,6,Татнефть-АЗС-007,97.48187669332086,total_fuel_sales,Продажи топлива,baseline_hgb_v2
2024-01-04 08:00:00,6,Татнефть-АЗС-007,56.55360804669092,total_fuel_sales,Продажи топлива,baseline_hgb_v2
2024-01-04 09:00:00,6,Татнефть-АЗС-007,53.792114728958,total_fuel_sales,Продажи топлива,baseline_hgb_v2
2024-01-04 10:00:00,6,Татнефть-АЗС-007,9.987818113313113,total_fuel_sales,Продажи топлива,baseline_hgb_v2
2024-01-04 11:00:00,6,Татнефть-АЗС-007,16.67271638347616,total_fuel_sales,Продажи топлива,baseline_hgb_v2
2024-01-04 12:00:00,6,Татнефть-АЗС-007,16.99360081180271,total_fuel_sales,Продажи топлива,baseline_hgb_v2
2024-01-04 13:00:00,6,Татнефть-АЗС-007,40.08215040006116,total_fuel_sales,Продажи топлива,baseline_hgb_v2
2024-01-04 14:00:00,6,Татнефть-АЗС-007,27.603911067411484,total_fuel_sales,Продажи топлива,baseline_hgb_v2
2024-01-04 15:00:00,6,Татнефть-АЗС-007,11.40897509542885,total_fuel_sales,Продажи топлива,baseline_hgb_v2
2024-01-04 16:00:00,6,Татнефть-АЗС-007,14.170770888812028,total_fuel_sales,Продажи топлива,baseline_hgb_v2
2024-01-04 17:00:00,6,Татнефть-АЗС-007,56.92654672954789,total_fuel_sales,Продажи топлива,baseline_hgb_v2
2024-01-04 18:00:00,6,Татнефть-АЗС-007,62.22407166330013,total_fuel_sales,Продажи топлива,baseline_hgb_v2
2024-01-04 19:00:00,6,Татнефть-АЗС-007,56.56618926608053,total_fuel_sales,Продажи топлива,baseline_hgb_v2
2024-01-04 20:00:00,6,Татнефть-АЗС-007,20.341219231499554,total_fuel_sales,Продажи топлива,baseline_hgb_v2
2024-01-04 21:00:00,6,Татнефть-АЗС-007,15.304193723805266,total_fuel_sales,Продажи топлива,baseline_hgb_v2
2024-01-04 22:00:00,6,Татнефть-АЗС-007,2.777948365404065,total_fuel_sales,Продажи топлива,baseline_hgb_v2
2024-01-04 23:00:00,6,Татнефть-АЗС-007,2.088730936411322,total_fuel_sales,Продажи топлива,baseline_hgb_v2
2024-01-05 00:00:00,6,Татнефть-АЗС-007,2.715493299679328,total_fuel_sales,Продажи топлива,baseline_hgb_v2
2024-01-05 01:00:00,6,Татнефть-АЗС-007,2.715493299679328,total_fuel_sales,Продажи топлива,baseline_hgb_v2
2024-01-05 02:00:00,6,Татнефть-АЗС-007,1.8025989717065534,total_fuel_sales,Продажи топлива,baseline_hgb_v2
2024-01-05 03:00:00,6,Татнефть-АЗС-007,2.715493299679328,total_fuel_sales,Продажи топлива,baseline_hgb_v2
2024-01-05 04:00:00,6,Татнефть-АЗС-007,2.715493299679328,total_fuel_sales,Продажи топлива,baseline_hgb_v2
2024-01-05 05:00:00,6,Татнефть-АЗС-007,2.715493299679328,total_fuel_sales,Продажи топлива,baseline_hgb_v2
2024-01-05 06:00:00,6,Татнефть-АЗС-007,16.67271638347616,total_fuel_sales,Продажи топлива,baseline_hgb_v2
2024-01-05 07:00:00,6,Татнефть-АЗС-007,78.26899091113309,total_fuel_sales,Продажи топлива,baseline_hgb_v2
2024-01-05 08:00:00,6,Татнефть-АЗС-007,50.36952600911549,total_fuel_sales,Продажи топлива,baseline_hgb_v2
2024-01-05 09:00:00,6,Татнефть-АЗС-007,49.97653219221988,total_fuel_sales,Продажи топлива,baseline_hgb_v2
2024-01-05 10:00:00,6,Татнефть-АЗС-007,9.987818113313113,total_fuel_sales,Продажи топлива,baseline_hgb_v2
2024-01-05 11:00:00,6,Татнефть-АЗС-007,19.496481593899084,total_fuel_sales,Продажи топлива,baseline_hgb_v2
2024-01-05 12:00:00,6,Татнефть-АЗС-007,25.661650534145373,total_fuel_sales,Продажи топлива,baseline_hgb_v2
2024-01-05 13:00:00,6,Татнефть-АЗС-007,28.55838661426176,total_fuel_sales,Продажи топлива,baseline_hgb_v2
2024-01-05 14:00:00,6,Татнефть-АЗС-007,28.55838661426176,total_fuel_sales,Продажи топлива,baseline_hgb_v2
2024-01-05 15:00:00,6,Татнефть-АЗС-007,15.629664403771987,total_fuel_sales,Продажи топлива,baseline_hgb_v2
2024-01-05 16:00:00,6,Татнефть-АЗС-007,10.40772169533059,total_fuel_sales,Продажи топлива,baseline_hgb_v2
2024-01-05 17:00:00,6,Татнефть-АЗС-007,54.96807755445759,total_fuel_sales,Продажи топлива,baseline_hgb_v2
2024-01-05 18:00:00,6,Татнефть-АЗС-007,91.10794193216579,total_fuel_sales,Продажи топлива,baseline_hgb_v2
2024-01-05 19:00:00,6,Татнефть-АЗС-007,107.96800116727191,total_fuel_sales,Продажи топлива,baseline_hgb_v2
2024-01-05 20:00:00,6,Татнефть-АЗС-007,19.571297401991973,total_fuel_sales,Продажи топлива,baseline_hgb_v2
2024-01-05 21:00:00,6,Татнефть-АЗС-007,19.571297401991973,total_fuel_sales,Продажи топлива,baseline_hgb_v2
2024-01-05 22:00:00,6,Татнефть-АЗС-007,2.088730936411322,total_fuel_sales,Продажи топлива,baseline_hgb_v2
2024-01-05 23:00:00,6,Татнефть-АЗС-007,1.4960547648187699,total_fuel_sales,Продажи топлива,baseline_hgb_v2
2024-01-06 00:00:00,6,Татнефть-АЗС-007,2.2332653069387334,total_fuel_sales,Продажи топлива,baseline_hgb_v2
2024-01-06 01:00:00,6,Татнефть-АЗС-007,1.4904234306766657,total_fuel_sales,Продажи топлива,baseline_hgb_v2
2024-01-06 02:00:00,6,Татнефть-АЗС-007,2.2332653069387334,total_fuel_sales,Продажи топлива,baseline_hgb_v2
2024-01-06 03:00:00,6,Татнефть-АЗС-007,1.4904234306766657,total_fuel_sales,Продажи топлива,baseline_hgb_v2
2024-01-06 04:00:00,6,Татнефть-АЗС-007,2.2332653069387334,total_fuel_sales,Продажи топлива,baseline_hgb_v2
2024-01-06 05:00:00,6,Татнефть-АЗС-007,2.2332653069387334,total_fuel_sales,Продажи топлива,baseline_hgb_v2
2024-01-06 06:00:00,6,Татнефть-АЗС-007,13.893716418525303,total_fuel_sales,Продажи топлива,baseline_hgb_v2
2024-01-06 07:00:00,6,Татнефть-АЗС-007,37.41376406453708,total_fuel_sales,Продажи топлива,baseline_hgb_v2
2024-01-06 08:00:00,6,Татнефть-АЗС-007,74.27369092630941,total_fuel_sales,Продажи топлива,baseline_hgb_v2
2024-01-06 09:00:00,6,Татнефть-АЗС-007,37.43201773989544,total_fuel_sales,Продажи топлива,baseline_hgb_v2
2024-01-06 10:00:00,6,Татнефть-АЗС-007,7.283610830255904,total_fuel_sales,Продажи топлива,baseline_hgb_v2
2024-01-06 11:00:00,6,Татнефть-АЗС-007,8.701285490428415,total_fuel_sales,Продажи топлива,baseline_hgb_v2
2024-01-06 12:00:00,6,Татнефть-АЗС-007,20.25826910292908,total_fuel_sales,Продажи топлива,baseline_hgb_v2
2024-01-06 13:00:00,6,Татнефть-АЗС-007,9.12644640645319,total_fuel_sales,Продажи топлива,baseline_hgb_v2
2024-01-06 14:00:00,6,Татнефть-АЗС-007,10.967359859004691,total_fuel_sales,Продажи топлива,baseline_hgb_v2
2024-01-06 15:00:00,6,Татнефть-АЗС-007,13.697563884232203,total_fuel_sales,Продажи топлива,baseline_hgb_v2
2024-01-06 16:00:00,6,Татнефть-АЗС-007,5.705361921752002,total_fuel_sales,Продажи топлива,baseline_hgb_v2
2024-01-06 17:00:00,6,Татнефть-АЗС-007,67.23787622095432,total_fuel_sales,Продажи топлива,baseline_hgb_v2
2024-01-06 18:00:00,6,Татнефть-АЗС-007,40.45540153651681,total_fuel_sales,Продажи топлива,baseline_hgb_v2
2024-01-06 19:00:00,6,Татнефть-АЗС-007,53.27760208319712,total_fuel_sales,Продажи топлива,baseline_hgb_v2
2024-01-06 20:00:00,6,Татнефть-АЗС-007,7.595294640334065,total_fuel_sales,Продажи топлива,baseline_hgb_v2
2024-01-06 21:00:00,6,Татнефть-АЗС-007,13.078936239848996,total_fuel_sales,Продажи топлива,baseline_hgb_v2
2024-01-06 22:00:00,6,Татнефть-АЗС-007,1.2301773444295137,total_fuel_sales,Продажи топлива,baseline_hgb_v2
2024-01-06 23:00:00,6,Татнефть-АЗС-007,1.2301773444295137,total_fuel_sales,Продажи топлива,baseline_hgb_v2
2024-01-07 00:00:00,6,Татнефть-АЗС-007,1.4904234306766657,total_fuel_sales,Продажи топлива,baseline_hgb_v2
2024-01-07 01:00:00,6,Татнефть-АЗС-007,2.2332653069387334,total_fuel_sales,Продажи топлива,baseline_hgb_v2
2024-01-07 02:00:00,6,Татнефть-АЗС-007,1.4904234306766657,total_fuel_sales,Продажи топлива,baseline_hgb_v2
2024-01-07 03:00:00,6,Татнефть-АЗС-007,2.2332653069387334,total_fuel_sales,Продажи топлива,baseline_hgb_v2
2024-01-07 04:00:00,6,Татнефть-АЗС-007,2.2332653069387334,total_fuel_sales,Продажи топлива,baseline_hgb_v2
2024-01-07 05:00:00,6,Татнефть-АЗС-007,2.2332653069387334,total_fuel_sales,Продажи топлива,baseline_hgb_v2
2024-01-07 06:00:00,6,Татнефть-АЗС-007,13.159595713661153,total_fuel_sales,Продажи топлива,baseline_hgb_v2
2024-01-07 07:00:00,6,Татнефть-АЗС-007,36.60037396507545,total_fuel_sales,Продажи топлива,baseline_hgb_v2
2024-01-07 08:00:00,6,Татнефть-АЗС-007,60.76951134575695,total_fuel_sales,Продажи топлива,baseline_hgb_v2
2024-01-07 09:00:00,6,Татнефть-АЗС-007,37.333969481877126,total_fuel_sales,Продажи топлива,baseline_hgb_v2
2024-01-07 10:00:00,6,Татнефть-АЗС-007,5.9918334736536965,total_fuel_sales,Продажи топлива,baseline_hgb_v2
2024-01-07 11:00:00,6,Татнефть-АЗС-007,8.104353757419265,total_fuel_sales,Продажи топлива,baseline_hgb_v2
2024-01-07 12:00:00,6,Татнефть-АЗС-007,19.821857746484536,total_fuel_sales,Продажи топлива,baseline_hgb_v2
2024-01-07 13:00:00,6,Татнефть-АЗС-007,11.556428384476108,total_fuel_sales,Продажи топлива,baseline_hgb_v2
2024-01-07 14:00:00,6,Татнефть-АЗС-007,22.46833210782578,total_fuel_sales,Продажи топлива,baseline_hgb_v2
2024-01-07 15:00:00,6,Татнефть-АЗС-007,7.358987217621375,total_fuel_sales,Продажи топлива,baseline_hgb_v2
2024-01-07 16:00:00,6,Татнефть-АЗС-007,12.652418886796186,total_fuel_sales,Продажи топлива,baseline_hgb_v2
2024-01-07 17:00:00,6,Татнефть-АЗС-007,37.586082466460645,total_fuel_sales,Продажи топлива,baseline_hgb_v2
2024-01-07 18:00:00,6,Татнефть-АЗС-007,37.586082466460645,total_fuel_sales,Продажи топлива,baseline_hgb_v2
2024-01-07 19:00:00,6,Татнефть-АЗС-007,41.88842113908,total_fuel_sales,Продажи топлива,baseline_hgb_v2
2024-01-07 20:00:00,6,Татнефть-АЗС-007,13.691261527707626,total_fuel_sales,Продажи топлива,baseline_hgb_v2
2024-01-07 21:00:00,6,Татнефть-АЗС-007,12.732133359924335,total_fuel_sales,Продажи топлива,baseline_hgb_v2
2024-01-07 22:00:00,6,Татнефть-АЗС-007,2.158498492675857,total_fuel_sales,Продажи топлива,baseline_hgb_v2
2024-01-07 23:00:00,6,Татнефть-АЗС-007,2.1600039366417563,total_fuel_sales,Продажи топлива,baseline_hgb_v2
2024-01-01 00:00:00,7,Татнефть-АЗС-008,5.264129809355443,total_fuel_sales,Продажи топлива,baseline_hgb_v2
2024-01-01 01:00:00,7,Татнефть-АЗС-008,5.217449899067993,total_fuel_sales,Продажи топлива,baseline_hgb_v2
2024-01-01 02:00:00,7,Татнефть-АЗС-008,4.887214513117748,total_fuel_sales,Продажи топлива,baseline_hgb_v2
2024-01-01 03:00:00,7,Татнефть-АЗС-008,1.5626629356039001,total_fuel_sales,Продажи топлива,baseline_hgb_v2
2024-01-01 04:00:00,7,Татнефть-АЗС-008,1.5626629356039001,total_fuel_sales,Продажи топлива,baseline_hgb_v2
2024-01-01 05:00:00,7,Татнефть-АЗС-008,1.5626629356039001,total_fuel_sales,Продажи топлива,baseline_hgb_v2
2024-01-01 06:00:00,7,Татнефть-АЗС-008,21.8272730723086,total_fuel_sales,Продажи топлива,baseline_hgb_v2
2024-01-01 07:00:00,7,Татнефть-АЗС-008,133.10311535955915,total_fuel_sales,Продажи топлива,baseline_hgb_v2
2024-01-01 08:00:00,7,Татнефть-АЗС-008,124.77465604828893,total_fuel_sales,Продажи топлива,baseline_hgb_v2
2024-01-01 09:00:00,7,Татнефть-АЗС-008,124.16958480236934,total_fuel_sales,Продажи топлива,baseline_hgb_v2
2024-01-01 10:00:00,7,Татнефть-АЗС-008,15.90263294982462,total_fuel_sales,Продажи топлива,baseline_hgb_v2
2024-01-01 11:00:00,7,Татнефть-АЗС-008,15.168344301396578,total_fuel_sales,Продажи топлива,baseline_hgb_v2
2024-01-01 12:00:00,7,Татнефть-АЗС-008,16.90934336347998,total_fuel_sales,Продажи топлива,baseline_hgb_v2
2024-01-01 13:00:00,7,Татнефть-АЗС-008,44.85400232135606,total_fuel_sales,Продажи топлива,baseline_hgb_v2
2024-01-01 14:00:00,7,Татнефть-АЗС-008,41.47660592399087,total_fuel_sales,Продажи топлива,baseline_hgb_v2
2024-01-01 15:00:00,7,Татнефть-АЗС-008,11.896832592772075,total_fuel_sales,Продажи топлива,baseline_hgb_v2
2024-01-01 16:00:00,7,Татнефть-АЗС-008,35.86681757633253,total_fuel_sales,Продажи топлива,baseline_hgb_v2
2024-01-01 17:00:00,7,Татнефть-АЗС-008,172.84677881782784,total_fuel_sales,Продажи топлива,baseline_hgb_v2
2024-01-01 18:00:00,7,Татнефть-АЗС-008,194.80961812261816,total_fuel_sales,Продажи топлива,baseline_hgb_v2
2024-01-01 19:00:00,7,Татнефть-АЗС-008,167.78627953548008,total_fuel_sales,Продажи топлива,baseline_hgb_v2
2024-01-01 20:00:00,7,Татнефть-АЗС-008,21.72325738577348,total_fuel_sales,Продажи топлива,baseline_hgb_v2
2024-01-01 21:00:00,7,Татнефть-АЗС-008,23.930202313419073,total_fuel_sales,Продажи топлива,baseline_hgb_v2
2024-01-01 22:00:00,7,Татнефть-АЗС-008,5.076785356977444,total_fuel_sales,Продажи топлива,baseline_hgb_v2
2024-01-01 23:00:00,7,Татнефть-АЗС-008,4.746549971027198,total_fuel_sales,Продажи топлива,baseline_hgb_v2
2024-01-02 00:00:00,7,Татнефть-АЗС-008,1.797844017828985,total_fuel_sales,Продажи топлива,baseline_hgb_v2
2024-01-02 01:00:00,7,Татнефть-АЗС-008,4.377539704226296,total_fuel_sales,Продажи топлива,baseline_hgb_v2
2024-01-02 02:00:00,7,Татнефть-АЗС-008,1.289601518034681,total_fuel_sales,Продажи топлива,baseline_hgb_v2
2024-01-02 03:00:00,7,Татнефть-АЗС-008,2.178648853673175,total_fuel_sales,Продажи топлива,baseline_hgb_v2
2024-01-02 04:00:00,7,Татнефть-АЗС-008,5.508889610182394,total_fuel_sales,Продажи топлива,baseline_hgb_v2
2024-01-02 05:00:00,7,Татнефть-АЗС-008,1.6158104411161631,total_fuel_sales,Продажи топлива,baseline_hgb_v2
2024-01-02 06:00:00,7,Татнефть-АЗС-008,16.98146090189688,total_fuel_sales,Продажи топлива,baseline_hgb_v2
2024-01-02 07:00:00,7,Татнефть-АЗС-008,124.77465604828893,total_fuel_sales,Продажи топлива,baseline_hgb_v2
2024-01-02 08:00:00,7,Татнефть-АЗС-008,106.5066589347696,total_fuel_sales,Продажи топлива,baseline_hgb_v2
2024-01-02 09:00:00,7,Татнефть-АЗС-008,124.61538927306478,total_fuel_sales,Продажи топлива,baseline_hgb_v2
2024-01-02 10:00:00,7,Татнефть-АЗС-008,22.386099268339077,total_fuel_sales,Продажи топлива,baseline_hgb_v2
2024-01-02 11:00:00,7,Татнефть-АЗС-008,13.771004391871726,total_fuel_sales,Продажи топлива,baseline_hgb_v2
2024-01-02 12:00:00,7,Татнефть-АЗС-008,41.01138859444263,total_fuel_sales,Продажи топлива,baseline_hgb_v2
2024-01-02 13:00:00,7,Татнефть-АЗС-008,19.782837652575097,total_fuel_sales,Продажи топлива,baseline_hgb_v2
2024-01-02 14:00:00,7,Татнефть-АЗС-008,41.68957078905024,total_fuel_sales,Продажи топлива,baseline_hgb_v2
2024-01-02 15:00:00,7,Татнефть-АЗС-008,15.2192049225696,total_fuel_sales,Продажи топлива,baseline_hgb_v2
2024-01-02 16:00:00,7,Татнефть-АЗС-008,19.552895967435003,total_fuel_sales,Продажи топлива,baseline_hgb_v2
2024-01-02 17:00:00,7,Татнефть-АЗС-008,105.67167994736452,total_fuel_sales,Продажи топлива,baseline_hgb_v2
2024-01-02 18:00:00,7,Татнефть-АЗС-008,122.9664162800943,total_fuel_sales,Продажи топлива,baseline_hgb_v2
2024-01-02 19:00:00,7,Татнефть-АЗС-008,216.21194107709945,total_fuel_sales,Продажи топлива,baseline_hgb_v2
2024-01-02 20:00:00,7,Татнефть-АЗС-008,20.827250495327547,total_fuel_sales,Продажи топлива,baseline_hgb_v2
2024-01-02 21:00:00,7,Татнефть-АЗС-008,9.960657835151906,total_fuel_sales,Продажи топлива,baseline_hgb_v2
2024-01-02 22:00:00,7,Татнефть-АЗС-008,4.236875162135746,total_fuel_sales,Продажи топлива,baseline_hgb_v2
2024-01-02 23:00:00,7,Татнефть-АЗС-008,4.746549971027198,total_fuel_sales,Продажи топлива,baseline_hgb_v2
2024-01-03 00:00:00,7,Татнефть-АЗС-008,1.5626629356039001,total_fuel_sales,Продажи топлива,baseline_hgb_v2
2024-01-03 01:00:00,7,Татнефть-АЗС-008,1.7407307922094313,total_fuel_sales,Продажи топлива,baseline_hgb_v2
2024-01-03 02:00:00,7,Татнефть-АЗС-008,5.264129809355443,total_fuel_sales,Продажи топлива,baseline_hgb_v2
2024-01-03 03:00:00,7,Татнефть-АЗС-008,5.217449899067993,total_fuel_sales,Продажи топлива,baseline_hgb_v2
2024-01-03 04:00:00,7,Татнефть-АЗС-008,1.5626629356039001,total_fuel_sales,Продажи топлива,baseline_hgb_v2
2024-01-03 05:00:00,7,Татнефть-АЗС-008,2.4265012314322028,total_fuel_sales,Продажи топлива,baseline_hgb_v2
2024-01-03 06:00:00,7,Татнефть-АЗС-008,21.12274473849014,total_fuel_sales,Продажи топлива,baseline_hgb_v2
2024-01-03 07:00:00,7,Татнефть-АЗС-008,133.2432207672438,total_fuel_sales,Продажи топлива,baseline_hgb_v2
2024-01-03 08:00:00,7,Татнефть-АЗС-008,71.74622795333923,total_fuel_sales,Продажи топлива,baseline_hgb_v2
2024-01-03 09:00:00,7,Татнефть-АЗС-008,63.396179024324866,total_fuel_sales,Продажи топлива,baseline_hgb_v2
2024-01-03 10:00:00,7,Татнефть-АЗС-008,21.6250804672352,total_fuel_sales,Продажи топлива,baseline_hgb_v2
2024-01-03 11:00:00,7,Татнефть-АЗС-008,12.701370778553876,total_fuel_sales,Продажи топлива,baseline_hgb_v2
2024-01-03 12:00:00,7,Татнефть-АЗС-008,38.56832934659027,total_fuel_sales,Продажи топлива,baseline_hgb_v2
2024-01-03 13:00:00,7,Татнефть-АЗС-008,23.657881854547472,total_fuel_sales,Продажи топлива,baseline_hgb_v2
2024-01-03 14:00:00,7,Татнефть-АЗС-008,24.58764531773912,total_fuel_sales,Продажи топлива,baseline_hgb_v2
2024-01-03 15:00:00,7,Татнефть-АЗС-008,9.635113684527054,total_fuel_sales,Продажи топлива,baseline_hgb_v2
2024-01-03 16:00:00,7,Татнефть-АЗС-008,20.833552851852122,total_fuel_sales,Продажи топлива,baseline_hgb_v2
2024-01-03 17:00:00,7,Татнефть-АЗС-008,204.70412381726942,total_fuel_sales,Продажи топлива,baseline_hgb_v2
2024-01-03 18:00:00,7,Татнефть-АЗС-008,220.15268547621997,total_fuel_sales,Продажи топлива,baseline_hgb_v2
2024-01-03 19:00:00,7,Татнефть-АЗС-008,180.91079456935137,total_fuel_sales,Продажи топлива,baseline_hgb_v2
2024-01-03 20:00:00,7,Татнефть-АЗС-008,34.817727075512884,total_fuel_sales,Продажи топлива,baseline_hgb_v2
2024-01-03 21:00:00,7,Татнефть-АЗС-008,23.930202313419073,total_fuel_sales,Продажи топлива,baseline_hgb_v2
2024-01-03 22:00:00,7,Татнефть-АЗС-008,1.4017984673551556,total_fuel_sales,Продажи топлива,baseline_hgb_v2
2024-01-03 23:00:00,7,Татнефть-АЗС-008,5.076785356977444,total_fuel_sales,Продажи топлива,baseline_hgb_v2
2024-01-04 00:00:00,7,Татнефть-АЗС-008,5.264129809355443,total_fuel_sales,Продажи топлива,baseline_hgb_v2
2024-01-04 01:00:00,7,Татнефть-АЗС-008,1.5626629356039001,total_fuel_sales,Продажи топлива,baseline_hgb_v2
2024-01-04 02:00:00,7,Татнефть-АЗС-008,5.217449899067993,total_fuel_sales,Продажи топлива,baseline_hgb_v2
2024-01-04 03:00:00,7,Татнефть-АЗС-008,5.508889610182394,total_fuel_sales,Продажи топлива,baseline_hgb_v2
2024-01-04 04:00:00,7,Татнефть-АЗС-008,1.7407307922094313,total_fuel_sales,Продажи топлива,baseline_hgb_v2
2024-01-04 05:00:00,7,Татнефть-АЗС-008,1.7407307922094313,total_fuel_sales,Продажи топлива,baseline_hgb_v2
2024-01-04 06:00:00,7,Татнефть-АЗС-008,21.8253776745625,total_fuel_sales,Продажи топлива,baseline_hgb_v2
2024-01-04 07:00:00,7,Татнефть-АЗС-008,66.32145300942202,total_fuel_sales,Продажи топлива,baseline_hgb_v2
2024-01-04 08:00:00,7,Татнефть-АЗС-008,124.77465604828893,total_fuel_sales,Продажи топлива,baseline_hgb_v2
2024-01-04 09:00:00,7,Татнефть-АЗС-008,110.43346900861923,total_fuel_sales,Продажи топлива,baseline_hgb_v2
2024-01-04 10:00:00,7,Татнефть-АЗС-008,11.873937623984562,total_fuel_sales,Продажи топлива,baseline_hgb_v2
2024-01-04 11:00:00,7,Татнефть-АЗС-008,14.13872040248475,total_fuel_sales,Продажи топлива,baseline_hgb_v2
2024-01-04 12:00:00,7,Татнефть-АЗС-008,37.797822372677196,total_fuel_sales,Продажи топлива,baseline_hgb_v2
2024-01-04 13:00:00,7,Татнефть-АЗС-008,37.09329403885875,total_fuel_sales,Продажи топлива,baseline_hgb_v2
2024-01-04 14:00:00,7,Татнефть-АЗС-008,20.749920299228975,total_fuel_sales,Продажи топлива,baseline_hgb_v2
2024-01-04 15:00:00,7,Татнефть-АЗС-008,12.724265747341393,total_fuel_sales,Продажи топлива,baseline_hgb_v2
2024-01-04 16:00:00,7,Татнефть-АЗС-008,20.184599241857896,total_fuel_sales,Продажи топлива,baseline_hgb_v2
2024-01-04 17:00:00,7,Татнефть-АЗС-008,213.82854711489267,total_fuel_sales,Продажи топлива,baseline_hgb_v2
2024-01-04 18:00:00,7,Татнефть-АЗС-008,107.85783669585739,total_fuel_sales,Продажи топлива,baseline_hgb_v2
2024-01-04 19:00:00,7,Татнефть-АЗС-008,219.13555789341805,total_fuel_sales,Продажи топлива,baseline_hgb_v2
2024-01-04 20:00:00,7,Татнефть-АЗС-008,19.534168687984486,total_fuel_sales,Продажи топлива,baseline_hgb_v2
2024-01-04 21:00:00,7,Татнефть-АЗС-008,14.181602582173104,total_fuel_sales,Продажи топлива,baseline_hgb_v2
2024-01-04 22:00:00,7,Татнефть-АЗС-008,1.1666173851300716,total_fuel_sales,Продажи топлива,baseline_hgb_v2
2024-01-04 23:00:00,7,Татнефть-АЗС-008,5.076785356977444,total_fuel_sales,Продажи топлива,baseline_hgb_v2
2024-01-05 00:00:00,7,Татнефть-АЗС-008,1.7407307922094313,total_fuel_sales,Продажи топлива,baseline_hgb_v2
2024-01-05 01:00:00,7,Татнефть-АЗС-008,4.377539704226296,total_fuel_sales,Продажи топлива,baseline_hgb_v2
2024-01-05 02:00:00,7,Татнефть-АЗС-008,1.7407307922094313,total_fuel_sales,Продажи топлива,baseline_hgb_v2
2024-01-05 03:00:00,7,Татнефть-АЗС-008,1.5626629356039001,total_fuel_sales,Продажи топлива,baseline_hgb_v2
2024-01-05 04:00:00,7,Татнефть-АЗС-008,1.5626629356039001,total_fuel_sales,Продажи топлива,baseline_hgb_v2
2024-01-05 05:00:00,7,Татнефть-АЗС-008,4.887214513117748,total_fuel_sales,Продажи топлива,baseline_hgb_v2
2024-01-05 06:00:00,7,Татнефть-АЗС-008,28.84538113056541,total_fuel_sales,Продажи топлива,baseline_hgb_v2
2024-01-05 07:00:00,7,Татнефть-АЗС-008,106.5066589347696,total_fuel_sales,Продажи топлива,baseline_hgb_v2
2024-01-05 08:00:00,7,Татнефть-АЗС-008,70.60536386758389,total_fuel_sales,Продажи топлива,baseline_hgb_v2
2024-01-05 09:00:00,7,Татнефть-АЗС-008,119.17732191177971,total_fuel_sales,Продажи топлива,baseline_hgb_v2
2024-01-05 10:00:00,7,Татнефть-АЗС-008,15.90263294982462,total_fuel_sales,Продажи топлива,baseline_hgb_v2
2024-01-05 11:00:00,7,Татнефть-АЗС-008,29.61514740329569,total_fuel_sales,Продажи топлива,baseline_hgb_v2
2024-01-05 12:00:00,7,Татнефть-АЗС-008,20.749920299228975,total_fuel_sales,Продажи топлива,baseline_hgb_v2
2024-01-05 13:00:00,7,Татнефть-АЗС-008,41.47660592399087,total_fuel_sales,Продажи топлива,baseline_hgb_v2
2024-01-05 14:00:00,7,Татнефть-АЗС-008,38.51840042850137,total_fuel_sales,Продажи топлива,baseline_hgb_v2
2024-01-05 15:00:00,7,Татнефть-АЗС-008,22.13819574760624,total_fuel_sales,Продажи топлива,baseline_hgb_v2
2024-01-05 16:00:00,7,Татнефть-АЗС-008,34.13766220266827,total_fuel_sales,Продажи топлива,baseline_hgb_v2
2024-01-05 17:00:00,7,Татнефть-АЗС-008,178.01085687775748,total_fuel_sales,Продажи топлива,baseline_hgb_v2
2024-01-05 18:00:00,7,Татнефть-АЗС-008,131.74598868436726,total_fuel_sales,Продажи топлива,baseline_hgb_v2
2024-01-05 19:00:00,7,Татнефть-АЗС-008,94.72988051276806,total_fuel_sales,Продажи топлива,baseline_hgb_v2
2024-01-05 20:00:00,7,Татнефть-АЗС-008,20.17829688533332,total_fuel_sales,Продажи топлива,baseline_hgb_v2
2024-01-05 21:00:00,7,Татнефть-АЗС-008,22.776021588430503,total_fuel_sales,Продажи топлива,baseline_hgb_v2
2024-01-05 22:00:00,7,Татнефть-АЗС-008,3.9589796573817018,total_fuel_sales,Продажи топлива,baseline_hgb_v2
2024-01-05 23:00:00,7,Татнефть-АЗС-008,4.236875162135746,total_fuel_sales,Продажи топлива,baseline_hgb_v2
2024-01-06 00:00:00,7,Татнефть-АЗС-008,3.7743233195647004,total_fuel_sales,Продажи топлива,baseline_hgb_v2
2024-01-06 01:00:00,7,Татнефть-АЗС-008,2.594892652471765,total_fuel_sales,Продажи топлива,baseline_hgb_v2
2024-01-06 02:00:00,7,Татнефть-АЗС-008,1.1713070383610873,total_fuel_sales,Продажи топлива,baseline_hgb_v2
2024-01-06 03:00:00,7,Татнефть-АЗС-008,3.7743233195647004,total_fuel_sales,Продажи топлива,baseline_hgb_v2
2024-01-06 04:00:00,7,Татнефть-АЗС-008,1.1713070383610873,total_fuel_sales,Продажи топлива,baseline_hgb_v2
2024-01-06 05:00:00,7,Татнефть-АЗС-008,3.113213148318018,total_fuel_sales,Продажи топлива,baseline_hgb_v2
2024-01-06 06:00:00,7,Татнефть-АЗС-008,18.69539260158156,total_fuel_sales,Продажи топлива,baseline_hgb_v2
2024-01-06 07:00:00,7,Татнефть-АЗС-008,61.42947735309158,total_fuel_sales,Продажи топлива,baseline_hgb_v2
2024-01-06 08:00:00,7,Татнефть-АЗС-008,47.671693390252806,total_fuel_sales,Продажи топлива,baseline_hgb_v2
2024-01-06 09:00:00,7,Татнефть-АЗС-008,83.03122695941167,total_fuel_sales,Продажи топлива,baseline_hgb_v2
2024-01-06 10:00:00,7,Татнефть-АЗС-008,18.49509539425426,total_fuel_sales,Продажи топлива,baseline_hgb_v2
2024-01-06 11:00:00,7,Татнефть-АЗС-008,18.263607275272843,total_fuel_sales,Продажи топлива,baseline_hgb_v2
2024-01-06 12:00:00,7,Татнефть-АЗС-008,16.17722423353205,total_fuel_sales,Продажи топлива,baseline_hgb_v2
2024-01-06 13:00:00,7,Татнефть-АЗС-008,25.410343724761795,total_fuel_sales,Продажи топлива,baseline_hgb_v2
2024-01-06 14:00:00,7,Татнефть-АЗС-008,14.235236860863248,total_fuel_sales,Продажи топлива,baseline_hgb_v2
2024-01-06 15:00:00,7,Татнефть-АЗС-008,11.350851207187244,total_fuel_sales,Продажи топлива,baseline_hgb_v2
2024-01-06 16:00:00,7,Татнефть-АЗС-008,29.343643234046485,total_fuel_sales,Продажи топлива,baseline_hgb_v2
2024-01-06 17:00:00,7,Татнефть-АЗС-008,147.68845957736113,total_fuel_sales,Продажи топлива,baseline_hgb_v2
2024-01-06 18:00:00,7,Татнефть-АЗС-008,118.96200262982951,total_fuel_sales,Продажи топлива,baseline_hgb_v2
2024-01-06 19:00:00,7,Татнефть-АЗС-008,154.29643022479434,total_fuel_sales,Продажи топлива,baseline_hgb_v2
2024-01-06 20:00:00,7,Татнефть-АЗС-008,15.90575695533432,total_fuel_sales,Продажи топлива,baseline_hgb_v2
2024-01-06 21:00:00,7,Татнефть-АЗС-008,18.007607425369358,total_fuel_sales,Продажи топлива,baseline_hgb_v2
2024-01-06 22:00:00,7,Татнефть-АЗС-008,1.5856563212578911,total_fuel_sales,Продажи топлива,baseline_hgb_v2
2024-01-06 23:00:00,7,Татнефть-АЗС-008,0.7634967245056813,total_fuel_sales,Продажи топлива,baseline_hgb_v2
2024-01-07 00:00:00,7,Татнефть-АЗС-008,1.1713070383610873,total_fuel_sales,Продажи топлива,baseline_hgb_v2
2024-01-07 01:00:00,7,Татнефть-АЗС-008,1.1713070383610873,total_fuel_sales,Продажи топлива,baseline_hgb_v2
2024-01-07 02:00:00,7,Татнефть-АЗС-008,3.113213148318018,total_fuel_sales,Продажи топлива,baseline_hgb_v2
2024-01-07 03:00:00,7,Татнефть-АЗС-008,2.375122320097254,total_fuel_sales,Продажи топлива,baseline_hgb_v2
2024-01-07 04:00:00,7,Татнефть-АЗС-008,2.195549019525823,total_fuel_sales,Продажи топлива,baseline_hgb_v2
2024-01-07 05:00:00,7,Татнефть-АЗС-008,1.1713070383610873,total_fuel_sales,Продажи топлива,baseline_hgb_v2
2024-01-07 06:00:00,7,Татнефть-АЗС-008,10.759292279813614,total_fuel_sales,Продажи топлива,baseline_hgb_v2
2024-01-07 07:00:00,7,Татнефть-АЗС-008,50.6014826976725,total_fuel_sales,Продажи топлива,baseline_hgb_v2
2024-01-07 08:00:00,7,Татнефть-АЗС-008,87.33295606596427,total_fuel_sales,Продажи топлива,baseline_hgb_v2
2024-01-07 09:00:00,7,Татнефть-АЗС-008,87.69181617472279,total_fuel_sales,Продажи топлива,baseline_hgb_v2
2024-01-07 10:00:00,7,Татнефть-АЗС-008,16.31539104759411,total_fuel_sales,Продажи топлива,baseline_hgb_v2
2024-01-07 11:00:00,7,Татнефть-АЗС-008,10.723937055185766,total_fuel_sales,Продажи топлива,baseline_hgb_v2
2024-01-07 12:00:00,7,Татнефть-АЗС-008,14.235236860863248,total_fuel_sales,Продажи топлива,baseline_hgb_v2
2024-01-07 13:00:00,7,Татнефть-АЗС-008,28.276251265911416,total_fuel_sales,Продажи топлива,baseline_hgb_v2
2024-01-07 14:00:00,7,Татнефть-АЗС-008,28.276251265911416,total_fuel_sales,Продажи топлива,baseline_hgb_v2
2024-01-07 15:00:00,7,Татнефть-АЗС-008,9.089132298942223,total_fuel_sales,Продажи топлива,baseline_hgb_v2
2024-01-07 16:00:00,7,Татнефть-АЗС-008,17.64009139440185,total_fuel_sales,Продажи топлива,baseline_hgb_v2
2024-01-07 17:00:00,7,Татнефть-АЗС-008,161.86173698305285,total_fuel_sales,Продажи топлива,baseline_hgb_v2
2024-01-07 18:00:00,7,Татнефть-АЗС-008,167.83060195724735,total_fuel_sales,Продажи топлива,baseline_hgb_v2
2024-01-07 19:00:00,7,Татнефть-АЗС-008,92.7924115654824,total_fuel_sales,Продажи топлива,baseline_hgb_v2
2024-01-07 20:00:00,7,Татнефть-АЗС-008,26.991711131533243,total_fuel_sales,Продажи топлива,baseline_hgb_v2
2024-01-07 21:00:00,7,Татнефть-АЗС-008,10.272821129931286,total_fuel_sales,Продажи топлива,baseline_hgb_v2
2024-01-07 22:00:00,7,Татнефть-АЗС-008,3.2740967729395254,total_fuel_sales,Продажи топлива,baseline_hgb_v2
2024-01-07 23:00:00,7,Татнефть-АЗС-008,2.890882106446885,total_fuel_sales,Продажи топлива,baseline_hgb_v2
2024-01-01 00:00:00,8,Татнефть-АЗС-009,6.117564020397794,total_fuel_sales,Продажи топлива,baseline_hgb_v2
2024-01-01 01:00:00,8,Татнефть-АЗС-009,6.855449075704467,total_fuel_sales,Продажи топлива,baseline_hgb_v2
2024-01-01 02:00:00,8,Татнефть-АЗС-009,6.409003731512196,total_fuel_sales,Продажи топлива,baseline_hgb_v2
2024-01-01 03:00:00,8,Татнефть-АЗС-009,4.1840661727239965,total_fuel_sales,Продажи топлива,baseline_hgb_v2
2024-01-01 04:00:00,8,Татнефть-АЗС-009,4.997738461364176,total_fuel_sales,Продажи топлива,baseline_hgb_v2
2024-01-01 05:00:00,8,Татнефть-АЗС-009,6.117564020397794,total_fuel_sales,Продажи топлива,baseline_hgb_v2
2024-01-01 06:00:00,8,Татнефть-АЗС-009,15.032039869108358,total_fuel_sales,Продажи топлива,baseline_hgb_v2
2024-01-01 07:00:00,8,Татнефть-АЗС-009,75.52137739676327,total_fuel_sales,Продажи топлива,baseline_hgb_v2
2024-01-01 08:00:00,8,Татнефть-АЗС-009,77.14378714155974,total_fuel_sales,Продажи топлива,baseline_hgb_v2
2024-01-01 09:00:00,8,Татнефть-АЗС-009,93.61028620209973,total_fuel_sales,Продажи топлива,baseline_hgb_v2
2024-01-01 10:00:00,8,Татнефть-АЗС-009,31.587429983237787,total_fuel_sales,Продажи топлива,baseline_hgb_v2
2024-01-01 11:00:00,8,Татнефть-АЗС-009,13.875866507061179,total_fuel_sales,Продажи топлива,baseline_hgb_v2
2024-01-01 12:00:00,8,Татнефть-АЗС-009,46.727014592382055,total_fuel_sales,Продажи топлива,baseline_hgb_v2
2024-01-01 13:00:00,8,Татнефть-АЗС-009,24.347015678645555,total_fuel_sales,Продажи топлива,baseline_hgb_v2
2024-01-01 14:00:00,8,Татнефть-АЗС-009,40.896420424793185,total_fuel_sales,Продажи топлива,baseline_hgb_v2
2024-01-01 15:00:00,8,Татнефть-АЗС-009,15.336988573018196,total_fuel_sales,Продажи топлива,baseline_hgb_v2
2024-01-01 16:00:00,8,Татнефть-АЗС-009,38.61610758541261,total_fuel_sales,Продажи топлива,baseline_hgb_v2
2024-01-01 17:00:00,8,Татнефть-АЗС-009,260.14828575880694,total_fuel_sales,Продажи топлива,baseline_hgb_v2
2024-01-01 18:00:00,8,Татнефть-АЗС-009,217.86180312987483,total_fuel_sales,Продажи топлива,baseline_hgb_v2
2024-01-01 19:00:00,8,Татнефть-АЗС-009,218.91914063495005,total_fuel_sales,Продажи топлива,baseline_hgb_v2
2024-01-01 20:00:00,8,Татнефть-АЗС-009,37.686977672066696,total_fuel_sales,Продажи топлива,baseline_hgb_v2
2024-01-01 21:00:00,8,Татнефть-АЗС-009,30.518377183220277,total_fuel_sales,Продажи топлива,baseline_hgb_v2
2024-01-01 22:00:00,8,Татнефть-АЗС-009,1.9712331669994678,total_fuel_sales,Продажи топлива,baseline_hgb_v2
2024-01-01 23:00:00,8,Татнефть-АЗС-009,4.782298022334869,total_fuel_sales,Продажи топлива,baseline_hgb_v2
2024-01-02 00:00:00,8,Татнефть-АЗС-009,2.2777773738872495,total_fuel_sales,Продажи топлива,baseline_hgb_v2
2024-01-02 01:00:00,8,Татнефть-АЗС-009,6.164243930685244,total_fuel_sales,Продажи топлива,baseline_hgb_v2
2024-01-02 02:00:00,8,Татнефть-АЗС-009,5.746112712438558,total_fuel_sales,Продажи топлива,baseline_hgb_v2
2024-01-02 03:00:00,8,Татнефть-АЗС-009,1.9507400381825033,total_fuel_sales,Продажи топлива,baseline_hgb_v2
2024-01-02 04:00:00,8,Татнефть-АЗС-009,6.164243930685244,total_fuel_sales,Продажи топлива,baseline_hgb_v2
2024-01-02 05:00:00,8,Татнефть-АЗС-009,5.787328634447548,total_fuel_sales,Продажи топлива,baseline_hgb_v2
2024-01-02 06:00:00,8,Татнефть-АЗС-009,20.123978280418708,total_fuel_sales,Продажи топлива,baseline_hgb_v2
2024-01-02 07:00:00,8,Татнефть-АЗС-009,148.3345938228886,total_fuel_sales,Продажи топлива,baseline_hgb_v2
2024-01-02 08:00:00,8,Татнефть-АЗС-009,136.34887785725658,total_fuel_sales,Продажи топлива,baseline_hgb_v2
2024-01-02 09:00:00,8,Татнефть-АЗС-009,136.24942003902697,total_fuel_sales,Продажи топлива,baseline_hgb_v2
2024-01-02 10:00:00,8,Татнефть-АЗС-009,29.031519326186164,total_fuel_sales,Продажи топлива,baseline_hgb_v2
2024-01-02 11:00:00,8,Татнефть-АЗС-009,34.08447734731552,total_fuel_sales,Продажи топлива,baseline_hgb_v2
2024-01-02 12:00:00,8,Татнефть-АЗС-009,21.809666104528958,total_fuel_sales,Продажи топлива,baseline_hgb_v2
2024-01-02 13:00:00,8,Татнефть-АЗС-009,49.199978089206944,total_fuel_sales,Продажи топлива,baseline_hgb_v2
2024-01-02 14:00:00,8,Татнефть-АЗС-009,41.60094875861163,total_fuel_sales,Продажи топлива,baseline_hgb_v2
2024-01-02 15:00:00,8,Татнефть-АЗС-009,15.428163378410678,total_fuel_sales,Продажи топлива,baseline_hgb_v2
2024-01-02 16:00:00,8,Татнефть-АЗС-009,26.636156210683794,total_fuel_sales,Продажи топлива,baseline_hgb_v2
2024-01-02 17:00:00,8,Татнефть-АЗС-009,191.91168590226093,total_fuel_sales,Продажи топлива,baseline_hgb_v2
2024-01-02 18:00:00,8,Татнефть-АЗС-009,205.7237110304367,total_fuel_sales,Продажи топлива,baseline_hgb_v2
2024-01-02 19:00:00,8,Татнефть-АЗС-009,176.5243832853115,total_fuel_sales,Продажи топлива,baseline_hgb_v2
2024-01-02 20:00:00,8,Татнефть-АЗС-009,45.37243676942047,total_fuel_sales,Продажи топлива,baseline_hgb_v2
2024-01-02 21:00:00,8,Татнефть-АЗС-009,13.669104633272733,total_fuel_sales,Продажи топлива,baseline_hgb_v2
2024-01-02 22:00:00,8,Татнефть-АЗС-009,3.7496730865505628,total_fuel_sales,Продажи топлива,baseline_hgb_v2
2024-01-02 23:00:00,8,Татнефть-АЗС-009,1.9712331669994678,total_fuel_sales,Продажи топлива,baseline_hgb_v2
2024-01-03 00:00:00,8,Татнефть-АЗС-009,1.9507400381825033,total_fuel_sales,Продажи топлива,baseline_hgb_v2
2024-01-03 01:00:00,8,Татнефть-АЗС-009,1.9507400381825033,total_fuel_sales,Продажи топлива,baseline_hgb_v2
2024-01-03 02:00:00,8,Татнефть-АЗС-009,5.1113567255934145,total_fuel_sales,Продажи топлива,baseline_hgb_v2
2024-01-03 03:00:00,8,Татнефть-АЗС-009,1.8025989717065534,total_fuel_sales,Продажи топлива,baseline_hgb_v2
2024-01-03 04:00:00,8,Татнефть-АЗС-009,5.787328634447548,total_fuel_sales,Продажи топлива,baseline_hgb_v2
2024-01-03 05:00:00,8,Татнефть-АЗС-009,5.787328634447548,total_fuel_sales,Продажи топлива,baseline_hgb_v2
2024-01-03 06:00:00,8,Татнефть-АЗС-009,18.017629386963844,total_fuel_sales,Продажи топлива,baseline_hgb_v2
2024-01-03 07:00:00,8,Татнефть-АЗС-009,139.96501020410437,total_fuel_sales,Продажи топлива,baseline_hgb_v2
2024-01-03 08:00:00,8,Татнефть-АЗС-009,78.92779340066974,total_fuel_sales,Продажи топлива,baseline_hgb_v2
2024-01-03 09:00:00,8,Татнефть-АЗС-009,133.0518910940036,total_fuel_sales,Продажи топлива,baseline_hgb_v2
2024-01-03 10:00:00,8,Татнефть-АЗС-009,18.503325736932176,total_fuel_sales,Продажи топлива,baseline_hgb_v2
2024-01-03 11:00:00,8,Татнефть-АЗС-009,25.243364099694254,total_fuel_sales,Продажи топлива,baseline_hgb_v2
2024-01-03 12:00:00,8,Татнефть-АЗС-009,55.05895849259924,total_fuel_sales,Продажи топлива,baseline_hgb_v2
2024-01-03 13:00:00,8,Татнефть-АЗС-009,46.514049727322686,total_fuel_sales,Продажи топлива,baseline_hgb_v2
2024-01-03 14:00:00,8,Татнефть-АЗС-009,46.514049727322686,total_fuel_sales,Продажи топлива,baseline_hgb_v2
2024-01-03 15:00:00,8,Татнефть-АЗС-009,14.743948754078788,total_fuel_sales,Продажи топлива,baseline_hgb_v2
2024-01-03 16:00:00,8,Татнефть-АЗС-009,42.0250583440679,total_fuel_sales,Продажи топлива,baseline_hgb_v2
2024-01-03 17:00:00,8,Татнефть-АЗС-009,274.392483693694,total_fuel_sales,Продажи топлива,baseline_hgb_v2
2024-01-03 18:00:00,8,Татнефть-АЗС-009,276.7417103769704,total_fuel_sales,Продажи топлива,baseline_hgb_v2
2024-01-03 19:00:00,8,Татнефть-АЗС-009,229.84147127236758,total_fuel_sales,Продажи топлива,baseline_hgb_v2
2024-01-03 20:00:00,8,Татнефть-АЗС-009,25.46804766691228,total_fuel_sales,Продажи топлива,baseline_hgb_v2
2024-01-03 21:00:00,8,Татнефть-АЗС-009,25.53227993705562,total_fuel_sales,Продажи топлива,baseline_hgb_v2
2024-01-03 22:00:00,8,Татнефть-АЗС-009,5.736165435943045,total_fuel_sales,Продажи топлива,baseline_hgb_v2
2024-01-03 23:00:00,8,Татнефть-АЗС-009,6.066400821893291,total_fuel_sales,Продажи топлива,baseline_hgb_v2
2024-01-04 00:00:00,8,Татнефть-АЗС-009,2.2777773738872495,total_fuel_sales,Продажи топлива,baseline_hgb_v2
2024-01-04 01:00:00,8,Татнефть-АЗС-009,2.4712426881119436,total_fuel_sales,Продажи топлива,baseline_hgb_v2
2024-01-04 02:00:00,8,Татнефть-АЗС-009,2.2777773738872495,total_fuel_sales,Продажи топлива,baseline_hgb_v2
2024-01-04 03:00:00,8,Татнефть-АЗС-009,1.9507400381825033,total_fuel_sales,Продажи топлива,baseline_hgb_v2
2024-01-04 04:00:00,8,Татнефть-АЗС-009,1.9507400381825033,total_fuel_sales,Продажи топлива,baseline_hgb_v2
2024-01-04 05:00:00,8,Татнефть-АЗС-009,4.997738461364176,total_fuel_sales,Продажи топлива,baseline_hgb_v2
2024-01-04 06:00:00,8,Татнефть-АЗС-009,23.108688922588495,total_fuel_sales,Продажи топлива,baseline_hgb_v2
2024-01-04 07:00:00,8,Татнефть-АЗС-009,77.09192028421292,total_fuel_sales,Продажи топлива,baseline_hgb_v2
2024-01-04 08:00:00,8,Татнефть-АЗС-009,81.33763013755188,total_fuel_sales,Продажи топлива,baseline_hgb_v2
2024-01-04 09:00:00,8,Татнефть-АЗС-009,85.03330424442733,total_fuel_sales,Продажи топлива,baseline_hgb_v2
2024-01-04 10:00:00,8,Татнефть-АЗС-009,18.734422562066776,total_fuel_sales,Продажи топлива,baseline_hgb_v2
2024-01-04 11:00:00,8,Татнефть-АЗС-009,20.798282405488834,total_fuel_sales,Продажи топлива,baseline_hgb_v2
2024-01-04 12:00:00,8,Татнефть-АЗС-009,52.43360689056991,total_fuel_sales,Продажи топлива,baseline_hgb_v2
2024-01-04 13:00:00,8,Татнефть-АЗС-009,19.360557126031473,total_fuel_sales,Продажи топлива,baseline_hgb_v2
2024-01-04 14:00:00,8,Татнефть-АЗС-009,50.38862734938129,total_fuel_sales,Продажи топлива,baseline_hgb_v2
2024-01-04 15:00:00,8,Татнефть-АЗС-009,25.538582293580195,total_fuel_sales,Продажи топлива,baseline_hgb_v2
2024-01-04 16:00:00,8,Татнефть-АЗС-009,35.360467637049446,total_fuel_sales,Продажи топлива,baseline_hgb_v2
2024-01-04 17:00:00,8,Татнефть-АЗС-009,118.70165987100667,total_fuel_sales,Продажи топлива,baseline_hgb_v2
2024-01-04 18:00:00,8,Татнефть-АЗС-009,114.53386345202192,total_fuel_sales,Продажи топлива,baseline_hgb_v2
2024-01-04 19:00:00,8,Татнефть-АЗС-009,177.71328444451663,total_fuel_sales,Продажи топлива,baseline_hgb_v2
2024-01-04 20:00:00,8,Татнефть-АЗС-009,34.395044609322,total_fuel_sales,Продажи топлива,baseline_hgb_v2
2024-01-04 21:00:00,8,Татнефть-АЗС-009,18.899978314505436,total_fuel_sales,Продажи топлива,baseline_hgb_v2
2024-01-04 22:00:00,8,Татнефть-АЗС-009,5.736165435943045,total_fuel_sales,Продажи топлива,baseline_hgb_v2
2024-01-04 23:00:00,8,Татнефть-АЗС-009,5.737670879908944,total_fuel_sales,Продажи топлива,baseline_hgb_v2
2024-01-05 00:00:00,8,Татнефть-АЗС-009,6.117564020397794,total_fuel_sales,Продажи топлива,baseline_hgb_v2
2024-01-05 01:00:00,8,Татнефть-АЗС-009,2.852047523956137,total_fuel_sales,Продажи топлива,baseline_hgb_v2
2024-01-05 02:00:00,8,Татнефть-АЗС-009,5.787328634447548,total_fuel_sales,Продажи топлива,baseline_hgb_v2
2024-01-05 03:00:00,8,Татнефть-АЗС-009,6.164243930685244,total_fuel_sales,Продажи топлива,baseline_hgb_v2
2024-01-05 04:00:00,8,Татнефть-АЗС-009,2.2777773738872495,total_fuel_sales,Продажи топлива,baseline_hgb_v2
2024-01-05 05:00:00,8,Татнефть-АЗС-009,1.9507400381825033,total_fuel_sales,Продажи топлива,baseline_hgb_v2
2024-01-05 06:00:00,8,Татнефть-АЗС-009,26.398815353841112,total_fuel_sales,Продажи топлива,baseline_hgb_v2
2024-01-05 07:00:00,8,Татнефть-АЗС-009,144.6818147187801,total_fuel_sales,Продажи топлива,baseline_hgb_v2
2024-01-05 08:00:00,8,Татнефть-АЗС-009,127.10055326166903,total_fuel_sales,Продажи топлива,baseline_hgb_v2
2024-01-05 09:00:00,8,Татнефть-АЗС-009,139.30124121984227,total_fuel_sales,Продажи топлива,baseline_hgb_v2
2024-01-05 10:00:00,8,Татнефть-АЗС-009,21.926854577578755,total_fuel_sales,Продажи топлива,baseline_hgb_v2
2024-01-05 11:00:00,8,Татнефть-АЗС-009,15.598790120622356,total_fuel_sales,Продажи топлива,baseline_hgb_v2
2024-01-05 12:00:00,8,Татнефть-АЗС-009,42.71774517700041,total_fuel_sales,Продажи топлива,baseline_hgb_v2
2024-01-05 13:00:00,8,Татнефть-АЗС-009,41.60094875861163,total_fuel_sales,Продажи топлива,baseline_hgb_v2
2024-01-05 14:00:00,8,Татнефть-АЗС-009,41.60094875861163,total_fuel_sales,Продажи топлива,baseline_hgb_v2
2024-01-05 15:00:00,8,Татнефть-АЗС-009,14.743948754078788,total_fuel_sales,Продажи топлива,baseline_hgb_v2
2024-01-05 16:00:00,8,Татнефть-АЗС-009,26.10253225247428,total_fuel_sales,Продажи топлива,baseline_hgb_v2
2024-01-05 17:00:00,8,Татнефть-АЗС-009,231.98986023210185,total_fuel_sales,Продажи топлива,baseline_hgb_v2
2024-01-05 18:00:00,8,Татнефть-АЗС-009,121.00725095006781,total_fuel_sales,Продажи топлива,baseline_hgb_v2
2024-01-05 19:00:00,8,Татнефть-АЗС-009,172.74356582105943,total_fuel_sales,Продажи топлива,baseline_hgb_v2
2024-01-05 20:00:00,8,Татнефть-АЗС-009,34.395044609322,total_fuel_sales,Продажи топлива,baseline_hgb_v2
2024-01-05 21:00:00,8,Татнефть-АЗС-009,15.33068621649362,total_fuel_sales,Продажи топлива,baseline_hgb_v2
2024-01-05 22:00:00,8,Татнефть-АЗС-009,6.0912003774651495,total_fuel_sales,Продажи топлива,baseline_hgb_v2
2024-01-05 23:00:00,8,Татнефть-АЗС-009,5.736165435943045,total_fuel_sales,Продажи топлива,baseline_hgb_v2
2024-01-06 00:00:00,8,Татнефть-АЗС-009,3.6196135661570787,total_fuel_sales,Продажи топлива,baseline_hgb_v2
2024-01-06 01:00:00,8,Татнефть-АЗС-009,3.6196135661570787,total_fuel_sales,Продажи топлива,baseline_hgb_v2
2024-01-06 02:00:00,8,Татнефть-АЗС-009,4.433285854797259,total_fuel_sales,Продажи топлива,baseline_hgb_v2
2024-01-06 03:00:00,8,Татнефть-АЗС-009,3.6196135661570787,total_fuel_sales,Продажи топлива,baseline_hgb_v2
2024-01-06 04:00:00,8,Татнефть-АЗС-009,4.155390350043217,total_fuel_sales,Продажи топлива,baseline_hgb_v2
2024-01-06 05:00:00,8,Татнефть-АЗС-009,1.4904234306766657,total_fuel_sales,Продажи топлива,baseline_hgb_v2
2024-01-06 06:00:00,8,Татнефть-АЗС-009,18.821682280453356,total_fuel_sales,Продажи топлива,baseline_hgb_v2
2024-01-06 07:00:00,8,Татнефть-АЗС-009,53.620390402870484,total_fuel_sales,Продажи топлива,baseline_hgb_v2
2024-01-06 08:00:00,8,Татнефть-АЗС-009,87.7872281042622,total_fuel_sales,Продажи топлива,baseline_hgb_v2
2024-01-06 09:00:00,8,Татнефть-АЗС-009,100.38497422392385,total_fuel_sales,Продажи топлива,baseline_hgb_v2
2024-01-06 10:00:00,8,Татнефть-АЗС-009,16.66492409074115,total_fuel_sales,Продажи топлива,baseline_hgb_v2
2024-01-06 11:00:00,8,Татнефть-АЗС-009,20.755148192526452,total_fuel_sales,Продажи топлива,baseline_hgb_v2
2024-01-06 12:00:00,8,Татнефть-АЗС-009,28.694931294330676,total_fuel_sales,Продажи топлива,baseline_hgb_v2
2024-01-06 13:00:00,8,Татнефть-АЗС-009,24.555851070479697,total_fuel_sales,Продажи топлива,baseline_hgb_v2
2024-01-06 14:00:00,8,Татнефть-АЗС-009,15.030717869016636,total_fuel_sales,Продажи топлива,baseline_hgb_v2
2024-01-06 15:00:00,8,Татнефть-АЗС-009,10.27899760848044,total_fuel_sales,Продажи топлива,baseline_hgb_v2
2024-01-06 16:00:00,8,Татнефть-АЗС-009,17.605237410121394,total_fuel_sales,Продажи топлива,baseline_hgb_v2
2024-01-06 17:00:00,8,Татнефть-АЗС-009,174.04751822641225,total_fuel_sales,Продажи топлива,baseline_hgb_v2
2024-01-06 18:00:00,8,Татнефть-АЗС-009,175.31503167056914,total_fuel_sales,Продажи топлива,baseline_hgb_v2
2024-01-06 19:00:00,8,Татнефть-АЗС-009,148.20191894474178,total_fuel_sales,Продажи топлива,baseline_hgb_v2
2024-01-06 20:00:00,8,Татнефть-АЗС-009,17.302777433571478,total_fuel_sales,Продажи топлива,baseline_hgb_v2
2024-01-06 21:00:00,8,Татнефть-АЗС-009,11.13083993232007,total_fuel_sales,Продажи топлива,baseline_hgb_v2
2024-01-06 22:00:00,8,Татнефть-АЗС-009,3.0265262560479456,total_fuel_sales,Продажи топлива,baseline_hgb_v2
2024-01-06 23:00:00,8,Татнефть-АЗС-009,1.2301773444295137,total_fuel_sales,Продажи топлива,baseline_hgb_v2
2024-01-07 00:00:00,8,Татнефть-АЗС-009,3.6196135661570787,total_fuel_sales,Продажи топлива,baseline_hgb_v2
2024-01-07 01:00:00,8,Татнефть-АЗС-009,2.773717535364249,total_fuel_sales,Продажи топлива,baseline_hgb_v2
2024-01-07 02:00:00,8,Татнефть-АЗС-009,2.773717535364249,total_fuel_sales,Продажи топлива,baseline_hgb_v2
2024-01-07 03:00:00,8,Татнефть-АЗС-009,1.638564497152617,total_fuel_sales,Продажи топлива,baseline_hgb_v2
2024-01-07 04:00:00,8,Татнефть-АЗС-009,3.6196135661570787,total_fuel_sales,Продажи топлива,baseline_hgb_v2
2024-01-07 05:00:00,8,Татнефть-АЗС-009,1.4904234306766657,total_fuel_sales,Продажи топлива,baseline_hgb_v2
2024-01-07 06:00:00,8,Татнефть-АЗС-009,20.193402174557907,total_fuel_sales,Продажи топлива,baseline_hgb_v2
2024-01-07 07:00:00,8,Татнефть-АЗС-009,110.88222869521394,total_fuel_sales,Продажи топлива,baseline_hgb_v2
2024-01-07 08:00:00,8,Татнефть-АЗС-009,57.72942202564016,total_fuel_sales,Продажи топлива,baseline_hgb_v2
2024-01-07 09:00:00,8,Татнефть-АЗС-009,93.2197596817077,total_fuel_sales,Продажи топлива,baseline_hgb_v2
2024-01-07 10:00:00,8,Татнефть-АЗС-009,20.424890293539324,total_fuel_sales,Продажи топлива,baseline_hgb_v2
2024-01-07 11:00:00,8,Татнефть-АЗС-009,18.821682280453356,total_fuel_sales,Продажи топлива,baseline_hgb_v2
2024-01-07 12:00:00,8,Татнефть-АЗС-009,14.409238163103685,total_fuel_sales,Продажи топлива,baseline_hgb_v2
2024-01-07 13:00:00,8,Татнефть-АЗС-009,31.822931159705284,total_fuel_sales,Продажи топлива,baseline_hgb_v2
2024-01-07 14:00:00,8,Татнефть-АЗС-009,39.34364237134052,total_fuel_sales,Продажи топлива,baseline_hgb_v2
2024-01-07 15:00:00,8,Татнефть-АЗС-009,16.246082901566435,total_fuel_sales,Продажи топлива,baseline_hgb_v2
2024-01-07 16:00:00,8,Татнефть-АЗС-009,17.449861936304178,total_fuel_sales,Продажи топлива,baseline_hgb_v2
2024-01-07 17:00:00,8,Татнефть-АЗС-009,165.4543129675921,total_fuel_sales,Продажи топлива,baseline_hgb_v2
2024-01-07 18:00:00,8,Татнефть-АЗС-009,87.15812850961909,total_fuel_sales,Продажи топлива,baseline_hgb_v2
2024-01-07 19:00:00,8,Татнефть-АЗС-009,118.59955874843855,total_fuel_sales,Продажи топлива,baseline_hgb_v2
2024-01-07 20:00:00,8,Татнефть-АЗС-009,32.33046016263528,total_fuel_sales,Продажи топлива,baseline_hgb_v2
2024-01-07 21:00:00,8,Татнефть-АЗС-009,20.264761980440674,total_fuel_sales,Продажи топлива,baseline_hgb_v2
2024-01-07 22:00:00,8,Татнефть-АЗС-009,1.378318410905464,total_fuel_sales,Продажи топлива,baseline_hgb_v2
2024-01-07 23:00:00,8,Татнефть-АЗС-009,4.267662831191237,total_fuel_sales,Продажи топлива,baseline_hgb_v2
2024-01-01 00:00:00,9,Татнефть-АЗС-010,1.8025989717065534,total_fuel_sales,Продажи топлива,baseline_hgb_v2
2024-01-01 01:00:00,9,Татнефть-АЗС-010,1.8025989717065534,total_fuel_sales,Продажи топлива,baseline_hgb_v2
2024-01-01 02:00:00,9,Татнефть-АЗС-010,1.8025989717065534,total_fuel_sales,Продажи топлива,baseline_hgb_v2
2024-01-01 03:00:00,9,Татнефть-АЗС-010,2.715493299679328,total_fuel_sales,Продажи топлива,baseline_hgb_v2
2024-01-01 04:00:00,9,Татнефть-АЗС-010,1.8025989717065534,total_fuel_sales,Продажи топлива,baseline_hgb_v2
2024-01-01 05:00:00,9,Татнефть-АЗС-010,2.715493299679328,total_fuel_sales,Продажи топлива,baseline_hgb_v2
2024-01-01 06:00:00,9,Татнефть-АЗС-010,7.197695171444279,total_fuel_sales,Продажи топлива,baseline_hgb_v2
2024-01-01 07:00:00,9,Татнефть-АЗС-010,67.82146133696182,total_fuel_sales,Продажи топлива,baseline_hgb_v2
2024-01-01 08:00:00,9,Татнефть-АЗС-010,59.64361744031465,total_fuel_sales,Продажи топлива,baseline_hgb_v2
2024-01-01 09:00:00,9,Татнефть-АЗС-010,66.9348452839998,total_fuel_sales,Продажи топлива,baseline_hgb_v2
2024-01-01 10:00:00,9,Татнефть-АЗС-010,6.40866174397875,total_fuel_sales,Продажи топлива,baseline_hgb_v2
2024-01-01 11:00:00,9,Татнефть-АЗС-010,14.73273695676995,total_fuel_sales,Продажи топлива,baseline_hgb_v2
2024-01-01 12:00:00,9,Татнефть-АЗС-010,11.163419550690874,total_fuel_sales,Продажи топлива,baseline_hgb_v2
2024-01-01 13:00:00,9,Татнефть-АЗС-010,12.452749464560126,total_fuel_sales,Продажи топлива,baseline_hgb_v2
2024-01-01 14:00:00,9,Татнефть-АЗС-010,10.663591045444061,total_fuel_sales,Продажи топлива,baseline_hgb_v2
2024-01-01 15:00:00,9,Татнефть-АЗС-010,7.326593223756423,total_fuel_sales,Продажи топлива,baseline_hgb_v2
2024-01-01 16:00:00,9,Татнефть-АЗС-010,19.10362486882774,total_fuel_sales,Продажи топлива,baseline_hgb_v2
2024-01-01 17:00:00,9,Татнефть-АЗС-010,121.24159353293962,total_fuel_sales,Продажи топлива,baseline_hgb_v2
2024-01-01 18:00:00,9,Татнефть-АЗС-010,96.73207744676235,total_fuel_sales,Продажи топлива,baseline_hgb_v2
2024-01-01 19:00:00,9,Татнефть-АЗС-010,127.09071640009184,total_fuel_sales,Продажи топлива,baseline_hgb_v2
2024-01-01 20:00:00,9,Татнефть-АЗС-010,23.088730949924717,total_fuel_sales,Продажи топлива,baseline_hgb_v2
2024-01-01 21:00:00,9,Татнефть-АЗС-010,14.360479889494062,total_fuel_sales,Продажи топлива,baseline_hgb_v2
2024-01-01 22:00:00,9,Татнефть-АЗС-010,1.4960547648187699,total_fuel_sales,Продажи топлива,baseline_hgb_v2
2024-01-01 23:00:00,9,Татнефть-АЗС-010,2.777948365404065,total_fuel_sales,Продажи топлива,baseline_hgb_v2
2024-01-02 00:00:00,9,Татнефть-АЗС-010,2.715493299679328,total_fuel_sales,Продажи топлива,baseline_hgb_v2
2024-01-02 01:00:00,9,Татнефть-АЗС-010,1.8025989717065534,total_fuel_sales,Продажи топлива,baseline_hgb_v2
2024-01-02 02:00:00,9,Татнефть-АЗС-010,1.8025989717065534,total_fuel_sales,Продажи топлива,baseline_hgb_v2
2024-01-02 03:00:00,9,Татнефть-АЗС-010,1.8025989717065534,total_fuel_sales,Продажи топлива,baseline_hgb_v2
2024-01-02 04:00:00,9,Татнефть-АЗС-010,2.715493299679328,total_fuel_sales,Продажи топлива,baseline_hgb_v2
2024-01-02 05:00:00,9,Татнефть-АЗС-010,2.715493299679328,total_fuel_sales,Продажи топлива,baseline_hgb_v2
2024-01-02 06:00:00,9,Татнефть-АЗС-010,6.959101507900914,total_fuel_sales,Продажи топлива,baseline_hgb_v2
2024-01-02 07:00:00,9,Татнефть-АЗС-010,59.64361744031465,total_fuel_sales,Продажи топлива,baseline_hgb_v2
2024-01-02 08:00:00,9,Татнефть-АЗС-010,73.8624091150137,total_fuel_sales,Продажи топлива,baseline_hgb_v2
2024-01-02 09:00:00,9,Татнефть-АЗС-010,60.25078240051926,total_fuel_sales,Продажи топлива,baseline_hgb_v2
2024-01-02 10:00:00,9,Татнефть-АЗС-010,12.440169962352497,total_fuel_sales,Продажи топлива,baseline_hgb_v2
2024-01-02 11:00:00,9,Татнефть-АЗС-010,6.40866174397875,total_fuel_sales,Продажи топлива,baseline_hgb_v2
2024-01-02 12:00:00,9,Татнефть-АЗС-010,11.32875244198914,total_fuel_sales,Продажи топлива,baseline_hgb_v2
2024-01-02 13:00:00,9,Татнефть-АЗС-010,10.61297978676871,total_fuel_sales,Продажи топлива,baseline_hgb_v2
2024-01-02 14:00:00,9,Татнефть-АЗС-010,10.24477851057731,total_fuel_sales,Продажи топлива,baseline_hgb_v2
2024-01-02 15:00:00,9,Татнефть-АЗС-010,6.626331835358588,total_fuel_sales,Продажи топлива,baseline_hgb_v2
2024-01-02 16:00:00,9,Татнефть-АЗС-010,18.710155137604534,total_fuel_sales,Продажи топлива,baseline_hgb_v2
2024-01-02 17:00:00,9,Татнефть-АЗС-010,123.91046253267356,total_fuel_sales,Продажи топлива,baseline_hgb_v2
2024-01-02 18:00:00,9,Татнефть-АЗС-010,102.15549895877005,total_fuel_sales,Продажи топлива,baseline_hgb_v2
2024-01-02 19:00:00,9,Татнефть-АЗС-010,58.96495809115063,total_fuel_sales,Продажи топлива,baseline_hgb_v2
2024-01-02 20:00:00,9,Татнефть-АЗС-010,20.116297448432526,total_fuel_sales,Продажи топлива,baseline_hgb_v2
2024-01-02 21:00:00,9,Татнефть-АЗС-010,14.360479889494062,total_fuel_sales,Продажи топлива,baseline_hgb_v2
2024-01-02 22:00:00,9,Татнефть-АЗС-010,2.777948365404065,total_fuel_sales,Продажи топлива,baseline_hgb_v2
2024-01-02 23:00:00,9,Татнефть-АЗС-010,2.777948365404065,total_fuel_sales,Продажи топлива,baseline_hgb_v2
2024-01-03 00:00:00,9,Татнефть-АЗС-010,2.715493299679328,total_fuel_sales,Продажи топлива,baseline_hgb_v2
2024-01-03 01:00:00,9,Татнефть-АЗС-010,2.715493299679328,total_fuel_sales,Продажи топлива,baseline_hgb_v2
2024-01-03 02:00:00,9,Татнефть-АЗС-010,2.715493299679328,total_fuel_sales,Продажи топлива,baseline_hgb_v2
2024-01-03 03:00:00,9,Татнефть-АЗС-010,1.8025989717065534,total_fuel_sales,Продажи топлива,baseline_hgb_v2
2024-01-03 04:00:00,9,Татнефть-АЗС-010,1.8025989717065534,total_fuel_sales,Продажи топлива,baseline_hgb_v2
2024-01-03 05:00:00,9,Татнефть-АЗС-010,2.715493299679328,total_fuel_sales,Продажи топлива,baseline_hgb_v2
2024-01-03 06:00:00,9,Татнефть-АЗС-010,11.886154953429058,total_fuel_sales,Продажи топлива,baseline_hgb_v2
2024-01-03 07:00:00,9,Татнефть-АЗС-010,52.498868217650774,total_fuel_sales,Продажи топлива,baseline_hgb_v2
2024-01-03 08:00:00,9,Татнефть-АЗС-010,32.129377936329504,total_fuel_sales,Продажи топлива,baseline_hgb_v2
2024-01-03 09:00:00,9,Татнефть-АЗС-010,36.55992172272957,total_fuel_sales,Продажи топлива,baseline_hgb_v2
2024-01-03 10:00:00,9,Татнефть-АЗС-010,7.197695171444279,total_fuel_sales,Продажи топлива,baseline_hgb_v2
2024-01-03 11:00:00,9,Татнефть-АЗС-010,5.495195493347496,total_fuel_sales,Продажи топлива,baseline_hgb_v2
2024-01-03 12:00:00,9,Татнефть-АЗС-010,18.83041196368543,total_fuel_sales,Продажи топлива,baseline_hgb_v2
2024-01-03 13:00:00,9,Татнефть-АЗС-010,23.591399912548557,total_fuel_sales,Продажи топлива,baseline_hgb_v2
2024-01-03 14:00:00,9,Татнефть-АЗС-010,18.83041196368543,total_fuel_sales,Продажи топлива,baseline_hgb_v2
2024-01-03 15:00:00,9,Татнефть-АЗС-010,6.626331835358588,total_fuel_sales,Продажи топлива,baseline_hgb_v2
2024-01-03 16:00:00,9,Татнефть-АЗС-010,22.548804843652803,total_fuel_sales,Продажи топлива,baseline_hgb_v2
2024-01-03 17:00:00,9,Татнефть-АЗС-010,119.268035811576,total_fuel_sales,Продажи топлива,baseline_hgb_v2
2024-01-03 18:00:00,9,Татнефть-АЗС-010,96.73207744676235,total_fuel_sales,Продажи топлива,baseline_hgb_v2
2024-01-03 19:00:00,9,Татнефть-АЗС-010,71.2352315583116,total_fuel_sales,Продажи топлива,baseline_hgb_v2
2024-01-03 20:00:00,9,Татнефть-АЗС-010,17.661208243007145,total_fuel_sales,Продажи топлива,baseline_hgb_v2
2024-01-03 21:00:00,9,Татнефть-АЗС-010,7.364985418541405,total_fuel_sales,Продажи топлива,baseline_hgb_v2
2024-01-03 22:00:00,9,Татнефть-АЗС-010,2.777948365404065,total_fuel_sales,Продажи топлива,baseline_hgb_v2
2024-01-03 23:00:00,9,Татнефть-АЗС-010,2.777948365404065,total_fuel_sales,Продажи топлива,baseline_hgb_v2
2024-01-04 00:00:00,9,Татнефть-АЗС-010,1.5444195821865667,total_fuel_sales,Продажи топлива,baseline_hgb_v2
2024-01-04 01:00:00,9,Татнефть-АЗС-010,1.8025989717065534,total_fuel_sales,Продажи топлива,baseline_hgb_v2
2024-01-04 02:00:00,9,Татнефть-АЗС-010,2.715493299679328,total_fuel_sales,Продажи топлива,baseline_hgb_v2
2024-01-04 03:00:00,9,Татнефть-АЗС-010,2.715493299679328,total_fuel_sales,Продажи топлива,baseline_hgb_v2
2024-01-04 04:00:00,9,Татнефть-АЗС-010,1.8025989717065534,total_fuel_sales,Продажи топлива,baseline_hgb_v2
2024-01-04 05:00:00,9,Татнефть-АЗС-010,1.8025989717065534,total_fuel_sales,Продажи топлива,baseline_hgb_v2
2024-01-04 06:00:00,9,Татнефть-АЗС-010,7.197695171444279,total_fuel_sales,Продажи топлива,baseline_hgb_v2
2024-01-04 07:00:00,9,Татнефть-АЗС-010,36.54749679980363,total_fuel_sales,Продажи топлива,baseline_hgb_v2
2024-01-04 08:00:00,9,Татнефть-АЗС-010,74.34751488581233,total_fuel_sales,Продажи топлива,baseline_hgb_v2
2024-01-04 09:00:00,9,Татнефть-АЗС-010,66.9348452839998,total_fuel_sales,Продажи топлива,baseline_hgb_v2
2024-01-04 10:00:00,9,Татнефть-АЗС-010,6.351431479736239,total_fuel_sales,Продажи топлива,baseline_hgb_v2
2024-01-04 11:00:00,9,Татнефть-АЗС-010,13.200168640971617,total_fuel_sales,Продажи топлива,baseline_hgb_v2
2024-01-04 12:00:00,9,Татнефть-АЗС-010,23.591399912548557,total_fuel_sales,Продажи топлива,baseline_hgb_v2
2024-01-04 13:00:00,9,Татнефть-АЗС-010,19.384426972608875,total_fuel_sales,Продажи топлива,baseline_hgb_v2
2024-01-04 14:00:00,9,Татнефть-АЗС-010,23.591399912548557,total_fuel_sales,Продажи топлива,baseline_hgb_v2
2024-01-04 15:00:00,9,Татнефть-АЗС-010,6.626331835358588,total_fuel_sales,Продажи топлива,baseline_hgb_v2
2024-01-04 16:00:00,9,Татнефть-АЗС-010,11.732180420549915,total_fuel_sales,Продажи топлива,baseline_hgb_v2
2024-01-04 17:00:00,9,Татнефть-АЗС-010,115.88906842624735,total_fuel_sales,Продажи топлива,baseline_hgb_v2
2024-01-04 18:00:00,9,Татнефть-АЗС-010,70.79976184054183,total_fuel_sales,Продажи топлива,baseline_hgb_v2
2024-01-04 19:00:00,9,Татнефть-АЗС-010,94.77804219500645,total_fuel_sales,Продажи топлива,baseline_hgb_v2
2024-01-04 20:00:00,9,Татнефть-АЗС-010,12.985984468359344,total_fuel_sales,Продажи топлива,baseline_hgb_v2
2024-01-04 21:00:00,9,Татнефть-АЗС-010,8.378211524006973,total_fuel_sales,Продажи топлива,baseline_hgb_v2
2024-01-04 22:00:00,9,Татнефть-АЗС-010,1.5829903496578537,total_fuel_sales,Продажи топлива,baseline_hgb_v2
2024-01-04 23:00:00,9,Татнефть-АЗС-010,1.4960547648187699,total_fuel_sales,Продажи топлива,baseline_hgb_v2
2024-01-05 00:00:00,9,Татнефть-АЗС-010,2.715493299679328,total_fuel_sales,Продажи топлива,baseline_hgb_v2
2024-01-05 01:00:00,9,Татнефть-АЗС-010,2.715493299679328,total_fuel_sales,Продажи топлива,baseline_hgb_v2
2024-01-05 02:00:00,9,Татнефть-АЗС-010,2.715493299679328,total_fuel_sales,Продажи топлива,baseline_hgb_v2
2024-01-05 03:00:00,9,Татнефть-АЗС-010,1.8025989717065534,total_fuel_sales,Продажи топлива,baseline_hgb_v2
2024-01-05 04:00:00,9,Татнефть-АЗС-010,2.715493299679328,total_fuel_sales,Продажи топлива,baseline_hgb_v2
2024-01-05 05:00:00,9,Татнефть-АЗС-010,1.8025989717065534,total_fuel_sales,Продажи топлива,baseline_hgb_v2
2024-01-05 06:00:00,9,Татнефть-АЗС-010,6.40866174397875,total_fuel_sales,Продажи топлива,baseline_hgb_v2
2024-01-05 07:00:00,9,Татнефть-АЗС-010,60.0371956544029,total_fuel_sales,Продажи топлива,baseline_hgb_v2
2024-01-05 08:00:00,9,Татнефть-АЗС-010,66.9348452839998,total_fuel_sales,Продажи топлива,baseline_hgb_v2
2024-01-05 09:00:00,9,Татнефть-АЗС-010,44.77124843933952,total_fuel_sales,Продажи топлива,baseline_hgb_v2
2024-01-05 10:00:00,9,Татнефть-АЗС-010,11.886154953429058,total_fuel_sales,Продажи топлива,baseline_hgb_v2
2024-01-05 11:00:00,9,Татнефть-АЗС-010,11.320868062422276,total_fuel_sales,Продажи топлива,baseline_hgb_v2
2024-01-05 12:00:00,9,Татнефть-АЗС-010,18.265125072678668,total_fuel_sales,Продажи топлива,baseline_hgb_v2
2024-01-05 13:00:00,9,Татнефть-АЗС-010,10.24477851057731,total_fuel_sales,Продажи топлива,baseline_hgb_v2
2024-01-05 14:00:00,9,Татнефть-АЗС-010,11.163419550690874,total_fuel_sales,Продажи топлива,baseline_hgb_v2
2024-01-05 15:00:00,9,Татнефть-АЗС-010,7.640560495309792,total_fuel_sales,Продажи топлива,baseline_hgb_v2
2024-01-05 16:00:00,9,Татнефть-АЗС-010,19.10362486882774,total_fuel_sales,Продажи топлива,baseline_hgb_v2
2024-01-05 17:00:00,9,Татнефть-АЗС-010,120.15032713782207,total_fuel_sales,Продажи топлива,baseline_hgb_v2
2024-01-05 18:00:00,9,Татнефть-АЗС-010,103.43281156282126,total_fuel_sales,Продажи топлива,baseline_hgb_v2
2024-01-05 19:00:00,9,Татнефть-АЗС-010,122.56592536065267,total_fuel_sales,Продажи топлива,baseline_hgb_v2
2024-01-05 20:00:00,9,Татнефть-АЗС-010,21.168582574150896,total_fuel_sales,Продажи топлива,baseline_hgb_v2
2024-01-05 21:00:00,9,Татнефть-АЗС-010,7.364985418541405,total_fuel_sales,Продажи топлива,baseline_hgb_v2
2024-01-05 22:00:00,9,Татнефть-АЗС-010,1.4960547648187699,total_fuel_sales,Продажи топлива,baseline_hgb_v2
2024-01-05 23:00:00,9,Татнефть-АЗС-010,1.4960547648187699,total_fuel_sales,Продажи топлива,baseline_hgb_v2
2024-01-06 00:00:00,9,Татнефть-АЗС-010,1.4904234306766657,total_fuel_sales,Продажи топлива,baseline_hgb_v2
2024-01-06 01:00:00,9,Татнефть-АЗС-010,2.2332653069387334,total_fuel_sales,Продажи топлива,baseline_hgb_v2
2024-01-06 02:00:00,9,Татнефть-АЗС-010,2.2332653069387334,total_fuel_sales,Продажи топлива,baseline_hgb_v2
2024-01-06 03:00:00,9,Татнефть-АЗС-010,2.2332653069387334,total_fuel_sales,Продажи топлива,baseline_hgb_v2
2024-01-06 04:00:00,9,Татнефть-АЗС-010,2.2332653069387334,total_fuel_sales,Продажи топлива,baseline_hgb_v2
2024-01-06 05:00:00,9,Татнефть-АЗС-010,2.2332653069387334,total_fuel_sales,Продажи топлива,baseline_hgb_v2
2024-01-06 06:00:00,9,Татнефть-АЗС-010,10.274000995671052,total_fuel_sales,Продажи топлива,baseline_hgb_v2
2024-01-06 07:00:00,9,Татнефть-АЗС-010,27.286346810812105,total_fuel_sales,Продажи топлива,baseline_hgb_v2
2024-01-06 08:00:00,9,Татнефть-АЗС-010,22.468638477188854,total_fuel_sales,Продажи топлива,baseline_hgb_v2
2024-01-06 09:00:00,9,Татнефть-АЗС-010,42.68661583897575,total_fuel_sales,Продажи топлива,baseline_hgb_v2
2024-01-06 10:00:00,9,Татнефть-АЗС-010,6.03925593870635,total_fuel_sales,Продажи топлива,baseline_hgb_v2
2024-01-06 11:00:00,9,Татнефть-АЗС-010,9.58065886912464,total_fuel_sales,Продажи топлива,baseline_hgb_v2
2024-01-06 12:00:00,9,Татнефть-АЗС-010,16.150093151122782,total_fuel_sales,Продажи топлива,baseline_hgb_v2
2024-01-06 13:00:00,9,Татнефть-АЗС-010,17.184476130286974,total_fuel_sales,Продажи топлива,baseline_hgb_v2
2024-01-06 14:00:00,9,Татнефть-АЗС-010,16.148587707156885,total_fuel_sales,Продажи топлива,baseline_hgb_v2
2024-01-06 15:00:00,9,Татнефть-АЗС-010,10.742241083499525,total_fuel_sales,Продажи топлива,baseline_hgb_v2
2024-01-06 16:00:00,9,Татнефть-АЗС-010,7.281999027461967,total_fuel_sales,Продажи топлива,baseline_hgb_v2
2024-01-06 17:00:00,9,Татнефть-АЗС-010,79.30010880227951,total_fuel_sales,Продажи топлива,baseline_hgb_v2
2024-01-06 18:00:00,9,Татнефть-АЗС-010,91.02085055064951,total_fuel_sales,Продажи топлива,baseline_hgb_v2
2024-01-06 19:00:00,9,Татнефть-АЗС-010,87.2394477327237,total_fuel_sales,Продажи топлива,baseline_hgb_v2
2024-01-06 20:00:00,9,Татнефть-АЗС-010,7.9690387974838,total_fuel_sales,Продажи топлива,baseline_hgb_v2
2024-01-06 21:00:00,9,Татнефть-АЗС-010,9.433894021413726,total_fuel_sales,Продажи топлива,baseline_hgb_v2
2024-01-06 22:00:00,9,Татнефть-АЗС-010,2.158498492675857,total_fuel_sales,Продажи топлива,baseline_hgb_v2
2024-01-06 23:00:00,9,Татнефть-АЗС-010,1.2301773444295137,total_fuel_sales,Продажи топлива,baseline_hgb_v2
2024-01-07 00:00:00,9,Татнефть-АЗС-010,1.4904234306766657,total_fuel_sales,Продажи топлива,baseline_hgb_v2
2024-01-07 01:00:00,9,Татнефть-АЗС-010,2.2332653069387334,total_fuel_sales,Продажи топлива,baseline_hgb_v2
2024-01-07 02:00:00,9,Татнефть-АЗС-010,1.9933440712892774,total_fuel_sales,Продажи топлива,baseline_hgb_v2
2024-01-07 03:00:00,9,Татнефть-АЗС-010,1.4904234306766657,total_fuel_sales,Продажи топлива,baseline_hgb_v2
2024-01-07 04:00:00,9,Татнефть-АЗС-010,1.4904234306766657,total_fuel_sales,Продажи топлива,baseline_hgb_v2
2024-01-07 05:00:00,9,Татнефть-АЗС-010,1.4904234306766657,total_fuel_sales,Продажи топлива,baseline_hgb_v2
2024-01-07 06:00:00,9,Татнефть-АЗС-010,5.183019952317607,total_fuel_sales,Продажи топлива,baseline_hgb_v2
2024-01-07 07:00:00,9,Татнефть-АЗС-010,42.68661583897575,total_fuel_sales,Продажи топлива,baseline_hgb_v2
2024-01-07 08:00:00,9,Татнефть-АЗС-010,43.96295024399443,total_fuel_sales,Продажи топлива,baseline_hgb_v2
2024-01-07 09:00:00,9,Татнефть-АЗС-010,47.96852686466244,total_fuel_sales,Продажи топлива,baseline_hgb_v2
2024-01-07 10:00:00,9,Татнефть-АЗС-010,5.183019952317607,total_fuel_sales,Продажи топлива,baseline_hgb_v2
2024-01-07 11:00:00,9,Татнефть-АЗС-010,5.183019952317607,total_fuel_sales,Продажи топлива,baseline_hgb_v2
2024-01-07 12:00:00,9,Татнефть-АЗС-010,17.184476130286974,total_fuel_sales,Продажи топлива,baseline_hgb_v2
2024-01-07 13:00:00,9,Татнефть-АЗС-010,16.148587707156885,total_fuel_sales,Продажи топлива,baseline_hgb_v2
2024-01-07 14:00:00,9,Татнефть-АЗС-010,8.3422726966459,total_fuel_sales,Продажи топлива,baseline_hgb_v2
2024-01-07 15:00:00,9,Татнефть-АЗС-010,4.931834536034186,total_fuel_sales,Продажи топлива,baseline_hgb_v2
2024-01-07 16:00:00,9,Татнефть-АЗС-010,8.584043733023186,total_fuel_sales,Продажи топлива,baseline_hgb_v2
2024-01-07 17:00:00,9,Татнефть-АЗС-010,44.582334596610025,total_fuel_sales,Продажи топлива,baseline_hgb_v2
2024-01-07 18:00:00,9,Татнефть-АЗС-010,54.53396921770826,total_fuel_sales,Продажи топлива,baseline_hgb_v2
2024-01-07 19:00:00,9,Татнефть-АЗС-010,39.095421935571515,total_fuel_sales,Продажи топлива,baseline_hgb_v2
2024-01-07 20:00:00,9,Татнефть-АЗС-010,7.9690387974838,total_fuel_sales,Продажи топлива,baseline_hgb_v2
2024-01-07 21:00:00,9,Татнефть-АЗС-010,5.826462717207912,total_fuel_sales,Продажи топлива,baseline_hgb_v2
2024-01-07 22:00:00,9,Татнефть-АЗС-010,2.158498492675857,total_fuel_sales,Продажи топлива,baseline_hgb_v2
2024-01-07 23:00:00,9,Татнефть-АЗС-010,1.2301773444295137,total_fuel_sales,Продажи топлива,baseline_hgb_v2
2024-01-01 00:00:00,0,Татнефть-АЗС-001,-0.011653584905752894,shop_total_revenue,Выручка магазина,baseline_hgb_v2
2024-01-01 01:00:00,0,Татнефть-АЗС-001,-0.011653584905752894,shop_total_revenue,Выручка магазина,baseline_hgb_v2
2024-01-01 02:00:00,0,Татнефть-АЗС-001,-0.011653584905752894,shop_total_revenue,Выручка магазина,baseline_hgb_v2
2024-01-01 03:00:00,0,Татнефть-АЗС-001,-0.011653584905752894,shop_total_revenue,Выручка магазина,baseline_hgb_v2
2024-01-01 04:00:00,0,Татнефть-АЗС-001,-0.011653584905752894,shop_total_revenue,Выручка магазина,baseline_hgb_v2
2024-01-01 05:00:00,0,Татнефть-АЗС-001,-0.14736092378197074,shop_total_revenue,Выручка магазина,baseline_hgb_v2
2024-01-01 06:00:00,0,Татнефть-АЗС-001,-0.011653584905752894,shop_total_revenue,Выручка магазина,baseline_hgb_v2
2024-01-01 07:00:00,0,Татнефть-АЗС-001,667.2050288921756,shop_total_revenue,Выручка магазина,baseline_hgb_v2
2024-01-01 08:00:00,0,Татнефть-АЗС-001,662.5229477921567,shop_total_revenue,Выручка магазина,baseline_hgb_v2
2024-01-01 09:00:00,0,Татнефть-АЗС-001,353.80791270381854,shop_total_revenue,Выручка магазина,baseline_hgb_v2
2024-01-01 10:00:00,0,Татнефть-АЗС-001,-0.011653584905752894,shop_total_revenue,Выручка магазина,baseline_hgb_v2
2024-01-01 11:00:00,0,Татнефть-АЗС-001,-2.889426537682925,shop_total_revenue,Выручка магазина,baseline_hgb_v2
2024-01-01 12:00:00,0,Татнефть-АЗС-001,1.6093037338649383,shop_total_revenue,Выручка магазина,baseline_hgb_v2
2024-01-01 13:00:00,0,Татнефть-АЗС-001,1.6093037338649383,shop_total_revenue,Выручка магазина,baseline_hgb_v2
2024-01-01 14:00:00,0,Татнефть-АЗС-001,3.281367212689277,shop_total_revenue,Выручка магазина,baseline_hgb_v2
2024-01-01 15:00:00,0,Татнефть-АЗС-001,-0.3160561910538156,shop_total_revenue,Выручка магазина,baseline_hgb_v2
2024-01-01 16:00:00,0,Татнефть-АЗС-001,-0.3160561910538156,shop_total_revenue,Выручка магазина,baseline_hgb_v2
2024-01-01 17:00:00,0,Татнефть-АЗС-001,847.1129298945584,shop_total_revenue,Выручка магазина,baseline_hgb_v2
2024-01-01 18:00:00,0,Татнефть-АЗС-001,635.4586052384454,shop_total_revenue,Выручка магазина,baseline_hgb_v2
2024-01-01 19:00:00,0,Татнефть-АЗС-001,701.8430435107017,shop_total_revenue,Выручка магазина,baseline_hgb_v2
2024-01-01 20:00:00,0,Татнефть-АЗС-001,-4.979515820748672,shop_total_revenue,Выручка магазина,baseline_hgb_v2
2024-01-01 21:00:00,0,Татнефть-АЗС-001,-4.275996941651985,shop_total_revenue,Выручка магазина,baseline_hgb_v2
2024-01-01 22:00:00,0,Татнефть-АЗС-001,-0.25765673775261216,shop_total_revenue,Выручка магазина,baseline_hgb_v2
2024-01-01 23:00:00,0,Татнефть-АЗС-001,-0.5117460977916832,shop_total_revenue,Выручка магазина,baseline_hgb_v2
2024-01-02 00:00:00,0,Татнефть-АЗС-001,-0.011653584905752894,shop_total_revenue,Выручка магазина,baseline_hgb_v2
2024-01-02 01:00:00,0,Татнефть-АЗС-001,-0.011653584905752894,shop_total_revenue,Выручка магазина,baseline_hgb_v2
2024-01-02 02:00:00,0,Татнефть-АЗС-001,-0.011653584905752894,shop_total_revenue,Выручка магазина,baseline_hgb_v2
2024-01-02 03:00:00,0,Татнефть-АЗС-001,0.006071984638862248,shop_total_revenue,Выручка магазина,baseline_hgb_v2
2024-01-02 04:00:00,0,Татнефть-АЗС-001,-0.011653584905752894,shop_total_revenue,Выручка магазина,baseline_hgb_v2
2024-01-02 05:00:00,0,Татнефть-АЗС-001,-0.14736092378197074,shop_total_revenue,Выручка магазина,baseline_hgb_v2
2024-01-02 06:00:00,0,Татнефть-АЗС-001,7.756334971454745,shop_total_revenue,Выручка магазина,baseline_hgb_v2
2024-01-02 07:00:00,0,Татнефть-АЗС-001,291.8586813393231,shop_total_revenue,Выручка магазина,baseline_hgb_v2
2024-01-02 08:00:00,0,Татнефть-АЗС-001,760.5436192202479,shop_total_revenue,Выручка магазина,baseline_hgb_v2
2024-01-02 09:00:00,0,Татнефть-АЗС-001,689.0184753041879,shop_total_revenue,Выручка магазина,baseline_hgb_v2
2024-01-02 10:00:00,0,Татнефть-АЗС-001,-0.011653584905752894,shop_total_revenue,Выручка магазина,baseline_hgb_v2
2024-01-02 11:00:00,0,Татнефть-АЗС-001,-0.011653584905752894,shop_total_revenue,Выручка магазина,baseline_hgb_v2
2024-01-02 12:00:00,0,Татнефть-АЗС-001,32.99458833297502,shop_total_revenue,Выручка магазина,baseline_hgb_v2
2024-01-02 13:00:00,0,Татнефть-АЗС-001,79.08542201652321,shop_total_revenue,Выручка магазина,baseline_hgb_v2
2024-01-02 14:00:00,0,Татнефть-АЗС-001,1.6093037338649383,shop_total_revenue,Выручка магазина,baseline_hgb_v2
2024-01-02 15:00:00,0,Татнефть-АЗС-001,-0.2983306215092005,shop_total_revenue,Выручка магазина,baseline_hgb_v2
2024-01-02 16:00:00,0,Татнефть-АЗС-001,7.726532713714082,shop_total_revenue,Выручка магазина,baseline_hgb_v2
2024-01-02 17:00:00,0,Татнефть-АЗС-001,880.240619174368,shop_total_revenue,Выручка магазина,baseline_hgb_v2
2024-01-02 18:00:00,0,Татнефть-АЗС-001,835.8484432201473,shop_total_revenue,Выручка магазина,baseline_hgb_v2
2024-01-02 19:00:00,0,Татнефть-АЗС-001,355.2577562869407,shop_total_revenue,Выручка магазина,baseline_hgb_v2
2024-01-02 20:00:00,0,Татнефть-АЗС-001,-0.3160561910538156,shop_total_revenue,Выручка магазина,baseline_hgb_v2
2024-01-02 21:00:00,0,Татнефть-АЗС-001,6.751198011643257,shop_total_revenue,Выручка магазина,baseline_hgb_v2
2024-01-02 22:00:00,0,Татнефть-АЗС-001,-0.5117460977916832,shop_total_revenue,Выручка магазина,baseline_hgb_v2
2024-01-02 23:00:00,0,Татнефть-АЗС-001,-0.5117460977916832,shop_total_revenue,Выручка магазина,baseline_hgb_v2
2024-01-03 00:00:00,0,Татнефть-АЗС-001,-0.011653584905752894,shop_total_revenue,Выручка магазина,baseline_hgb_v2
2024-01-03 01:00:00,0,Татнефть-АЗС-001,-0.14736092378197074,shop_total_revenue,Выручка магазина,baseline_hgb_v2
2024-01-03 02:00:00,0,Татнефть-АЗС-001,-0.14736092378197074,shop_total_revenue,Выручка магазина,baseline_hgb_v2
2024-01-03 03:00:00,0,Татнефть-АЗС-001,-0.011653584905752894,shop_total_revenue,Выручка магазина,baseline_hgb_v2
2024-01-03 04:00:00,0,Татнефть-АЗС-001,-0.011653584905752894,shop_total_revenue,Выручка магазина,baseline_hgb_v2
2024-01-03 05:00:00,0,Татнефть-АЗС-001,-0.14736092378197074,shop_total_revenue,Выручка магазина,baseline_hgb_v2
2024-01-03 06:00:00,0,Татнефть-АЗС-001,-0.011653584905752894,shop_total_revenue,Выручка магазина,baseline_hgb_v2
2024-01-03 07:00:00,0,Татнефть-АЗС-001,364.7389864288983,shop_total_revenue,Выручка магазина,baseline_hgb_v2
2024-01-03 08:00:00,0,Татнефть-АЗС-001,337.6291779526905,shop_total_revenue,Выручка магазина,baseline_hgb_v2
2024-01-03 09:00:00,0,Татнефть-АЗС-001,280.50381008630904,shop_total_revenue,Выручка магазина,baseline_hgb_v2
2024-01-03 10:00:00,0,Татнефть-АЗС-001,7.756334971454745,shop_total_revenue,Выручка магазина,baseline_hgb_v2
2024-01-03 11:00:00,0,Татнефть-АЗС-001,6.792616588894365,shop_total_revenue,Выручка магазина,baseline_hgb_v2
2024-01-03 12:00:00,0,Татнефть-АЗС-001,1.6093037338649383,shop_total_revenue,Выручка магазина,baseline_hgb_v2
2024-01-03 13:00:00,0,Татнефть-АЗС-001,69.14204871007496,shop_total_revenue,Выручка магазина,baseline_hgb_v2
2024-01-03 14:00:00,0,Татнефть-АЗС-001,123.26492960171407,shop_total_revenue,Выручка магазина,baseline_hgb_v2
2024-01-03 15:00:00,0,Татнефть-АЗС-001,-0.3160561910538156,shop_total_revenue,Выручка магазина,baseline_hgb_v2
2024-01-03 16:00:00,0,Татнефть-АЗС-001,-0.25765673775261216,shop_total_revenue,Выручка магазина,baseline_hgb_v2
2024-01-03 17:00:00,0,Татнефть-АЗС-001,351.97593802962234,shop_total_revenue,Выручка магазина,baseline_hgb_v2
2024-01-03 18:00:00,0,Татнефть-АЗС-001,349.6729860840657,shop_total_revenue,Выручка магазина,baseline_hgb_v2
2024-01-03 19:00:00,0,Татнефть-АЗС-001,815.8094501452025,shop_total_revenue,Выручка магазина,baseline_hgb_v2
2024-01-03 20:00:00,0,Татнефть-АЗС-001,-5.098859199518052,shop_total_revenue,Выручка магазина,baseline_hgb_v2
2024-01-03 21:00:00,0,Татнефть-АЗС-001,-0.3160561910538156,shop_total_revenue,Выручка магазина,baseline_hgb_v2
2024-01-03 22:00:00,0,Татнефть-АЗС-001,-0.2983306215092005,shop_total_revenue,Выручка магазина,baseline_hgb_v2
2024-01-03 23:00:00,0,Татнефть-АЗС-001,-0.5117460977916832,shop_total_revenue,Выручка магазина,baseline_hgb_v2
2024-01-04 00:00:00,0,Татнефть-АЗС-001,-0.011653584905752894,shop_total_revenue,Выручка магазина,baseline_hgb_v2
2024-01-04 01:00:00,0,Татнефть-АЗС-001,-0.011653584905752894,shop_total_revenue,Выручка магазина,baseline_hgb_v2
2024-01-04 02:00:00,0,Татнефть-АЗС-001,-0.14736092378197074,shop_total_revenue,Выручка магазина,baseline_hgb_v2
2024-01-04 03:00:00,0,Татнефть-АЗС-001,-0.011653584905752894,shop_total_revenue,Выручка магазина,baseline_hgb_v2
2024-01-04 04:00:00,0,Татнефть-АЗС-001,-0.14736092378197074,shop_total_revenue,Выручка магазина,baseline_hgb_v2
2024-01-04 05:00:00,0,Татнефть-АЗС-001,-0.14736092378197074,shop_total_revenue,Выручка магазина,baseline_hgb_v2
2024-01-04 06:00:00,0,Татнефть-АЗС-001,-0.011653584905752894,shop_total_revenue,Выручка магазина,baseline_hgb_v2
2024-01-04 07:00:00,0,Татнефть-АЗС-001,690.2869796999959,shop_total_revenue,Выручка магазина,baseline_hgb_v2
2024-01-04 08:00:00,0,Татнефть-АЗС-001,691.1950349637782,shop_total_revenue,Выручка магазина,baseline_hgb_v2
2024-01-04 09:00:00,0,Татнефть-АЗС-001,695.8126648526678,shop_total_revenue,Выручка магазина,baseline_hgb_v2
2024-01-04 10:00:00,0,Татнефть-АЗС-001,-0.011653584905752894,shop_total_revenue,Выручка магазина,baseline_hgb_v2
2024-01-04 11:00:00,0,Татнефть-АЗС-001,-3.885302449532913,shop_total_revenue,Выручка магазина,baseline_hgb_v2
2024-01-04 12:00:00,0,Татнефть-АЗС-001,22.3670155407248,shop_total_revenue,Выручка магазина,baseline_hgb_v2
2024-01-04 13:00:00,0,Татнефть-АЗС-001,43.10118447570451,shop_total_revenue,Выручка магазина,baseline_hgb_v2
2024-01-04 14:00:00,0,Татнефть-АЗС-001,22.3670155407248,shop_total_revenue,Выручка магазина,baseline_hgb_v2
2024-01-04 15:00:00,0,Татнефть-АЗС-001,7.726532713714082,shop_total_revenue,Выручка магазина,baseline_hgb_v2
2024-01-04 16:00:00,0,Татнефть-АЗС-001,-5.099195941608903,shop_total_revenue,Выручка магазина,baseline_hgb_v2
2024-01-04 17:00:00,0,Татнефть-АЗС-001,854.5264682326327,shop_total_revenue,Выручка магазина,baseline_hgb_v2
2024-01-04 18:00:00,0,Татнефть-АЗС-001,681.9011525161711,shop_total_revenue,Выручка магазина,baseline_hgb_v2
2024-01-04 19:00:00,0,Татнефть-АЗС-001,853.591801519057,shop_total_revenue,Выручка магазина,baseline_hgb_v2
2024-01-04 20:00:00,0,Татнефть-АЗС-001,-0.3160561910538156,shop_total_revenue,Выручка магазина,baseline_hgb_v2
2024-01-04 21:00:00,0,Татнефть-АЗС-001,-0.3160561910538156,shop_total_revenue,Выручка магазина,baseline_hgb_v2
2024-01-04 22:00:00,0,Татнефть-АЗС-001,-0.3160561910538156,shop_total_revenue,Выручка магазина,baseline_hgb_v2
2024-01-04 23:00:00,0,Татнефть-АЗС-001,-0.5117460977916832,shop_total_revenue,Выручка магазина,baseline_hgb_v2
2024-01-05 00:00:00,0,Татнефть-АЗС-001,-0.14736092378197074,shop_total_revenue,Выручка магазина,baseline_hgb_v2
2024-01-05 01:00:00,0,Татнефть-АЗС-001,-0.011653584905752894,shop_total_revenue,Выручка магазина,baseline_hgb_v2
2024-01-05 02:00:00,0,Татнефть-АЗС-001,-0.14736092378197074,shop_total_revenue,Выручка магазина,baseline_hgb_v2
2024-01-05 03:00:00,0,Татнефть-АЗС-001,-0.14736092378197074,shop_total_revenue,Выручка магазина,baseline_hgb_v2
2024-01-05 04:00:00,0,Татнефть-АЗС-001,-0.14736092378197074,shop_total_revenue,Выручка магазина,baseline_hgb_v2
2024-01-05 05:00:00,0,Татнефть-АЗС-001,-0.14736092378197074,shop_total_revenue,Выручка магазина,baseline_hgb_v2
2024-01-05 06:00:00,0,Татнефть-АЗС-001,-0.011653584905752894,shop_total_revenue,Выручка магазина,baseline_hgb_v2
2024-01-05 07:00:00,0,Татнефть-АЗС-001,764.2894456683356,shop_total_revenue,Выручка магазина,baseline_hgb_v2
2024-01-05 08:00:00,0,Татнефть-АЗС-001,807.2800682462442,shop_total_revenue,Выручка магазина,baseline_hgb_v2
2024-01-05 09:00:00,0,Татнефть-АЗС-001,362.0810068746047,shop_total_revenue,Выручка магазина,baseline_hgb_v2
2024-01-05 10:00:00,0,Татнефть-АЗС-001,7.846595892702716,shop_total_revenue,Выручка магазина,baseline_hgb_v2
2024-01-05 11:00:00,0,Татнефть-АЗС-001,-4.197526952815908,shop_total_revenue,Выручка магазина,baseline_hgb_v2
2024-01-05 12:00:00,0,Татнефть-АЗС-001,110.83901625909553,shop_total_revenue,Выручка магазина,baseline_hgb_v2
2024-01-05 13:00:00,0,Татнефть-АЗС-001,1.6093037338649383,shop_total_revenue,Выручка магазина,baseline_hgb_v2
2024-01-05 14:00:00,0,Татнефть-АЗС-001,1.6093037338649383,shop_total_revenue,Выручка магазина,baseline_hgb_v2
2024-01-05 15:00:00,0,Татнефть-АЗС-001,-0.3160561910538156,shop_total_revenue,Выручка магазина,baseline_hgb_v2
2024-01-05 16:00:00,0,Татнефть-АЗС-001,3.4534755191662696,shop_total_revenue,Выручка магазина,baseline_hgb_v2
2024-01-05 17:00:00,0,Татнефть-АЗС-001,358.4887683075578,shop_total_revenue,Выручка магазина,baseline_hgb_v2
2024-01-05 18:00:00,0,Татнефть-АЗС-001,767.772608967347,shop_total_revenue,Выручка магазина,baseline_hgb_v2
2024-01-05 19:00:00,0,Татнефть-АЗС-001,711.2516741541478,shop_total_revenue,Выручка магазина,baseline_hgb_v2
2024-01-05 20:00:00,0,Татнефть-АЗС-001,-5.099195941608903,shop_total_revenue,Выручка магазина,baseline_hgb_v2
2024-01-05 21:00:00,0,Татнефть-АЗС-001,6.19299235074914,shop_total_revenue,Выручка магазина,baseline_hgb_v2
2024-01-05 22:00:00,0,Татнефть-АЗС-001,-0.5117460977916832,shop_total_revenue,Выручка магазина,baseline_hgb_v2
2024-01-05 23:00:00,0,Татнефть-АЗС-001,-0.3160561910538156,shop_total_revenue,Выручка магазина,baseline_hgb_v2
2024-01-06 00:00:00,0,Татнефть-АЗС-001,-0.5648480563652148,shop_total_revenue,Выручка магазина,baseline_hgb_v2
2024-01-06 01:00:00,0,Татнефть-АЗС-001,-0.5648480563652148,shop_total_revenue,Выручка магазина,baseline_hgb_v2
2024-01-06 02:00:00,0,Татнефть-АЗС-001,-0.7005553952414325,shop_total_revenue,Выручка магазина,baseline_hgb_v2
2024-01-06 03:00:00,0,Татнефть-АЗС-001,-0.5648480563652148,shop_total_revenue,Выручка магазина,baseline_hgb_v2
2024-01-06 04:00:00,0,Татнефть-АЗС-001,-0.5648480563652148,shop_total_revenue,Выручка магазина,baseline_hgb_v2
2024-01-06 05:00:00,0,Татнефть-АЗС-001,-0.5471224868205997,shop_total_revenue,Выручка магазина,baseline_hgb_v2
2024-01-06 06:00:00,0,Татнефть-АЗС-001,-0.5471224868205997,shop_total_revenue,Выручка магазина,baseline_hgb_v2
2024-01-06 07:00:00,0,Татнефть-АЗС-001,328.29616936630276,shop_total_revenue,Выручка магазина,baseline_hgb_v2
2024-01-06 08:00:00,0,Татнефть-АЗС-001,416.9506346601599,shop_total_revenue,Выручка магазина,baseline_hgb_v2
2024-01-06 09:00:00,0,Татнефть-АЗС-001,355.72369722991,shop_total_revenue,Выручка магазина,baseline_hgb_v2
2024-01-06 10:00:00,0,Татнефть-АЗС-001,-2.556159109357486,shop_total_revenue,Выручка магазина,baseline_hgb_v2
2024-01-06 11:00:00,0,Татнефть-АЗС-001,-5.097507683397822,shop_total_revenue,Выручка магазина,baseline_hgb_v2
2024-01-06 12:00:00,0,Татнефть-АЗС-001,166.56215801687213,shop_total_revenue,Выручка магазина,baseline_hgb_v2
2024-01-06 13:00:00,0,Татнефть-АЗС-001,1.0561092624054764,shop_total_revenue,Выручка магазина,baseline_hgb_v2
2024-01-06 14:00:00,0,Татнефть-АЗС-001,1.0561092624054764,shop_total_revenue,Выручка магазина,baseline_hgb_v2
2024-01-06 15:00:00,0,Татнефть-АЗС-001,-1.6548140296640046,shop_total_revenue,Выручка магазина,baseline_hgb_v2
2024-01-06 16:00:00,0,Татнефть-АЗС-001,-0.8692506625132776,shop_total_revenue,Выручка магазина,baseline_hgb_v2
2024-01-06 17:00:00,0,Татнефть-АЗС-001,952.4620114770046,shop_total_revenue,Выручка магазина,baseline_hgb_v2
2024-01-06 18:00:00,0,Татнефть-АЗС-001,826.2603119593529,shop_total_revenue,Выручка магазина,baseline_hgb_v2
2024-01-06 19:00:00,0,Татнефть-АЗС-001,956.7424538464145,shop_total_revenue,Выручка магазина,baseline_hgb_v2
2024-01-06 20:00:00,0,Татнефть-АЗС-001,-6.817189104760189,shop_total_revenue,Выручка магазина,baseline_hgb_v2
2024-01-06 21:00:00,0,Татнефть-АЗС-001,-1.6548140296640046,shop_total_revenue,Выручка магазина,baseline_hgb_v2
2024-01-06 22:00:00,0,Татнефть-АЗС-001,-1.0649405692511449,shop_total_revenue,Выручка магазина,baseline_hgb_v2
2024-01-06 23:00:00,0,Татнефть-АЗС-001,-0.7931256396674589,shop_total_revenue,Выручка магазина,baseline_hgb_v2
2024-01-07 00:00:00,0,Татнефть-АЗС-001,-0.5648480563652148,shop_total_revenue,Выручка магазина,baseline_hgb_v2
2024-01-07 01:00:00,0,Татнефть-АЗС-001,-0.5648480563652148,shop_total_revenue,Выручка магазина,baseline_hgb_v2
2024-01-07 02:00:00,0,Татнефть-АЗС-001,-0.7005553952414325,shop_total_revenue,Выручка магазина,baseline_hgb_v2
2024-01-07 03:00:00,0,Татнефть-АЗС-001,-0.7005553952414325,shop_total_revenue,Выручка магазина,baseline_hgb_v2
2024-01-07 04:00:00,0,Татнефть-АЗС-001,-0.5471224868205997,shop_total_revenue,Выручка магазина,baseline_hgb_v2
2024-01-07 05:00:00,0,Татнефть-АЗС-001,-0.5648480563652148,shop_total_revenue,Выручка магазина,baseline_hgb_v2
2024-01-07 06:00:00,0,Татнефть-АЗС-001,-0.49229711376121454,shop_total_revenue,Выручка магазина,baseline_hgb_v2
2024-01-07 07:00:00,0,Татнефть-АЗС-001,373.74049902578844,shop_total_revenue,Выручка магазина,baseline_hgb_v2
2024-01-07 08:00:00,0,Татнефть-АЗС-001,444.6752372914942,shop_total_revenue,Выручка магазина,baseline_hgb_v2
2024-01-07 09:00:00,0,Татнефть-АЗС-001,394.85901587973535,shop_total_revenue,Выручка магазина,baseline_hgb_v2
2024-01-07 10:00:00,0,Татнефть-АЗС-001,-0.5648480563652148,shop_total_revenue,Выручка магазина,baseline_hgb_v2
2024-01-07 11:00:00,0,Татнефть-АЗС-001,-0.5648480563652148,shop_total_revenue,Выручка магазина,baseline_hgb_v2
2024-01-07 12:00:00,0,Татнефть-АЗС-001,0.28125165130102425,shop_total_revenue,Выручка магазина,baseline_hgb_v2
2024-01-07 13:00:00,0,Татнефть-АЗС-001,1.0561092624054764,shop_total_revenue,Выручка магазина,baseline_hgb_v2
2024-01-07 14:00:00,0,Татнефть-АЗС-001,1.0561092624054764,shop_total_revenue,Выручка магазина,baseline_hgb_v2
2024-01-07 15:00:00,0,Татнефть-АЗС-001,4.737804326950227,shop_total_revenue,Выручка магазина,baseline_hgb_v2
2024-01-07 16:00:00,0,Татнефть-АЗС-001,-3.513656968318559,shop_total_revenue,Выручка магазина,baseline_hgb_v2
2024-01-07 17:00:00,0,Татнефть-АЗС-001,901.5204760375913,shop_total_revenue,Выручка магазина,baseline_hgb_v2
2024-01-07 18:00:00,0,Татнефть-АЗС-001,537.3827939641878,shop_total_revenue,Выручка магазина,baseline_hgb_v2
2024-01-07 19:00:00,0,Татнефть-АЗС-001,1121.4291892971653,shop_total_revenue,Выручка магазина,baseline_hgb_v2
2024-01-07 20:00:00,0,Татнефть-АЗС-001,5.712203268701559,shop_total_revenue,Выручка магазина,baseline_hgb_v2
2024-01-07 21:00:00,0,Татнефть-АЗС-001,-3.513656968318559,shop_total_revenue,Выручка магазина,baseline_hgb_v2
2024-01-07 22:00:00,0,Татнефть-АЗС-001,-1.0649405692511449,shop_total_revenue,Выручка магазина,baseline_hgb_v2
2024-01-07 23:00:00,0,Татнефть-АЗС-001,-1.0649405692511449,shop_total_revenue,Выручка магазина,baseline_hgb_v2
2024-01-01 00:00:00,1,Татнефть-АЗС-002,-0.011653584905752894,shop_total_revenue,Выручка магазина,baseline_hgb_v2
2024-01-01 01:00:00,1,Татнефть-АЗС-002,-0.011653584905752894,shop_total_revenue,Выручка магазина,baseline_hgb_v2
2024-01-01 02:00:00,1,Татнефть-АЗС-002,-0.011653584905752894,shop_total_revenue,Выручка магазина,baseline_hgb_v2
2024-01-01 03:00:00,1,Татнефть-АЗС-002,-0.011653584905752894,shop_total_revenue,Выручка магазина,baseline_hgb_v2
2024-01-01 04:00:00,1,Татнефть-АЗС-002,-0.011653584905752894,shop_total_revenue,Выручка магазина,baseline_hgb_v2
2024-01-01 05:00:00,1,Татнефть-АЗС-002,-0.011653584905752894,shop_total_revenue,Выручка магазина,baseline_hgb_v2
2024-01-01 06:00:00,1,Татнефть-АЗС-002,-0.011653584905752894,shop_total_revenue,Выручка магазина,baseline_hgb_v2
2024-01-01 07:00:00,1,Татнефть-АЗС-002,33.241134453014546,shop_total_revenue,Выручка магазина,baseline_hgb_v2
2024-01-01 08:00:00,1,Татнефть-АЗС-002,21.091925195392374,shop_total_revenue,Выручка магазина,baseline_hgb_v2
2024-01-01 09:00:00,1,Татнефть-АЗС-002,30.19306290378366,shop_total_revenue,Выручка магазина,baseline_hgb_v2
2024-01-01 10:00:00,1,Татнефть-АЗС-002,-0.14736092378197074,shop_total_revenue,Выручка магазина,baseline_hgb_v2
2024-01-01 11:00:00,1,Татнефть-АЗС-002,-0.14736092378197074,shop_total_revenue,Выручка магазина,baseline_hgb_v2
2024-01-01 12:00:00,1,Татнефть-АЗС-002,1.6093037338649383,shop_total_revenue,Выручка магазина,baseline_hgb_v2
2024-01-01 13:00:00,1,Татнефть-АЗС-002,2.4013895993261767,shop_total_revenue,Выручка магазина,baseline_hgb_v2
2024-01-01 14:00:00,1,Татнефть-АЗС-002,2.4013895993261767,shop_total_revenue,Выручка магазина,baseline_hgb_v2
2024-01-01 15:00:00,1,Татнефть-АЗС-002,-0.3160561910538156,shop_total_revenue,Выручка магазина,baseline_hgb_v2
2024-01-01 16:00:00,1,Татнефть-АЗС-002,-0.3160561910538156,shop_total_revenue,Выручка магазина,baseline_hgb_v2
2024-01-01 17:00:00,1,Татнефть-АЗС-002,236.58866398965878,shop_total_revenue,Выручка магазина,baseline_hgb_v2
2024-01-01 18:00:00,1,Татнефть-АЗС-002,281.9130814664035,shop_total_revenue,Выручка магазина,baseline_hgb_v2
2024-01-01 19:00:00,1,Татнефть-АЗС-002,266.82703722525844,shop_total_revenue,Выручка магазина,baseline_hgb_v2
2024-01-01 20:00:00,1,Татнефть-АЗС-002,-0.5117460977916832,shop_total_revenue,Выручка магазина,baseline_hgb_v2
2024-01-01 21:00:00,1,Татнефть-АЗС-002,-0.3160561910538156,shop_total_revenue,Выручка магазина,baseline_hgb_v2
2024-01-01 22:00:00,1,Татнефть-АЗС-002,-0.3160561910538156,shop_total_revenue,Выручка магазина,baseline_hgb_v2
2024-01-01 23:00:00,1,Татнефть-АЗС-002,-0.3160561910538156,shop_total_revenue,Выручка магазина,baseline_hgb_v2
2024-01-02 00:00:00,1,Татнефть-АЗС-002,-0.14736092378197074,shop_total_revenue,Выручка магазина,baseline_hgb_v2
2024-01-02 01:00:00,1,Татнефть-АЗС-002,-0.011653584905752894,shop_total_revenue,Выручка магазина,baseline_hgb_v2
2024-01-02 02:00:00,1,Татнефть-АЗС-002,-0.011653584905752894,shop_total_revenue,Выручка магазина,baseline_hgb_v2
2024-01-02 03:00:00,1,Татнефть-АЗС-002,-0.011653584905752894,shop_total_revenue,Выручка магазина,baseline_hgb_v2
2024-01-02 04:00:00,1,Татнефть-АЗС-002,-0.011653584905752894,shop_total_revenue,Выручка магазина,baseline_hgb_v2
2024-01-02 05:00:00,1,Татнефть-АЗС-002,-0.14736092378197074,shop_total_revenue,Выручка магазина,baseline_hgb_v2
2024-01-02 06:00:00,1,Татнефть-АЗС-002,0.006071984638862248,shop_total_revenue,Выручка магазина,baseline_hgb_v2
2024-01-02 07:00:00,1,Татнефть-АЗС-002,24.534231486399964,shop_total_revenue,Выручка магазина,baseline_hgb_v2
2024-01-02 08:00:00,1,Татнефть-АЗС-002,36.25390874440493,shop_total_revenue,Выручка магазина,baseline_hgb_v2
2024-01-02 09:00:00,1,Татнефть-АЗС-002,20.839749516751723,shop_total_revenue,Выручка магазина,baseline_hgb_v2
2024-01-02 10:00:00,1,Татнефть-АЗС-002,0.006071984638862248,shop_total_revenue,Выручка магазина,baseline_hgb_v2
2024-01-02 11:00:00,1,Татнефть-АЗС-002,-0.14736092378197074,shop_total_revenue,Выручка магазина,baseline_hgb_v2
2024-01-02 12:00:00,1,Татнефть-АЗС-002,2.4013895993261767,shop_total_revenue,Выручка магазина,baseline_hgb_v2
2024-01-02 13:00:00,1,Татнефть-АЗС-002,2.4013895993261767,shop_total_revenue,Выручка магазина,baseline_hgb_v2
2024-01-02 14:00:00,1,Татнефть-АЗС-002,2.3836640297815617,shop_total_revenue,Выручка магазина,baseline_hgb_v2
2024-01-02 15:00:00,1,Татнефть-АЗС-002,-0.5117460977916832,shop_total_revenue,Выручка магазина,baseline_hgb_v2
2024-01-02 16:00:00,1,Татнефть-АЗС-002,-0.3160561910538156,shop_total_revenue,Выручка магазина,baseline_hgb_v2
2024-01-02 17:00:00,1,Татнефть-АЗС-002,580.3969654169581,shop_total_revenue,Выручка магазина,baseline_hgb_v2
2024-01-02 18:00:00,1,Татнефть-АЗС-002,613.2371833171065,shop_total_revenue,Выручка магазина,baseline_hgb_v2
2024-01-02 19:00:00,1,Татнефть-АЗС-002,554.82942823981,shop_total_revenue,Выручка магазина,baseline_hgb_v2
2024-01-02 20:00:00,1,Татнефть-АЗС-002,-2.116009606507562,shop_total_revenue,Выручка магазина,baseline_hgb_v2
2024-01-02 21:00:00,1,Татнефть-АЗС-002,-0.3160561910538156,shop_total_revenue,Выручка магазина,baseline_hgb_v2
2024-01-02 22:00:00,1,Татнефть-АЗС-002,-0.3160561910538156,shop_total_revenue,Выручка магазина,baseline_hgb_v2
2024-01-02 23:00:00,1,Татнефть-АЗС-002,-0.5117460977916832,shop_total_revenue,Выручка магазина,baseline_hgb_v2
2024-01-03 00:00:00,1,Татнефть-АЗС-002,-0.14736092378197074,shop_total_revenue,Выручка магазина,baseline_hgb_v2
2024-01-03 01:00:00,1,Татнефть-АЗС-002,-0.011653584905752894,shop_total_revenue,Выручка магазина,baseline_hgb_v2
2024-01-03 02:00:00,1,Татнефть-АЗС-002,-0.14736092378197074,shop_total_revenue,Выручка магазина,baseline_hgb_v2
2024-01-03 03:00:00,1,Татнефть-АЗС-002,-0.14736092378197074,shop_total_revenue,Выручка магазина,baseline_hgb_v2
2024-01-03 04:00:00,1,Татнефть-АЗС-002,-0.011653584905752894,shop_total_revenue,Выручка магазина,baseline_hgb_v2
2024-01-03 05:00:00,1,Татнефть-АЗС-002,-0.011653584905752894,shop_total_revenue,Выручка магазина,baseline_hgb_v2
2024-01-03 06:00:00,1,Татнефть-АЗС-002,0.006071984638862248,shop_total_revenue,Выручка магазина,baseline_hgb_v2
2024-01-03 07:00:00,1,Татнефть-АЗС-002,20.326603402920934,shop_total_revenue,Выручка магазина,baseline_hgb_v2
2024-01-03 08:00:00,1,Татнефть-АЗС-002,250.26268320764925,shop_total_revenue,Выручка магазина,baseline_hgb_v2
2024-01-03 09:00:00,1,Татнефть-АЗС-002,189.81229458593015,shop_total_revenue,Выручка магазина,baseline_hgb_v2
2024-01-03 10:00:00,1,Татнефть-АЗС-002,-0.16508649332658584,shop_total_revenue,Выручка магазина,baseline_hgb_v2
2024-01-03 11:00:00,1,Татнефть-АЗС-002,0.006071984638862248,shop_total_revenue,Выручка магазина,baseline_hgb_v2
2024-01-03 12:00:00,1,Татнефть-АЗС-002,2.4013895993261767,shop_total_revenue,Выручка магазина,baseline_hgb_v2
2024-01-03 13:00:00,1,Татнефть-АЗС-002,1.6093037338649383,shop_total_revenue,Выручка магазина,baseline_hgb_v2
2024-01-03 14:00:00,1,Татнефть-АЗС-002,1.6093037338649383,shop_total_revenue,Выручка магазина,baseline_hgb_v2
2024-01-03 15:00:00,1,Татнефть-АЗС-002,-0.5117460977916832,shop_total_revenue,Выручка магазина,baseline_hgb_v2
2024-01-03 16:00:00,1,Татнефть-АЗС-002,-0.5117460977916832,shop_total_revenue,Выручка магазина,baseline_hgb_v2
2024-01-03 17:00:00,1,Татнефть-АЗС-002,420.84628382363087,shop_total_revenue,Выручка магазина,baseline_hgb_v2
2024-01-03 18:00:00,1,Татнефть-АЗС-002,343.87778223012424,shop_total_revenue,Выручка магазина,baseline_hgb_v2
2024-01-03 19:00:00,1,Татнефть-АЗС-002,479.9886164379802,shop_total_revenue,Выручка магазина,baseline_hgb_v2
2024-01-03 20:00:00,1,Татнефть-АЗС-002,-2.116009606507562,shop_total_revenue,Выручка магазина,baseline_hgb_v2
2024-01-03 21:00:00,1,Татнефть-АЗС-002,-0.3160561910538156,shop_total_revenue,Выручка магазина,baseline_hgb_v2
2024-01-03 22:00:00,1,Татнефть-АЗС-002,-0.5117460977916832,shop_total_revenue,Выручка магазина,baseline_hgb_v2
2024-01-03 23:00:00,1,Татнефть-АЗС-002,-0.3160561910538156,shop_total_revenue,Выручка магазина,baseline_hgb_v2
2024-01-04 00:00:00,1,Татнефть-АЗС-002,0.04674586839545062,shop_total_revenue,Выручка магазина,baseline_hgb_v2
2024-01-04 01:00:00,1,Татнефть-АЗС-002,-0.011653584905752894,shop_total_revenue,Выручка магазина,baseline_hgb_v2
2024-01-04 02:00:00,1,Татнефть-АЗС-002,0.006071984638862248,shop_total_revenue,Выручка магазина,baseline_hgb_v2
2024-01-04 03:00:00,1,Татнефть-АЗС-002,-0.14736092378197074,shop_total_revenue,Выручка магазина,baseline_hgb_v2
2024-01-04 04:00:00,1,Татнефть-АЗС-002,-0.14736092378197074,shop_total_revenue,Выручка магазина,baseline_hgb_v2
2024-01-04 05:00:00,1,Татнефть-АЗС-002,-0.14736092378197074,shop_total_revenue,Выручка магазина,baseline_hgb_v2
2024-01-04 06:00:00,1,Татнефть-АЗС-002,-0.14736092378197074,shop_total_revenue,Выручка магазина,baseline_hgb_v2
2024-01-04 07:00:00,1,Татнефть-АЗС-002,305.90761937855956,shop_total_revenue,Выручка магазина,baseline_hgb_v2
2024-01-04 08:00:00,1,Татнефть-АЗС-002,191.67261071639172,shop_total_revenue,Выручка магазина,baseline_hgb_v2
2024-01-04 09:00:00,1,Татнефть-АЗС-002,212.99026478015352,shop_total_revenue,Выручка магазина,baseline_hgb_v2
2024-01-04 10:00:00,1,Татнефть-АЗС-002,-0.011653584905752894,shop_total_revenue,Выручка магазина,baseline_hgb_v2
2024-01-04 11:00:00,1,Татнефть-АЗС-002,-0.011653584905752894,shop_total_revenue,Выручка магазина,baseline_hgb_v2
2024-01-04 12:00:00,1,Татнефть-АЗС-002,2.4013895993261767,shop_total_revenue,Выручка магазина,baseline_hgb_v2
2024-01-04 13:00:00,1,Татнефть-АЗС-002,1.6093037338649383,shop_total_revenue,Выручка магазина,baseline_hgb_v2
2024-01-04 14:00:00,1,Татнефть-АЗС-002,2.4013895993261767,shop_total_revenue,Выручка магазина,baseline_hgb_v2
2024-01-04 15:00:00,1,Татнефть-АЗС-002,-0.3160561910538156,shop_total_revenue,Выручка магазина,baseline_hgb_v2
2024-01-04 16:00:00,1,Татнефть-АЗС-002,-2.116009606507562,shop_total_revenue,Выручка магазина,baseline_hgb_v2
2024-01-04 17:00:00,1,Татнефть-АЗС-002,543.3294260973292,shop_total_revenue,Выручка магазина,baseline_hgb_v2
2024-01-04 18:00:00,1,Татнефть-АЗС-002,612.951294633,shop_total_revenue,Выручка магазина,baseline_hgb_v2
2024-01-04 19:00:00,1,Татнефть-АЗС-002,270.8607013618605,shop_total_revenue,Выручка магазина,baseline_hgb_v2
2024-01-04 20:00:00,1,Татнефть-АЗС-002,-0.25765673775261216,shop_total_revenue,Выручка магазина,baseline_hgb_v2
2024-01-04 21:00:00,1,Татнефть-АЗС-002,-0.5117460977916832,shop_total_revenue,Выручка магазина,baseline_hgb_v2
2024-01-04 22:00:00,1,Татнефть-АЗС-002,-0.3160561910538156,shop_total_revenue,Выручка магазина,baseline_hgb_v2
2024-01-04 23:00:00,1,Татнефть-АЗС-002,-0.3160561910538156,shop_total_revenue,Выручка магазина,baseline_hgb_v2
2024-01-05 00:00:00,1,Татнефть-АЗС-002,-0.011653584905752894,shop_total_revenue,Выручка магазина,baseline_hgb_v2
2024-01-05 01:00:00,1,Татнефть-АЗС-002,-0.011653584905752894,shop_total_revenue,Выручка магазина,baseline_hgb_v2
2024-01-05 02:00:00,1,Татнефть-АЗС-002,-0.14736092378197074,shop_total_revenue,Выручка магазина,baseline_hgb_v2
2024-01-05 03:00:00,1,Татнефть-АЗС-002,-0.14736092378197074,shop_total_revenue,Выручка магазина,baseline_hgb_v2
2024-01-05 04:00:00,1,Татнефть-АЗС-002,-0.011653584905752894,shop_total_revenue,Выручка магазина,baseline_hgb_v2
2024-01-05 05:00:00,1,Татнефть-АЗС-002,-0.011653584905752894,shop_total_revenue,Выручка магазина,baseline_hgb_v2
2024-01-05 06:00:00,1,Татнефть-АЗС-002,-0.14736092378197074,shop_total_revenue,Выручка магазина,baseline_hgb_v2
2024-01-05 07:00:00,1,Татнефть-АЗС-002,154.95154976299767,shop_total_revenue,Выручка магазина,baseline_hgb_v2
2024-01-05 08:00:00,1,Татнефть-АЗС-002,294.5381365547941,shop_total_revenue,Выручка магазина,baseline_hgb_v2
2024-01-05 09:00:00,1,Татнефть-АЗС-002,20.806036511285786,shop_total_revenue,Выручка магазина,baseline_hgb_v2
2024-01-05 10:00:00,1,Татнефть-АЗС-002,-0.011653584905752894,shop_total_revenue,Выручка магазина,baseline_hgb_v2
2024-01-05 11:00:00,1,Татнефть-АЗС-002,-0.14736092378197074,shop_total_revenue,Выручка магазина,baseline_hgb_v2
2024-01-05 12:00:00,1,Татнефть-АЗС-002,2.4013895993261767,shop_total_revenue,Выручка магазина,baseline_hgb_v2
2024-01-05 13:00:00,1,Татнефть-АЗС-002,1.6093037338649383,shop_total_revenue,Выручка магазина,baseline_hgb_v2
2024-01-05 14:00:00,1,Татнефть-АЗС-002,1.6093037338649383,shop_total_revenue,Выручка магазина,baseline_hgb_v2
2024-01-05 15:00:00,1,Татнефть-АЗС-002,-0.5117460977916832,shop_total_revenue,Выручка магазина,baseline_hgb_v2
2024-01-05 16:00:00,1,Татнефть-АЗС-002,-0.25765673775261216,shop_total_revenue,Выручка магазина,baseline_hgb_v2
2024-01-05 17:00:00,1,Татнефть-АЗС-002,575.6325127642164,shop_total_revenue,Выручка магазина,baseline_hgb_v2
2024-01-05 18:00:00,1,Татнефть-АЗС-002,271.58711441220606,shop_total_revenue,Выручка магазина,baseline_hgb_v2
2024-01-05 19:00:00,1,Татнефть-АЗС-002,577.398251381076,shop_total_revenue,Выручка магазина,baseline_hgb_v2
2024-01-05 20:00:00,1,Татнефть-АЗС-002,-2.116009606507562,shop_total_revenue,Выручка магазина,baseline_hgb_v2
2024-01-05 21:00:00,1,Татнефть-АЗС-002,-0.3160561910538156,shop_total_revenue,Выручка магазина,baseline_hgb_v2
2024-01-05 22:00:00,1,Татнефть-АЗС-002,-0.5117460977916832,shop_total_revenue,Выручка магазина,baseline_hgb_v2
2024-01-05 23:00:00,1,Татнефть-АЗС-002,-0.5117460977916832,shop_total_revenue,Выручка магазина,baseline_hgb_v2
2024-01-06 00:00:00,1,Татнефть-АЗС-002,-0.7005553952414325,shop_total_revenue,Выручка магазина,baseline_hgb_v2
2024-01-06 01:00:00,1,Татнефть-АЗС-002,-0.7005553952414325,shop_total_revenue,Выручка магазина,baseline_hgb_v2
2024-01-06 02:00:00,1,Татнефть-АЗС-002,-0.7005553952414325,shop_total_revenue,Выручка магазина,baseline_hgb_v2
2024-01-06 03:00:00,1,Татнефть-АЗС-002,-0.5648480563652148,shop_total_revenue,Выручка магазина,baseline_hgb_v2
2024-01-06 04:00:00,1,Татнефть-АЗС-002,-0.7005553952414325,shop_total_revenue,Выручка магазина,baseline_hgb_v2
2024-01-06 05:00:00,1,Татнефть-АЗС-002,-0.5648480563652148,shop_total_revenue,Выручка магазина,baseline_hgb_v2
2024-01-06 06:00:00,1,Татнефть-АЗС-002,-0.5648480563652148,shop_total_revenue,Выручка магазина,baseline_hgb_v2
2024-01-06 07:00:00,1,Татнефть-АЗС-002,258.42156355300176,shop_total_revenue,Выручка магазина,baseline_hgb_v2
2024-01-06 08:00:00,1,Татнефть-АЗС-002,16.345399197095507,shop_total_revenue,Выручка магазина,baseline_hgb_v2
2024-01-06 09:00:00,1,Татнефть-АЗС-002,49.4111036647323,shop_total_revenue,Выручка магазина,baseline_hgb_v2
2024-01-06 10:00:00,1,Татнефть-АЗС-002,-0.7005553952414325,shop_total_revenue,Выручка магазина,baseline_hgb_v2
2024-01-06 11:00:00,1,Татнефть-АЗС-002,-0.5648480563652148,shop_total_revenue,Выручка магазина,baseline_hgb_v2
2024-01-06 12:00:00,1,Татнефть-АЗС-002,1.8481951278667146,shop_total_revenue,Выручка магазина,baseline_hgb_v2
2024-01-06 13:00:00,1,Татнефть-АЗС-002,1.0561092624054764,shop_total_revenue,Выручка магазина,baseline_hgb_v2
2024-01-06 14:00:00,1,Татнефть-АЗС-002,1.8481951278667146,shop_total_revenue,Выручка магазина,baseline_hgb_v2
2024-01-06 15:00:00,1,Татнефть-АЗС-002,-0.8692506625132776,shop_total_revenue,Выручка магазина,baseline_hgb_v2
2024-01-06 16:00:00,1,Татнефть-АЗС-002,-1.0649405692511449,shop_total_revenue,Выручка магазина,baseline_hgb_v2
2024-01-06 17:00:00,1,Татнефть-АЗС-002,127.44679230085863,shop_total_revenue,Выручка магазина,baseline_hgb_v2
2024-01-06 18:00:00,1,Татнефть-АЗС-002,298.8960261456901,shop_total_revenue,Выручка магазина,baseline_hgb_v2
2024-01-06 19:00:00,1,Татнефть-АЗС-002,83.44228400214102,shop_total_revenue,Выручка магазина,baseline_hgb_v2
2024-01-06 20:00:00,1,Татнефть-АЗС-002,-1.0649405692511449,shop_total_revenue,Выручка магазина,baseline_hgb_v2
2024-01-06 21:00:00,1,Татнефть-АЗС-002,-1.0649405692511449,shop_total_revenue,Выручка магазина,baseline_hgb_v2
2024-01-06 22:00:00,1,Татнефть-АЗС-002,-1.0649405692511449,shop_total_revenue,Выручка магазина,baseline_hgb_v2
2024-01-06 23:00:00,1,Татнефть-АЗС-002,-0.8692506625132776,shop_total_revenue,Выручка магазина,baseline_hgb_v2
2024-01-07 00:00:00,1,Татнефть-АЗС-002,-0.7005553952414325,shop_total_revenue,Выручка магазина,baseline_hgb_v2
2024-01-07 01:00:00,1,Татнефть-АЗС-002,-0.7005553952414325,shop_total_revenue,Выручка магазина,baseline_hgb_v2
2024-01-07 02:00:00,1,Татнефть-АЗС-002,-0.5471224868205997,shop_total_revenue,Выручка магазина,baseline_hgb_v2
2024-01-07 03:00:00,1,Татнефть-АЗС-002,-0.5648480563652148,shop_total_revenue,Выручка магазина,baseline_hgb_v2
2024-01-07 04:00:00,1,Татнефть-АЗС-002,-0.7005553952414325,shop_total_revenue,Выручка магазина,baseline_hgb_v2
2024-01-07 05:00:00,1,Татнефть-АЗС-002,-0.7005553952414325,shop_total_revenue,Выручка магазина,baseline_hgb_v2
2024-01-07 06:00:00,1,Татнефть-АЗС-002,-0.7005553952414325,shop_total_revenue,Выручка магазина,baseline_hgb_v2
2024-01-07 07:00:00,1,Татнефть-АЗС-002,16.345399197095507,shop_total_revenue,Выручка магазина,baseline_hgb_v2
2024-01-07 08:00:00,1,Татнефть-АЗС-002,93.89013695037984,shop_total_revenue,Выручка магазина,baseline_hgb_v2
2024-01-07 09:00:00,1,Татнефть-АЗС-002,16.345399197095507,shop_total_revenue,Выручка магазина,baseline_hgb_v2
2024-01-07 10:00:00,1,Татнефть-АЗС-002,-0.7005553952414325,shop_total_revenue,Выручка магазина,baseline_hgb_v2
2024-01-07 11:00:00,1,Татнефть-АЗС-002,-0.5648480563652148,shop_total_revenue,Выручка магазина,baseline_hgb_v2
2024-01-07 12:00:00,1,Татнефть-АЗС-002,1.8481951278667146,shop_total_revenue,Выручка магазина,baseline_hgb_v2
2024-01-07 13:00:00,1,Татнефть-АЗС-002,1.8481951278667146,shop_total_revenue,Выручка магазина,baseline_hgb_v2
2024-01-07 14:00:00,1,Татнефть-АЗС-002,1.0738348319500917,shop_total_revenue,Выручка магазина,baseline_hgb_v2
2024-01-07 15:00:00,1,Татнефть-АЗС-002,-1.0649405692511449,shop_total_revenue,Выручка магазина,baseline_hgb_v2
2024-01-07 16:00:00,1,Татнефть-АЗС-002,-1.0649405692511449,shop_total_revenue,Выручка магазина,baseline_hgb_v2
2024-01-07 17:00:00,1,Татнефть-АЗС-002,127.44679230085863,shop_total_revenue,Выручка магазина,baseline_hgb_v2
2024-01-07 18:00:00,1,Татнефть-АЗС-002,39.01112645658809,shop_total_revenue,Выручка магазина,baseline_hgb_v2
2024-01-07 19:00:00,1,Татнефть-АЗС-002,127.44679230085863,shop_total_revenue,Выручка магазина,baseline_hgb_v2
2024-01-07 20:00:00,1,Татнефть-АЗС-002,-2.669204077967024,shop_total_revenue,Выручка магазина,baseline_hgb_v2
2024-01-07 21:00:00,1,Татнефть-АЗС-002,-1.0649405692511449,shop_total_revenue,Выручка магазина,baseline_hgb_v2
2024-01-07 22:00:00,1,Татнефть-АЗС-002,-0.8692506625132776,shop_total_revenue,Выручка магазина,baseline_hgb_v2
2024-01-07 23:00:00,1,Татнефть-АЗС-002,-0.8692506625132776,shop_total_revenue,Выручка магазина,baseline_hgb_v2
2024-01-01 00:00:00,10,Татнефть-АЗС-011,-0.5561026995394395,shop_total_revenue,Выручка магазина,baseline_hgb_v2
2024-01-01 01:00:00,10,Татнефть-АЗС-011,-0.5738282690840547,shop_total_revenue,Выручка магазина,baseline_hgb_v2
2024-01-01 02:00:00,10,Татнефть-АЗС-011,-0.5561026995394395,shop_total_revenue,Выручка магазина,baseline_hgb_v2
2024-01-01 03:00:00,10,Татнефть-АЗС-011,-0.5738282690840547,shop_total_revenue,Выручка магазина,baseline_hgb_v2
2024-01-01 04:00:00,10,Татнефть-АЗС-011,-0.7095356079602729,shop_total_revenue,Выручка магазина,baseline_hgb_v2
2024-01-01 05:00:00,10,Татнефть-АЗС-011,-0.5738282690840547,shop_total_revenue,Выручка магазина,baseline_hgb_v2
2024-01-01 06:00:00,10,Татнефть-АЗС-011,-4.896818957107861,shop_total_revenue,Выручка магазина,baseline_hgb_v2
2024-01-01 07:00:00,10,Татнефть-АЗС-011,328.9375017631224,shop_total_revenue,Выручка магазина,baseline_hgb_v2
2024-01-01 08:00:00,10,Татнефть-АЗС-011,500.89623804752944,shop_total_revenue,Выручка магазина,baseline_hgb_v2
2024-01-01 09:00:00,10,Татнефть-АЗС-011,479.1185874725373,shop_total_revenue,Выручка магазина,baseline_hgb_v2
2024-01-01 10:00:00,10,Татнефть-АЗС-011,-0.5738282690840547,shop_total_revenue,Выручка магазина,baseline_hgb_v2
2024-01-01 11:00:00,10,Татнефть-АЗС-011,-3.8708715662655773,shop_total_revenue,Выручка магазина,baseline_hgb_v2
2024-01-01 12:00:00,10,Татнефть-АЗС-011,1.1397616775299706,shop_total_revenue,Выручка магазина,baseline_hgb_v2
2024-01-01 13:00:00,10,Татнефть-АЗС-011,89.49131570023347,shop_total_revenue,Выручка магазина,baseline_hgb_v2
2024-01-01 14:00:00,10,Татнефть-АЗС-011,89.49131570023347,shop_total_revenue,Выручка магазина,baseline_hgb_v2
2024-01-01 15:00:00,10,Татнефть-АЗС-011,-0.8031252602335962,shop_total_revenue,Выручка магазина,baseline_hgb_v2
2024-01-01 16:00:00,10,Татнефть-АЗС-011,-0.8031252602335962,shop_total_revenue,Выручка магазина,baseline_hgb_v2
2024-01-01 17:00:00,10,Татнефть-АЗС-011,601.4665789681558,shop_total_revenue,Выручка магазина,baseline_hgb_v2
2024-01-01 18:00:00,10,Татнефть-АЗС-011,233.66724038519112,shop_total_revenue,Выручка магазина,baseline_hgb_v2
2024-01-01 19:00:00,10,Татнефть-АЗС-011,290.8358544565239,shop_total_revenue,Выручка магазина,baseline_hgb_v2
2024-01-01 20:00:00,10,Татнефть-АЗС-011,-0.8031252602335962,shop_total_revenue,Выручка магазина,baseline_hgb_v2
2024-01-01 21:00:00,10,Татнефть-АЗС-011,4.207286236571196,shop_total_revenue,Выручка магазина,baseline_hgb_v2
2024-01-01 22:00:00,10,Татнефть-АЗС-011,-0.9988151669714636,shop_total_revenue,Выручка магазина,baseline_hgb_v2
2024-01-01 23:00:00,10,Татнефть-АЗС-011,-1.0408804072880837,shop_total_revenue,Выручка магазина,baseline_hgb_v2
2024-01-02 00:00:00,10,Татнефть-АЗС-011,-0.5738282690840547,shop_total_revenue,Выручка магазина,baseline_hgb_v2
2024-01-02 01:00:00,10,Татнефть-АЗС-011,-0.5738282690840547,shop_total_revenue,Выручка магазина,baseline_hgb_v2
2024-01-02 02:00:00,10,Татнефть-АЗС-011,-0.7095356079602729,shop_total_revenue,Выручка магазина,baseline_hgb_v2
2024-01-02 03:00:00,10,Татнефть-АЗС-011,-0.7095356079602729,shop_total_revenue,Выручка магазина,baseline_hgb_v2
2024-01-02 04:00:00,10,Татнефть-АЗС-011,-0.5738282690840547,shop_total_revenue,Выручка магазина,baseline_hgb_v2
2024-01-02 05:00:00,10,Татнефть-АЗС-011,-0.5738282690840547,shop_total_revenue,Выручка магазина,baseline_hgb_v2
2024-01-02 06:00:00,10,Татнефть-АЗС-011,-0.5738282690840547,shop_total_revenue,Выручка магазина,baseline_hgb_v2
2024-01-02 07:00:00,10,Татнефть-АЗС-011,252.83302953379464,shop_total_revenue,Выручка магазина,baseline_hgb_v2
2024-01-02 08:00:00,10,Татнефть-АЗС-011,476.12452257320416,shop_total_revenue,Выручка магазина,baseline_hgb_v2
2024-01-02 09:00:00,10,Татнефть-АЗС-011,395.4748390473286,shop_total_revenue,Выручка магазина,baseline_hgb_v2
2024-01-02 10:00:00,10,Татнефть-АЗС-011,-0.5738282690840547,shop_total_revenue,Выручка магазина,baseline_hgb_v2
2024-01-02 11:00:00,10,Татнефть-АЗС-011,-4.866747478115564,shop_total_revenue,Выручка магазина,baseline_hgb_v2
2024-01-02 12:00:00,10,Татнефть-АЗС-011,1.1397616775299706,shop_total_revenue,Выручка магазина,baseline_hgb_v2
2024-01-02 13:00:00,10,Татнефть-АЗС-011,1.1397616775299706,shop_total_revenue,Выручка магазина,baseline_hgb_v2
2024-01-02 14:00:00,10,Татнефть-АЗС-011,53.704882794199406,shop_total_revenue,Выручка магазина,baseline_hgb_v2
2024-01-02 15:00:00,10,Татнефть-АЗС-011,8.184007149257775,shop_total_revenue,Выручка магазина,baseline_hgb_v2
2024-01-02 16:00:00,10,Татнефть-АЗС-011,-3.9992060396089637,shop_total_revenue,Выручка магазина,baseline_hgb_v2
2024-01-02 17:00:00,10,Татнефть-АЗС-011,608.5587807721331,shop_total_revenue,Выручка магазина,baseline_hgb_v2
2024-01-02 18:00:00,10,Татнефть-АЗС-011,250.19238768171786,shop_total_revenue,Выручка магазина,baseline_hgb_v2
2024-01-02 19:00:00,10,Татнефть-АЗС-011,603.113503226484,shop_total_revenue,Выручка магазина,baseline_hgb_v2
2024-01-02 20:00:00,10,Татнефть-АЗС-011,-0.8031252602335962,shop_total_revenue,Выручка магазина,baseline_hgb_v2
2024-01-02 21:00:00,10,Татнефть-АЗС-011,-1.1281574060443238,shop_total_revenue,Выручка магазина,baseline_hgb_v2
2024-01-02 22:00:00,10,Татнефть-АЗС-011,-0.8031252602335962,shop_total_revenue,Выручка магазина,baseline_hgb_v2
2024-01-02 23:00:00,10,Татнефть-АЗС-011,-0.8031252602335962,shop_total_revenue,Выручка магазина,baseline_hgb_v2
2024-01-03 00:00:00,10,Татнефть-АЗС-011,-0.5738282690840547,shop_total_revenue,Выручка магазина,baseline_hgb_v2
2024-01-03 01:00:00,10,Татнефть-АЗС-011,-0.7095356079602729,shop_total_revenue,Выручка магазина,baseline_hgb_v2
2024-01-03 02:00:00,10,Татнефть-АЗС-011,-0.7095356079602729,shop_total_revenue,Выручка магазина,baseline_hgb_v2
2024-01-03 03:00:00,10,Татнефть-АЗС-011,-0.7095356079602729,shop_total_revenue,Выручка магазина,baseline_hgb_v2
2024-01-03 04:00:00,10,Татнефть-АЗС-011,-0.5738282690840547,shop_total_revenue,Выручка магазина,baseline_hgb_v2
2024-01-03 05:00:00,10,Татнефть-АЗС-011,-0.7095356079602729,shop_total_revenue,Выручка магазина,baseline_hgb_v2
2024-01-03 06:00:00,10,Татнефть-АЗС-011,-3.8995341313158174,shop_total_revenue,Выручка магазина,baseline_hgb_v2
2024-01-03 07:00:00,10,Татнефть-АЗС-011,507.69042759600956,shop_total_revenue,Выручка магазина,baseline_hgb_v2
2024-01-03 08:00:00,10,Татнефть-АЗС-011,234.33098905528024,shop_total_revenue,Выручка магазина,baseline_hgb_v2
2024-01-03 09:00:00,10,Татнефть-АЗС-011,234.33098905528024,shop_total_revenue,Выручка магазина,baseline_hgb_v2
2024-01-03 10:00:00,10,Татнефть-АЗС-011,-0.5738282690840547,shop_total_revenue,Выручка магазина,baseline_hgb_v2
2024-01-03 11:00:00,10,Татнефть-АЗС-011,-0.5561026995394395,shop_total_revenue,Выручка магазина,baseline_hgb_v2
2024-01-03 12:00:00,10,Татнефть-АЗС-011,86.14865026914732,shop_total_revenue,Выручка магазина,baseline_hgb_v2
2024-01-03 13:00:00,10,Татнефть-АЗС-011,1.1397616775299706,shop_total_revenue,Выручка магазина,baseline_hgb_v2
2024-01-03 14:00:00,10,Татнефть-АЗС-011,86.14865026914732,shop_total_revenue,Выручка магазина,baseline_hgb_v2
2024-01-03 15:00:00,10,Татнефть-АЗС-011,8.184007149257775,shop_total_revenue,Выручка магазина,baseline_hgb_v2
2024-01-03 16:00:00,10,Татнефть-АЗС-011,-0.9988151669714636,shop_total_revenue,Выручка магазина,baseline_hgb_v2
2024-01-03 17:00:00,10,Татнефть-АЗС-011,666.884226991897,shop_total_revenue,Выручка магазина,baseline_hgb_v2
2024-01-03 18:00:00,10,Татнефть-АЗС-011,250.8230044241519,shop_total_revenue,Выручка магазина,baseline_hgb_v2
2024-01-03 19:00:00,10,Татнефть-АЗС-011,600.7153726532479,shop_total_revenue,Выручка магазина,baseline_hgb_v2
2024-01-03 20:00:00,10,Татнефть-АЗС-011,8.480343431119012,shop_total_revenue,Выручка магазина,baseline_hgb_v2
2024-01-03 21:00:00,10,Татнефть-АЗС-011,-4.345385224203973,shop_total_revenue,Выручка магазина,baseline_hgb_v2
2024-01-03 22:00:00,10,Татнефть-АЗС-011,-0.9988151669714636,shop_total_revenue,Выручка магазина,baseline_hgb_v2
2024-01-03 23:00:00,10,Татнефть-АЗС-011,-0.9988151669714636,shop_total_revenue,Выручка магазина,baseline_hgb_v2
2024-01-04 00:00:00,10,Татнефть-АЗС-011,-0.5738282690840547,shop_total_revenue,Выручка магазина,baseline_hgb_v2
2024-01-04 01:00:00,10,Татнефть-АЗС-011,-0.7095356079602729,shop_total_revenue,Выручка магазина,baseline_hgb_v2
2024-01-04 02:00:00,10,Татнефть-АЗС-011,-0.5738282690840547,shop_total_revenue,Выручка магазина,baseline_hgb_v2
2024-01-04 03:00:00,10,Татнефть-АЗС-011,-0.5738282690840547,shop_total_revenue,Выручка магазина,baseline_hgb_v2
2024-01-04 04:00:00,10,Татнефть-АЗС-011,-0.7095356079602729,shop_total_revenue,Выручка магазина,baseline_hgb_v2
2024-01-04 05:00:00,10,Татнефть-АЗС-011,-0.7095356079602729,shop_total_revenue,Выручка магазина,baseline_hgb_v2
2024-01-04 06:00:00,10,Татнефть-АЗС-011,7.147303888410757,shop_total_revenue,Выручка магазина,baseline_hgb_v2
2024-01-04 07:00:00,10,Татнефть-АЗС-011,581.72037618479,shop_total_revenue,Выручка магазина,baseline_hgb_v2
2024-01-04 08:00:00,10,Татнефть-АЗС-011,256.5552362338979,shop_total_revenue,Выручка магазина,baseline_hgb_v2
2024-01-04 09:00:00,10,Татнефть-АЗС-011,257.01673636224047,shop_total_revenue,Выручка магазина,baseline_hgb_v2
2024-01-04 10:00:00,10,Татнефть-АЗС-011,-0.5738282690840547,shop_total_revenue,Выручка магазина,baseline_hgb_v2
2024-01-04 11:00:00,10,Татнефть-АЗС-011,-0.5738282690840547,shop_total_revenue,Выручка магазина,baseline_hgb_v2
2024-01-04 12:00:00,10,Татнефть-АЗС-011,31.98045335003516,shop_total_revenue,Выручка магазина,baseline_hgb_v2
2024-01-04 13:00:00,10,Татнефть-АЗС-011,1.1397616775299706,shop_total_revenue,Выручка магазина,baseline_hgb_v2
2024-01-04 14:00:00,10,Татнефть-АЗС-011,1.1397616775299706,shop_total_revenue,Выручка магазина,baseline_hgb_v2
2024-01-04 15:00:00,10,Татнефть-АЗС-011,-3.7610465077925843,shop_total_revenue,Выручка магазина,baseline_hgb_v2
2024-01-04 16:00:00,10,Татнефть-АЗС-011,-0.8031252602335962,shop_total_revenue,Выручка магазина,baseline_hgb_v2
2024-01-04 17:00:00,10,Татнефть-АЗС-011,584.929185763648,shop_total_revenue,Выручка магазина,baseline_hgb_v2
2024-01-04 18:00:00,10,Татнефть-АЗС-011,586.2241144382679,shop_total_revenue,Выручка магазина,baseline_hgb_v2
2024-01-04 19:00:00,10,Татнефть-АЗС-011,442.39668503966516,shop_total_revenue,Выручка магазина,baseline_hgb_v2
2024-01-04 20:00:00,10,Татнефть-АЗС-011,-0.7412639163280028,shop_total_revenue,Выручка магазина,baseline_hgb_v2
2024-01-04 21:00:00,10,Татнефть-АЗС-011,6.556100773581724,shop_total_revenue,Выручка магазина,baseline_hgb_v2
2024-01-04 22:00:00,10,Татнефть-АЗС-011,-0.9988151669714636,shop_total_revenue,Выручка магазина,baseline_hgb_v2
2024-01-04 23:00:00,10,Татнефть-АЗС-011,-0.9988151669714636,shop_total_revenue,Выручка магазина,baseline_hgb_v2
2024-01-05 00:00:00,10,Татнефть-АЗС-011,-0.7095356079602729,shop_total_revenue,Выручка магазина,baseline_hgb_v2
2024-01-05 01:00:00,10,Татнефть-АЗС-011,-0.7095356079602729,shop_total_revenue,Выручка магазина,baseline_hgb_v2
2024-01-05 02:00:00,10,Татнефть-АЗС-011,-0.5738282690840547,shop_total_revenue,Выручка магазина,baseline_hgb_v2
2024-01-05 03:00:00,10,Татнефть-АЗС-011,-0.5738282690840547,shop_total_revenue,Выручка магазина,baseline_hgb_v2
2024-01-05 04:00:00,10,Татнефть-АЗС-011,-0.7095356079602729,shop_total_revenue,Выручка магазина,baseline_hgb_v2
2024-01-05 05:00:00,10,Татнефть-АЗС-011,-0.7272611775048882,shop_total_revenue,Выручка магазина,baseline_hgb_v2
2024-01-05 06:00:00,10,Татнефть-АЗС-011,-0.5738282690840547,shop_total_revenue,Выручка магазина,baseline_hgb_v2
2024-01-05 07:00:00,10,Татнефть-АЗС-011,254.26043819349417,shop_total_revenue,Выручка магазина,baseline_hgb_v2
2024-01-05 08:00:00,10,Татнефть-АЗС-011,258.0979459815708,shop_total_revenue,Выручка магазина,baseline_hgb_v2
2024-01-05 09:00:00,10,Татнефть-АЗС-011,505.3956295556061,shop_total_revenue,Выручка магазина,baseline_hgb_v2
2024-01-05 10:00:00,10,Татнефть-АЗС-011,-0.45198435731681197,shop_total_revenue,Выручка магазина,baseline_hgb_v2
2024-01-05 11:00:00,10,Татнефть-АЗС-011,-0.9129842574206023,shop_total_revenue,Выручка магазина,baseline_hgb_v2
2024-01-05 12:00:00,10,Татнефть-АЗС-011,86.14865026914732,shop_total_revenue,Выручка магазина,baseline_hgb_v2
2024-01-05 13:00:00,10,Татнефть-АЗС-011,1.1397616775299706,shop_total_revenue,Выручка магазина,baseline_hgb_v2
2024-01-05 14:00:00,10,Татнефть-АЗС-011,1.1397616775299706,shop_total_revenue,Выручка магазина,baseline_hgb_v2
2024-01-05 15:00:00,10,Татнефть-АЗС-011,-0.8031252602335962,shop_total_revenue,Выручка магазина,baseline_hgb_v2
2024-01-05 16:00:00,10,Татнефть-АЗС-011,-0.8031252602335962,shop_total_revenue,Выручка магазина,baseline_hgb_v2
2024-01-05 17:00:00,10,Татнефть-АЗС-011,249.90649899761127,shop_total_revenue,Выручка магазина,baseline_hgb_v2
2024-01-05 18:00:00,10,Татнефть-АЗС-011,231.84566868560978,shop_total_revenue,Выручка магазина,baseline_hgb_v2
2024-01-05 19:00:00,10,Татнефть-АЗС-011,252.69312951045347,shop_total_revenue,Выручка магазина,baseline_hgb_v2
2024-01-05 20:00:00,10,Татнефть-АЗС-011,-0.8031252602335962,shop_total_revenue,Выручка магазина,baseline_hgb_v2
2024-01-05 21:00:00,10,Татнефть-АЗС-011,-3.7610465077925843,shop_total_revenue,Выручка магазина,baseline_hgb_v2
2024-01-05 22:00:00,10,Татнефть-АЗС-011,-0.9988151669714636,shop_total_revenue,Выручка магазина,baseline_hgb_v2
2024-01-05 23:00:00,10,Татнефть-АЗС-011,-0.9988151669714636,shop_total_revenue,Выручка магазина,baseline_hgb_v2
2024-01-06 00:00:00,10,Татнефть-АЗС-011,-2.4996403111489047,shop_total_revenue,Выручка магазина,baseline_hgb_v2
2024-01-06 01:00:00,10,Татнефть-АЗС-011,-2.5173658806935197,shop_total_revenue,Выручка магазина,baseline_hgb_v2
2024-01-06 02:00:00,10,Татнефть-АЗС-011,-2.5173658806935197,shop_total_revenue,Выручка магазина,baseline_hgb_v2
2024-01-06 03:00:00,10,Татнефть-АЗС-011,-2.5173658806935197,shop_total_revenue,Выручка магазина,baseline_hgb_v2
2024-01-06 04:00:00,10,Татнефть-АЗС-011,-2.5173658806935197,shop_total_revenue,Выручка магазина,baseline_hgb_v2
2024-01-06 05:00:00,10,Татнефть-АЗС-011,-2.653073219569738,shop_total_revenue,Выручка магазина,baseline_hgb_v2
2024-01-06 06:00:00,10,Татнефть-АЗС-011,-2.165064650624333,shop_total_revenue,Выручка магазина,baseline_hgb_v2
2024-01-06 07:00:00,10,Татнефть-АЗС-011,244.6644142269642,shop_total_revenue,Выручка магазина,baseline_hgb_v2
2024-01-06 08:00:00,10,Татнефть-АЗС-011,612.9770891501437,shop_total_revenue,Выручка магазина,baseline_hgb_v2
2024-01-06 09:00:00,10,Татнефть-АЗС-011,280.9060147975757,shop_total_revenue,Выручка магазина,baseline_hgb_v2
2024-01-06 10:00:00,10,Татнефть-АЗС-011,-2.8640852824938694,shop_total_revenue,Выручка магазина,baseline_hgb_v2
2024-01-06 11:00:00,10,Татнефть-АЗС-011,-0.2696974180950785,shop_total_revenue,Выручка магазина,baseline_hgb_v2
2024-01-06 12:00:00,10,Татнефть-АЗС-011,-4.1920245299481325,shop_total_revenue,Выручка магазина,baseline_hgb_v2
2024-01-06 13:00:00,10,Татнефть-АЗС-011,219.06991624287332,shop_total_revenue,Выручка магазина,baseline_hgb_v2
2024-01-06 14:00:00,10,Татнефть-АЗС-011,229.36612022874098,shop_total_revenue,Выручка магазина,baseline_hgb_v2
2024-01-06 15:00:00,10,Татнефть-АЗС-011,2.8108136611701404,shop_total_revenue,Выручка магазина,baseline_hgb_v2
2024-01-06 16:00:00,10,Татнефть-АЗС-011,-2.883568524379723,shop_total_revenue,Выручка магазина,baseline_hgb_v2
2024-01-06 17:00:00,10,Татнефть-АЗС-011,693.191023498408,shop_total_revenue,Выручка магазина,baseline_hgb_v2
2024-01-06 18:00:00,10,Татнефть-АЗС-011,395.6747948709242,shop_total_revenue,Выручка магазина,baseline_hgb_v2
2024-01-06 19:00:00,10,Татнефть-АЗС-011,681.0469759757087,shop_total_revenue,Выручка магазина,baseline_hgb_v2
2024-01-06 20:00:00,10,Татнефть-АЗС-011,-8.445270578726957,shop_total_revenue,Выручка магазина,baseline_hgb_v2
2024-01-06 21:00:00,10,Татнефть-АЗС-011,0.9780221958323073,shop_total_revenue,Выручка магазина,baseline_hgb_v2
2024-01-06 22:00:00,10,Татнефть-АЗС-011,-2.9423527785809296,shop_total_revenue,Выручка магазина,baseline_hgb_v2
2024-01-06 23:00:00,10,Татнефть-АЗС-011,-2.7466628718430615,shop_total_revenue,Выручка магазина,baseline_hgb_v2
2024-01-07 00:00:00,10,Татнефть-АЗС-011,-2.5173658806935197,shop_total_revenue,Выручка магазина,baseline_hgb_v2
2024-01-07 01:00:00,10,Татнефть-АЗС-011,-2.653073219569738,shop_total_revenue,Выручка магазина,baseline_hgb_v2
2024-01-07 02:00:00,10,Татнефть-АЗС-011,-2.653073219569738,shop_total_revenue,Выручка магазина,baseline_hgb_v2
2024-01-07 03:00:00,10,Татнефть-АЗС-011,-2.5173658806935197,shop_total_revenue,Выручка магазина,baseline_hgb_v2
2024-01-07 04:00:00,10,Татнефть-АЗС-011,-2.653073219569738,shop_total_revenue,Выручка магазина,baseline_hgb_v2
2024-01-07 05:00:00,10,Татнефть-АЗС-011,-2.653073219569738,shop_total_revenue,Выручка магазина,baseline_hgb_v2
2024-01-07 06:00:00,10,Татнефть-АЗС-011,-8.421732536259842,shop_total_revenue,Выручка магазина,baseline_hgb_v2
2024-01-07 07:00:00,10,Татнефть-АЗС-011,541.4308746957423,shop_total_revenue,Выручка магазина,baseline_hgb_v2
2024-01-07 08:00:00,10,Татнефть-АЗС-011,565.7536286923629,shop_total_revenue,Выручка магазина,baseline_hgb_v2
2024-01-07 09:00:00,10,Татнефть-АЗС-011,337.24270379744553,shop_total_revenue,Выручка магазина,baseline_hgb_v2
2024-01-07 10:00:00,10,Татнефть-АЗС-011,-11.98799044221117,shop_total_revenue,Выручка магазина,baseline_hgb_v2
2024-01-07 11:00:00,10,Татнефть-АЗС-011,-8.793182898253324,shop_total_revenue,Выручка магазина,baseline_hgb_v2
2024-01-07 12:00:00,10,Татнефть-АЗС-011,-0.0294156381628732,shop_total_revenue,Выручка магазина,baseline_hgb_v2
2024-01-07 13:00:00,10,Татнефть-АЗС-011,83.21011317403375,shop_total_revenue,Выручка магазина,baseline_hgb_v2
2024-01-07 14:00:00,10,Татнефть-АЗС-011,-0.5284991138914196,shop_total_revenue,Выручка магазина,baseline_hgb_v2
2024-01-07 15:00:00,10,Татнефть-АЗС-011,-7.926127673524029,shop_total_revenue,Выручка магазина,baseline_hgb_v2
2024-01-07 16:00:00,10,Татнефть-АЗС-011,-2.4891116211996005,shop_total_revenue,Выручка магазина,baseline_hgb_v2
2024-01-07 17:00:00,10,Татнефть-АЗС-011,630.0676169157042,shop_total_revenue,Выручка магазина,baseline_hgb_v2
2024-01-07 18:00:00,10,Татнефть-АЗС-011,552.9083080885558,shop_total_revenue,Выручка магазина,baseline_hgb_v2
2024-01-07 19:00:00,10,Татнефть-АЗС-011,536.4347951674271,shop_total_revenue,Выручка магазина,baseline_hgb_v2
2024-01-07 20:00:00,10,Татнефть-АЗС-011,-6.123440106816062,shop_total_revenue,Выручка магазина,baseline_hgb_v2
2024-01-07 21:00:00,10,Татнефть-АЗС-011,4.038863845403147,shop_total_revenue,Выручка магазина,baseline_hgb_v2
2024-01-07 22:00:00,10,Татнефть-АЗС-011,-2.7466628718430615,shop_total_revenue,Выручка магазина,baseline_hgb_v2
2024-01-07 23:00:00,10,Татнефть-АЗС-011,-2.9423527785809296,shop_total_revenue,Выручка магазина,baseline_hgb_v2
2024-01-01 00:00:00,11,Татнефть-АЗС-012,-0.8664753594635053,shop_total_revenue,Выручка магазина,baseline_hgb_v2
2024-01-01 01:00:00,11,Татнефть-АЗС-012,-1.0021826983397233,shop_total_revenue,Выручка магазина,baseline_hgb_v2
2024-01-01 02:00:00,11,Татнефть-АЗС-012,-0.8664753594635053,shop_total_revenue,Выручка магазина,baseline_hgb_v2
2024-01-01 03:00:00,11,Татнефть-АЗС-012,-1.0021826983397233,shop_total_revenue,Выручка магазина,baseline_hgb_v2
2024-01-01 04:00:00,11,Татнефть-АЗС-012,-1.0021826983397233,shop_total_revenue,Выручка магазина,baseline_hgb_v2
2024-01-01 05:00:00,11,Татнефть-АЗС-012,-0.8664753594635053,shop_total_revenue,Выручка магазина,baseline_hgb_v2
2024-01-01 06:00:00,11,Татнефть-АЗС-012,3.433283694810372,shop_total_revenue,Выручка магазина,baseline_hgb_v2
2024-01-01 07:00:00,11,Татнефть-АЗС-012,811.9812358259502,shop_total_revenue,Выручка магазина,baseline_hgb_v2
2024-01-01 08:00:00,11,Татнефть-АЗС-012,284.49920913709434,shop_total_revenue,Выручка магазина,baseline_hgb_v2
2024-01-01 09:00:00,11,Татнефть-АЗС-012,856.9304480860997,shop_total_revenue,Выручка магазина,baseline_hgb_v2
2024-01-01 10:00:00,11,Татнефть-АЗС-012,-4.0515039475001835,shop_total_revenue,Выручка магазина,baseline_hgb_v2
2024-01-01 11:00:00,11,Татнефть-АЗС-012,-1.1011800521190107,shop_total_revenue,Выручка магазина,baseline_hgb_v2
2024-01-01 12:00:00,11,Татнефть-АЗС-012,0.5197772666516792,shop_total_revenue,Выручка магазина,baseline_hgb_v2
2024-01-01 13:00:00,11,Татнефть-АЗС-012,45.06177425724561,shop_total_revenue,Выручка магазина,baseline_hgb_v2
2024-01-01 14:00:00,11,Татнефть-АЗС-012,0.5197772666516792,shop_total_revenue,Выручка магазина,baseline_hgb_v2
2024-01-01 15:00:00,11,Татнефть-АЗС-012,1.4342612644132853,shop_total_revenue,Выручка магазина,baseline_hgb_v2
2024-01-01 16:00:00,11,Татнефть-АЗС-012,-1.6012725650049413,shop_total_revenue,Выручка магазина,baseline_hgb_v2
2024-01-01 17:00:00,11,Татнефть-АЗС-012,849.9814949074852,shop_total_revenue,Выручка магазина,baseline_hgb_v2
2024-01-01 18:00:00,11,Татнефть-АЗС-012,699.8879798865217,shop_total_revenue,Выручка магазина,baseline_hgb_v2
2024-01-01 19:00:00,11,Татнефть-АЗС-012,387.55853477775963,shop_total_revenue,Выручка магазина,baseline_hgb_v2
2024-01-01 20:00:00,11,Татнефть-АЗС-012,-4.081239099227269,shop_total_revenue,Выручка магазина,baseline_hgb_v2
2024-01-01 21:00:00,11,Татнефть-АЗС-012,-1.4055826582670738,shop_total_revenue,Выручка магазина,baseline_hgb_v2
2024-01-01 22:00:00,11,Татнефть-АЗС-012,-1.1708779656115682,shop_total_revenue,Выручка магазина,baseline_hgb_v2
2024-01-01 23:00:00,11,Татнефть-АЗС-012,-1.3665678723494357,shop_total_revenue,Выручка магазина,baseline_hgb_v2
2024-01-02 00:00:00,11,Татнефть-АЗС-012,-0.8664753594635053,shop_total_revenue,Выручка магазина,baseline_hgb_v2
2024-01-02 01:00:00,11,Татнефть-АЗС-012,-1.0021826983397233,shop_total_revenue,Выручка магазина,baseline_hgb_v2
2024-01-02 02:00:00,11,Татнефть-АЗС-012,-1.0021826983397233,shop_total_revenue,Выручка магазина,baseline_hgb_v2
2024-01-02 03:00:00,11,Татнефть-АЗС-012,-0.84874978991889,shop_total_revenue,Выручка магазина,baseline_hgb_v2
2024-01-02 04:00:00,11,Татнефть-АЗС-012,-0.8664753594635053,shop_total_revenue,Выручка магазина,baseline_hgb_v2
2024-01-02 05:00:00,11,Татнефть-АЗС-012,-0.8664753594635053,shop_total_revenue,Выручка магазина,baseline_hgb_v2
2024-01-02 06:00:00,11,Татнефть-АЗС-012,4.410810160784752,shop_total_revenue,Выручка магазина,baseline_hgb_v2
2024-01-02 07:00:00,11,Татнефть-АЗС-012,684.2122882188919,shop_total_revenue,Выручка магазина,baseline_hgb_v2
2024-01-02 08:00:00,11,Татнефть-АЗС-012,316.85956045031804,shop_total_revenue,Выручка магазина,baseline_hgb_v2
2024-01-02 09:00:00,11,Татнефть-АЗС-012,318.56602445823574,shop_total_revenue,Выручка магазина,baseline_hgb_v2
2024-01-02 10:00:00,11,Татнефть-АЗС-012,-0.8664753594635053,shop_total_revenue,Выручка магазина,baseline_hgb_v2
2024-01-02 11:00:00,11,Татнефть-АЗС-012,2.3012084584441865,shop_total_revenue,Выручка магазина,baseline_hgb_v2
2024-01-02 12:00:00,11,Татнефть-АЗС-012,0.5197772666516792,shop_total_revenue,Выручка магазина,baseline_hgb_v2
2024-01-02 13:00:00,11,Татнефть-АЗС-012,27.60503312696188,shop_total_revenue,Выручка магазина,baseline_hgb_v2
2024-01-02 14:00:00,11,Татнефть-АЗС-012,36.2957187189534,shop_total_revenue,Выручка магазина,baseline_hgb_v2
2024-01-02 15:00:00,11,Татнефть-АЗС-012,-1.1708779656115682,shop_total_revenue,Выручка магазина,baseline_hgb_v2
2024-01-02 16:00:00,11,Татнефть-АЗС-012,-1.3471832049658705,shop_total_revenue,Выручка магазина,baseline_hgb_v2
2024-01-02 17:00:00,11,Татнефть-АЗС-012,771.107213305512,shop_total_revenue,Выручка магазина,baseline_hgb_v2
2024-01-02 18:00:00,11,Татнефть-АЗС-012,826.4022057758696,shop_total_revenue,Выручка магазина,baseline_hgb_v2
2024-01-02 19:00:00,11,Татнефть-АЗС-012,775.2611893664587,shop_total_revenue,Выручка магазина,baseline_hgb_v2
2024-01-02 20:00:00,11,Татнефть-АЗС-012,-1.6189981345495565,shop_total_revenue,Выручка магазина,baseline_hgb_v2
2024-01-02 21:00:00,11,Татнефть-АЗС-012,-1.4055826582670738,shop_total_revenue,Выручка магазина,baseline_hgb_v2
2024-01-02 22:00:00,11,Татнефть-АЗС-012,-1.1708779656115682,shop_total_revenue,Выручка магазина,baseline_hgb_v2
2024-01-02 23:00:00,11,Татнефть-АЗС-012,-1.1124785123103649,shop_total_revenue,Выручка магазина,baseline_hgb_v2
2024-01-03 00:00:00,11,Татнефть-АЗС-012,-0.8664753594635053,shop_total_revenue,Выручка магазина,baseline_hgb_v2
2024-01-03 01:00:00,11,Татнефть-АЗС-012,-1.0021826983397233,shop_total_revenue,Выручка магазина,baseline_hgb_v2
2024-01-03 02:00:00,11,Татнефть-АЗС-012,-0.8664753594635053,shop_total_revenue,Выручка магазина,baseline_hgb_v2
2024-01-03 03:00:00,11,Татнефть-АЗС-012,-0.8664753594635053,shop_total_revenue,Выручка магазина,baseline_hgb_v2
2024-01-03 04:00:00,11,Татнефть-АЗС-012,-0.8664753594635053,shop_total_revenue,Выручка магазина,baseline_hgb_v2
2024-01-03 05:00:00,11,Татнефть-АЗС-012,-1.0021826983397233,shop_total_revenue,Выручка магазина,baseline_hgb_v2
2024-01-03 06:00:00,11,Татнефть-АЗС-012,4.501071082032717,shop_total_revenue,Выручка магазина,baseline_hgb_v2
2024-01-03 07:00:00,11,Татнефть-АЗС-012,802.5314191373287,shop_total_revenue,Выручка магазина,baseline_hgb_v2
2024-01-03 08:00:00,11,Татнефть-АЗС-012,281.8513616055176,shop_total_revenue,Выручка магазина,baseline_hgb_v2
2024-01-03 09:00:00,11,Татнефть-АЗС-012,784.7108237338606,shop_total_revenue,Выручка магазина,baseline_hgb_v2
2024-01-03 10:00:00,11,Татнефть-АЗС-012,-0.8664753594635053,shop_total_revenue,Выручка магазина,baseline_hgb_v2
2024-01-03 11:00:00,11,Татнефть-АЗС-012,-6.983459882444243,shop_total_revenue,Выручка магазина,baseline_hgb_v2
2024-01-03 12:00:00,11,Татнефть-АЗС-012,86.87588478505022,shop_total_revenue,Выручка магазина,baseline_hgb_v2
2024-01-03 13:00:00,11,Татнефть-АЗС-012,25.998232014099493,shop_total_revenue,Выручка магазина,baseline_hgb_v2
2024-01-03 14:00:00,11,Татнефть-АЗС-012,0.5197772666516792,shop_total_revenue,Выручка магазина,baseline_hgb_v2
2024-01-03 15:00:00,11,Татнефть-АЗС-012,-1.153152396066953,shop_total_revenue,Выручка магазина,baseline_hgb_v2
2024-01-03 16:00:00,11,Татнефть-АЗС-012,1.3594498133238577,shop_total_revenue,Выручка магазина,baseline_hgb_v2
2024-01-03 17:00:00,11,Татнефть-АЗС-012,338.98685523808024,shop_total_revenue,Выручка магазина,baseline_hgb_v2
2024-01-03 18:00:00,11,Татнефть-АЗС-012,786.312949152888,shop_total_revenue,Выручка магазина,baseline_hgb_v2
2024-01-03 19:00:00,11,Татнефть-АЗС-012,695.3666189232025,shop_total_revenue,Выручка магазина,baseline_hgb_v2
2024-01-03 20:00:00,11,Татнефть-АЗС-012,1.4342612644132853,shop_total_revenue,Выручка магазина,baseline_hgb_v2
2024-01-03 21:00:00,11,Татнефть-АЗС-012,-1.4055826582670738,shop_total_revenue,Выручка магазина,baseline_hgb_v2
2024-01-03 22:00:00,11,Татнефть-АЗС-012,-1.3665678723494357,shop_total_revenue,Выручка магазина,baseline_hgb_v2
2024-01-03 23:00:00,11,Татнефть-АЗС-012,-1.1708779656115682,shop_total_revenue,Выручка магазина,baseline_hgb_v2
2024-01-04 00:00:00,11,Татнефть-АЗС-012,-0.8080759061623016,shop_total_revenue,Выручка магазина,baseline_hgb_v2
2024-01-04 01:00:00,11,Татнефть-АЗС-012,-0.8664753594635053,shop_total_revenue,Выручка магазина,baseline_hgb_v2
2024-01-04 02:00:00,11,Татнефть-АЗС-012,-0.8664753594635053,shop_total_revenue,Выручка магазина,baseline_hgb_v2
2024-01-04 03:00:00,11,Татнефть-АЗС-012,-0.8664753594635053,shop_total_revenue,Выручка магазина,baseline_hgb_v2
2024-01-04 04:00:00,11,Татнефть-АЗС-012,-0.8664753594635053,shop_total_revenue,Выручка магазина,baseline_hgb_v2
2024-01-04 05:00:00,11,Татнефть-АЗС-012,-0.8664753594635053,shop_total_revenue,Выручка магазина,baseline_hgb_v2
2024-01-04 06:00:00,11,Татнефть-АЗС-012,1.203348589555727,shop_total_revenue,Выручка магазина,baseline_hgb_v2
2024-01-04 07:00:00,11,Татнефть-АЗС-012,318.11638151388433,shop_total_revenue,Выручка магазина,baseline_hgb_v2
2024-01-04 08:00:00,11,Татнефть-АЗС-012,318.548844774341,shop_total_revenue,Выручка магазина,baseline_hgb_v2
2024-01-04 09:00:00,11,Татнефть-АЗС-012,350.24684761159915,shop_total_revenue,Выручка магазина,baseline_hgb_v2
2024-01-04 10:00:00,11,Татнефть-АЗС-012,-1.0834544825743955,shop_total_revenue,Выручка магазина,baseline_hgb_v2
2024-01-04 11:00:00,11,Татнефть-АЗС-012,-1.0199082678843385,shop_total_revenue,Выручка магазина,baseline_hgb_v2
2024-01-04 12:00:00,11,Татнефть-АЗС-012,115.53930430443856,shop_total_revenue,Выручка магазина,baseline_hgb_v2
2024-01-04 13:00:00,11,Татнефть-АЗС-012,0.5197772666516792,shop_total_revenue,Выручка магазина,baseline_hgb_v2
2024-01-04 14:00:00,11,Татнефть-АЗС-012,-1.7298043470641156,shop_total_revenue,Выручка магазина,baseline_hgb_v2
2024-01-04 15:00:00,11,Татнефть-АЗС-012,-6.841150790186894,shop_total_revenue,Выручка магазина,baseline_hgb_v2
2024-01-04 16:00:00,11,Татнефть-АЗС-012,-1.4055826582670738,shop_total_revenue,Выручка магазина,baseline_hgb_v2
2024-01-04 17:00:00,11,Татнефть-АЗС-012,846.3871434252391,shop_total_revenue,Выручка магазина,baseline_hgb_v2
2024-01-04 18:00:00,11,Татнефть-АЗС-012,861.3075018489902,shop_total_revenue,Выручка магазина,baseline_hgb_v2
2024-01-04 19:00:00,11,Татнефть-АЗС-012,442.42268280020954,shop_total_revenue,Выручка магазина,baseline_hgb_v2
2024-01-04 20:00:00,11,Татнефть-АЗС-012,-4.2265982532894,shop_total_revenue,Выручка магазина,baseline_hgb_v2
2024-01-04 21:00:00,11,Татнефть-АЗС-012,-6.281558909145235,shop_total_revenue,Выручка магазина,baseline_hgb_v2
2024-01-04 22:00:00,11,Татнефть-АЗС-012,-1.1708779656115682,shop_total_revenue,Выручка магазина,baseline_hgb_v2
2024-01-04 23:00:00,11,Татнефть-АЗС-012,-1.1708779656115682,shop_total_revenue,Выручка магазина,baseline_hgb_v2
2024-01-05 00:00:00,11,Татнефть-АЗС-012,-1.0021826983397233,shop_total_revenue,Выручка магазина,baseline_hgb_v2
2024-01-05 01:00:00,11,Татнефть-АЗС-012,-1.0021826983397233,shop_total_revenue,Выручка магазина,baseline_hgb_v2
2024-01-05 02:00:00,11,Татнефть-АЗС-012,-0.8664753594635053,shop_total_revenue,Выручка магазина,baseline_hgb_v2
2024-01-05 03:00:00,11,Татнефть-АЗС-012,-0.8664753594635053,shop_total_revenue,Выручка магазина,baseline_hgb_v2
2024-01-05 04:00:00,11,Татнефть-АЗС-012,-1.0021826983397233,shop_total_revenue,Выручка магазина,baseline_hgb_v2
2024-01-05 05:00:00,11,Татнефть-АЗС-012,-1.0021826983397233,shop_total_revenue,Выручка магазина,baseline_hgb_v2
2024-01-05 06:00:00,11,Татнефть-АЗС-012,1.868912429892227,shop_total_revenue,Выручка магазина,baseline_hgb_v2
2024-01-05 07:00:00,11,Татнефть-АЗС-012,753.3782851279984,shop_total_revenue,Выручка магазина,baseline_hgb_v2
2024-01-05 08:00:00,11,Татнефть-АЗС-012,321.21420120432197,shop_total_revenue,Выручка магазина,baseline_hgb_v2
2024-01-05 09:00:00,11,Татнефть-АЗС-012,319.633783298417,shop_total_revenue,Выручка магазина,baseline_hgb_v2
2024-01-05 10:00:00,11,Татнефть-АЗС-012,-1.1011800521190107,shop_total_revenue,Выручка магазина,baseline_hgb_v2
2024-01-05 11:00:00,11,Татнефть-АЗС-012,-1.1011800521190107,shop_total_revenue,Выручка магазина,baseline_hgb_v2
2024-01-05 12:00:00,11,Татнефть-АЗС-012,80.29946552840485,shop_total_revenue,Выручка магазина,baseline_hgb_v2
2024-01-05 13:00:00,11,Татнефть-АЗС-012,0.4040992181032599,shop_total_revenue,Выручка магазина,baseline_hgb_v2
2024-01-05 14:00:00,11,Татнефть-АЗС-012,0.5197772666516792,shop_total_revenue,Выручка магазина,baseline_hgb_v2
2024-01-05 15:00:00,11,Татнефть-АЗС-012,-1.4055826582670738,shop_total_revenue,Выручка магазина,baseline_hgb_v2
2024-01-05 16:00:00,11,Татнефть-АЗС-012,-1.1708779656115682,shop_total_revenue,Выручка магазина,baseline_hgb_v2
2024-01-05 17:00:00,11,Татнефть-АЗС-012,822.7765011166393,shop_total_revenue,Выручка магазина,baseline_hgb_v2
2024-01-05 18:00:00,11,Татнефть-АЗС-012,387.1560881009648,shop_total_revenue,Выручка магазина,baseline_hgb_v2
2024-01-05 19:00:00,11,Татнефть-АЗС-012,380.18964992279297,shop_total_revenue,Выручка магазина,baseline_hgb_v2
2024-01-05 20:00:00,11,Татнефть-АЗС-012,4.169123909452853,shop_total_revenue,Выручка магазина,baseline_hgb_v2
2024-01-05 21:00:00,11,Татнефть-АЗС-012,-4.2265982532894,shop_total_revenue,Выручка магазина,baseline_hgb_v2
2024-01-05 22:00:00,11,Татнефть-АЗС-012,-1.3665678723494357,shop_total_revenue,Выручка магазина,baseline_hgb_v2
2024-01-05 23:00:00,11,Татнефть-АЗС-012,-1.3665678723494357,shop_total_revenue,Выручка магазина,baseline_hgb_v2
2024-01-06 00:00:00,11,Татнефть-АЗС-012,-1.4196698309229672,shop_total_revenue,Выручка магазина,baseline_hgb_v2
2024-01-06 01:00:00,11,Татнефть-АЗС-012,-1.4196698309229672,shop_total_revenue,Выручка магазина,baseline_hgb_v2
2024-01-06 02:00:00,11,Татнефть-АЗС-012,-1.401944261378352,shop_total_revenue,Выручка магазина,baseline_hgb_v2
2024-01-06 03:00:00,11,Татнефть-АЗС-012,-1.555377169799185,shop_total_revenue,Выручка магазина,baseline_hgb_v2
2024-01-06 04:00:00,11,Татнефть-АЗС-012,-1.4196698309229672,shop_total_revenue,Выручка магазина,baseline_hgb_v2
2024-01-06 05:00:00,11,Татнефть-АЗС-012,-1.4196698309229672,shop_total_revenue,Выручка магазина,baseline_hgb_v2
2024-01-06 06:00:00,11,Татнефть-АЗС-012,-1.6543745235784728,shop_total_revenue,Выручка магазина,baseline_hgb_v2
2024-01-06 07:00:00,11,Татнефть-АЗС-012,337.0455868899378,shop_total_revenue,Выручка магазина,baseline_hgb_v2
2024-01-06 08:00:00,11,Татнефть-АЗС-012,758.9524394664161,shop_total_revenue,Выручка магазина,baseline_hgb_v2
2024-01-06 09:00:00,11,Татнефть-АЗС-012,635.4712412658635,shop_total_revenue,Выручка магазина,baseline_hgb_v2
2024-01-06 10:00:00,11,Татнефть-АЗС-012,-1.6543745235784728,shop_total_revenue,Выручка магазина,baseline_hgb_v2
2024-01-06 11:00:00,11,Татнефть-АЗС-012,2.7830779188814327,shop_total_revenue,Выручка магазина,baseline_hgb_v2
2024-01-06 12:00:00,11,Татнефть-АЗС-012,-1.0997558334334554,shop_total_revenue,Выручка магазина,baseline_hgb_v2
2024-01-06 13:00:00,11,Татнефть-АЗС-012,262.8944881342169,shop_total_revenue,Выручка магазина,baseline_hgb_v2
2024-01-06 14:00:00,11,Татнефть-АЗС-012,113.54310655169508,shop_total_revenue,Выручка магазина,baseline_hgb_v2
2024-01-06 15:00:00,11,Татнефть-АЗС-012,7.797367745866273,shop_total_revenue,Выручка магазина,baseline_hgb_v2
2024-01-06 16:00:00,11,Татнефть-АЗС-012,-1.9297213095899706,shop_total_revenue,Выручка магазина,baseline_hgb_v2
2024-01-06 17:00:00,11,Татнефть-АЗС-012,992.0667269727883,shop_total_revenue,Выручка магазина,baseline_hgb_v2
2024-01-06 18:00:00,11,Татнефть-АЗС-012,533.1093722970871,shop_total_revenue,Выручка магазина,baseline_hgb_v2
2024-01-06 19:00:00,11,Татнефть-АЗС-012,1041.8081325895375,shop_total_revenue,Выручка магазина,baseline_hgb_v2
2024-01-06 20:00:00,11,Татнефть-АЗС-012,-6.66585192119634,shop_total_revenue,Выручка магазина,baseline_hgb_v2
2024-01-06 21:00:00,11,Татнефть-АЗС-012,-1.9587771297265357,shop_total_revenue,Выручка магазина,baseline_hgb_v2
2024-01-06 22:00:00,11,Татнефть-АЗС-012,-1.9197623438088975,shop_total_revenue,Выручка магазина,baseline_hgb_v2
2024-01-06 23:00:00,11,Татнефть-АЗС-012,-1.9197623438088975,shop_total_revenue,Выручка магазина,baseline_hgb_v2
2024-01-07 00:00:00,11,Татнефть-АЗС-012,-1.555377169799185,shop_total_revenue,Выручка магазина,baseline_hgb_v2
2024-01-07 01:00:00,11,Татнефть-АЗС-012,-1.4196698309229672,shop_total_revenue,Выручка магазина,baseline_hgb_v2
2024-01-07 02:00:00,11,Татнефть-АЗС-012,-1.4196698309229672,shop_total_revenue,Выручка магазина,baseline_hgb_v2
2024-01-07 03:00:00,11,Татнефть-АЗС-012,-1.4196698309229672,shop_total_revenue,Выручка магазина,baseline_hgb_v2
2024-01-07 04:00:00,11,Татнефть-АЗС-012,-1.555377169799185,shop_total_revenue,Выручка магазина,baseline_hgb_v2
2024-01-07 05:00:00,11,Татнефть-АЗС-012,-1.555377169799185,shop_total_revenue,Выручка магазина,baseline_hgb_v2
2024-01-07 06:00:00,11,Татнефть-АЗС-012,-1.6543745235784728,shop_total_revenue,Выручка магазина,baseline_hgb_v2
2024-01-07 07:00:00,11,Татнефть-АЗС-012,409.2630738155876,shop_total_revenue,Выручка магазина,baseline_hgb_v2
2024-01-07 08:00:00,11,Татнефть-АЗС-012,318.40422176787115,shop_total_revenue,Выручка магазина,baseline_hgb_v2
2024-01-07 09:00:00,11,Татнефть-АЗС-012,507.10566635251195,shop_total_revenue,Выручка магазина,baseline_hgb_v2
2024-01-07 10:00:00,11,Татнефть-АЗС-012,-1.6543745235784728,shop_total_revenue,Выручка магазина,baseline_hgb_v2
2024-01-07 11:00:00,11,Татнефть-АЗС-012,-5.6736160415044825,shop_total_revenue,Выручка магазина,baseline_hgb_v2
2024-01-07 12:00:00,11,Татнефть-АЗС-012,122.30916208998723,shop_total_revenue,Выручка магазина,baseline_hgb_v2
2024-01-07 13:00:00,11,Татнефть-АЗС-012,64.6099652875804,shop_total_revenue,Выручка магазина,baseline_hgb_v2
2024-01-07 14:00:00,11,Татнефть-АЗС-012,108.06711796703141,shop_total_revenue,Выручка магазина,baseline_hgb_v2
2024-01-07 15:00:00,11,Татнефть-АЗС-012,2.451130746301569,shop_total_revenue,Выручка магазина,baseline_hgb_v2
2024-01-07 16:00:00,11,Татнефть-АЗС-012,-3.5559194965658456,shop_total_revenue,Выручка магазина,baseline_hgb_v2
2024-01-07 17:00:00,11,Татнефть-АЗС-012,496.4840375112711,shop_total_revenue,Выручка магазина,baseline_hgb_v2
2024-01-07 18:00:00,11,Татнефть-АЗС-012,972.7004412622975,shop_total_revenue,Выручка магазина,baseline_hgb_v2
2024-01-07 19:00:00,11,Татнефть-АЗС-012,976.3336774461277,shop_total_revenue,Выручка магазина,baseline_hgb_v2
2024-01-07 20:00:00,11,Татнефть-АЗС-012,-1.9587771297265357,shop_total_revenue,Выручка магазина,baseline_hgb_v2
2024-01-07 21:00:00,11,Татнефть-АЗС-012,-1.9509087845988815,shop_total_revenue,Выручка магазина,baseline_hgb_v2
2024-01-07 22:00:00,11,Татнефть-АЗС-012,-1.9197623438088975,shop_total_revenue,Выручка магазина,baseline_hgb_v2
2024-01-07 23:00:00,11,Татнефть-АЗС-012,-1.9197623438088975,shop_total_revenue,Выручка магазина,baseline_hgb_v2
2024-01-01 00:00:00,12,Татнефть-АЗС-013,-1.047571674207351,shop_total_revenue,Выручка магазина,baseline_hgb_v2
2024-01-01 01:00:00,12,Татнефть-АЗС-013,-0.8941387657865183,shop_total_revenue,Выручка магазина,baseline_hgb_v2
2024-01-01 02:00:00,12,Татнефть-АЗС-013,-1.047571674207351,shop_total_revenue,Выручка магазина,baseline_hgb_v2
2024-01-01 03:00:00,12,Татнефть-АЗС-013,-0.9118643353311335,shop_total_revenue,Выручка магазина,baseline_hgb_v2
2024-01-01 04:00:00,12,Татнефть-АЗС-013,-0.9118643353311335,shop_total_revenue,Выручка магазина,baseline_hgb_v2
2024-01-01 05:00:00,12,Татнефть-АЗС-013,-0.9118643353311335,shop_total_revenue,Выручка магазина,baseline_hgb_v2
2024-01-01 06:00:00,12,Татнефть-АЗС-013,-1.047571674207351,shop_total_revenue,Выручка магазина,baseline_hgb_v2
2024-01-01 07:00:00,12,Татнефть-АЗС-013,-5.016158949092758,shop_total_revenue,Выручка магазина,baseline_hgb_v2
2024-01-01 08:00:00,12,Татнефть-АЗС-013,-4.381038241088217,shop_total_revenue,Выручка магазина,baseline_hgb_v2
2024-01-01 09:00:00,12,Татнефть-АЗС-013,99.71806057128187,shop_total_revenue,Выручка магазина,baseline_hgb_v2
2024-01-01 10:00:00,12,Татнефть-АЗС-013,-0.9118643353311335,shop_total_revenue,Выручка магазина,baseline_hgb_v2
2024-01-01 11:00:00,12,Татнефть-АЗС-013,-1.047571674207351,shop_total_revenue,Выручка магазина,baseline_hgb_v2
2024-01-01 12:00:00,12,Татнефть-АЗС-013,1.6769789971266398,shop_total_revenue,Выручка магазина,baseline_hgb_v2
2024-01-01 13:00:00,12,Татнефть-АЗС-013,1.6769789971266398,shop_total_revenue,Выручка магазина,baseline_hgb_v2
2024-01-01 14:00:00,12,Татнефть-АЗС-013,1.6349137568100198,shop_total_revenue,Выручка магазина,baseline_hgb_v2
2024-01-01 15:00:00,12,Татнефть-АЗС-013,-1.6283819713310546,shop_total_revenue,Выручка магазина,baseline_hgb_v2
2024-01-01 16:00:00,12,Татнефть-АЗС-013,-3.6131922988791763,shop_total_revenue,Выручка магазина,baseline_hgb_v2
2024-01-01 17:00:00,12,Татнефть-АЗС-013,102.56374508472517,shop_total_revenue,Выручка магазина,baseline_hgb_v2
2024-01-01 18:00:00,12,Татнефть-АЗС-013,158.81217136797255,shop_total_revenue,Выручка магазина,baseline_hgb_v2
2024-01-01 19:00:00,12,Татнефть-АЗС-013,147.9224621878372,shop_total_revenue,Выручка магазина,baseline_hgb_v2
2024-01-01 20:00:00,12,Татнефть-АЗС-013,-1.4326920645931875,shop_total_revenue,Выручка магазина,baseline_hgb_v2
2024-01-01 21:00:00,12,Татнефть-АЗС-013,-1.6283819713310546,shop_total_revenue,Выручка магазина,baseline_hgb_v2
2024-01-01 22:00:00,12,Татнефть-АЗС-013,-1.6283819713310546,shop_total_revenue,Выручка магазина,baseline_hgb_v2
2024-01-01 23:00:00,12,Татнефть-АЗС-013,-1.6283819713310546,shop_total_revenue,Выручка магазина,baseline_hgb_v2
2024-01-02 00:00:00,12,Татнефть-АЗС-013,-0.8563015920829843,shop_total_revenue,Выручка магазина,baseline_hgb_v2
2024-01-02 01:00:00,12,Татнефть-АЗС-013,-0.8563015920829843,shop_total_revenue,Выручка магазина,baseline_hgb_v2
2024-01-02 02:00:00,12,Татнефть-АЗС-013,-0.7205942532067664,shop_total_revenue,Выручка магазина,baseline_hgb_v2
2024-01-02 03:00:00,12,Татнефть-АЗС-013,-0.8563015920829843,shop_total_revenue,Выручка магазина,baseline_hgb_v2
2024-01-02 04:00:00,12,Татнефть-АЗС-013,-0.8563015920829843,shop_total_revenue,Выручка магазина,baseline_hgb_v2
2024-01-02 05:00:00,12,Татнефть-АЗС-013,-0.8563015920829843,shop_total_revenue,Выручка магазина,baseline_hgb_v2
2024-01-02 06:00:00,12,Татнефть-АЗС-013,-0.7205942532067664,shop_total_revenue,Выручка магазина,baseline_hgb_v2
2024-01-02 07:00:00,12,Татнефть-АЗС-013,-7.162157793325296,shop_total_revenue,Выручка магазина,baseline_hgb_v2
2024-01-02 08:00:00,12,Татнефть-АЗС-013,-6.827507771042669,shop_total_revenue,Выручка магазина,baseline_hgb_v2
2024-01-02 09:00:00,12,Татнефть-АЗС-013,-2.4673621168607847,shop_total_revenue,Выручка магазина,baseline_hgb_v2
2024-01-02 10:00:00,12,Татнефть-АЗС-013,-0.8563015920829843,shop_total_revenue,Выручка магазина,baseline_hgb_v2
2024-01-02 11:00:00,12,Татнефть-АЗС-013,-0.8563015920829843,shop_total_revenue,Выручка магазина,baseline_hgb_v2
2024-01-02 12:00:00,12,Татнефть-АЗС-013,1.8682490792510065,shop_total_revenue,Выручка магазина,baseline_hgb_v2
2024-01-02 13:00:00,12,Татнефть-АЗС-013,1.8682490792510065,shop_total_revenue,Выручка магазина,baseline_hgb_v2
2024-01-02 14:00:00,12,Татнефть-АЗС-013,1.0761632137897694,shop_total_revenue,Выручка магазина,baseline_hgb_v2
2024-01-02 15:00:00,12,Татнефть-АЗС-013,-1.2414219824688202,shop_total_revenue,Выручка магазина,baseline_hgb_v2
2024-01-02 16:00:00,12,Татнефть-АЗС-013,-1.2414219824688202,shop_total_revenue,Выручка магазина,baseline_hgb_v2
2024-01-02 17:00:00,12,Татнефть-АЗС-013,180.9243042385088,shop_total_revenue,Выручка магазина,baseline_hgb_v2
2024-01-02 18:00:00,12,Татнефть-АЗС-013,104.50804371055243,shop_total_revenue,Выручка магазина,baseline_hgb_v2
2024-01-02 19:00:00,12,Татнефть-АЗС-013,133.51206169712106,shop_total_revenue,Выручка магазина,baseline_hgb_v2
2024-01-02 20:00:00,12,Татнефть-АЗС-013,-1.2414219824688202,shop_total_revenue,Выручка магазина,baseline_hgb_v2
2024-01-02 21:00:00,12,Татнефть-АЗС-013,-1.4371118892066876,shop_total_revenue,Выручка магазина,baseline_hgb_v2
2024-01-02 22:00:00,12,Татнефть-АЗС-013,-1.4371118892066876,shop_total_revenue,Выручка магазина,baseline_hgb_v2
2024-01-02 23:00:00,12,Татнефть-АЗС-013,-1.4371118892066876,shop_total_revenue,Выручка магазина,baseline_hgb_v2
2024-01-03 00:00:00,12,Татнефть-АЗС-013,-0.8563015920829843,shop_total_revenue,Выручка магазина,baseline_hgb_v2
2024-01-03 01:00:00,12,Татнефть-АЗС-013,-0.7028686836621512,shop_total_revenue,Выручка магазина,baseline_hgb_v2
2024-01-03 02:00:00,12,Татнефть-АЗС-013,-0.8563015920829843,shop_total_revenue,Выручка магазина,baseline_hgb_v2
2024-01-03 03:00:00,12,Татнефть-АЗС-013,-0.8563015920829843,shop_total_revenue,Выручка магазина,baseline_hgb_v2
2024-01-03 04:00:00,12,Татнефть-АЗС-013,-0.8563015920829843,shop_total_revenue,Выручка магазина,baseline_hgb_v2
2024-01-03 05:00:00,12,Татнефть-АЗС-013,-0.7028686836621512,shop_total_revenue,Выручка магазина,baseline_hgb_v2
2024-01-03 06:00:00,12,Татнефть-АЗС-013,-0.8563015920829843,shop_total_revenue,Выручка магазина,baseline_hgb_v2
2024-01-03 07:00:00,12,Татнефть-АЗС-013,-7.113396455149256,shop_total_revenue,Выручка магазина,baseline_hgb_v2
2024-01-03 08:00:00,12,Татнефть-АЗС-013,105.76433077835557,shop_total_revenue,Выручка магазина,baseline_hgb_v2
2024-01-03 09:00:00,12,Татнефть-АЗС-013,110.60475176126793,shop_total_revenue,Выручка магазина,baseline_hgb_v2
2024-01-03 10:00:00,12,Татнефть-АЗС-013,-0.7205942532067664,shop_total_revenue,Выручка магазина,baseline_hgb_v2
2024-01-03 11:00:00,12,Татнефть-АЗС-013,-0.8563015920829843,shop_total_revenue,Выручка магазина,baseline_hgb_v2
2024-01-03 12:00:00,12,Татнефть-АЗС-013,1.8682490792510065,shop_total_revenue,Выручка магазина,baseline_hgb_v2
2024-01-03 13:00:00,12,Татнефть-АЗС-013,1.8682490792510065,shop_total_revenue,Выручка магазина,baseline_hgb_v2
2024-01-03 14:00:00,12,Татнефть-АЗС-013,1.0761632137897694,shop_total_revenue,Выручка магазина,baseline_hgb_v2
2024-01-03 15:00:00,12,Татнефть-АЗС-013,-1.2414219824688202,shop_total_revenue,Выручка магазина,baseline_hgb_v2
2024-01-03 16:00:00,12,Татнефть-АЗС-013,-3.646723507080019,shop_total_revenue,Выручка магазина,baseline_hgb_v2
2024-01-03 17:00:00,12,Татнефть-АЗС-013,104.52262571216775,shop_total_revenue,Выручка магазина,baseline_hgb_v2
2024-01-03 18:00:00,12,Татнефть-АЗС-013,107.8144299467326,shop_total_revenue,Выручка магазина,baseline_hgb_v2
2024-01-03 19:00:00,12,Татнефть-АЗС-013,177.92559020262672,shop_total_revenue,Выручка магазина,baseline_hgb_v2
2024-01-03 20:00:00,12,Татнефть-АЗС-013,-5.082018413628128,shop_total_revenue,Выручка магазина,baseline_hgb_v2
2024-01-03 21:00:00,12,Татнефть-АЗС-013,-1.2414219824688202,shop_total_revenue,Выручка магазина,baseline_hgb_v2
2024-01-03 22:00:00,12,Татнефть-АЗС-013,-1.4371118892066876,shop_total_revenue,Выручка магазина,baseline_hgb_v2
2024-01-03 23:00:00,12,Татнефть-АЗС-013,-1.2414219824688202,shop_total_revenue,Выручка магазина,baseline_hgb_v2
2024-01-04 00:00:00,12,Татнефть-АЗС-013,-0.8563015920829843,shop_total_revenue,Выручка магазина,baseline_hgb_v2
2024-01-04 01:00:00,12,Татнефть-АЗС-013,-0.7205942532067664,shop_total_revenue,Выручка магазина,baseline_hgb_v2
2024-01-04 02:00:00,12,Татнефть-АЗС-013,-0.8563015920829843,shop_total_revenue,Выручка магазина,baseline_hgb_v2
2024-01-04 03:00:00,12,Татнефть-АЗС-013,-0.8563015920829843,shop_total_revenue,Выручка магазина,baseline_hgb_v2
2024-01-04 04:00:00,12,Татнефть-АЗС-013,-0.8563015920829843,shop_total_revenue,Выручка магазина,baseline_hgb_v2
2024-01-04 05:00:00,12,Татнефть-АЗС-013,-0.8563015920829843,shop_total_revenue,Выручка магазина,baseline_hgb_v2
2024-01-04 06:00:00,12,Татнефть-АЗС-013,-0.8563015920829843,shop_total_revenue,Выручка магазина,baseline_hgb_v2
2024-01-04 07:00:00,12,Татнефть-АЗС-013,105.76433077835557,shop_total_revenue,Выручка магазина,baseline_hgb_v2
2024-01-04 08:00:00,12,Татнефть-АЗС-013,-7.448046477431883,shop_total_revenue,Выручка магазина,baseline_hgb_v2
2024-01-04 09:00:00,12,Татнефть-АЗС-013,101.30873129211955,shop_total_revenue,Выручка магазина,baseline_hgb_v2
2024-01-04 10:00:00,12,Татнефть-АЗС-013,-0.7205942532067664,shop_total_revenue,Выручка магазина,baseline_hgb_v2
2024-01-04 11:00:00,12,Татнефть-АЗС-013,-0.7205942532067664,shop_total_revenue,Выручка магазина,baseline_hgb_v2
2024-01-04 12:00:00,12,Татнефть-АЗС-013,1.0938887833343847,shop_total_revenue,Выручка магазина,baseline_hgb_v2
2024-01-04 13:00:00,12,Татнефть-АЗС-013,1.0761632137897694,shop_total_revenue,Выручка магазина,baseline_hgb_v2
2024-01-04 14:00:00,12,Татнефть-АЗС-013,1.0761632137897694,shop_total_revenue,Выручка магазина,baseline_hgb_v2
2024-01-04 15:00:00,12,Татнефть-АЗС-013,-1.4371118892066876,shop_total_revenue,Выручка магазина,baseline_hgb_v2
2024-01-04 16:00:00,12,Татнефть-АЗС-013,-3.646723507080019,shop_total_revenue,Выручка магазина,baseline_hgb_v2
2024-01-04 17:00:00,12,Татнефть-АЗС-013,104.22215502644585,shop_total_revenue,Выручка магазина,baseline_hgb_v2
2024-01-04 18:00:00,12,Татнефть-АЗС-013,149.61778420128434,shop_total_revenue,Выручка магазина,baseline_hgb_v2
2024-01-04 19:00:00,12,Татнефть-АЗС-013,149.61778420128434,shop_total_revenue,Выручка магазина,baseline_hgb_v2
2024-01-04 20:00:00,12,Татнефть-АЗС-013,-2.04245999836414,shop_total_revenue,Выручка магазина,baseline_hgb_v2
2024-01-04 21:00:00,12,Татнефть-АЗС-013,-1.4371118892066876,shop_total_revenue,Выручка магазина,baseline_hgb_v2
2024-01-04 22:00:00,12,Татнефть-АЗС-013,-1.2414219824688202,shop_total_revenue,Выручка магазина,baseline_hgb_v2
2024-01-04 23:00:00,12,Татнефть-АЗС-013,-1.4371118892066876,shop_total_revenue,Выручка магазина,baseline_hgb_v2
2024-01-05 00:00:00,12,Татнефть-АЗС-013,-0.7205942532067664,shop_total_revenue,Выручка магазина,baseline_hgb_v2
2024-01-05 01:00:00,12,Татнефть-АЗС-013,-0.8563015920829843,shop_total_revenue,Выручка магазина,baseline_hgb_v2
2024-01-05 02:00:00,12,Татнефть-АЗС-013,-0.8563015920829843,shop_total_revenue,Выручка магазина,baseline_hgb_v2
2024-01-05 03:00:00,12,Татнефть-АЗС-013,-0.8563015920829843,shop_total_revenue,Выручка магазина,baseline_hgb_v2
2024-01-05 04:00:00,12,Татнефть-АЗС-013,-0.7028686836621512,shop_total_revenue,Выручка магазина,baseline_hgb_v2
2024-01-05 05:00:00,12,Татнефть-АЗС-013,-0.7205942532067664,shop_total_revenue,Выручка магазина,baseline_hgb_v2
2024-01-05 06:00:00,12,Татнефть-АЗС-013,-0.7205942532067664,shop_total_revenue,Выручка магазина,baseline_hgb_v2
2024-01-05 07:00:00,12,Татнефть-АЗС-013,-6.866472335762013,shop_total_revenue,Выручка магазина,baseline_hgb_v2
2024-01-05 08:00:00,12,Татнефть-АЗС-013,-0.5203793728483003,shop_total_revenue,Выручка магазина,baseline_hgb_v2
2024-01-05 09:00:00,12,Татнефть-АЗС-013,-7.113396455149256,shop_total_revenue,Выручка магазина,baseline_hgb_v2
2024-01-05 10:00:00,12,Татнефть-АЗС-013,-0.8563015920829843,shop_total_revenue,Выручка магазина,baseline_hgb_v2
2024-01-05 11:00:00,12,Татнефть-АЗС-013,-0.7205942532067664,shop_total_revenue,Выручка магазина,baseline_hgb_v2
2024-01-05 12:00:00,12,Татнефть-АЗС-013,1.0761632137897694,shop_total_revenue,Выручка магазина,baseline_hgb_v2
2024-01-05 13:00:00,12,Татнефть-АЗС-013,1.0938887833343847,shop_total_revenue,Выручка магазина,baseline_hgb_v2
2024-01-05 14:00:00,12,Татнефть-АЗС-013,1.0938887833343847,shop_total_revenue,Выручка магазина,baseline_hgb_v2
2024-01-05 15:00:00,12,Татнефть-АЗС-013,-1.2414219824688202,shop_total_revenue,Выручка магазина,baseline_hgb_v2
2024-01-05 16:00:00,12,Татнефть-АЗС-013,-1.2414219824688202,shop_total_revenue,Выручка магазина,baseline_hgb_v2
2024-01-05 17:00:00,12,Татнефть-АЗС-013,104.22215502644585,shop_total_revenue,Выручка магазина,baseline_hgb_v2
2024-01-05 18:00:00,12,Татнефть-АЗС-013,103.96891300342294,shop_total_revenue,Выручка магазина,baseline_hgb_v2
2024-01-05 19:00:00,12,Татнефть-АЗС-013,104.22215502644585,shop_total_revenue,Выручка магазина,baseline_hgb_v2
2024-01-05 20:00:00,12,Татнефть-АЗС-013,-5.082018413628128,shop_total_revenue,Выручка магазина,baseline_hgb_v2
2024-01-05 21:00:00,12,Татнефть-АЗС-013,-1.4371118892066876,shop_total_revenue,Выручка магазина,baseline_hgb_v2
2024-01-05 22:00:00,12,Татнефть-АЗС-013,-1.223696412924205,shop_total_revenue,Выручка магазина,baseline_hgb_v2
2024-01-05 23:00:00,12,Татнефть-АЗС-013,-1.4371118892066876,shop_total_revenue,Выручка магазина,baseline_hgb_v2
2024-01-06 00:00:00,12,Татнефть-АЗС-013,-1.273788724666228,shop_total_revenue,Выручка магазина,baseline_hgb_v2
2024-01-06 01:00:00,12,Татнефть-АЗС-013,-1.273788724666228,shop_total_revenue,Выручка магазина,baseline_hgb_v2
2024-01-06 02:00:00,12,Татнефть-АЗС-013,-1.273788724666228,shop_total_revenue,Выручка магазина,baseline_hgb_v2
2024-01-06 03:00:00,12,Татнефть-АЗС-013,-1.4094960635424458,shop_total_revenue,Выручка магазина,baseline_hgb_v2
2024-01-06 04:00:00,12,Татнефть-АЗС-013,-1.2560631551216128,shop_total_revenue,Выручка магазина,baseline_hgb_v2
2024-01-06 05:00:00,12,Татнефть-АЗС-013,-1.4094960635424458,shop_total_revenue,Выручка магазина,baseline_hgb_v2
2024-01-06 06:00:00,12,Татнефть-АЗС-013,-1.273788724666228,shop_total_revenue,Выручка магазина,baseline_hgb_v2
2024-01-06 07:00:00,12,Татнефть-АЗС-013,17.607786684764182,shop_total_revenue,Выручка магазина,baseline_hgb_v2
2024-01-06 08:00:00,12,Татнефть-АЗС-013,-7.143031762938546,shop_total_revenue,Выручка магазина,baseline_hgb_v2
2024-01-06 09:00:00,12,Татнефть-АЗС-013,8.135279976043993,shop_total_revenue,Выручка магазина,baseline_hgb_v2
2024-01-06 10:00:00,12,Татнефть-АЗС-013,-1.4094960635424458,shop_total_revenue,Выручка магазина,baseline_hgb_v2
2024-01-06 11:00:00,12,Татнефть-АЗС-013,-1.273788724666228,shop_total_revenue,Выручка магазина,baseline_hgb_v2
2024-01-06 12:00:00,12,Татнефть-АЗС-013,0.5229687423303071,shop_total_revenue,Выручка магазина,baseline_hgb_v2
2024-01-06 13:00:00,12,Татнефть-АЗС-013,1.3150546077915444,shop_total_revenue,Выручка магазина,baseline_hgb_v2
2024-01-06 14:00:00,12,Татнефть-АЗС-013,0.5229687423303071,shop_total_revenue,Выручка магазина,baseline_hgb_v2
2024-01-06 15:00:00,12,Татнефть-АЗС-013,-1.9903063606661497,shop_total_revenue,Выручка магазина,baseline_hgb_v2
2024-01-06 16:00:00,12,Татнефть-АЗС-013,-2.5956544698236015,shop_total_revenue,Выручка магазина,baseline_hgb_v2
2024-01-06 17:00:00,12,Татнефть-АЗС-013,138.45137341127295,shop_total_revenue,Выручка магазина,baseline_hgb_v2
2024-01-06 18:00:00,12,Татнефть-АЗС-013,138.45137341127295,shop_total_revenue,Выручка магазина,baseline_hgb_v2
2024-01-06 19:00:00,12,Татнефть-АЗС-013,20.860672416464254,shop_total_revenue,Выручка магазина,baseline_hgb_v2
2024-01-06 20:00:00,12,Татнефть-АЗС-013,-1.9903063606661497,shop_total_revenue,Выручка магазина,baseline_hgb_v2
2024-01-06 21:00:00,12,Татнефть-АЗС-013,-1.9903063606661497,shop_total_revenue,Выручка магазина,baseline_hgb_v2
2024-01-06 22:00:00,12,Татнефть-АЗС-013,-1.9903063606661497,shop_total_revenue,Выручка магазина,baseline_hgb_v2
2024-01-06 23:00:00,12,Татнефть-АЗС-013,-1.9903063606661497,shop_total_revenue,Выручка магазина,baseline_hgb_v2
2024-01-07 00:00:00,12,Татнефть-АЗС-013,-1.4094960635424458,shop_total_revenue,Выручка магазина,baseline_hgb_v2
2024-01-07 01:00:00,12,Татнефть-АЗС-013,-1.273788724666228,shop_total_revenue,Выручка магазина,baseline_hgb_v2
2024-01-07 02:00:00,12,Татнефть-АЗС-013,-1.273788724666228,shop_total_revenue,Выручка магазина,baseline_hgb_v2
2024-01-07 03:00:00,12,Татнефть-АЗС-013,-1.273788724666228,shop_total_revenue,Выручка магазина,baseline_hgb_v2
2024-01-07 04:00:00,12,Татнефть-АЗС-013,-1.273788724666228,shop_total_revenue,Выручка магазина,baseline_hgb_v2
2024-01-07 05:00:00,12,Татнефть-АЗС-013,-1.273788724666228,shop_total_revenue,Выручка магазина,baseline_hgb_v2
2024-01-07 06:00:00,12,Татнефть-АЗС-013,-1.4094960635424458,shop_total_revenue,Выручка магазина,baseline_hgb_v2
2024-01-07 07:00:00,12,Татнефть-АЗС-013,-2.872471215584561,shop_total_revenue,Выручка магазина,baseline_hgb_v2
2024-01-07 08:00:00,12,Татнефть-АЗС-013,9.89227933547452,shop_total_revenue,Выручка магазина,baseline_hgb_v2
2024-01-07 09:00:00,12,Татнефть-АЗС-013,-1.7075312253854515,shop_total_revenue,Выручка магазина,baseline_hgb_v2
2024-01-07 10:00:00,12,Татнефть-АЗС-013,-1.427221633087061,shop_total_revenue,Выручка магазина,baseline_hgb_v2
2024-01-07 11:00:00,12,Татнефть-АЗС-013,-1.273788724666228,shop_total_revenue,Выручка магазина,baseline_hgb_v2
2024-01-07 12:00:00,12,Татнефть-АЗС-013,0.5229687423303071,shop_total_revenue,Выручка магазина,baseline_hgb_v2
2024-01-07 13:00:00,12,Татнефть-АЗС-013,1.3150546077915444,shop_total_revenue,Выручка магазина,baseline_hgb_v2
2024-01-07 14:00:00,12,Татнефть-АЗС-013,0.5229687423303071,shop_total_revenue,Выручка магазина,baseline_hgb_v2
2024-01-07 15:00:00,12,Татнефть-АЗС-013,-1.7362170006270787,shop_total_revenue,Выручка магазина,baseline_hgb_v2
2024-01-07 16:00:00,12,Татнефть-АЗС-013,-1.794616453928282,shop_total_revenue,Выручка магазина,baseline_hgb_v2
2024-01-07 17:00:00,12,Татнефть-АЗС-013,146.5635646755318,shop_total_revenue,Выручка магазина,baseline_hgb_v2
2024-01-07 18:00:00,12,Татнефть-АЗС-013,123.58020944638594,shop_total_revenue,Выручка магазина,baseline_hgb_v2
2024-01-07 19:00:00,12,Татнефть-АЗС-013,89.30685793372005,shop_total_revenue,Выручка магазина,baseline_hgb_v2
2024-01-07 20:00:00,12,Татнефть-АЗС-013,-4.199917978539483,shop_total_revenue,Выручка магазина,baseline_hgb_v2
2024-01-07 21:00:00,12,Татнефть-АЗС-013,-1.9903063606661497,shop_total_revenue,Выручка магазина,baseline_hgb_v2
2024-01-07 22:00:00,12,Татнефть-АЗС-013,-1.9903063606661497,shop_total_revenue,Выручка магазина,baseline_hgb_v2
2024-01-07 23:00:00,12,Татнефть-АЗС-013,-1.7768908843836668,shop_total_revenue,Выручка магазина,baseline_hgb_v2
2024-01-01 00:00:00,13,Татнефть-АЗС-014,0.13422752135098623,shop_total_revenue,Выручка магазина,baseline_hgb_v2
2024-01-01 01:00:00,13,Татнефть-АЗС-014,0.13422752135098623,shop_total_revenue,Выручка магазина,baseline_hgb_v2
2024-01-01 02:00:00,13,Татнефть-АЗС-014,0.13422752135098623,shop_total_revenue,Выручка магазина,baseline_hgb_v2
2024-01-01 03:00:00,13,Татнефть-АЗС-014,0.13422752135098623,shop_total_revenue,Выручка магазина,baseline_hgb_v2
2024-01-01 04:00:00,13,Татнефть-АЗС-014,-0.0014798175252316887,shop_total_revenue,Выручка магазина,baseline_hgb_v2
2024-01-01 05:00:00,13,Татнефть-АЗС-014,0.15195309089560136,shop_total_revenue,Выручка магазина,baseline_hgb_v2
2024-01-01 06:00:00,13,Татнефть-АЗС-014,0.13422752135098623,shop_total_revenue,Выручка магазина,baseline_hgb_v2
2024-01-01 07:00:00,13,Татнефть-АЗС-014,123.72255780350568,shop_total_revenue,Выручка магазина,baseline_hgb_v2
2024-01-01 08:00:00,13,Татнефть-АЗС-014,89.90295814143178,shop_total_revenue,Выручка магазина,baseline_hgb_v2
2024-01-01 09:00:00,13,Татнефть-АЗС-014,134.1864709477484,shop_total_revenue,Выручка магазина,baseline_hgb_v2
2024-01-01 10:00:00,13,Татнефть-АЗС-014,0.13422752135098623,shop_total_revenue,Выручка магазина,baseline_hgb_v2
2024-01-01 11:00:00,13,Татнефть-АЗС-014,-0.0014798175252316887,shop_total_revenue,Выручка магазина,baseline_hgb_v2
2024-01-01 12:00:00,13,Татнефть-АЗС-014,1.9309849883475232,shop_total_revenue,Выручка магазина,baseline_hgb_v2
2024-01-01 13:00:00,13,Татнефть-АЗС-014,2.723070853808761,shop_total_revenue,Выручка магазина,baseline_hgb_v2
2024-01-01 14:00:00,13,Татнефть-АЗС-014,2.723070853808761,shop_total_revenue,Выручка магазина,baseline_hgb_v2
2024-01-01 15:00:00,13,Татнефть-АЗС-014,-0.6000156841935504,shop_total_revenue,Выручка магазина,baseline_hgb_v2
2024-01-01 16:00:00,13,Татнефть-АЗС-014,-0.5822901146489352,shop_total_revenue,Выручка магазина,baseline_hgb_v2
2024-01-01 17:00:00,13,Татнефть-АЗС-014,5.217281260606528,shop_total_revenue,Выручка магазина,baseline_hgb_v2
2024-01-01 18:00:00,13,Татнефть-АЗС-014,119.16955664952938,shop_total_revenue,Выручка магазина,baseline_hgb_v2
2024-01-01 19:00:00,13,Татнефть-АЗС-014,4.892959683901454,shop_total_revenue,Выручка магазина,baseline_hgb_v2
2024-01-01 20:00:00,13,Татнефть-АЗС-014,-0.5822901146489352,shop_total_revenue,Выручка магазина,baseline_hgb_v2
2024-01-01 21:00:00,13,Татнефть-АЗС-014,-0.5822901146489352,shop_total_revenue,Выручка магазина,baseline_hgb_v2
2024-01-01 22:00:00,13,Татнефть-АЗС-014,-0.5822901146489352,shop_total_revenue,Выручка магазина,baseline_hgb_v2
2024-01-01 23:00:00,13,Татнефть-АЗС-014,-0.5822901146489352,shop_total_revenue,Выручка магазина,baseline_hgb_v2
2024-01-02 00:00:00,13,Татнефть-АЗС-014,-0.0014798175252316887,shop_total_revenue,Выручка магазина,baseline_hgb_v2
2024-01-02 01:00:00,13,Татнефть-АЗС-014,0.13422752135098623,shop_total_revenue,Выручка магазина,baseline_hgb_v2
2024-01-02 02:00:00,13,Татнефть-АЗС-014,-0.0014798175252316887,shop_total_revenue,Выручка магазина,baseline_hgb_v2
2024-01-02 03:00:00,13,Татнефть-АЗС-014,-0.0014798175252316887,shop_total_revenue,Выручка магазина,baseline_hgb_v2
2024-01-02 04:00:00,13,Татнефть-АЗС-014,0.13422752135098623,shop_total_revenue,Выручка магазина,baseline_hgb_v2
2024-01-02 05:00:00,13,Татнефть-АЗС-014,0.13422752135098623,shop_total_revenue,Выручка магазина,baseline_hgb_v2
2024-01-02 06:00:00,13,Татнефть-АЗС-014,-0.0014798175252316887,shop_total_revenue,Выручка магазина,baseline_hgb_v2
2024-01-02 07:00:00,13,Татнефть-АЗС-014,8.493873860674308,shop_total_revenue,Выручка магазина,baseline_hgb_v2
2024-01-02 08:00:00,13,Татнефть-АЗС-014,99.84862114287692,shop_total_revenue,Выручка магазина,baseline_hgb_v2
2024-01-02 09:00:00,13,Татнефть-АЗС-014,13.891318746180326,shop_total_revenue,Выручка магазина,baseline_hgb_v2
2024-01-02 10:00:00,13,Татнефть-АЗС-014,0.13422752135098623,shop_total_revenue,Выручка магазина,baseline_hgb_v2
2024-01-02 11:00:00,13,Татнефть-АЗС-014,0.13422752135098623,shop_total_revenue,Выручка магазина,baseline_hgb_v2
2024-01-02 12:00:00,13,Татнефть-АЗС-014,2.723070853808761,shop_total_revenue,Выручка магазина,baseline_hgb_v2
2024-01-02 13:00:00,13,Татнефть-АЗС-014,1.9309849883475232,shop_total_revenue,Выручка магазина,baseline_hgb_v2
2024-01-02 14:00:00,13,Татнефть-АЗС-014,2.723070853808761,shop_total_revenue,Выручка магазина,baseline_hgb_v2
2024-01-02 15:00:00,13,Татнефть-АЗС-014,-0.3866002079110674,shop_total_revenue,Выручка магазина,baseline_hgb_v2
2024-01-02 16:00:00,13,Татнефть-АЗС-014,-0.32820075460986387,shop_total_revenue,Выручка магазина,baseline_hgb_v2
2024-01-02 17:00:00,13,Татнефть-АЗС-014,18.49291134524622,shop_total_revenue,Выручка магазина,baseline_hgb_v2
2024-01-02 18:00:00,13,Татнефть-АЗС-014,5.038318837963589,shop_total_revenue,Выручка магазина,baseline_hgb_v2
2024-01-02 19:00:00,13,Татнефть-АЗС-014,4.344719398176477,shop_total_revenue,Выручка магазина,baseline_hgb_v2
2024-01-02 20:00:00,13,Татнефть-АЗС-014,-0.5822901146489352,shop_total_revenue,Выручка магазина,baseline_hgb_v2
2024-01-02 21:00:00,13,Татнефть-АЗС-014,-0.32820075460986387,shop_total_revenue,Выручка магазина,baseline_hgb_v2
2024-01-02 22:00:00,13,Татнефть-АЗС-014,-0.3866002079110674,shop_total_revenue,Выручка магазина,baseline_hgb_v2
2024-01-02 23:00:00,13,Татнефть-АЗС-014,-0.5822901146489352,shop_total_revenue,Выручка магазина,baseline_hgb_v2
2024-01-03 00:00:00,13,Татнефть-АЗС-014,-0.0014798175252316887,shop_total_revenue,Выручка магазина,baseline_hgb_v2
2024-01-03 01:00:00,13,Татнефть-АЗС-014,-0.0014798175252316887,shop_total_revenue,Выручка магазина,baseline_hgb_v2
2024-01-03 02:00:00,13,Татнефть-АЗС-014,-0.0014798175252316887,shop_total_revenue,Выручка магазина,baseline_hgb_v2
2024-01-03 03:00:00,13,Татнефть-АЗС-014,-0.0014798175252316887,shop_total_revenue,Выручка магазина,baseline_hgb_v2
2024-01-03 04:00:00,13,Татнефть-АЗС-014,-0.0014798175252316887,shop_total_revenue,Выручка магазина,baseline_hgb_v2
2024-01-03 05:00:00,13,Татнефть-АЗС-014,-0.0014798175252316887,shop_total_revenue,Выручка магазина,baseline_hgb_v2
2024-01-03 06:00:00,13,Татнефть-АЗС-014,0.13422752135098623,shop_total_revenue,Выручка магазина,baseline_hgb_v2
2024-01-03 07:00:00,13,Татнефть-АЗС-014,143.44800605495948,shop_total_revenue,Выручка магазина,baseline_hgb_v2
2024-01-03 08:00:00,13,Татнефть-АЗС-014,5.3258494796800635,shop_total_revenue,Выручка магазина,baseline_hgb_v2
2024-01-03 09:00:00,13,Татнефть-АЗС-014,135.31104177496067,shop_total_revenue,Выручка магазина,baseline_hgb_v2
2024-01-03 10:00:00,13,Татнефть-АЗС-014,0.13422752135098623,shop_total_revenue,Выручка магазина,baseline_hgb_v2
2024-01-03 11:00:00,13,Татнефть-АЗС-014,-0.0014798175252316887,shop_total_revenue,Выручка магазина,baseline_hgb_v2
2024-01-03 12:00:00,13,Татнефть-АЗС-014,1.9309849883475232,shop_total_revenue,Выручка магазина,baseline_hgb_v2
2024-01-03 13:00:00,13,Татнефть-АЗС-014,2.723070853808761,shop_total_revenue,Выручка магазина,baseline_hgb_v2
2024-01-03 14:00:00,13,Татнефть-АЗС-014,2.723070853808761,shop_total_revenue,Выручка магазина,baseline_hgb_v2
2024-01-03 15:00:00,13,Татнефть-АЗС-014,-0.5822901146489352,shop_total_revenue,Выручка магазина,baseline_hgb_v2
2024-01-03 16:00:00,13,Татнефть-АЗС-014,-0.3866002079110674,shop_total_revenue,Выручка магазина,baseline_hgb_v2
2024-01-03 17:00:00,13,Татнефть-АЗС-014,4.4697738249603525,shop_total_revenue,Выручка магазина,baseline_hgb_v2
2024-01-03 18:00:00,13,Татнефть-АЗС-014,139.596161007463,shop_total_revenue,Выручка магазина,baseline_hgb_v2
2024-01-03 19:00:00,13,Татнефть-АЗС-014,139.7942854761238,shop_total_revenue,Выручка магазина,baseline_hgb_v2
2024-01-03 20:00:00,13,Татнефть-АЗС-014,-0.5822901146489352,shop_total_revenue,Выручка магазина,baseline_hgb_v2
2024-01-03 21:00:00,13,Татнефть-АЗС-014,-0.5822901146489352,shop_total_revenue,Выручка магазина,baseline_hgb_v2
2024-01-03 22:00:00,13,Татнефть-АЗС-014,-0.3866002079110674,shop_total_revenue,Выручка магазина,baseline_hgb_v2
2024-01-03 23:00:00,13,Татнефть-АЗС-014,-0.5822901146489352,shop_total_revenue,Выручка магазина,baseline_hgb_v2
2024-01-04 00:00:00,13,Татнефть-АЗС-014,-0.0014798175252316887,shop_total_revenue,Выручка магазина,baseline_hgb_v2
2024-01-04 01:00:00,13,Татнефть-АЗС-014,0.13422752135098623,shop_total_revenue,Выручка магазина,baseline_hgb_v2
2024-01-04 02:00:00,13,Татнефть-АЗС-014,0.13422752135098623,shop_total_revenue,Выручка магазина,baseline_hgb_v2
2024-01-04 03:00:00,13,Татнефть-АЗС-014,0.13422752135098623,shop_total_revenue,Выручка магазина,baseline_hgb_v2
2024-01-04 04:00:00,13,Татнефть-АЗС-014,-0.0014798175252316887,shop_total_revenue,Выручка магазина,baseline_hgb_v2
2024-01-04 05:00:00,13,Татнефть-АЗС-014,-0.0014798175252316887,shop_total_revenue,Выручка магазина,baseline_hgb_v2
2024-01-04 06:00:00,13,Татнефть-АЗС-014,0.13422752135098623,shop_total_revenue,Выручка магазина,baseline_hgb_v2
2024-01-04 07:00:00,13,Татнефть-АЗС-014,11.280860934511724,shop_total_revenue,Выручка магазина,baseline_hgb_v2
2024-01-04 08:00:00,13,Татнефть-АЗС-014,5.245111993924987,shop_total_revenue,Выручка магазина,baseline_hgb_v2
2024-01-04 09:00:00,13,Татнефть-АЗС-014,8.20798517656772,shop_total_revenue,Выручка магазина,baseline_hgb_v2
2024-01-04 10:00:00,13,Татнефть-АЗС-014,0.15195309089560136,shop_total_revenue,Выручка магазина,baseline_hgb_v2
2024-01-04 11:00:00,13,Татнефть-АЗС-014,0.13422752135098623,shop_total_revenue,Выручка магазина,baseline_hgb_v2
2024-01-04 12:00:00,13,Татнефть-АЗС-014,2.723070853808761,shop_total_revenue,Выручка магазина,baseline_hgb_v2
2024-01-04 13:00:00,13,Татнефть-АЗС-014,2.705345284264146,shop_total_revenue,Выручка магазина,baseline_hgb_v2
2024-01-04 14:00:00,13,Татнефть-АЗС-014,1.9309849883475232,shop_total_revenue,Выручка магазина,baseline_hgb_v2
2024-01-04 15:00:00,13,Татнефть-АЗС-014,-0.5822901146489352,shop_total_revenue,Выручка магазина,baseline_hgb_v2
2024-01-04 16:00:00,13,Татнефть-АЗС-014,-0.3866002079110674,shop_total_revenue,Выручка магазина,baseline_hgb_v2
2024-01-04 17:00:00,13,Татнефть-АЗС-014,106.93039358059552,shop_total_revenue,Выручка магазина,baseline_hgb_v2
2024-01-04 18:00:00,13,Татнефть-АЗС-014,23.88585549637606,shop_total_revenue,Выручка магазина,baseline_hgb_v2
2024-01-04 19:00:00,13,Татнефть-АЗС-014,23.159498268623967,shop_total_revenue,Выручка магазина,baseline_hgb_v2
2024-01-04 20:00:00,13,Татнефть-АЗС-014,-0.5822901146489352,shop_total_revenue,Выручка магазина,baseline_hgb_v2
2024-01-04 21:00:00,13,Татнефть-АЗС-014,-0.3866002079110674,shop_total_revenue,Выручка магазина,baseline_hgb_v2
2024-01-04 22:00:00,13,Татнефть-АЗС-014,-0.5822901146489352,shop_total_revenue,Выручка магазина,baseline_hgb_v2
2024-01-04 23:00:00,13,Татнефть-АЗС-014,-0.5822901146489352,shop_total_revenue,Выручка магазина,baseline_hgb_v2
2024-01-05 00:00:00,13,Татнефть-АЗС-014,-0.0014798175252316887,shop_total_revenue,Выручка магазина,baseline_hgb_v2
2024-01-05 01:00:00,13,Татнефть-АЗС-014,0.15195309089560136,shop_total_revenue,Выручка магазина,baseline_hgb_v2
2024-01-05 02:00:00,13,Татнефть-АЗС-014,-0.0014798175252316887,shop_total_revenue,Выручка магазина,baseline_hgb_v2
2024-01-05 03:00:00,13,Татнефть-АЗС-014,-0.0014798175252316887,shop_total_revenue,Выручка магазина,baseline_hgb_v2
2024-01-05 04:00:00,13,Татнефть-АЗС-014,0.13422752135098623,shop_total_revenue,Выручка магазина,baseline_hgb_v2
2024-01-05 05:00:00,13,Татнефть-АЗС-014,-0.0014798175252316887,shop_total_revenue,Выручка магазина,baseline_hgb_v2
2024-01-05 06:00:00,13,Татнефть-АЗС-014,0.15195309089560136,shop_total_revenue,Выручка магазина,baseline_hgb_v2
2024-01-05 07:00:00,13,Татнефть-АЗС-014,11.096483756159538,shop_total_revenue,Выручка магазина,baseline_hgb_v2
2024-01-05 08:00:00,13,Татнефть-АЗС-014,123.4366691193991,shop_total_revenue,Выручка магазина,baseline_hgb_v2
2024-01-05 09:00:00,13,Татнефть-АЗС-014,5.245111993924987,shop_total_revenue,Выручка магазина,baseline_hgb_v2
2024-01-05 10:00:00,13,Татнефть-АЗС-014,-0.0014798175252316887,shop_total_revenue,Выручка магазина,baseline_hgb_v2
2024-01-05 11:00:00,13,Татнефть-АЗС-014,-0.0014798175252316887,shop_total_revenue,Выручка магазина,baseline_hgb_v2
2024-01-05 12:00:00,13,Татнефть-АЗС-014,1.9309849883475232,shop_total_revenue,Выручка магазина,baseline_hgb_v2
2024-01-05 13:00:00,13,Татнефть-АЗС-014,2.723070853808761,shop_total_revenue,Выручка магазина,baseline_hgb_v2
2024-01-05 14:00:00,13,Татнефть-АЗС-014,1.9309849883475232,shop_total_revenue,Выручка магазина,baseline_hgb_v2
2024-01-05 15:00:00,13,Татнефть-АЗС-014,-0.5822901146489352,shop_total_revenue,Выручка магазина,baseline_hgb_v2
2024-01-05 16:00:00,13,Татнефть-АЗС-014,-0.3866002079110674,shop_total_revenue,Выручка магазина,baseline_hgb_v2
2024-01-05 17:00:00,13,Татнефть-АЗС-014,118.8836679654228,shop_total_revenue,Выручка магазина,baseline_hgb_v2
2024-01-05 18:00:00,13,Татнефть-АЗС-014,137.38625965606326,shop_total_revenue,Выручка магазина,baseline_hgb_v2
2024-01-05 19:00:00,13,Татнефть-АЗС-014,139.7942854761238,shop_total_revenue,Выручка магазина,baseline_hgb_v2
2024-01-05 20:00:00,13,Татнефть-АЗС-014,-0.5822901146489352,shop_total_revenue,Выручка магазина,baseline_hgb_v2
2024-01-05 21:00:00,13,Татнефть-АЗС-014,-0.5822901146489352,shop_total_revenue,Выручка магазина,baseline_hgb_v2
2024-01-05 22:00:00,13,Татнефть-АЗС-014,-0.5822901146489352,shop_total_revenue,Выручка магазина,baseline_hgb_v2
2024-01-05 23:00:00,13,Татнефть-АЗС-014,-0.3866002079110674,shop_total_revenue,Выручка магазина,baseline_hgb_v2
2024-01-06 00:00:00,13,Татнефть-АЗС-014,-0.5546742889846937,shop_total_revenue,Выручка магазина,baseline_hgb_v2
2024-01-06 01:00:00,13,Татнефть-АЗС-014,-0.41896695010847573,shop_total_revenue,Выручка магазина,baseline_hgb_v2
2024-01-06 02:00:00,13,Татнефть-АЗС-014,-0.41896695010847573,shop_total_revenue,Выручка магазина,baseline_hgb_v2
2024-01-06 03:00:00,13,Татнефть-АЗС-014,-0.5546742889846937,shop_total_revenue,Выручка магазина,baseline_hgb_v2
2024-01-06 04:00:00,13,Татнефть-АЗС-014,-0.41896695010847573,shop_total_revenue,Выручка магазина,baseline_hgb_v2
2024-01-06 05:00:00,13,Татнефть-АЗС-014,-0.41896695010847573,shop_total_revenue,Выручка магазина,baseline_hgb_v2
2024-01-06 06:00:00,13,Татнефть-АЗС-014,-0.5546742889846937,shop_total_revenue,Выручка магазина,baseline_hgb_v2
2024-01-06 07:00:00,13,Татнефть-АЗС-014,5.7354823669352655,shop_total_revenue,Выручка магазина,baseline_hgb_v2
2024-01-06 08:00:00,13,Татнефть-АЗС-014,27.412426590623454,shop_total_revenue,Выручка магазина,baseline_hgb_v2
2024-01-06 09:00:00,13,Татнефть-АЗС-014,25.63770261931183,shop_total_revenue,Выручка магазина,baseline_hgb_v2
2024-01-06 10:00:00,13,Татнефть-АЗС-014,-0.5546742889846937,shop_total_revenue,Выручка магазина,baseline_hgb_v2
2024-01-06 11:00:00,13,Татнефть-АЗС-014,-0.41896695010847573,shop_total_revenue,Выручка магазина,baseline_hgb_v2
2024-01-06 12:00:00,13,Татнефть-АЗС-014,1.3777905168880613,shop_total_revenue,Выручка магазина,baseline_hgb_v2
2024-01-06 13:00:00,13,Татнефть-АЗС-014,1.3777905168880613,shop_total_revenue,Выручка магазина,baseline_hgb_v2
2024-01-06 14:00:00,13,Татнефть-АЗС-014,1.3777905168880613,shop_total_revenue,Выручка магазина,baseline_hgb_v2
2024-01-06 15:00:00,13,Татнефть-АЗС-014,-1.1354845861083966,shop_total_revenue,Выручка магазина,baseline_hgb_v2
2024-01-06 16:00:00,13,Татнефть-АЗС-014,-1.1354845861083966,shop_total_revenue,Выручка магазина,baseline_hgb_v2
2024-01-06 17:00:00,13,Татнефть-АЗС-014,70.2732586793298,shop_total_revenue,Выручка магазина,baseline_hgb_v2
2024-01-06 18:00:00,13,Татнефть-АЗС-014,1.4649218195812868,shop_total_revenue,Выручка магазина,baseline_hgb_v2
2024-01-06 19:00:00,13,Татнефть-АЗС-014,1.4649218195812868,shop_total_revenue,Выручка магазина,baseline_hgb_v2
2024-01-06 20:00:00,13,Татнефть-АЗС-014,-1.1354845861083966,shop_total_revenue,Выручка магазина,baseline_hgb_v2
2024-01-06 21:00:00,13,Татнефть-АЗС-014,-1.1354845861083966,shop_total_revenue,Выручка магазина,baseline_hgb_v2
2024-01-06 22:00:00,13,Татнефть-АЗС-014,-0.9397946793705297,shop_total_revenue,Выручка магазина,baseline_hgb_v2
2024-01-06 23:00:00,13,Татнефть-АЗС-014,-0.9397946793705297,shop_total_revenue,Выручка магазина,baseline_hgb_v2
2024-01-07 00:00:00,13,Татнефть-АЗС-014,-0.41896695010847573,shop_total_revenue,Выручка магазина,baseline_hgb_v2
2024-01-07 01:00:00,13,Татнефть-АЗС-014,-0.41896695010847573,shop_total_revenue,Выручка магазина,baseline_hgb_v2
2024-01-07 02:00:00,13,Татнефть-АЗС-014,-0.41896695010847573,shop_total_revenue,Выручка магазина,baseline_hgb_v2
2024-01-07 03:00:00,13,Татнефть-АЗС-014,-0.5546742889846937,shop_total_revenue,Выручка магазина,baseline_hgb_v2
2024-01-07 04:00:00,13,Татнефть-АЗС-014,-0.5546742889846937,shop_total_revenue,Выручка магазина,baseline_hgb_v2
2024-01-07 05:00:00,13,Татнефть-АЗС-014,-0.41896695010847573,shop_total_revenue,Выручка магазина,baseline_hgb_v2
2024-01-07 06:00:00,13,Татнефть-АЗС-014,-0.5546742889846937,shop_total_revenue,Выручка магазина,baseline_hgb_v2
2024-01-07 07:00:00,13,Татнефть-АЗС-014,5.75320793647988,shop_total_revenue,Выручка магазина,baseline_hgb_v2
2024-01-07 08:00:00,13,Татнефть-АЗС-014,5.7354823669352655,shop_total_revenue,Выручка магазина,baseline_hgb_v2
2024-01-07 09:00:00,13,Татнефть-АЗС-014,56.568772358447006,shop_total_revenue,Выручка магазина,baseline_hgb_v2
2024-01-07 10:00:00,13,Татнефть-АЗС-014,-0.41896695010847573,shop_total_revenue,Выручка магазина,baseline_hgb_v2
2024-01-07 11:00:00,13,Татнефть-АЗС-014,-0.41896695010847573,shop_total_revenue,Выручка магазина,baseline_hgb_v2
2024-01-07 12:00:00,13,Татнефть-АЗС-014,1.3955160864326766,shop_total_revenue,Выручка магазина,baseline_hgb_v2
2024-01-07 13:00:00,13,Татнефть-АЗС-014,1.3777905168880613,shop_total_revenue,Выручка магазина,baseline_hgb_v2
2024-01-07 14:00:00,13,Татнефть-АЗС-014,1.3777905168880613,shop_total_revenue,Выручка магазина,baseline_hgb_v2
2024-01-07 15:00:00,13,Татнефть-АЗС-014,-1.1354845861083966,shop_total_revenue,Выручка магазина,baseline_hgb_v2
2024-01-07 16:00:00,13,Татнефть-АЗС-014,-1.1354845861083966,shop_total_revenue,Выручка магазина,baseline_hgb_v2
2024-01-07 17:00:00,13,Татнефть-АЗС-014,1.4649218195812868,shop_total_revenue,Выручка магазина,baseline_hgb_v2
2024-01-07 18:00:00,13,Татнефть-АЗС-014,1.722473070224748,shop_total_revenue,Выручка магазина,baseline_hgb_v2
2024-01-07 19:00:00,13,Татнефть-АЗС-014,102.24445364644733,shop_total_revenue,Выручка магазина,baseline_hgb_v2
2024-01-07 20:00:00,13,Татнефть-АЗС-014,-0.9397946793705297,shop_total_revenue,Выручка магазина,baseline_hgb_v2
2024-01-07 21:00:00,13,Татнефть-АЗС-014,-0.9397946793705297,shop_total_revenue,Выручка магазина,baseline_hgb_v2
2024-01-07 22:00:00,13,Татнефть-АЗС-014,-1.1354845861083966,shop_total_revenue,Выручка магазина,baseline_hgb_v2
2024-01-07 23:00:00,13,Татнефть-АЗС-014,-1.1354845861083966,shop_total_revenue,Выручка магазина,baseline_hgb_v2
2024-01-01 00:00:00,14,Татнефть-АЗС-015,-0.14736092378197074,shop_total_revenue,Выручка магазина,baseline_hgb_v2
2024-01-01 01:00:00,14,Татнефть-АЗС-015,-0.14736092378197074,shop_total_revenue,Выручка магазина,baseline_hgb_v2
2024-01-01 02:00:00,14,Татнефть-АЗС-015,-0.14736092378197074,shop_total_revenue,Выручка магазина,baseline_hgb_v2
2024-01-01 03:00:00,14,Татнефть-АЗС-015,-0.14736092378197074,shop_total_revenue,Выручка магазина,baseline_hgb_v2
2024-01-01 04:00:00,14,Татнефть-АЗС-015,-0.14736092378197074,shop_total_revenue,Выручка магазина,baseline_hgb_v2
2024-01-01 05:00:00,14,Татнефть-АЗС-015,-0.011653584905752894,shop_total_revenue,Выручка магазина,baseline_hgb_v2
2024-01-01 06:00:00,14,Татнефть-АЗС-015,10.06547566432965,shop_total_revenue,Выручка магазина,baseline_hgb_v2
2024-01-01 07:00:00,14,Татнефть-АЗС-015,614.1736093638814,shop_total_revenue,Выручка магазина,baseline_hgb_v2
2024-01-01 08:00:00,14,Татнефть-АЗС-015,361.3275231355587,shop_total_revenue,Выручка магазина,baseline_hgb_v2
2024-01-01 09:00:00,14,Татнефть-АЗС-015,387.4697872200098,shop_total_revenue,Выручка магазина,baseline_hgb_v2
2024-01-01 10:00:00,14,Татнефть-АЗС-015,9.028389573026816,shop_total_revenue,Выручка магазина,baseline_hgb_v2
2024-01-01 11:00:00,14,Татнефть-АЗС-015,0.5584503441281724,shop_total_revenue,Выручка магазина,baseline_hgb_v2
2024-01-01 12:00:00,14,Татнефть-АЗС-015,6.658198586546907,shop_total_revenue,Выручка магазина,baseline_hgb_v2
2024-01-01 13:00:00,14,Татнефть-АЗС-015,1.6093037338649383,shop_total_revenue,Выручка магазина,baseline_hgb_v2
2024-01-01 14:00:00,14,Татнефть-АЗС-015,6.658198586546907,shop_total_revenue,Выручка магазина,baseline_hgb_v2
2024-01-01 15:00:00,14,Татнефть-АЗС-015,-0.5117460977916832,shop_total_revenue,Выручка магазина,baseline_hgb_v2
2024-01-01 16:00:00,14,Татнефть-АЗС-015,-0.3160561910538156,shop_total_revenue,Выручка магазина,baseline_hgb_v2
2024-01-01 17:00:00,14,Татнефть-АЗС-015,143.31152007378967,shop_total_revenue,Выручка магазина,baseline_hgb_v2
2024-01-01 18:00:00,14,Татнефть-АЗС-015,465.97796738435244,shop_total_revenue,Выручка магазина,baseline_hgb_v2
2024-01-01 19:00:00,14,Татнефть-АЗС-015,610.3290729780595,shop_total_revenue,Выручка магазина,baseline_hgb_v2
2024-01-01 20:00:00,14,Татнефть-АЗС-015,-0.3160561910538156,shop_total_revenue,Выручка магазина,baseline_hgb_v2
2024-01-01 21:00:00,14,Татнефть-АЗС-015,0.42976805772151566,shop_total_revenue,Выручка магазина,baseline_hgb_v2
2024-01-01 22:00:00,14,Татнефть-АЗС-015,-0.5117460977916832,shop_total_revenue,Выручка магазина,baseline_hgb_v2
2024-01-01 23:00:00,14,Татнефть-АЗС-015,-0.5117460977916832,shop_total_revenue,Выручка магазина,baseline_hgb_v2
2024-01-02 00:00:00,14,Татнефть-АЗС-015,-0.14736092378197074,shop_total_revenue,Выручка магазина,baseline_hgb_v2
2024-01-02 01:00:00,14,Татнефть-АЗС-015,-0.14736092378197074,shop_total_revenue,Выручка магазина,baseline_hgb_v2
2024-01-02 02:00:00,14,Татнефть-АЗС-015,-0.011653584905752894,shop_total_revenue,Выручка магазина,baseline_hgb_v2
2024-01-02 03:00:00,14,Татнефть-АЗС-015,-0.14736092378197074,shop_total_revenue,Выручка магазина,baseline_hgb_v2
2024-01-02 04:00:00,14,Татнефть-АЗС-015,-0.14736092378197074,shop_total_revenue,Выручка магазина,baseline_hgb_v2
2024-01-02 05:00:00,14,Татнефть-АЗС-015,-0.14736092378197074,shop_total_revenue,Выручка магазина,baseline_hgb_v2
2024-01-02 06:00:00,14,Татнефть-АЗС-015,11.338958795448235,shop_total_revenue,Выручка магазина,baseline_hgb_v2
2024-01-02 07:00:00,14,Татнефть-АЗС-015,671.3662688709449,shop_total_revenue,Выручка магазина,baseline_hgb_v2
2024-01-02 08:00:00,14,Татнефть-АЗС-015,435.76250542336567,shop_total_revenue,Выручка магазина,baseline_hgb_v2
2024-01-02 09:00:00,14,Татнефть-АЗС-015,848.9340720392471,shop_total_revenue,Выручка магазина,baseline_hgb_v2
2024-01-02 10:00:00,14,Татнефть-АЗС-015,-1.0230373294219761,shop_total_revenue,Выручка магазина,baseline_hgb_v2
2024-01-02 11:00:00,14,Татнефть-АЗС-015,-0.8052984184308134,shop_total_revenue,Выручка магазина,baseline_hgb_v2
2024-01-02 12:00:00,14,Татнефть-АЗС-015,1.6093037338649383,shop_total_revenue,Выручка магазина,baseline_hgb_v2
2024-01-02 13:00:00,14,Татнефть-АЗС-015,1.6093037338649383,shop_total_revenue,Выручка магазина,baseline_hgb_v2
2024-01-02 14:00:00,14,Татнефть-АЗС-015,1.6093037338649383,shop_total_revenue,Выручка магазина,baseline_hgb_v2
2024-01-02 15:00:00,14,Татнефть-АЗС-015,-0.5117460977916832,shop_total_revenue,Выручка магазина,baseline_hgb_v2
2024-01-02 16:00:00,14,Татнефть-АЗС-015,-0.5117460977916832,shop_total_revenue,Выручка магазина,baseline_hgb_v2
2024-01-02 17:00:00,14,Татнефть-АЗС-015,446.032593438605,shop_total_revenue,Выручка магазина,baseline_hgb_v2
2024-01-02 18:00:00,14,Татнефть-АЗС-015,205.7178128711457,shop_total_revenue,Выручка магазина,baseline_hgb_v2
2024-01-02 19:00:00,14,Татнефть-АЗС-015,529.0585657091797,shop_total_revenue,Выручка магазина,baseline_hgb_v2
2024-01-02 20:00:00,14,Татнефть-АЗС-015,-0.3160561910538156,shop_total_revenue,Выручка магазина,baseline_hgb_v2
2024-01-02 21:00:00,14,Татнефть-АЗС-015,-0.5117460977916832,shop_total_revenue,Выручка магазина,baseline_hgb_v2
2024-01-02 22:00:00,14,Татнефть-АЗС-015,-0.3160561910538156,shop_total_revenue,Выручка магазина,baseline_hgb_v2
2024-01-02 23:00:00,14,Татнефть-АЗС-015,-0.2983306215092005,shop_total_revenue,Выручка магазина,baseline_hgb_v2
2024-01-03 00:00:00,14,Татнефть-АЗС-015,-0.14736092378197074,shop_total_revenue,Выручка магазина,baseline_hgb_v2
2024-01-03 01:00:00,14,Татнефть-АЗС-015,-0.011653584905752894,shop_total_revenue,Выручка магазина,baseline_hgb_v2
2024-01-03 02:00:00,14,Татнефть-АЗС-015,-0.14736092378197074,shop_total_revenue,Выручка магазина,baseline_hgb_v2
2024-01-03 03:00:00,14,Татнефть-АЗС-015,-0.011653584905752894,shop_total_revenue,Выручка магазина,baseline_hgb_v2
2024-01-03 04:00:00,14,Татнефть-АЗС-015,-0.011653584905752894,shop_total_revenue,Выручка магазина,baseline_hgb_v2
2024-01-03 05:00:00,14,Татнефть-АЗС-015,-0.14736092378197074,shop_total_revenue,Выручка магазина,baseline_hgb_v2
2024-01-03 06:00:00,14,Татнефть-АЗС-015,-0.011653584905752894,shop_total_revenue,Выручка магазина,baseline_hgb_v2
2024-01-03 07:00:00,14,Татнефть-АЗС-015,721.0736199487005,shop_total_revenue,Выручка магазина,baseline_hgb_v2
2024-01-03 08:00:00,14,Татнефть-АЗС-015,426.85373982008093,shop_total_revenue,Выручка магазина,baseline_hgb_v2
2024-01-03 09:00:00,14,Татнефть-АЗС-015,386.9483095217623,shop_total_revenue,Выручка магазина,baseline_hgb_v2
2024-01-03 10:00:00,14,Татнефть-АЗС-015,0.2235412165294813,shop_total_revenue,Выручка магазина,baseline_hgb_v2
2024-01-03 11:00:00,14,Татнефть-АЗС-015,-0.011653584905752894,shop_total_revenue,Выручка магазина,baseline_hgb_v2
2024-01-03 12:00:00,14,Татнефть-АЗС-015,6.658198586546907,shop_total_revenue,Выручка магазина,baseline_hgb_v2
2024-01-03 13:00:00,14,Татнефть-АЗС-015,6.658198586546907,shop_total_revenue,Выручка магазина,baseline_hgb_v2
2024-01-03 14:00:00,14,Татнефть-АЗС-015,1.6270293034095535,shop_total_revenue,Выручка магазина,baseline_hgb_v2
2024-01-03 15:00:00,14,Татнефть-АЗС-015,-0.3160561910538156,shop_total_revenue,Выручка магазина,baseline_hgb_v2
2024-01-03 16:00:00,14,Татнефть-АЗС-015,-0.5117460977916832,shop_total_revenue,Выручка магазина,baseline_hgb_v2
2024-01-03 17:00:00,14,Татнефть-АЗС-015,133.81458611904307,shop_total_revenue,Выручка магазина,baseline_hgb_v2
2024-01-03 18:00:00,14,Татнефть-АЗС-015,560.4311037850323,shop_total_revenue,Выручка магазина,baseline_hgb_v2
2024-01-03 19:00:00,14,Татнефть-АЗС-015,609.0943110796923,shop_total_revenue,Выручка магазина,baseline_hgb_v2
2024-01-03 20:00:00,14,Татнефть-АЗС-015,-0.5117460977916832,shop_total_revenue,Выручка магазина,baseline_hgb_v2
2024-01-03 21:00:00,14,Татнефть-АЗС-015,-0.25765673775261216,shop_total_revenue,Выручка магазина,baseline_hgb_v2
2024-01-03 22:00:00,14,Татнефть-АЗС-015,-0.5117460977916832,shop_total_revenue,Выручка магазина,baseline_hgb_v2
2024-01-03 23:00:00,14,Татнефть-АЗС-015,-0.3160561910538156,shop_total_revenue,Выручка магазина,baseline_hgb_v2
2024-01-04 00:00:00,14,Татнефть-АЗС-015,-0.011653584905752894,shop_total_revenue,Выручка магазина,baseline_hgb_v2
2024-01-04 01:00:00,14,Татнефть-АЗС-015,-0.14736092378197074,shop_total_revenue,Выручка магазина,baseline_hgb_v2
2024-01-04 02:00:00,14,Татнефть-АЗС-015,-0.011653584905752894,shop_total_revenue,Выручка магазина,baseline_hgb_v2
2024-01-04 03:00:00,14,Татнефть-АЗС-015,-0.011653584905752894,shop_total_revenue,Выручка магазина,baseline_hgb_v2
2024-01-04 04:00:00,14,Татнефть-АЗС-015,-0.011653584905752894,shop_total_revenue,Выручка магазина,baseline_hgb_v2
2024-01-04 05:00:00,14,Татнефть-АЗС-015,-0.011653584905752894,shop_total_revenue,Выручка магазина,baseline_hgb_v2
2024-01-04 06:00:00,14,Татнефть-АЗС-015,6.199519249417865,shop_total_revenue,Выручка магазина,baseline_hgb_v2
2024-01-04 07:00:00,14,Татнефть-АЗС-015,719.5689388228441,shop_total_revenue,Выручка магазина,baseline_hgb_v2
2024-01-04 08:00:00,14,Татнефть-АЗС-015,671.0803801868383,shop_total_revenue,Выручка магазина,baseline_hgb_v2
2024-01-04 09:00:00,14,Татнефть-АЗС-015,640.4113876729705,shop_total_revenue,Выручка магазина,baseline_hgb_v2
2024-01-04 10:00:00,14,Татнефть-АЗС-015,-0.011653584905752894,shop_total_revenue,Выручка магазина,baseline_hgb_v2
2024-01-04 11:00:00,14,Татнефть-АЗС-015,-0.011653584905752894,shop_total_revenue,Выручка магазина,baseline_hgb_v2
2024-01-04 12:00:00,14,Татнефть-АЗС-015,6.658198586546907,shop_total_revenue,Выручка магазина,baseline_hgb_v2
2024-01-04 13:00:00,14,Татнефть-АЗС-015,7.176324849437281,shop_total_revenue,Выручка магазина,baseline_hgb_v2
2024-01-04 14:00:00,14,Татнефть-АЗС-015,6.658198586546907,shop_total_revenue,Выручка магазина,baseline_hgb_v2
2024-01-04 15:00:00,14,Татнефть-АЗС-015,-0.3160561910538156,shop_total_revenue,Выручка магазина,baseline_hgb_v2
2024-01-04 16:00:00,14,Татнефть-АЗС-015,-0.3160561910538156,shop_total_revenue,Выручка магазина,baseline_hgb_v2
2024-01-04 17:00:00,14,Татнефть-АЗС-015,209.5538905886919,shop_total_revenue,Выручка магазина,baseline_hgb_v2
2024-01-04 18:00:00,14,Татнефть-АЗС-015,387.57084232092257,shop_total_revenue,Выручка магазина,baseline_hgb_v2
2024-01-04 19:00:00,14,Татнефть-АЗС-015,171.08252210651833,shop_total_revenue,Выручка магазина,baseline_hgb_v2
2024-01-04 20:00:00,14,Татнефть-АЗС-015,-0.25765673775261216,shop_total_revenue,Выручка магазина,baseline_hgb_v2
2024-01-04 21:00:00,14,Татнефть-АЗС-015,-0.47107221403509486,shop_total_revenue,Выручка магазина,baseline_hgb_v2
2024-01-04 22:00:00,14,Татнефть-АЗС-015,-0.3160561910538156,shop_total_revenue,Выручка магазина,baseline_hgb_v2
2024-01-04 23:00:00,14,Татнефть-АЗС-015,-0.3160561910538156,shop_total_revenue,Выручка магазина,baseline_hgb_v2
2024-01-05 00:00:00,14,Татнефть-АЗС-015,-0.011653584905752894,shop_total_revenue,Выручка магазина,baseline_hgb_v2
2024-01-05 01:00:00,14,Татнефть-АЗС-015,-0.14736092378197074,shop_total_revenue,Выручка магазина,baseline_hgb_v2
2024-01-05 02:00:00,14,Татнефть-АЗС-015,0.006071984638862248,shop_total_revenue,Выручка магазина,baseline_hgb_v2
2024-01-05 03:00:00,14,Татнефть-АЗС-015,-0.011653584905752894,shop_total_revenue,Выручка магазина,baseline_hgb_v2
2024-01-05 04:00:00,14,Татнефть-АЗС-015,-0.011653584905752894,shop_total_revenue,Выручка магазина,baseline_hgb_v2
2024-01-05 05:00:00,14,Татнефть-АЗС-015,-0.011653584905752894,shop_total_revenue,Выручка магазина,baseline_hgb_v2
2024-01-05 06:00:00,14,Татнефть-АЗС-015,10.06547566432965,shop_total_revenue,Выручка магазина,baseline_hgb_v2
2024-01-05 07:00:00,14,Татнефть-АЗС-015,361.9831226846301,shop_total_revenue,Выручка магазина,baseline_hgb_v2
2024-01-05 08:00:00,14,Татнефть-АЗС-015,715.6461827658047,shop_total_revenue,Выручка магазина,baseline_hgb_v2
2024-01-05 09:00:00,14,Татнефть-АЗС-015,389.8182292654743,shop_total_revenue,Выручка магазина,baseline_hgb_v2
2024-01-05 10:00:00,14,Татнефть-АЗС-015,9.631551605115543,shop_total_revenue,Выручка магазина,baseline_hgb_v2
2024-01-05 11:00:00,14,Татнефть-АЗС-015,-0.011653584905752894,shop_total_revenue,Выручка магазина,baseline_hgb_v2
2024-01-05 12:00:00,14,Татнефть-АЗС-015,2.3836640297815617,shop_total_revenue,Выручка магазина,baseline_hgb_v2
2024-01-05 13:00:00,14,Татнефть-АЗС-015,1.6093037338649383,shop_total_revenue,Выручка магазина,baseline_hgb_v2
2024-01-05 14:00:00,14,Татнефть-АЗС-015,6.658198586546907,shop_total_revenue,Выручка магазина,baseline_hgb_v2
2024-01-05 15:00:00,14,Татнефть-АЗС-015,-0.3160561910538156,shop_total_revenue,Выручка магазина,baseline_hgb_v2
2024-01-05 16:00:00,14,Татнефть-АЗС-015,-0.5117460977916832,shop_total_revenue,Выручка магазина,baseline_hgb_v2
2024-01-05 17:00:00,14,Татнефть-АЗС-015,556.499697390002,shop_total_revenue,Выручка магазина,baseline_hgb_v2
2024-01-05 18:00:00,14,Татнефть-АЗС-015,405.5914793106605,shop_total_revenue,Выручка магазина,baseline_hgb_v2
2024-01-05 19:00:00,14,Татнефть-АЗС-015,439.39231340652196,shop_total_revenue,Выручка магазина,baseline_hgb_v2
2024-01-05 20:00:00,14,Татнефть-АЗС-015,-0.5117460977916832,shop_total_revenue,Выручка магазина,baseline_hgb_v2
2024-01-05 21:00:00,14,Татнефть-АЗС-015,-0.5117460977916832,shop_total_revenue,Выручка магазина,baseline_hgb_v2
2024-01-05 22:00:00,14,Татнефть-АЗС-015,-0.25765673775261216,shop_total_revenue,Выручка магазина,baseline_hgb_v2
2024-01-05 23:00:00,14,Татнефть-АЗС-015,-0.3160561910538156,shop_total_revenue,Выручка магазина,baseline_hgb_v2
2024-01-06 00:00:00,14,Татнефть-АЗС-015,-0.7005553952414325,shop_total_revenue,Выручка магазина,baseline_hgb_v2
2024-01-06 01:00:00,14,Татнефть-АЗС-015,-0.7005553952414325,shop_total_revenue,Выручка магазина,baseline_hgb_v2
2024-01-06 02:00:00,14,Татнефть-АЗС-015,-0.7005553952414325,shop_total_revenue,Выручка магазина,baseline_hgb_v2
2024-01-06 03:00:00,14,Татнефть-АЗС-015,-0.5648480563652148,shop_total_revenue,Выручка магазина,baseline_hgb_v2
2024-01-06 04:00:00,14,Татнефть-АЗС-015,-0.5648480563652148,shop_total_revenue,Выручка магазина,baseline_hgb_v2
2024-01-06 05:00:00,14,Татнефть-АЗС-015,-0.7005553952414325,shop_total_revenue,Выручка магазина,baseline_hgb_v2
2024-01-06 06:00:00,14,Татнефть-АЗС-015,-0.5648480563652148,shop_total_revenue,Выручка магазина,baseline_hgb_v2
2024-01-06 07:00:00,14,Татнефть-АЗС-015,242.19923018370412,shop_total_revenue,Выручка магазина,baseline_hgb_v2
2024-01-06 08:00:00,14,Татнефть-АЗС-015,627.6927615967384,shop_total_revenue,Выручка магазина,baseline_hgb_v2
2024-01-06 09:00:00,14,Татнефть-АЗС-015,493.4632881865507,shop_total_revenue,Выручка магазина,baseline_hgb_v2
2024-01-06 10:00:00,14,Татнефть-АЗС-015,-0.5648480563652148,shop_total_revenue,Выручка магазина,baseline_hgb_v2
2024-01-06 11:00:00,14,Татнефть-АЗС-015,-0.7005553952414325,shop_total_revenue,Выручка магазина,baseline_hgb_v2
2024-01-06 12:00:00,14,Татнефть-АЗС-015,1.0561092624054764,shop_total_revenue,Выручка магазина,baseline_hgb_v2
2024-01-06 13:00:00,14,Татнефть-АЗС-015,1.8481951278667146,shop_total_revenue,Выручка магазина,baseline_hgb_v2
2024-01-06 14:00:00,14,Татнефть-АЗС-015,1.8481951278667146,shop_total_revenue,Выручка магазина,baseline_hgb_v2
2024-01-06 15:00:00,14,Татнефть-АЗС-015,-1.0649405692511449,shop_total_revenue,Выручка магазина,baseline_hgb_v2
2024-01-06 16:00:00,14,Татнефть-АЗС-015,-0.8692506625132776,shop_total_revenue,Выручка магазина,baseline_hgb_v2
2024-01-06 17:00:00,14,Татнефть-АЗС-015,400.6270328063085,shop_total_revenue,Выручка магазина,baseline_hgb_v2
2024-01-06 18:00:00,14,Татнефть-АЗС-015,288.9053268822031,shop_total_revenue,Выручка магазина,baseline_hgb_v2
2024-01-06 19:00:00,14,Татнефть-АЗС-015,264.34178999201475,shop_total_revenue,Выручка магазина,baseline_hgb_v2
2024-01-06 20:00:00,14,Татнефть-АЗС-015,-0.8692506625132776,shop_total_revenue,Выручка магазина,baseline_hgb_v2
2024-01-06 21:00:00,14,Татнефть-АЗС-015,-0.8692506625132776,shop_total_revenue,Выручка магазина,baseline_hgb_v2
2024-01-06 22:00:00,14,Татнефть-АЗС-015,-0.8692506625132776,shop_total_revenue,Выручка магазина,baseline_hgb_v2
2024-01-06 23:00:00,14,Татнефть-АЗС-015,-1.0649405692511449,shop_total_revenue,Выручка магазина,baseline_hgb_v2
2024-01-07 00:00:00,14,Татнефть-АЗС-015,-0.7005553952414325,shop_total_revenue,Выручка магазина,baseline_hgb_v2
2024-01-07 01:00:00,14,Татнефть-АЗС-015,-0.5648480563652148,shop_total_revenue,Выручка магазина,baseline_hgb_v2
2024-01-07 02:00:00,14,Татнефть-АЗС-015,-0.7005553952414325,shop_total_revenue,Выручка магазина,baseline_hgb_v2
2024-01-07 03:00:00,14,Татнефть-АЗС-015,-0.5648480563652148,shop_total_revenue,Выручка магазина,baseline_hgb_v2
2024-01-07 04:00:00,14,Татнефть-АЗС-015,-0.5648480563652148,shop_total_revenue,Выручка магазина,baseline_hgb_v2
2024-01-07 05:00:00,14,Татнефть-АЗС-015,-0.7005553952414325,shop_total_revenue,Выручка магазина,baseline_hgb_v2
2024-01-07 06:00:00,14,Татнефть-АЗС-015,0.7349538291212405,shop_total_revenue,Выручка магазина,baseline_hgb_v2
2024-01-07 07:00:00,14,Татнефть-АЗС-015,208.6877843130084,shop_total_revenue,Выручка магазина,baseline_hgb_v2
2024-01-07 08:00:00,14,Татнефть-АЗС-015,254.45553404370156,shop_total_revenue,Выручка магазина,baseline_hgb_v2
2024-01-07 09:00:00,14,Татнефть-АЗС-015,530.4805608947045,shop_total_revenue,Выручка магазина,baseline_hgb_v2
2024-01-07 10:00:00,14,Татнефть-АЗС-015,0.004996767352646985,shop_total_revenue,Выручка магазина,baseline_hgb_v2
2024-01-07 11:00:00,14,Татнефть-АЗС-015,-0.5648480563652148,shop_total_revenue,Выручка магазина,baseline_hgb_v2
2024-01-07 12:00:00,14,Татнефть-АЗС-015,1.8481951278667146,shop_total_revenue,Выручка магазина,baseline_hgb_v2
2024-01-07 13:00:00,14,Татнефть-АЗС-015,2.5814503276320506,shop_total_revenue,Выручка магазина,baseline_hgb_v2
2024-01-07 14:00:00,14,Татнефть-АЗС-015,1.0561092624054764,shop_total_revenue,Выручка магазина,baseline_hgb_v2
2024-01-07 15:00:00,14,Татнефть-АЗС-015,-1.0649405692511449,shop_total_revenue,Выручка магазина,baseline_hgb_v2
2024-01-07 16:00:00,14,Татнефть-АЗС-015,-1.0649405692511449,shop_total_revenue,Выручка магазина,baseline_hgb_v2
2024-01-07 17:00:00,14,Татнефть-АЗС-015,290.9509637236192,shop_total_revenue,Выручка магазина,baseline_hgb_v2
2024-01-07 18:00:00,14,Татнефть-АЗС-015,300.2248124881188,shop_total_revenue,Выручка магазина,baseline_hgb_v2
2024-01-07 19:00:00,14,Татнефть-АЗС-015,204.39490760705786,shop_total_revenue,Выручка магазина,baseline_hgb_v2
2024-01-07 20:00:00,14,Татнефть-АЗС-015,-0.8692506625132776,shop_total_revenue,Выручка магазина,baseline_hgb_v2
2024-01-07 21:00:00,14,Татнефть-АЗС-015,-1.0649405692511449,shop_total_revenue,Выручка магазина,baseline_hgb_v2
2024-01-07 22:00:00,14,Татнефть-АЗС-015,-1.0649405692511449,shop_total_revenue,Выручка магазина,baseline_hgb_v2
2024-01-07 23:00:00,14,Татнефть-АЗС-015,-1.0649405692511449,shop_total_revenue,Выручка магазина,baseline_hgb_v2
2024-01-01 00:00:00,15,Татнефть-АЗС-016,-1.0021826983397233,shop_total_revenue,Выручка магазина,baseline_hgb_v2
2024-01-01 01:00:00,15,Татнефть-АЗС-016,-1.0021826983397233,shop_total_revenue,Выручка магазина,baseline_hgb_v2
2024-01-01 02:00:00,15,Татнефть-АЗС-016,-1.0021826983397233,shop_total_revenue,Выручка магазина,baseline_hgb_v2
2024-01-01 03:00:00,15,Татнефть-АЗС-016,-0.84874978991889,shop_total_revenue,Выручка магазина,baseline_hgb_v2
2024-01-01 04:00:00,15,Татнефть-АЗС-016,-1.0021826983397233,shop_total_revenue,Выручка магазина,baseline_hgb_v2
2024-01-01 05:00:00,15,Татнефть-АЗС-016,-0.8664753594635053,shop_total_revenue,Выручка магазина,baseline_hgb_v2
2024-01-01 06:00:00,15,Татнефть-АЗС-016,-1.0021826983397233,shop_total_revenue,Выручка магазина,baseline_hgb_v2
2024-01-01 07:00:00,15,Татнефть-АЗС-016,0.4161635940342078,shop_total_revenue,Выручка магазина,baseline_hgb_v2
2024-01-01 08:00:00,15,Татнефть-АЗС-016,201.17978427151257,shop_total_revenue,Выручка магазина,baseline_hgb_v2
2024-01-01 09:00:00,15,Татнефть-АЗС-016,-0.06326951433064576,shop_total_revenue,Выручка магазина,baseline_hgb_v2
2024-01-01 10:00:00,15,Татнефть-АЗС-016,-0.84874978991889,shop_total_revenue,Выручка магазина,baseline_hgb_v2
2024-01-01 11:00:00,15,Татнефть-АЗС-016,-1.0021826983397233,shop_total_revenue,Выручка магазина,baseline_hgb_v2
2024-01-01 12:00:00,15,Татнефть-АЗС-016,1.5465678247684216,shop_total_revenue,Выручка магазина,baseline_hgb_v2
2024-01-01 13:00:00,15,Татнефть-АЗС-016,1.5465678247684216,shop_total_revenue,Выручка магазина,baseline_hgb_v2
2024-01-01 14:00:00,15,Татнефть-АЗС-016,0.7722075288518,shop_total_revenue,Выручка магазина,baseline_hgb_v2
2024-01-01 15:00:00,15,Татнефть-АЗС-016,-1.3665678723494357,shop_total_revenue,Выручка магазина,baseline_hgb_v2
2024-01-01 16:00:00,15,Татнефть-АЗС-016,-1.1708779656115682,shop_total_revenue,Выручка магазина,baseline_hgb_v2
2024-01-01 17:00:00,15,Татнефть-АЗС-016,3.994373322063324,shop_total_revenue,Выручка магазина,baseline_hgb_v2
2024-01-01 18:00:00,15,Татнефть-АЗС-016,230.0802882200347,shop_total_revenue,Выручка магазина,baseline_hgb_v2
2024-01-01 19:00:00,15,Татнефть-АЗС-016,213.5543611530342,shop_total_revenue,Выручка магазина,baseline_hgb_v2
2024-01-01 20:00:00,15,Татнефть-АЗС-016,-1.4086331126660556,shop_total_revenue,Выручка магазина,baseline_hgb_v2
2024-01-01 21:00:00,15,Татнефть-АЗС-016,-1.1708779656115682,shop_total_revenue,Выручка магазина,baseline_hgb_v2
2024-01-01 22:00:00,15,Татнефть-АЗС-016,-1.3665678723494357,shop_total_revenue,Выручка магазина,baseline_hgb_v2
2024-01-01 23:00:00,15,Татнефть-АЗС-016,-1.3665678723494357,shop_total_revenue,Выручка магазина,baseline_hgb_v2
2024-01-02 00:00:00,15,Татнефть-АЗС-016,-1.0021826983397233,shop_total_revenue,Выручка магазина,baseline_hgb_v2
2024-01-02 01:00:00,15,Татнефть-АЗС-016,-0.8664753594635053,shop_total_revenue,Выручка магазина,baseline_hgb_v2
2024-01-02 02:00:00,15,Татнефть-АЗС-016,-1.0021826983397233,shop_total_revenue,Выручка магазина,baseline_hgb_v2
2024-01-02 03:00:00,15,Татнефть-АЗС-016,-0.8664753594635053,shop_total_revenue,Выручка магазина,baseline_hgb_v2
2024-01-02 04:00:00,15,Татнефть-АЗС-016,-1.0021826983397233,shop_total_revenue,Выручка магазина,baseline_hgb_v2
2024-01-02 05:00:00,15,Татнефть-АЗС-016,-1.0021826983397233,shop_total_revenue,Выручка магазина,baseline_hgb_v2
2024-01-02 06:00:00,15,Татнефть-АЗС-016,-0.8664753594635053,shop_total_revenue,Выручка магазина,baseline_hgb_v2
2024-01-02 07:00:00,15,Татнефть-АЗС-016,19.862693141357603,shop_total_revenue,Выручка магазина,baseline_hgb_v2
2024-01-02 08:00:00,15,Татнефть-АЗС-016,67.32817012136057,shop_total_revenue,Выручка магазина,baseline_hgb_v2
2024-01-02 09:00:00,15,Татнефть-АЗС-016,204.24911457003495,shop_total_revenue,Выручка магазина,baseline_hgb_v2
2024-01-02 10:00:00,15,Татнефть-АЗС-016,-1.0021826983397233,shop_total_revenue,Выручка магазина,baseline_hgb_v2
2024-01-02 11:00:00,15,Татнефть-АЗС-016,-1.0021826983397233,shop_total_revenue,Выручка магазина,baseline_hgb_v2
2024-01-02 12:00:00,15,Татнефть-АЗС-016,1.5465678247684216,shop_total_revenue,Выручка магазина,baseline_hgb_v2
2024-01-02 13:00:00,15,Татнефть-АЗС-016,1.5465678247684216,shop_total_revenue,Выручка магазина,baseline_hgb_v2
2024-01-02 14:00:00,15,Татнефть-АЗС-016,1.5465678247684216,shop_total_revenue,Выручка магазина,baseline_hgb_v2
2024-01-02 15:00:00,15,Татнефть-АЗС-016,-1.1708779656115682,shop_total_revenue,Выручка магазина,baseline_hgb_v2
2024-01-02 16:00:00,15,Татнефть-АЗС-016,-1.1708779656115682,shop_total_revenue,Выручка магазина,baseline_hgb_v2
2024-01-02 17:00:00,15,Татнефть-АЗС-016,2.7198570308092833,shop_total_revenue,Выручка магазина,baseline_hgb_v2
2024-01-02 18:00:00,15,Татнефть-АЗС-016,191.00257372292964,shop_total_revenue,Выручка магазина,baseline_hgb_v2
2024-01-02 19:00:00,15,Татнефть-АЗС-016,221.21078922286475,shop_total_revenue,Выручка магазина,baseline_hgb_v2
2024-01-02 20:00:00,15,Татнефть-АЗС-016,-1.3665678723494357,shop_total_revenue,Выручка магазина,baseline_hgb_v2
2024-01-02 21:00:00,15,Татнефть-АЗС-016,-1.1708779656115682,shop_total_revenue,Выручка магазина,baseline_hgb_v2
2024-01-02 22:00:00,15,Татнефть-АЗС-016,-1.153152396066953,shop_total_revenue,Выручка магазина,baseline_hgb_v2
2024-01-02 23:00:00,15,Татнефть-АЗС-016,-1.3665678723494357,shop_total_revenue,Выручка магазина,baseline_hgb_v2
2024-01-03 00:00:00,15,Татнефть-АЗС-016,-1.0442479386563432,shop_total_revenue,Выручка магазина,baseline_hgb_v2
2024-01-03 01:00:00,15,Татнефть-АЗС-016,-0.84874978991889,shop_total_revenue,Выручка магазина,baseline_hgb_v2
2024-01-03 02:00:00,15,Татнефть-АЗС-016,-0.8664753594635053,shop_total_revenue,Выручка магазина,baseline_hgb_v2
2024-01-03 03:00:00,15,Татнефть-АЗС-016,-1.0021826983397233,shop_total_revenue,Выручка магазина,baseline_hgb_v2
2024-01-03 04:00:00,15,Татнефть-АЗС-016,-1.0021826983397233,shop_total_revenue,Выручка магазина,baseline_hgb_v2
2024-01-03 05:00:00,15,Татнефть-АЗС-016,-1.0021826983397233,shop_total_revenue,Выручка магазина,baseline_hgb_v2
2024-01-03 06:00:00,15,Татнефть-АЗС-016,-1.0021826983397233,shop_total_revenue,Выручка магазина,baseline_hgb_v2
2024-01-03 07:00:00,15,Татнефть-АЗС-016,0.13027490992762045,shop_total_revenue,Выручка магазина,baseline_hgb_v2
2024-01-03 08:00:00,15,Татнефть-АЗС-016,3.0884165749208528,shop_total_revenue,Выручка магазина,baseline_hgb_v2
2024-01-03 09:00:00,15,Татнефть-АЗС-016,0.13027490992762045,shop_total_revenue,Выручка магазина,baseline_hgb_v2
2024-01-03 10:00:00,15,Татнефть-АЗС-016,-0.8664753594635053,shop_total_revenue,Выручка магазина,baseline_hgb_v2
2024-01-03 11:00:00,15,Татнефть-АЗС-016,-1.0199082678843385,shop_total_revenue,Выручка магазина,baseline_hgb_v2
2024-01-03 12:00:00,15,Татнефть-АЗС-016,0.7722075288518,shop_total_revenue,Выручка магазина,baseline_hgb_v2
2024-01-03 13:00:00,15,Татнефть-АЗС-016,1.5465678247684216,shop_total_revenue,Выручка магазина,baseline_hgb_v2
2024-01-03 14:00:00,15,Татнефть-АЗС-016,0.7544819593071848,shop_total_revenue,Выручка магазина,baseline_hgb_v2
2024-01-03 15:00:00,15,Татнефть-АЗС-016,-1.1708779656115682,shop_total_revenue,Выручка магазина,baseline_hgb_v2
2024-01-03 16:00:00,15,Татнефть-АЗС-016,-1.3665678723494357,shop_total_revenue,Выручка магазина,baseline_hgb_v2
2024-01-03 17:00:00,15,Татнефть-АЗС-016,217.33262232216273,shop_total_revenue,Выручка магазина,baseline_hgb_v2
2024-01-03 18:00:00,15,Татнефть-АЗС-016,68.03459287361311,shop_total_revenue,Выручка магазина,baseline_hgb_v2
2024-01-03 19:00:00,15,Татнефть-АЗС-016,220.92490053875815,shop_total_revenue,Выручка магазина,baseline_hgb_v2
2024-01-03 20:00:00,15,Татнефть-АЗС-016,-1.3665678723494357,shop_total_revenue,Выручка магазина,baseline_hgb_v2
2024-01-03 21:00:00,15,Татнефть-АЗС-016,-1.1124785123103649,shop_total_revenue,Выручка магазина,baseline_hgb_v2
2024-01-03 22:00:00,15,Татнефть-АЗС-016,-1.0947529427657496,shop_total_revenue,Выручка магазина,baseline_hgb_v2
2024-01-03 23:00:00,15,Татнефть-АЗС-016,-1.1708779656115682,shop_total_revenue,Выручка магазина,baseline_hgb_v2
2024-01-04 00:00:00,15,Татнефть-АЗС-016,-1.0021826983397233,shop_total_revenue,Выручка магазина,baseline_hgb_v2
2024-01-04 01:00:00,15,Татнефть-АЗС-016,-0.8664753594635053,shop_total_revenue,Выручка магазина,baseline_hgb_v2
2024-01-04 02:00:00,15,Татнефть-АЗС-016,-0.8664753594635053,shop_total_revenue,Выручка магазина,baseline_hgb_v2
2024-01-04 03:00:00,15,Татнефть-АЗС-016,-1.0021826983397233,shop_total_revenue,Выручка магазина,baseline_hgb_v2
2024-01-04 04:00:00,15,Татнефть-АЗС-016,-1.0021826983397233,shop_total_revenue,Выручка магазина,baseline_hgb_v2
2024-01-04 05:00:00,15,Татнефть-АЗС-016,-0.8664753594635053,shop_total_revenue,Выручка магазина,baseline_hgb_v2
2024-01-04 06:00:00,15,Татнефть-АЗС-016,-0.8664753594635053,shop_total_revenue,Выручка магазина,baseline_hgb_v2
2024-01-04 07:00:00,15,Татнефть-АЗС-016,207.89196047917554,shop_total_revenue,Выручка магазина,baseline_hgb_v2
2024-01-04 08:00:00,15,Татнефть-АЗС-016,11.716920490776099,shop_total_revenue,Выручка магазина,baseline_hgb_v2
2024-01-04 09:00:00,15,Татнефть-АЗС-016,217.53211745497183,shop_total_revenue,Выручка магазина,baseline_hgb_v2
2024-01-04 10:00:00,15,Татнефть-АЗС-016,-1.0021826983397233,shop_total_revenue,Выручка магазина,baseline_hgb_v2
2024-01-04 11:00:00,15,Татнефть-АЗС-016,-0.8664753594635053,shop_total_revenue,Выручка магазина,baseline_hgb_v2
2024-01-04 12:00:00,15,Татнефть-АЗС-016,0.7544819593071848,shop_total_revenue,Выручка магазина,baseline_hgb_v2
2024-01-04 13:00:00,15,Татнефть-АЗС-016,1.5465678247684216,shop_total_revenue,Выручка магазина,baseline_hgb_v2
2024-01-04 14:00:00,15,Татнефть-АЗС-016,0.7544819593071848,shop_total_revenue,Выручка магазина,baseline_hgb_v2
2024-01-04 15:00:00,15,Татнефть-АЗС-016,-1.1708779656115682,shop_total_revenue,Выручка магазина,baseline_hgb_v2
2024-01-04 16:00:00,15,Татнефть-АЗС-016,-1.3665678723494357,shop_total_revenue,Выручка магазина,baseline_hgb_v2
2024-01-04 17:00:00,15,Татнефть-АЗС-016,229.7943995359281,shop_total_revenue,Выручка магазина,baseline_hgb_v2
2024-01-04 18:00:00,15,Татнефть-АЗС-016,213.2684724689276,shop_total_revenue,Выручка магазина,baseline_hgb_v2
2024-01-04 19:00:00,15,Татнефть-АЗС-016,229.7943995359281,shop_total_revenue,Выручка магазина,baseline_hgb_v2
2024-01-04 20:00:00,15,Татнефть-АЗС-016,-1.1708779656115682,shop_total_revenue,Выручка магазина,baseline_hgb_v2
2024-01-04 21:00:00,15,Татнефть-АЗС-016,-1.3665678723494357,shop_total_revenue,Выручка магазина,baseline_hgb_v2
2024-01-04 22:00:00,15,Татнефть-АЗС-016,-1.1708779656115682,shop_total_revenue,Выручка магазина,baseline_hgb_v2
2024-01-04 23:00:00,15,Татнефть-АЗС-016,-1.3665678723494357,shop_total_revenue,Выручка магазина,baseline_hgb_v2
2024-01-05 00:00:00,15,Татнефть-АЗС-016,-1.0442479386563432,shop_total_revenue,Выручка магазина,baseline_hgb_v2
2024-01-05 01:00:00,15,Татнефть-АЗС-016,-1.0021826983397233,shop_total_revenue,Выручка магазина,baseline_hgb_v2
2024-01-05 02:00:00,15,Татнефть-АЗС-016,-1.0199082678843385,shop_total_revenue,Выручка магазина,baseline_hgb_v2
2024-01-05 03:00:00,15,Татнефть-АЗС-016,-0.8664753594635053,shop_total_revenue,Выручка магазина,baseline_hgb_v2
2024-01-05 04:00:00,15,Татнефть-АЗС-016,-0.84874978991889,shop_total_revenue,Выручка магазина,baseline_hgb_v2
2024-01-05 05:00:00,15,Татнефть-АЗС-016,-0.8664753594635053,shop_total_revenue,Выручка магазина,baseline_hgb_v2
2024-01-05 06:00:00,15,Татнефть-АЗС-016,-0.8664753594635053,shop_total_revenue,Выручка магазина,baseline_hgb_v2
2024-01-05 07:00:00,15,Татнефть-АЗС-016,-0.34915819843723306,shop_total_revenue,Выручка магазина,baseline_hgb_v2
2024-01-05 08:00:00,15,Татнефть-АЗС-016,0.13027490992762045,shop_total_revenue,Выручка магазина,baseline_hgb_v2
2024-01-05 09:00:00,15,Татнефть-АЗС-016,177.94619919256363,shop_total_revenue,Выручка магазина,baseline_hgb_v2
2024-01-05 10:00:00,15,Татнефть-АЗС-016,-0.8664753594635053,shop_total_revenue,Выручка магазина,baseline_hgb_v2
2024-01-05 11:00:00,15,Татнефть-АЗС-016,-1.0021826983397233,shop_total_revenue,Выручка магазина,baseline_hgb_v2
2024-01-05 12:00:00,15,Татнефть-АЗС-016,0.7544819593071848,shop_total_revenue,Выручка магазина,baseline_hgb_v2
2024-01-05 13:00:00,15,Татнефть-АЗС-016,0.7722075288518,shop_total_revenue,Выручка магазина,baseline_hgb_v2
2024-01-05 14:00:00,15,Татнефть-АЗС-016,0.7544819593071848,shop_total_revenue,Выручка магазина,baseline_hgb_v2
2024-01-05 15:00:00,15,Татнефть-АЗС-016,-1.3665678723494357,shop_total_revenue,Выручка магазина,baseline_hgb_v2
2024-01-05 16:00:00,15,Татнефть-АЗС-016,-1.1708779656115682,shop_total_revenue,Выручка магазина,baseline_hgb_v2
2024-01-05 17:00:00,15,Татнефть-АЗС-016,208.26183616034777,shop_total_revenue,Выручка магазина,baseline_hgb_v2
2024-01-05 18:00:00,15,Татнефть-АЗС-016,17.686105005312143,shop_total_revenue,Выручка магазина,baseline_hgb_v2
2024-01-05 19:00:00,15,Татнефть-АЗС-016,0.9131747516665266,shop_total_revenue,Выручка магазина,baseline_hgb_v2
2024-01-05 20:00:00,15,Татнефть-АЗС-016,-1.1708779656115682,shop_total_revenue,Выручка магазина,baseline_hgb_v2
2024-01-05 21:00:00,15,Татнефть-АЗС-016,-1.1708779656115682,shop_total_revenue,Выручка магазина,baseline_hgb_v2
2024-01-05 22:00:00,15,Татнефть-АЗС-016,-1.1708779656115682,shop_total_revenue,Выручка магазина,baseline_hgb_v2
2024-01-05 23:00:00,15,Татнефть-АЗС-016,-1.3665678723494357,shop_total_revenue,Выручка магазина,baseline_hgb_v2
2024-01-06 00:00:00,15,Татнефть-АЗС-016,-1.555377169799185,shop_total_revenue,Выручка магазина,baseline_hgb_v2
2024-01-06 01:00:00,15,Татнефть-АЗС-016,-1.4196698309229672,shop_total_revenue,Выручка магазина,baseline_hgb_v2
2024-01-06 02:00:00,15,Татнефть-АЗС-016,-1.555377169799185,shop_total_revenue,Выручка магазина,baseline_hgb_v2
2024-01-06 03:00:00,15,Татнефть-АЗС-016,-1.4196698309229672,shop_total_revenue,Выручка магазина,baseline_hgb_v2
2024-01-06 04:00:00,15,Татнефть-АЗС-016,-1.4196698309229672,shop_total_revenue,Выручка магазина,baseline_hgb_v2
2024-01-06 05:00:00,15,Татнефть-АЗС-016,-1.555377169799185,shop_total_revenue,Выручка магазина,baseline_hgb_v2
2024-01-06 06:00:00,15,Татнефть-АЗС-016,-1.555377169799185,shop_total_revenue,Выручка магазина,baseline_hgb_v2
2024-01-06 07:00:00,15,Татнефть-АЗС-016,1.8241329474845218,shop_total_revenue,Выручка магазина,baseline_hgb_v2
2024-01-06 08:00:00,15,Татнефть-АЗС-016,1.8241329474845218,shop_total_revenue,Выручка магазина,baseline_hgb_v2
2024-01-06 09:00:00,15,Татнефть-АЗС-016,1.8241329474845218,shop_total_revenue,Выручка магазина,baseline_hgb_v2
2024-01-06 10:00:00,15,Татнефть-АЗС-016,-1.555377169799185,shop_total_revenue,Выручка магазина,baseline_hgb_v2
2024-01-06 11:00:00,15,Татнефть-АЗС-016,-1.555377169799185,shop_total_revenue,Выручка магазина,baseline_hgb_v2
2024-01-06 12:00:00,15,Татнефть-АЗС-016,0.9933733533089596,shop_total_revenue,Выручка магазина,baseline_hgb_v2
2024-01-06 13:00:00,15,Татнефть-АЗС-016,0.2012874878477227,shop_total_revenue,Выручка магазина,baseline_hgb_v2
2024-01-06 14:00:00,15,Татнефть-АЗС-016,0.9933733533089596,shop_total_revenue,Выручка магазина,baseline_hgb_v2
2024-01-06 15:00:00,15,Татнефть-АЗС-016,-1.7240724370710303,shop_total_revenue,Выручка магазина,baseline_hgb_v2
2024-01-06 16:00:00,15,Татнефть-АЗС-016,-1.9197623438088975,shop_total_revenue,Выручка магазина,baseline_hgb_v2
2024-01-06 17:00:00,15,Татнефть-АЗС-016,134.59695038368028,shop_total_revenue,Выручка магазина,baseline_hgb_v2
2024-01-06 18:00:00,15,Татнефть-АЗС-016,-2.9546692651238047,shop_total_revenue,Выручка магазина,baseline_hgb_v2
2024-01-06 19:00:00,15,Татнефть-АЗС-016,56.51557456236479,shop_total_revenue,Выручка магазина,baseline_hgb_v2
2024-01-06 20:00:00,15,Татнефть-АЗС-016,-1.7240724370710303,shop_total_revenue,Выручка магазина,baseline_hgb_v2
2024-01-06 21:00:00,15,Татнефть-АЗС-016,-1.7240724370710303,shop_total_revenue,Выручка магазина,baseline_hgb_v2
2024-01-06 22:00:00,15,Татнефть-АЗС-016,-1.9197623438088975,shop_total_revenue,Выручка магазина,baseline_hgb_v2
2024-01-06 23:00:00,15,Татнефть-АЗС-016,-1.9197623438088975,shop_total_revenue,Выручка магазина,baseline_hgb_v2
2024-01-07 00:00:00,15,Татнефть-АЗС-016,-1.4196698309229672,shop_total_revenue,Выручка магазина,baseline_hgb_v2
2024-01-07 01:00:00,15,Татнефть-АЗС-016,-1.555377169799185,shop_total_revenue,Выручка магазина,baseline_hgb_v2
2024-01-07 02:00:00,15,Татнефть-АЗС-016,-1.4196698309229672,shop_total_revenue,Выручка магазина,baseline_hgb_v2
2024-01-07 03:00:00,15,Татнефть-АЗС-016,-1.555377169799185,shop_total_revenue,Выручка магазина,baseline_hgb_v2
2024-01-07 04:00:00,15,Татнефть-АЗС-016,-1.555377169799185,shop_total_revenue,Выручка магазина,baseline_hgb_v2
2024-01-07 05:00:00,15,Татнефть-АЗС-016,-1.555377169799185,shop_total_revenue,Выручка магазина,baseline_hgb_v2
2024-01-07 06:00:00,15,Татнефть-АЗС-016,-1.4196698309229672,shop_total_revenue,Выручка магазина,baseline_hgb_v2
2024-01-07 07:00:00,15,Татнефть-АЗС-016,2.4955581414017978,shop_total_revenue,Выручка магазина,baseline_hgb_v2
2024-01-07 08:00:00,15,Татнефть-АЗС-016,27.195040221773198,shop_total_revenue,Выручка магазина,baseline_hgb_v2
2024-01-07 09:00:00,15,Татнефть-АЗС-016,43.65209635301696,shop_total_revenue,Выручка магазина,baseline_hgb_v2
2024-01-07 10:00:00,15,Татнефть-АЗС-016,-1.555377169799185,shop_total_revenue,Выручка магазина,baseline_hgb_v2
2024-01-07 11:00:00,15,Татнефть-АЗС-016,-1.4196698309229672,shop_total_revenue,Выручка магазина,baseline_hgb_v2
2024-01-07 12:00:00,15,Татнефть-АЗС-016,0.9933733533089596,shop_total_revenue,Выручка магазина,baseline_hgb_v2
2024-01-07 13:00:00,15,Татнефть-АЗС-016,0.2012874878477227,shop_total_revenue,Выручка магазина,baseline_hgb_v2
2024-01-07 14:00:00,15,Татнефть-АЗС-016,0.2012874878477227,shop_total_revenue,Выручка магазина,baseline_hgb_v2
2024-01-07 15:00:00,15,Татнефть-АЗС-016,-1.7240724370710303,shop_total_revenue,Выручка магазина,baseline_hgb_v2
2024-01-07 16:00:00,15,Татнефть-АЗС-016,-1.9197623438088975,shop_total_revenue,Выручка магазина,baseline_hgb_v2
2024-01-07 17:00:00,15,Татнефть-АЗС-016,120.4840590927166,shop_total_revenue,Выручка магазина,baseline_hgb_v2
2024-01-07 18:00:00,15,Татнефть-АЗС-016,93.39494844513871,shop_total_revenue,Выручка магазина,baseline_hgb_v2
2024-01-07 19:00:00,15,Татнефть-АЗС-016,-2.9546692651238047,shop_total_revenue,Выручка магазина,baseline_hgb_v2
2024-01-07 20:00:00,15,Татнефть-АЗС-016,-1.7240724370710303,shop_total_revenue,Выручка магазина,baseline_hgb_v2
2024-01-07 21:00:00,15,Татнефть-АЗС-016,-1.9197623438088975,shop_total_revenue,Выручка магазина,baseline_hgb_v2
2024-01-07 22:00:00,15,Татнефть-АЗС-016,-1.9197623438088975,shop_total_revenue,Выручка магазина,baseline_hgb_v2
2024-01-07 23:00:00,15,Татнефть-АЗС-016,-1.9197623438088975,shop_total_revenue,Выручка магазина,baseline_hgb_v2
2024-01-01 00:00:00,16,Татнефть-АЗС-017,-0.044975954671709235,shop_total_revenue,Выручка магазина,baseline_hgb_v2
2024-01-01 01:00:00,16,Татнефть-АЗС-017,0.09073138420450864,shop_total_revenue,Выручка магазина,baseline_hgb_v2
2024-01-01 02:00:00,16,Татнефть-АЗС-017,0.09073138420450864,shop_total_revenue,Выручка магазина,baseline_hgb_v2
2024-01-01 03:00:00,16,Татнефть-АЗС-017,-0.044975954671709235,shop_total_revenue,Выручка магазина,baseline_hgb_v2
2024-01-01 04:00:00,16,Татнефть-АЗС-017,0.09073138420450864,shop_total_revenue,Выручка магазина,baseline_hgb_v2
2024-01-01 05:00:00,16,Татнефть-АЗС-017,-0.044975954671709235,shop_total_revenue,Выручка магазина,baseline_hgb_v2
2024-01-01 06:00:00,16,Татнефть-АЗС-017,10.131416146272594,shop_total_revenue,Выручка магазина,baseline_hgb_v2
2024-01-01 07:00:00,16,Татнефть-АЗС-017,350.0614265584966,shop_total_revenue,Выручка магазина,baseline_hgb_v2
2024-01-01 08:00:00,16,Татнефть-АЗС-017,367.1257684801793,shop_total_revenue,Выручка магазина,baseline_hgb_v2
2024-01-01 09:00:00,16,Татнефть-АЗС-017,751.9512227076157,shop_total_revenue,Выручка магазина,baseline_hgb_v2
2024-01-01 10:00:00,16,Татнефть-АЗС-017,-0.044975954671709235,shop_total_revenue,Выручка магазина,baseline_hgb_v2
2024-01-01 11:00:00,16,Татнефть-АЗС-017,0.09073138420450864,shop_total_revenue,Выручка магазина,baseline_hgb_v2
2024-01-01 12:00:00,16,Татнефть-АЗС-017,157.23706797518204,shop_total_revenue,Выручка магазина,baseline_hgb_v2
2024-01-01 13:00:00,16,Татнефть-АЗС-017,1.7116887029752,shop_total_revenue,Выручка магазина,baseline_hgb_v2
2024-01-01 14:00:00,16,Татнефть-АЗС-017,70.8623288295475,shop_total_revenue,Выручка магазина,baseline_hgb_v2
2024-01-01 15:00:00,16,Татнефть-АЗС-017,2.223985437007391,shop_total_revenue,Выручка магазина,baseline_hgb_v2
2024-01-01 16:00:00,16,Татнефть-АЗС-017,-0.2136712219435542,shop_total_revenue,Выручка магазина,baseline_hgb_v2
2024-01-01 17:00:00,16,Татнефть-АЗС-017,879.0367940832995,shop_total_revenue,Выручка магазина,baseline_hgb_v2
2024-01-01 18:00:00,16,Татнефть-АЗС-017,838.4794336873226,shop_total_revenue,Выручка магазина,baseline_hgb_v2
2024-01-01 19:00:00,16,Татнефть-АЗС-017,479.004156963045,shop_total_revenue,Выручка магазина,baseline_hgb_v2
2024-01-01 20:00:00,16,Татнефть-АЗС-017,-3.1166078932994754,shop_total_revenue,Выручка магазина,baseline_hgb_v2
2024-01-01 21:00:00,16,Татнефть-АЗС-017,-0.2136712219435542,shop_total_revenue,Выручка магазина,baseline_hgb_v2
2024-01-01 22:00:00,16,Татнефть-АЗС-017,-0.4093611286814219,shop_total_revenue,Выручка магазина,baseline_hgb_v2
2024-01-01 23:00:00,16,Татнефть-АЗС-017,-0.15527176864235082,shop_total_revenue,Выручка магазина,baseline_hgb_v2
2024-01-02 00:00:00,16,Татнефть-АЗС-017,-0.044975954671709235,shop_total_revenue,Выручка магазина,baseline_hgb_v2
2024-01-02 01:00:00,16,Татнефть-АЗС-017,-0.044975954671709235,shop_total_revenue,Выручка магазина,baseline_hgb_v2
2024-01-02 02:00:00,16,Татнефть-АЗС-017,-0.044975954671709235,shop_total_revenue,Выручка магазина,baseline_hgb_v2
2024-01-02 03:00:00,16,Татнефть-АЗС-017,-0.044975954671709235,shop_total_revenue,Выручка магазина,baseline_hgb_v2
2024-01-02 04:00:00,16,Татнефть-АЗС-017,-0.044975954671709235,shop_total_revenue,Выручка магазина,baseline_hgb_v2
2024-01-02 05:00:00,16,Татнефть-АЗС-017,-0.044975954671709235,shop_total_revenue,Выручка магазина,baseline_hgb_v2
2024-01-02 06:00:00,16,Татнефть-АЗС-017,0.09073138420450864,shop_total_revenue,Выручка магазина,baseline_hgb_v2
2024-01-02 07:00:00,16,Татнефть-АЗС-017,420.11636600487674,shop_total_revenue,Выручка магазина,baseline_hgb_v2
2024-01-02 08:00:00,16,Татнефть-АЗС-017,375.1041800934801,shop_total_revenue,Выручка магазина,baseline_hgb_v2
2024-01-02 09:00:00,16,Татнефть-АЗС-017,381.71738556483785,shop_total_revenue,Выручка магазина,baseline_hgb_v2
2024-01-02 10:00:00,16,Татнефть-АЗС-017,0.09073138420450864,shop_total_revenue,Выручка магазина,baseline_hgb_v2
2024-01-02 11:00:00,16,Татнефть-АЗС-017,2.2437082374498445,shop_total_revenue,Выручка магазина,baseline_hgb_v2
2024-01-02 12:00:00,16,Татнефть-АЗС-017,1.7116887029752,shop_total_revenue,Выручка магазина,baseline_hgb_v2
2024-01-02 13:00:00,16,Татнефть-АЗС-017,12.369051270491413,shop_total_revenue,Выручка магазина,baseline_hgb_v2
2024-01-02 14:00:00,16,Татнефть-АЗС-017,25.1155283508895,shop_total_revenue,Выручка магазина,baseline_hgb_v2
2024-01-02 15:00:00,16,Татнефть-АЗС-017,2.730805666166244,shop_total_revenue,Выручка магазина,baseline_hgb_v2
2024-01-02 16:00:00,16,Татнефть-АЗС-017,15.95489694367628,shop_total_revenue,Выручка магазина,baseline_hgb_v2
2024-01-02 17:00:00,16,Татнефть-АЗС-017,813.0700104579726,shop_total_revenue,Выручка магазина,baseline_hgb_v2
2024-01-02 18:00:00,16,Татнефть-АЗС-017,381.55227233618723,shop_total_revenue,Выручка магазина,baseline_hgb_v2
2024-01-02 19:00:00,16,Татнефть-АЗС-017,725.264128159914,shop_total_revenue,Выручка магазина,baseline_hgb_v2
2024-01-02 20:00:00,16,Татнефть-АЗС-017,-3.598199421679082,shop_total_revenue,Выручка магазина,baseline_hgb_v2
2024-01-02 21:00:00,16,Татнефть-АЗС-017,9.322513972976125,shop_total_revenue,Выручка магазина,baseline_hgb_v2
2024-01-02 22:00:00,16,Татнефть-АЗС-017,-0.4093611286814219,shop_total_revenue,Выручка магазина,baseline_hgb_v2
2024-01-02 23:00:00,16,Татнефть-АЗС-017,-0.4093611286814219,shop_total_revenue,Выручка магазина,baseline_hgb_v2
2024-01-03 00:00:00,16,Татнефть-АЗС-017,0.09073138420450864,shop_total_revenue,Выручка магазина,baseline_hgb_v2
2024-01-03 01:00:00,16,Татнефть-АЗС-017,0.09073138420450864,shop_total_revenue,Выручка магазина,baseline_hgb_v2
2024-01-03 02:00:00,16,Татнефть-АЗС-017,0.09073138420450864,shop_total_revenue,Выручка магазина,baseline_hgb_v2
2024-01-03 03:00:00,16,Татнефть-АЗС-017,-0.044975954671709235,shop_total_revenue,Выручка магазина,baseline_hgb_v2
2024-01-03 04:00:00,16,Татнефть-АЗС-017,-0.044975954671709235,shop_total_revenue,Выручка магазина,baseline_hgb_v2
2024-01-03 05:00:00,16,Татнефть-АЗС-017,-0.044975954671709235,shop_total_revenue,Выручка магазина,baseline_hgb_v2
2024-01-03 06:00:00,16,Татнефть-АЗС-017,10.131416146272594,shop_total_revenue,Выручка магазина,baseline_hgb_v2
2024-01-03 07:00:00,16,Татнефть-АЗС-017,818.5217005391108,shop_total_revenue,Выручка магазина,baseline_hgb_v2
2024-01-03 08:00:00,16,Татнефть-АЗС-017,715.5527725651713,shop_total_revenue,Выручка магазина,baseline_hgb_v2
2024-01-03 09:00:00,16,Татнефть-АЗС-017,726.1430170201124,shop_total_revenue,Выручка магазина,baseline_hgb_v2
2024-01-03 10:00:00,16,Татнефть-АЗС-017,12.202686247224245,shop_total_revenue,Выручка магазина,baseline_hgb_v2
2024-01-03 11:00:00,16,Татнефть-АЗС-017,4.161307931760293,shop_total_revenue,Выручка магазина,baseline_hgb_v2
2024-01-03 12:00:00,16,Татнефть-АЗС-017,1.7116887029752,shop_total_revenue,Выручка магазина,baseline_hgb_v2
2024-01-03 13:00:00,16,Татнефть-АЗС-017,109.94648422805852,shop_total_revenue,Выручка магазина,baseline_hgb_v2
2024-01-03 14:00:00,16,Татнефть-АЗС-017,1.7294142725198152,shop_total_revenue,Выручка магазина,baseline_hgb_v2
2024-01-03 15:00:00,16,Татнефть-АЗС-017,-0.2136712219435542,shop_total_revenue,Выручка магазина,baseline_hgb_v2
2024-01-03 16:00:00,16,Татнефть-АЗС-017,-0.2136712219435542,shop_total_revenue,Выручка магазина,baseline_hgb_v2
2024-01-03 17:00:00,16,Татнефть-АЗС-017,419.4089870786925,shop_total_revenue,Выручка магазина,baseline_hgb_v2
2024-01-03 18:00:00,16,Татнефть-АЗС-017,882.4284618786162,shop_total_revenue,Выручка магазина,baseline_hgb_v2
2024-01-03 19:00:00,16,Татнефть-АЗС-017,658.8270048178175,shop_total_revenue,Выручка магазина,baseline_hgb_v2
2024-01-03 20:00:00,16,Татнефть-АЗС-017,0.09281306935442418,shop_total_revenue,Выручка магазина,baseline_hgb_v2
2024-01-03 21:00:00,16,Татнефть-АЗС-017,-1.1001808129420152,shop_total_revenue,Выручка магазина,baseline_hgb_v2
2024-01-03 22:00:00,16,Татнефть-АЗС-017,-0.2136712219435542,shop_total_revenue,Выручка магазина,baseline_hgb_v2
2024-01-03 23:00:00,16,Татнефть-АЗС-017,-0.4093611286814219,shop_total_revenue,Выручка магазина,baseline_hgb_v2
2024-01-04 00:00:00,16,Татнефть-АЗС-017,-0.044975954671709235,shop_total_revenue,Выручка магазина,baseline_hgb_v2
2024-01-04 01:00:00,16,Татнефть-АЗС-017,-0.044975954671709235,shop_total_revenue,Выручка магазина,baseline_hgb_v2
2024-01-04 02:00:00,16,Татнефть-АЗС-017,-0.044975954671709235,shop_total_revenue,Выручка магазина,baseline_hgb_v2
2024-01-04 03:00:00,16,Татнефть-АЗС-017,-0.044975954671709235,shop_total_revenue,Выручка магазина,baseline_hgb_v2
2024-01-04 04:00:00,16,Татнефть-АЗС-017,-0.044975954671709235,shop_total_revenue,Выручка магазина,baseline_hgb_v2
2024-01-04 05:00:00,16,Татнефть-АЗС-017,0.09073138420450864,shop_total_revenue,Выручка магазина,baseline_hgb_v2
2024-01-04 06:00:00,16,Татнефть-АЗС-017,0.09073138420450864,shop_total_revenue,Выручка магазина,baseline_hgb_v2
2024-01-04 07:00:00,16,Татнефть-АЗС-017,715.5527725651713,shop_total_revenue,Выручка магазина,baseline_hgb_v2
2024-01-04 08:00:00,16,Татнефть-АЗС-017,790.6685801239928,shop_total_revenue,Выручка магазина,baseline_hgb_v2
2024-01-04 09:00:00,16,Татнефть-АЗС-017,726.9400690446298,shop_total_revenue,Выручка магазина,baseline_hgb_v2
2024-01-04 10:00:00,16,Татнефть-АЗС-017,0.09073138420450864,shop_total_revenue,Выручка магазина,baseline_hgb_v2
2024-01-04 11:00:00,16,Татнефть-АЗС-017,0.09073138420450864,shop_total_revenue,Выручка магазина,baseline_hgb_v2
2024-01-04 12:00:00,16,Татнефть-АЗС-017,1.7116887029752,shop_total_revenue,Выручка магазина,baseline_hgb_v2
2024-01-04 13:00:00,16,Татнефть-АЗС-017,69.73126411141756,shop_total_revenue,Выручка магазина,baseline_hgb_v2
2024-01-04 14:00:00,16,Татнефть-АЗС-017,1.7116887029752,shop_total_revenue,Выручка магазина,baseline_hgb_v2
2024-01-04 15:00:00,16,Татнефть-АЗС-017,-0.2136712219435542,shop_total_revenue,Выручка магазина,baseline_hgb_v2
2024-01-04 16:00:00,16,Татнефть-АЗС-017,2.3945732918487694,shop_total_revenue,Выручка магазина,baseline_hgb_v2
2024-01-04 17:00:00,16,Татнефть-АЗС-017,442.8374736952502,shop_total_revenue,Выручка магазина,baseline_hgb_v2
2024-01-04 18:00:00,16,Татнефть-АЗС-017,380.9838891768458,shop_total_revenue,Выручка магазина,baseline_hgb_v2
2024-01-04 19:00:00,16,Татнефть-АЗС-017,741.2136210139993,shop_total_revenue,Выручка магазина,baseline_hgb_v2
2024-01-04 20:00:00,16,Татнефть-АЗС-017,-0.2136712219435542,shop_total_revenue,Выручка магазина,baseline_hgb_v2
2024-01-04 21:00:00,16,Татнефть-АЗС-017,10.132712084989812,shop_total_revenue,Выручка магазина,baseline_hgb_v2
2024-01-04 22:00:00,16,Татнефть-АЗС-017,-0.19594565239893907,shop_total_revenue,Выручка магазина,baseline_hgb_v2
2024-01-04 23:00:00,16,Татнефть-АЗС-017,-0.4093611286814219,shop_total_revenue,Выручка магазина,baseline_hgb_v2
2024-01-05 00:00:00,16,Татнефть-АЗС-017,0.09073138420450864,shop_total_revenue,Выручка магазина,baseline_hgb_v2
2024-01-05 01:00:00,16,Татнефть-АЗС-017,-0.044975954671709235,shop_total_revenue,Выручка магазина,baseline_hgb_v2
2024-01-05 02:00:00,16,Татнефть-АЗС-017,-0.044975954671709235,shop_total_revenue,Выручка магазина,baseline_hgb_v2
2024-01-05 03:00:00,16,Татнефть-АЗС-017,0.09073138420450864,shop_total_revenue,Выручка магазина,baseline_hgb_v2
2024-01-05 04:00:00,16,Татнефть-АЗС-017,-0.044975954671709235,shop_total_revenue,Выручка магазина,baseline_hgb_v2
2024-01-05 05:00:00,16,Татнефть-АЗС-017,0.09073138420450864,shop_total_revenue,Выручка магазина,baseline_hgb_v2
2024-01-05 06:00:00,16,Татнефть-АЗС-017,0.10845695374912377,shop_total_revenue,Выручка магазина,baseline_hgb_v2
2024-01-05 07:00:00,16,Татнефть-АЗС-017,742.0483000772024,shop_total_revenue,Выручка магазина,baseline_hgb_v2
2024-01-05 08:00:00,16,Татнефть-АЗС-017,607.6593400214185,shop_total_revenue,Выручка магазина,baseline_hgb_v2
2024-01-05 09:00:00,16,Татнефть-АЗС-017,353.66654048580756,shop_total_revenue,Выручка магазина,baseline_hgb_v2
2024-01-05 10:00:00,16,Татнефть-АЗС-017,0.10845695374912377,shop_total_revenue,Выручка магазина,baseline_hgb_v2
2024-01-05 11:00:00,16,Татнефть-АЗС-017,1.3850157932309608,shop_total_revenue,Выручка магазина,baseline_hgb_v2
2024-01-05 12:00:00,16,Татнефть-АЗС-017,17.526068023339253,shop_total_revenue,Выручка магазина,baseline_hgb_v2
2024-01-05 13:00:00,16,Татнефть-АЗС-017,57.2965236908301,shop_total_revenue,Выручка магазина,baseline_hgb_v2
2024-01-05 14:00:00,16,Татнефть-АЗС-017,1.7116887029752,shop_total_revenue,Выручка магазина,baseline_hgb_v2
2024-01-05 15:00:00,16,Татнефть-АЗС-017,2.876164820228375,shop_total_revenue,Выручка магазина,baseline_hgb_v2
2024-01-05 16:00:00,16,Татнефть-АЗС-017,-0.2136712219435542,shop_total_revenue,Выручка магазина,baseline_hgb_v2
2024-01-05 17:00:00,16,Татнефть-АЗС-017,894.8324048665249,shop_total_revenue,Выручка магазина,baseline_hgb_v2
2024-01-05 18:00:00,16,Татнефть-АЗС-017,537.9130932431582,shop_total_revenue,Выручка магазина,baseline_hgb_v2
2024-01-05 19:00:00,16,Татнефть-АЗС-017,689.0022793102316,shop_total_revenue,Выручка магазина,baseline_hgb_v2
2024-01-05 20:00:00,16,Татнефть-АЗС-017,-3.598199421679082,shop_total_revenue,Выручка магазина,baseline_hgb_v2
2024-01-05 21:00:00,16,Татнефть-АЗС-017,8.599171722024867,shop_total_revenue,Выручка магазина,baseline_hgb_v2
2024-01-05 22:00:00,16,Татнефть-АЗС-017,-0.1375461990977357,shop_total_revenue,Выручка магазина,baseline_hgb_v2
2024-01-05 23:00:00,16,Татнефть-АЗС-017,-0.4093611286814219,shop_total_revenue,Выручка магазина,baseline_hgb_v2
2024-01-06 00:00:00,16,Татнефть-АЗС-017,-0.5981704261311711,shop_total_revenue,Выручка магазина,baseline_hgb_v2
2024-01-06 01:00:00,16,Татнефть-АЗС-017,-0.5981704261311711,shop_total_revenue,Выручка магазина,baseline_hgb_v2
2024-01-06 02:00:00,16,Татнефть-АЗС-017,-0.46246308725495344,shop_total_revenue,Выручка магазина,baseline_hgb_v2
2024-01-06 03:00:00,16,Татнефть-АЗС-017,-0.46246308725495344,shop_total_revenue,Выручка магазина,baseline_hgb_v2
2024-01-06 04:00:00,16,Татнефть-АЗС-017,-0.46246308725495344,shop_total_revenue,Выручка магазина,baseline_hgb_v2
2024-01-06 05:00:00,16,Татнефть-АЗС-017,-0.5981704261311711,shop_total_revenue,Выручка магазина,baseline_hgb_v2
2024-01-06 06:00:00,16,Татнефть-АЗС-017,8.413422983121311,shop_total_revenue,Выручка магазина,baseline_hgb_v2
2024-01-06 07:00:00,16,Татнефть-АЗС-017,753.981932432842,shop_total_revenue,Выручка магазина,baseline_hgb_v2
2024-01-06 08:00:00,16,Татнефть-АЗС-017,486.84365795399486,shop_total_revenue,Выручка магазина,baseline_hgb_v2
2024-01-06 09:00:00,16,Татнефть-АЗС-017,370.9419946656324,shop_total_revenue,Выручка магазина,baseline_hgb_v2
2024-01-06 10:00:00,16,Татнефть-АЗС-017,22.0481334529908,shop_total_revenue,Выручка магазина,baseline_hgb_v2
2024-01-06 11:00:00,16,Татнефть-АЗС-017,11.620884554350333,shop_total_revenue,Выручка магазина,baseline_hgb_v2
2024-01-06 12:00:00,16,Татнефть-АЗС-017,15.379737823720493,shop_total_revenue,Выручка магазина,baseline_hgb_v2
2024-01-06 13:00:00,16,Татнефть-АЗС-017,1.158494231515738,shop_total_revenue,Выручка магазина,baseline_hgb_v2
2024-01-06 14:00:00,16,Татнефть-АЗС-017,273.498305020938,shop_total_revenue,Выручка магазина,baseline_hgb_v2
2024-01-06 15:00:00,16,Татнефть-АЗС-017,4.461056019161968,shop_total_revenue,Выручка магазина,baseline_hgb_v2
2024-01-06 16:00:00,16,Татнефть-АЗС-017,7.358032282281642,shop_total_revenue,Выручка магазина,baseline_hgb_v2
2024-01-06 17:00:00,16,Татнефть-АЗС-017,1228.9437326200848,shop_total_revenue,Выручка магазина,baseline_hgb_v2
2024-01-06 18:00:00,16,Татнефть-АЗС-017,918.2818702814462,shop_total_revenue,Выручка магазина,baseline_hgb_v2
2024-01-06 19:00:00,16,Татнефть-АЗС-017,652.8648509106006,shop_total_revenue,Выручка магазина,baseline_hgb_v2
2024-01-06 20:00:00,16,Татнефть-АЗС-017,-1.3611288395245025,shop_total_revenue,Выручка магазина,baseline_hgb_v2
2024-01-06 21:00:00,16,Татнефть-АЗС-017,-4.7823789527943665,shop_total_revenue,Выручка магазина,baseline_hgb_v2
2024-01-06 22:00:00,16,Татнефть-АЗС-017,-0.7668656934030161,shop_total_revenue,Выручка магазина,baseline_hgb_v2
2024-01-06 23:00:00,16,Татнефть-АЗС-017,-0.7668656934030161,shop_total_revenue,Выручка магазина,baseline_hgb_v2
2024-01-07 00:00:00,16,Татнефть-АЗС-017,-0.46246308725495344,shop_total_revenue,Выручка магазина,baseline_hgb_v2
2024-01-07 01:00:00,16,Татнефть-АЗС-017,-0.46246308725495344,shop_total_revenue,Выручка магазина,baseline_hgb_v2
2024-01-07 02:00:00,16,Татнефть-АЗС-017,-0.6402356664477912,shop_total_revenue,Выручка магазина,baseline_hgb_v2
2024-01-07 03:00:00,16,Татнефть-АЗС-017,-0.5981704261311711,shop_total_revenue,Выручка магазина,baseline_hgb_v2
2024-01-07 04:00:00,16,Татнефть-АЗС-017,-0.4447375177103383,shop_total_revenue,Выручка магазина,baseline_hgb_v2
2024-01-07 05:00:00,16,Татнефть-АЗС-017,-0.46246308725495344,shop_total_revenue,Выручка магазина,baseline_hgb_v2
2024-01-07 06:00:00,16,Татнефть-АЗС-017,-0.46246308725495344,shop_total_revenue,Выручка магазина,baseline_hgb_v2
2024-01-07 07:00:00,16,Татнефть-АЗС-017,1090.904401229836,shop_total_revenue,Выручка магазина,baseline_hgb_v2
2024-01-07 08:00:00,16,Татнефть-АЗС-017,999.7386365850996,shop_total_revenue,Выручка магазина,baseline_hgb_v2
2024-01-07 09:00:00,16,Татнефть-АЗС-017,422.06474127880574,shop_total_revenue,Выручка магазина,baseline_hgb_v2
2024-01-07 10:00:00,16,Татнефть-АЗС-017,9.938375092601426,shop_total_revenue,Выручка магазина,baseline_hgb_v2
2024-01-07 11:00:00,16,Татнефть-АЗС-017,9.938375092601426,shop_total_revenue,Выручка магазина,baseline_hgb_v2
2024-01-07 12:00:00,16,Татнефть-АЗС-017,15.379737823720493,shop_total_revenue,Выручка магазина,baseline_hgb_v2
2024-01-07 13:00:00,16,Татнефть-АЗС-017,18.275516112219297,shop_total_revenue,Выручка магазина,baseline_hgb_v2
2024-01-07 14:00:00,16,Татнефть-АЗС-017,1.158494231515738,shop_total_revenue,Выручка магазина,baseline_hgb_v2
2024-01-07 15:00:00,16,Татнефть-АЗС-017,-0.7668656934030161,shop_total_revenue,Выручка магазина,baseline_hgb_v2
2024-01-07 16:00:00,16,Татнефть-АЗС-017,0.34454755649661734,shop_total_revenue,Выручка магазина,baseline_hgb_v2
2024-01-07 17:00:00,16,Татнефть-АЗС-017,1049.8903497184224,shop_total_revenue,Выручка магазина,baseline_hgb_v2
2024-01-07 18:00:00,16,Татнефть-АЗС-017,1114.213249696777,shop_total_revenue,Выручка магазина,baseline_hgb_v2
2024-01-07 19:00:00,16,Татнефть-АЗС-017,1115.7377091664346,shop_total_revenue,Выручка магазина,baseline_hgb_v2
2024-01-07 20:00:00,16,Татнефть-АЗС-017,6.890332455744281,shop_total_revenue,Выручка магазина,baseline_hgb_v2
2024-01-07 21:00:00,16,Татнефть-АЗС-017,-5.4100656252148545,shop_total_revenue,Выручка магазина,baseline_hgb_v2
2024-01-07 22:00:00,16,Татнефть-АЗС-017,-0.7668656934030161,shop_total_revenue,Выручка магазина,baseline_hgb_v2
2024-01-07 23:00:00,16,Татнефть-АЗС-017,-0.9625556001408833,shop_total_revenue,Выручка магазина,baseline_hgb_v2
2024-01-01 00:00:00,17,Татнефть-АЗС-018,-0.011653584905752894,shop_total_revenue,Выручка магазина,baseline_hgb_v2
2024-01-01 01:00:00,17,Татнефть-АЗС-018,0.006071984638862248,shop_total_revenue,Выручка магазина,baseline_hgb_v2
2024-01-01 02:00:00,17,Татнефть-АЗС-018,-0.14736092378197074,shop_total_revenue,Выручка магазина,baseline_hgb_v2
2024-01-01 03:00:00,17,Татнефть-АЗС-018,-0.011653584905752894,shop_total_revenue,Выручка магазина,baseline_hgb_v2
2024-01-01 04:00:00,17,Татнефть-АЗС-018,-0.011653584905752894,shop_total_revenue,Выручка магазина,baseline_hgb_v2
2024-01-01 05:00:00,17,Татнефть-АЗС-018,-0.011653584905752894,shop_total_revenue,Выручка магазина,baseline_hgb_v2
2024-01-01 06:00:00,17,Татнефть-АЗС-018,-0.011653584905752894,shop_total_revenue,Выручка магазина,baseline_hgb_v2
2024-01-01 07:00:00,17,Татнефть-АЗС-018,678.5059982814146,shop_total_revenue,Выручка магазина,baseline_hgb_v2
2024-01-01 08:00:00,17,Татнефть-АЗС-018,318.53986545409015,shop_total_revenue,Выручка магазина,baseline_hgb_v2
2024-01-01 09:00:00,17,Татнефть-АЗС-018,768.3596185554696,shop_total_revenue,Выручка магазина,baseline_hgb_v2
2024-01-01 10:00:00,17,Татнефть-АЗС-018,4.548873400225722,shop_total_revenue,Выручка магазина,baseline_hgb_v2
2024-01-01 11:00:00,17,Татнефть-АЗС-018,-2.889426537682925,shop_total_revenue,Выручка магазина,baseline_hgb_v2
2024-01-01 12:00:00,17,Татнефть-АЗС-018,123.97992833742951,shop_total_revenue,Выручка магазина,baseline_hgb_v2
2024-01-01 13:00:00,17,Татнефть-АЗС-018,257.2371091417907,shop_total_revenue,Выручка магазина,baseline_hgb_v2
2024-01-01 14:00:00,17,Татнефть-АЗС-018,125.2910879149677,shop_total_revenue,Выручка магазина,baseline_hgb_v2
2024-01-01 15:00:00,17,Татнефть-АЗС-018,-0.5294716673362985,shop_total_revenue,Выручка магазина,baseline_hgb_v2
2024-01-01 16:00:00,17,Татнефть-АЗС-018,-4.350835461253572,shop_total_revenue,Выручка магазина,baseline_hgb_v2
2024-01-01 17:00:00,17,Татнефть-АЗС-018,1166.304902666305,shop_total_revenue,Выручка магазина,baseline_hgb_v2
2024-01-01 18:00:00,17,Татнефть-АЗС-018,849.4610095103748,shop_total_revenue,Выручка магазина,baseline_hgb_v2
2024-01-01 19:00:00,17,Татнефть-АЗС-018,717.6220153013659,shop_total_revenue,Выручка магазина,baseline_hgb_v2
2024-01-01 20:00:00,17,Татнефть-АЗС-018,7.364137185049816,shop_total_revenue,Выручка магазина,baseline_hgb_v2
2024-01-01 21:00:00,17,Татнефть-АЗС-018,-1.3965818933284544,shop_total_revenue,Выручка магазина,baseline_hgb_v2
2024-01-01 22:00:00,17,Татнефть-АЗС-018,-0.3160561910538156,shop_total_revenue,Выручка магазина,baseline_hgb_v2
2024-01-01 23:00:00,17,Татнефть-АЗС-018,-0.5117460977916832,shop_total_revenue,Выручка магазина,baseline_hgb_v2
2024-01-02 00:00:00,17,Татнефть-АЗС-018,-0.14736092378197074,shop_total_revenue,Выручка магазина,baseline_hgb_v2
2024-01-02 01:00:00,17,Татнефть-АЗС-018,-0.011653584905752894,shop_total_revenue,Выручка магазина,baseline_hgb_v2
2024-01-02 02:00:00,17,Татнефть-АЗС-018,-0.011653584905752894,shop_total_revenue,Выручка магазина,baseline_hgb_v2
2024-01-02 03:00:00,17,Татнефть-АЗС-018,-0.011653584905752894,shop_total_revenue,Выручка магазина,baseline_hgb_v2
2024-01-02 04:00:00,17,Татнефть-АЗС-018,-0.011653584905752894,shop_total_revenue,Выручка магазина,baseline_hgb_v2
2024-01-02 05:00:00,17,Татнефть-АЗС-018,-0.14736092378197074,shop_total_revenue,Выручка магазина,baseline_hgb_v2
2024-01-02 06:00:00,17,Татнефть-АЗС-018,-0.011653584905752894,shop_total_revenue,Выручка магазина,baseline_hgb_v2
2024-01-02 07:00:00,17,Татнефть-АЗС-018,319.7322503725796,shop_total_revenue,Выручка магазина,baseline_hgb_v2
2024-01-02 08:00:00,17,Татнефть-АЗС-018,322.29040768378144,shop_total_revenue,Выручка магазина,baseline_hgb_v2
2024-01-02 09:00:00,17,Татнефть-АЗС-018,300.1631405259064,shop_total_revenue,Выручка магазина,baseline_hgb_v2
2024-01-02 10:00:00,17,Татнефть-АЗС-018,4.548873400225722,shop_total_revenue,Выручка магазина,baseline_hgb_v2
2024-01-02 11:00:00,17,Татнефть-АЗС-018,-2.918089102733165,shop_total_revenue,Выручка магазина,baseline_hgb_v2
2024-01-02 12:00:00,17,Татнефть-АЗС-018,1.6093037338649383,shop_total_revenue,Выручка магазина,baseline_hgb_v2
2024-01-02 13:00:00,17,Татнефть-АЗС-018,1.6270293034095535,shop_total_revenue,Выручка магазина,baseline_hgb_v2
2024-01-02 14:00:00,17,Татнефть-АЗС-018,86.3654004344796,shop_total_revenue,Выручка магазина,baseline_hgb_v2
2024-01-02 15:00:00,17,Татнефть-АЗС-018,-0.3160561910538156,shop_total_revenue,Выручка магазина,baseline_hgb_v2
2024-01-02 16:00:00,17,Татнефть-АЗС-018,54.178306103763425,shop_total_revenue,Выручка магазина,baseline_hgb_v2
2024-01-02 17:00:00,17,Татнефть-АЗС-018,757.8463448264895,shop_total_revenue,Выручка магазина,baseline_hgb_v2
2024-01-02 18:00:00,17,Татнефть-АЗС-018,1274.1516553281265,shop_total_revenue,Выручка магазина,baseline_hgb_v2
2024-01-02 19:00:00,17,Татнефть-АЗС-018,939.2410550868028,shop_total_revenue,Выручка магазина,baseline_hgb_v2
2024-01-02 20:00:00,17,Татнефть-АЗС-018,-5.374147648367351,shop_total_revenue,Выручка магазина,baseline_hgb_v2
2024-01-02 21:00:00,17,Татнефть-АЗС-018,-0.5294716673362985,shop_total_revenue,Выручка магазина,baseline_hgb_v2
2024-01-02 22:00:00,17,Татнефть-АЗС-018,-0.3160561910538156,shop_total_revenue,Выручка магазина,baseline_hgb_v2
2024-01-02 23:00:00,17,Татнефть-АЗС-018,-0.3160561910538156,shop_total_revenue,Выручка магазина,baseline_hgb_v2
2024-01-03 00:00:00,17,Татнефть-АЗС-018,-0.14736092378197074,shop_total_revenue,Выручка магазина,baseline_hgb_v2
2024-01-03 01:00:00,17,Татнефть-АЗС-018,-0.011653584905752894,shop_total_revenue,Выручка магазина,baseline_hgb_v2
2024-01-03 02:00:00,17,Татнефть-АЗС-018,-0.011653584905752894,shop_total_revenue,Выручка магазина,baseline_hgb_v2
2024-01-03 03:00:00,17,Татнефть-АЗС-018,-0.011653584905752894,shop_total_revenue,Выручка магазина,baseline_hgb_v2
2024-01-03 04:00:00,17,Татнефть-АЗС-018,-0.14736092378197074,shop_total_revenue,Выручка магазина,baseline_hgb_v2
2024-01-03 05:00:00,17,Татнефть-АЗС-018,-0.14736092378197074,shop_total_revenue,Выручка магазина,baseline_hgb_v2
2024-01-03 06:00:00,17,Татнефть-АЗС-018,7.756334971454745,shop_total_revenue,Выручка магазина,baseline_hgb_v2
2024-01-03 07:00:00,17,Татнефть-АЗС-018,765.9343599996165,shop_total_revenue,Выручка магазина,baseline_hgb_v2
2024-01-03 08:00:00,17,Татнефть-АЗС-018,312.78963050828804,shop_total_revenue,Выручка магазина,baseline_hgb_v2
2024-01-03 09:00:00,17,Татнефть-АЗС-018,319.275787872368,shop_total_revenue,Выручка магазина,baseline_hgb_v2
2024-01-03 10:00:00,17,Татнефть-АЗС-018,0.31010655677178944,shop_total_revenue,Выручка магазина,baseline_hgb_v2
2024-01-03 11:00:00,17,Татнефть-АЗС-018,13.167763792778182,shop_total_revenue,Выручка магазина,baseline_hgb_v2
2024-01-03 12:00:00,17,Татнефть-АЗС-018,1.6093037338649383,shop_total_revenue,Выручка магазина,baseline_hgb_v2
2024-01-03 13:00:00,17,Татнефть-АЗС-018,66.50148416250761,shop_total_revenue,Выручка магазина,baseline_hgb_v2
2024-01-03 14:00:00,17,Татнефть-АЗС-018,30.354023785407648,shop_total_revenue,Выручка магазина,baseline_hgb_v2
2024-01-03 15:00:00,17,Татнефть-АЗС-018,-1.3150350344870252,shop_total_revenue,Выручка магазина,baseline_hgb_v2
2024-01-03 16:00:00,17,Татнефть-АЗС-018,77.33152714554406,shop_total_revenue,Выручка магазина,baseline_hgb_v2
2024-01-03 17:00:00,17,Татнефть-АЗС-018,647.2634605693826,shop_total_revenue,Выручка магазина,baseline_hgb_v2
2024-01-03 18:00:00,17,Татнефть-АЗС-018,1174.151275625669,shop_total_revenue,Выручка магазина,baseline_hgb_v2
2024-01-03 19:00:00,17,Татнефть-АЗС-018,687.4117796781284,shop_total_revenue,Выручка магазина,baseline_hgb_v2
2024-01-03 20:00:00,17,Татнефть-АЗС-018,9.540894411939602,shop_total_revenue,Выручка магазина,baseline_hgb_v2
2024-01-03 21:00:00,17,Татнефть-АЗС-018,-5.098859199518052,shop_total_revenue,Выручка магазина,baseline_hgb_v2
2024-01-03 22:00:00,17,Татнефть-АЗС-018,-0.3160561910538156,shop_total_revenue,Выручка магазина,baseline_hgb_v2
2024-01-03 23:00:00,17,Татнефть-АЗС-018,-0.2983306215092005,shop_total_revenue,Выручка магазина,baseline_hgb_v2
2024-01-04 00:00:00,17,Татнефть-АЗС-018,0.04674586839545062,shop_total_revenue,Выручка магазина,baseline_hgb_v2
2024-01-04 01:00:00,17,Татнефть-АЗС-018,-0.011653584905752894,shop_total_revenue,Выручка магазина,baseline_hgb_v2
2024-01-04 02:00:00,17,Татнефть-АЗС-018,-0.011653584905752894,shop_total_revenue,Выручка магазина,baseline_hgb_v2
2024-01-04 03:00:00,17,Татнефть-АЗС-018,-0.011653584905752894,shop_total_revenue,Выручка магазина,baseline_hgb_v2
2024-01-04 04:00:00,17,Татнефть-АЗС-018,0.006071984638862248,shop_total_revenue,Выручка магазина,baseline_hgb_v2
2024-01-04 05:00:00,17,Татнефть-АЗС-018,-0.011653584905752894,shop_total_revenue,Выручка магазина,baseline_hgb_v2
2024-01-04 06:00:00,17,Татнефть-АЗС-018,-0.011653584905752894,shop_total_revenue,Выручка магазина,baseline_hgb_v2
2024-01-04 07:00:00,17,Татнефть-АЗС-018,693.0925837831618,shop_total_revenue,Выручка магазина,baseline_hgb_v2
2024-01-04 08:00:00,17,Татнефть-АЗС-018,331.0738060516503,shop_total_revenue,Выручка магазина,baseline_hgb_v2
2024-01-04 09:00:00,17,Татнефть-АЗС-018,693.5515641243467,shop_total_revenue,Выручка магазина,baseline_hgb_v2
2024-01-04 10:00:00,17,Татнефть-АЗС-018,-2.889426537682925,shop_total_revenue,Выручка магазина,baseline_hgb_v2
2024-01-04 11:00:00,17,Татнефть-АЗС-018,-1.627432789300804,shop_total_revenue,Выручка магазина,baseline_hgb_v2
2024-01-04 12:00:00,17,Татнефть-АЗС-018,1.6270293034095535,shop_total_revenue,Выручка магазина,baseline_hgb_v2
2024-01-04 13:00:00,17,Татнефть-АЗС-018,21.137656589906186,shop_total_revenue,Выручка магазина,baseline_hgb_v2
2024-01-04 14:00:00,17,Татнефть-АЗС-018,23.174112109308464,shop_total_revenue,Выручка магазина,baseline_hgb_v2
2024-01-04 15:00:00,17,Татнефть-АЗС-018,-5.099195941608903,shop_total_revenue,Выручка магазина,baseline_hgb_v2
2024-01-04 16:00:00,17,Татнефть-АЗС-018,7.92741117767626,shop_total_revenue,Выручка магазина,baseline_hgb_v2
2024-01-04 17:00:00,17,Татнефть-АЗС-018,1192.4391219190022,shop_total_revenue,Выручка магазина,baseline_hgb_v2
2024-01-04 18:00:00,17,Татнефть-АЗС-018,1302.3235146029024,shop_total_revenue,Выручка магазина,baseline_hgb_v2
2024-01-04 19:00:00,17,Татнефть-АЗС-018,655.8578024310173,shop_total_revenue,Выручка магазина,baseline_hgb_v2
2024-01-04 20:00:00,17,Татнефть-АЗС-018,-0.575748648270607,shop_total_revenue,Выручка магазина,baseline_hgb_v2
2024-01-04 21:00:00,17,Татнефть-АЗС-018,6.751198011643257,shop_total_revenue,Выручка магазина,baseline_hgb_v2
2024-01-04 22:00:00,17,Татнефть-АЗС-018,-0.5117460977916832,shop_total_revenue,Выручка магазина,baseline_hgb_v2
2024-01-04 23:00:00,17,Татнефть-АЗС-018,-0.5117460977916832,shop_total_revenue,Выручка магазина,baseline_hgb_v2
2024-01-05 00:00:00,17,Татнефть-АЗС-018,-0.011653584905752894,shop_total_revenue,Выручка магазина,baseline_hgb_v2
2024-01-05 01:00:00,17,Татнефть-АЗС-018,-0.14736092378197074,shop_total_revenue,Выручка магазина,baseline_hgb_v2
2024-01-05 02:00:00,17,Татнефть-АЗС-018,-0.14736092378197074,shop_total_revenue,Выручка магазина,baseline_hgb_v2
2024-01-05 03:00:00,17,Татнефть-АЗС-018,-0.14736092378197074,shop_total_revenue,Выручка магазина,baseline_hgb_v2
2024-01-05 04:00:00,17,Татнефть-АЗС-018,-0.011653584905752894,shop_total_revenue,Выручка магазина,baseline_hgb_v2
2024-01-05 05:00:00,17,Татнефть-АЗС-018,-0.011653584905752894,shop_total_revenue,Выручка магазина,baseline_hgb_v2
2024-01-05 06:00:00,17,Татнефть-АЗС-018,-2.889426537682925,shop_total_revenue,Выручка магазина,baseline_hgb_v2
2024-01-05 07:00:00,17,Татнефть-АЗС-018,453.9283871031515,shop_total_revenue,Выручка магазина,baseline_hgb_v2
2024-01-05 08:00:00,17,Татнефть-АЗС-018,761.7224726314367,shop_total_revenue,Выручка магазина,baseline_hgb_v2
2024-01-05 09:00:00,17,Татнефть-АЗС-018,326.3339944505473,shop_total_revenue,Выручка магазина,baseline_hgb_v2
2024-01-05 10:00:00,17,Татнефть-АЗС-018,-2.889426537682925,shop_total_revenue,Выручка магазина,baseline_hgb_v2
2024-01-05 11:00:00,17,Татнефть-АЗС-018,-0.011653584905752894,shop_total_revenue,Выручка магазина,baseline_hgb_v2
2024-01-05 12:00:00,17,Татнефть-АЗС-018,1.6093037338649383,shop_total_revenue,Выручка магазина,baseline_hgb_v2
2024-01-05 13:00:00,17,Татнефть-АЗС-018,1.6093037338649383,shop_total_revenue,Выручка магазина,baseline_hgb_v2
2024-01-05 14:00:00,17,Татнефть-АЗС-018,48.52280875965728,shop_total_revenue,Выручка магазина,baseline_hgb_v2
2024-01-05 15:00:00,17,Татнефть-АЗС-018,7.430196431852845,shop_total_revenue,Выручка магазина,baseline_hgb_v2
2024-01-05 16:00:00,17,Татнефть-АЗС-018,46.96866590190497,shop_total_revenue,Выручка магазина,baseline_hgb_v2
2024-01-05 17:00:00,17,Татнефть-АЗС-018,623.047111143583,shop_total_revenue,Выручка магазина,baseline_hgb_v2
2024-01-05 18:00:00,17,Татнефть-АЗС-018,1416.8116910037331,shop_total_revenue,Выручка магазина,baseline_hgb_v2
2024-01-05 19:00:00,17,Татнефть-АЗС-018,1170.8837933881623,shop_total_revenue,Выручка магазина,baseline_hgb_v2
2024-01-05 20:00:00,17,Татнефть-АЗС-018,46.71883665841453,shop_total_revenue,Выручка магазина,baseline_hgb_v2
2024-01-05 21:00:00,17,Татнефть-АЗС-018,-5.099195941608903,shop_total_revenue,Выручка магазина,baseline_hgb_v2
2024-01-05 22:00:00,17,Татнефть-АЗС-018,-0.3160561910538156,shop_total_revenue,Выручка магазина,baseline_hgb_v2
2024-01-05 23:00:00,17,Татнефть-АЗС-018,-0.5117460977916832,shop_total_revenue,Выручка магазина,baseline_hgb_v2
2024-01-06 00:00:00,17,Татнефть-АЗС-018,-0.7182809647860477,shop_total_revenue,Выручка магазина,baseline_hgb_v2
2024-01-06 01:00:00,17,Татнефть-АЗС-018,-0.5471224868205997,shop_total_revenue,Выручка магазина,baseline_hgb_v2
2024-01-06 02:00:00,17,Татнефть-АЗС-018,-0.5648480563652148,shop_total_revenue,Выручка магазина,baseline_hgb_v2
2024-01-06 03:00:00,17,Татнефть-АЗС-018,-0.5648480563652148,shop_total_revenue,Выручка магазина,baseline_hgb_v2
2024-01-06 04:00:00,17,Татнефть-АЗС-018,-0.7005553952414325,shop_total_revenue,Выручка магазина,baseline_hgb_v2
2024-01-06 05:00:00,17,Татнефть-АЗС-018,-0.5648480563652148,shop_total_revenue,Выручка магазина,baseline_hgb_v2
2024-01-06 06:00:00,17,Татнефть-АЗС-018,-0.5648480563652148,shop_total_revenue,Выручка магазина,baseline_hgb_v2
2024-01-06 07:00:00,17,Татнефть-АЗС-018,971.1604475502054,shop_total_revenue,Выручка магазина,baseline_hgb_v2
2024-01-06 08:00:00,17,Татнефть-АЗС-018,437.7846945577334,shop_total_revenue,Выручка магазина,baseline_hgb_v2
2024-01-06 09:00:00,17,Татнефть-АЗС-018,730.6416028297044,shop_total_revenue,Выручка магазина,baseline_hgb_v2
2024-01-06 10:00:00,17,Татнефть-АЗС-018,-4.902355982031654,shop_total_revenue,Выручка магазина,baseline_hgb_v2
2024-01-06 11:00:00,17,Татнефть-АЗС-018,3.9516424523963667,shop_total_revenue,Выручка магазина,baseline_hgb_v2
2024-01-06 12:00:00,17,Татнефть-АЗС-018,0.18975166946652805,shop_total_revenue,Выручка магазина,baseline_hgb_v2
2024-01-06 13:00:00,17,Татнефть-АЗС-018,24.023562961232113,shop_total_revenue,Выручка магазина,baseline_hgb_v2
2024-01-06 14:00:00,17,Татнефть-АЗС-018,8.780221470222948,shop_total_revenue,Выручка магазина,baseline_hgb_v2
2024-01-06 15:00:00,17,Татнефть-АЗС-018,-8.051469400815959,shop_total_revenue,Выручка магазина,baseline_hgb_v2
2024-01-06 16:00:00,17,Татнефть-АЗС-018,155.14686622326428,shop_total_revenue,Выручка магазина,baseline_hgb_v2
2024-01-06 17:00:00,17,Татнефть-АЗС-018,940.3013032873972,shop_total_revenue,Выручка магазина,baseline_hgb_v2
2024-01-06 18:00:00,17,Татнефть-АЗС-018,1764.1819193465456,shop_total_revenue,Выручка магазина,baseline_hgb_v2
2024-01-06 19:00:00,17,Татнефть-АЗС-018,1694.6373655705709,shop_total_revenue,Выручка магазина,baseline_hgb_v2
2024-01-06 20:00:00,17,Татнефть-АЗС-018,138.13885992091252,shop_total_revenue,Выручка магазина,baseline_hgb_v2
2024-01-06 21:00:00,17,Татнефть-АЗС-018,4.484153084468554,shop_total_revenue,Выручка магазина,baseline_hgb_v2
2024-01-06 22:00:00,17,Татнефть-АЗС-018,-0.7931256396674589,shop_total_revenue,Выручка магазина,baseline_hgb_v2
2024-01-06 23:00:00,17,Татнефть-АЗС-018,-1.0649405692511449,shop_total_revenue,Выручка магазина,baseline_hgb_v2
2024-01-07 00:00:00,17,Татнефть-АЗС-018,-0.5648480563652148,shop_total_revenue,Выручка магазина,baseline_hgb_v2
2024-01-07 01:00:00,17,Татнефть-АЗС-018,-0.7005553952414325,shop_total_revenue,Выручка магазина,baseline_hgb_v2
2024-01-07 02:00:00,17,Татнефть-АЗС-018,-0.7005553952414325,shop_total_revenue,Выручка магазина,baseline_hgb_v2
2024-01-07 03:00:00,17,Татнефть-АЗС-018,-0.7005553952414325,shop_total_revenue,Выручка магазина,baseline_hgb_v2
2024-01-07 04:00:00,17,Татнефть-АЗС-018,-0.5064486030640113,shop_total_revenue,Выручка магазина,baseline_hgb_v2
2024-01-07 05:00:00,17,Татнефть-АЗС-018,-0.5648480563652148,shop_total_revenue,Выручка магазина,baseline_hgb_v2
2024-01-07 06:00:00,17,Татнефть-АЗС-018,-6.3886491903910745,shop_total_revenue,Выручка магазина,baseline_hgb_v2
2024-01-07 07:00:00,17,Татнефть-АЗС-018,439.7051878154425,shop_total_revenue,Выручка магазина,baseline_hgb_v2
2024-01-07 08:00:00,17,Татнефть-АЗС-018,962.7009550495268,shop_total_revenue,Выручка магазина,baseline_hgb_v2
2024-01-07 09:00:00,17,Татнефть-АЗС-018,954.4612371206308,shop_total_revenue,Выручка магазина,baseline_hgb_v2
2024-01-07 10:00:00,17,Татнефть-АЗС-018,-3.3454259524520884,shop_total_revenue,Выручка магазина,baseline_hgb_v2
2024-01-07 11:00:00,17,Татнефть-АЗС-018,-6.053999168108447,shop_total_revenue,Выручка магазина,baseline_hgb_v2
2024-01-07 12:00:00,17,Татнефть-АЗС-018,1.0561092624054764,shop_total_revenue,Выручка магазина,baseline_hgb_v2
2024-01-07 13:00:00,17,Татнефть-АЗС-018,1.0561092624054764,shop_total_revenue,Выручка магазина,baseline_hgb_v2
2024-01-07 14:00:00,17,Татнефть-АЗС-018,8.780221470222948,shop_total_revenue,Выручка магазина,baseline_hgb_v2
2024-01-07 15:00:00,17,Татнефть-АЗС-018,-0.18776646101197905,shop_total_revenue,Выручка магазина,baseline_hgb_v2
2024-01-07 16:00:00,17,Татнефть-АЗС-018,199.6576320823266,shop_total_revenue,Выручка магазина,baseline_hgb_v2
2024-01-07 17:00:00,17,Татнефть-АЗС-018,731.5948568157809,shop_total_revenue,Выручка магазина,baseline_hgb_v2
2024-01-07 18:00:00,17,Татнефть-АЗС-018,1027.7615364019605,shop_total_revenue,Выручка магазина,baseline_hgb_v2
2024-01-07 19:00:00,17,Татнефть-АЗС-018,1673.3702030582924,shop_total_revenue,Выручка магазина,baseline_hgb_v2
2024-01-07 20:00:00,17,Татнефть-АЗС-018,-4.460434011580542,shop_total_revenue,Выручка магазина,baseline_hgb_v2
2024-01-07 21:00:00,17,Татнефть-АЗС-018,-3.513656968318559,shop_total_revenue,Выручка магазина,baseline_hgb_v2
2024-01-07 22:00:00,17,Татнефть-АЗС-018,-1.0649405692511449,shop_total_revenue,Выручка магазина,baseline_hgb_v2
2024-01-07 23:00:00,17,Татнефть-АЗС-018,-0.8692506625132776,shop_total_revenue,Выручка магазина,baseline_hgb_v2
2024-01-01 00:00:00,18,Татнефть-АЗС-019,-0.7205942532067664,shop_total_revenue,Выручка магазина,baseline_hgb_v2
2024-01-01 01:00:00,18,Татнефть-АЗС-019,-0.8563015920829843,shop_total_revenue,Выручка магазина,baseline_hgb_v2
2024-01-01 02:00:00,18,Татнефть-АЗС-019,-0.7205942532067664,shop_total_revenue,Выручка магазина,baseline_hgb_v2
2024-01-01 03:00:00,18,Татнефть-АЗС-019,-0.8563015920829843,shop_total_revenue,Выручка магазина,baseline_hgb_v2
2024-01-01 04:00:00,18,Татнефть-АЗС-019,-0.8563015920829843,shop_total_revenue,Выручка магазина,baseline_hgb_v2
2024-01-01 05:00:00,18,Татнефть-АЗС-019,-0.8563015920829843,shop_total_revenue,Выручка магазина,baseline_hgb_v2
2024-01-01 06:00:00,18,Татнефть-АЗС-019,-1.415893473124643,shop_total_revenue,Выручка магазина,baseline_hgb_v2
2024-01-01 07:00:00,18,Татнефть-АЗС-019,143.97751057545722,shop_total_revenue,Выручка магазина,baseline_hgb_v2
2024-01-01 08:00:00,18,Татнефть-АЗС-019,155.57362158346464,shop_total_revenue,Выручка магазина,baseline_hgb_v2
2024-01-01 09:00:00,18,Татнефть-АЗС-019,149.71126076643048,shop_total_revenue,Выручка магазина,baseline_hgb_v2
2024-01-01 10:00:00,18,Татнефть-АЗС-019,-0.7028686836621512,shop_total_revenue,Выручка магазина,baseline_hgb_v2
2024-01-01 11:00:00,18,Татнефть-АЗС-019,-0.7205942532067664,shop_total_revenue,Выручка магазина,baseline_hgb_v2
2024-01-01 12:00:00,18,Татнефть-АЗС-019,1.3086571982093473,shop_total_revenue,Выручка магазина,baseline_hgb_v2
2024-01-01 13:00:00,18,Татнефть-АЗС-019,1.0761632137897694,shop_total_revenue,Выручка магазина,baseline_hgb_v2
2024-01-01 14:00:00,18,Татнефть-АЗС-019,1.0938887833343847,shop_total_revenue,Выручка магазина,baseline_hgb_v2
2024-01-01 15:00:00,18,Татнефть-АЗС-019,-1.3964380054500996,shop_total_revenue,Выручка магазина,baseline_hgb_v2
2024-01-01 16:00:00,18,Татнефть-АЗС-019,-1.7832882939658639,shop_total_revenue,Выручка магазина,baseline_hgb_v2
2024-01-01 17:00:00,18,Татнефть-АЗС-019,273.5827357477184,shop_total_revenue,Выручка магазина,baseline_hgb_v2
2024-01-01 18:00:00,18,Татнефть-АЗС-019,230.65217542667693,shop_total_revenue,Выручка магазина,baseline_hgb_v2
2024-01-01 19:00:00,18,Татнефть-АЗС-019,273.89260498940297,shop_total_revenue,Выручка магазина,baseline_hgb_v2
2024-01-01 20:00:00,18,Татнефть-АЗС-019,4.687363627242574,shop_total_revenue,Выручка магазина,baseline_hgb_v2
2024-01-01 21:00:00,18,Татнефть-АЗС-019,-1.9967037702483466,shop_total_revenue,Выручка магазина,baseline_hgb_v2
2024-01-01 22:00:00,18,Татнефть-АЗС-019,-1.2414219824688202,shop_total_revenue,Выручка магазина,baseline_hgb_v2
2024-01-01 23:00:00,18,Татнефть-АЗС-019,-1.4371118892066876,shop_total_revenue,Выручка магазина,baseline_hgb_v2
2024-01-02 00:00:00,18,Татнефть-АЗС-019,-0.8563015920829843,shop_total_revenue,Выручка магазина,baseline_hgb_v2
2024-01-02 01:00:00,18,Татнефть-АЗС-019,-0.8563015920829843,shop_total_revenue,Выручка магазина,baseline_hgb_v2
2024-01-02 02:00:00,18,Татнефть-АЗС-019,-0.8563015920829843,shop_total_revenue,Выручка магазина,baseline_hgb_v2
2024-01-02 03:00:00,18,Татнефть-АЗС-019,-0.7205942532067664,shop_total_revenue,Выручка магазина,baseline_hgb_v2
2024-01-02 04:00:00,18,Татнефть-АЗС-019,-0.7205942532067664,shop_total_revenue,Выручка магазина,baseline_hgb_v2
2024-01-02 05:00:00,18,Татнефть-АЗС-019,-0.8563015920829843,shop_total_revenue,Выручка магазина,baseline_hgb_v2
2024-01-02 06:00:00,18,Татнефть-АЗС-019,-0.7205942532067664,shop_total_revenue,Выручка магазина,baseline_hgb_v2
2024-01-02 07:00:00,18,Татнефть-АЗС-019,55.74906816672378,shop_total_revenue,Выручка магазина,baseline_hgb_v2
2024-01-02 08:00:00,18,Татнефть-АЗС-019,171.02827081958395,shop_total_revenue,Выручка магазина,baseline_hgb_v2
2024-01-02 09:00:00,18,Татнефть-АЗС-019,56.80919929004169,shop_total_revenue,Выручка магазина,baseline_hgb_v2
2024-01-02 10:00:00,18,Татнефть-АЗС-019,-0.7205942532067664,shop_total_revenue,Выручка магазина,baseline_hgb_v2
2024-01-02 11:00:00,18,Татнефть-АЗС-019,-1.415893473124643,shop_total_revenue,Выручка магазина,baseline_hgb_v2
2024-01-02 12:00:00,18,Татнефть-АЗС-019,1.0761632137897694,shop_total_revenue,Выручка магазина,baseline_hgb_v2
2024-01-02 13:00:00,18,Татнефть-АЗС-019,1.3086571982093473,shop_total_revenue,Выручка магазина,baseline_hgb_v2
2024-01-02 14:00:00,18,Татнефть-АЗС-019,1.8682490792510065,shop_total_revenue,Выручка магазина,baseline_hgb_v2
2024-01-02 15:00:00,18,Татнефть-АЗС-019,-1.4371118892066876,shop_total_revenue,Выручка магазина,baseline_hgb_v2
2024-01-02 16:00:00,18,Татнефть-АЗС-019,-1.176875528713063,shop_total_revenue,Выручка магазина,baseline_hgb_v2
2024-01-02 17:00:00,18,Татнефть-АЗС-019,273.89260498940297,shop_total_revenue,Выручка магазина,baseline_hgb_v2
2024-01-02 18:00:00,18,Татнефть-АЗС-019,133.19542287814565,shop_total_revenue,Выручка магазина,baseline_hgb_v2
2024-01-02 19:00:00,18,Татнефть-АЗС-019,149.0030804681434,shop_total_revenue,Выручка магазина,baseline_hgb_v2
2024-01-02 20:00:00,18,Татнефть-АЗС-019,5.292711736400028,shop_total_revenue,Выручка магазина,baseline_hgb_v2
2024-01-02 21:00:00,18,Татнефть-АЗС-019,-1.9967037702483466,shop_total_revenue,Выручка магазина,baseline_hgb_v2
2024-01-02 22:00:00,18,Татнефть-АЗС-019,-1.4371118892066876,shop_total_revenue,Выручка магазина,baseline_hgb_v2
2024-01-02 23:00:00,18,Татнефть-АЗС-019,-1.4371118892066876,shop_total_revenue,Выручка магазина,baseline_hgb_v2
2024-01-03 00:00:00,18,Татнефть-АЗС-019,-1.047571674207351,shop_total_revenue,Выручка магазина,baseline_hgb_v2
2024-01-03 01:00:00,18,Татнефть-АЗС-019,-1.047571674207351,shop_total_revenue,Выручка магазина,baseline_hgb_v2
2024-01-03 02:00:00,18,Татнефть-АЗС-019,-1.047571674207351,shop_total_revenue,Выручка магазина,baseline_hgb_v2
2024-01-03 03:00:00,18,Татнефть-АЗС-019,-1.047571674207351,shop_total_revenue,Выручка магазина,baseline_hgb_v2
2024-01-03 04:00:00,18,Татнефть-АЗС-019,-0.9118643353311335,shop_total_revenue,Выручка магазина,baseline_hgb_v2
2024-01-03 05:00:00,18,Татнефть-АЗС-019,-0.9118643353311335,shop_total_revenue,Выручка магазина,baseline_hgb_v2
2024-01-03 06:00:00,18,Татнефть-АЗС-019,-2.042861905307249,shop_total_revenue,Выручка магазина,baseline_hgb_v2
2024-01-03 07:00:00,18,Татнефть-АЗС-019,137.67565067996546,shop_total_revenue,Выручка магазина,baseline_hgb_v2
2024-01-03 08:00:00,18,Татнефть-АЗС-019,35.35663197216443,shop_total_revenue,Выручка магазина,baseline_hgb_v2
2024-01-03 09:00:00,18,Татнефть-АЗС-019,47.872576362541785,shop_total_revenue,Выручка магазина,baseline_hgb_v2
2024-01-03 10:00:00,18,Татнефть-АЗС-019,-2.042861905307249,shop_total_revenue,Выручка магазина,baseline_hgb_v2
2024-01-03 11:00:00,18,Татнефть-АЗС-019,-0.9118643353311335,shop_total_revenue,Выручка магазина,baseline_hgb_v2
2024-01-03 12:00:00,18,Татнефть-АЗС-019,0.8848931316654023,shop_total_revenue,Выручка магазина,baseline_hgb_v2
2024-01-03 13:00:00,18,Татнефть-АЗС-019,0.8848931316654023,shop_total_revenue,Выручка магазина,baseline_hgb_v2
2024-01-03 14:00:00,18,Татнефть-АЗС-019,0.8848931316654023,shop_total_revenue,Выручка магазина,baseline_hgb_v2
2024-01-03 15:00:00,18,Татнефть-АЗС-019,-1.4326920645931875,shop_total_revenue,Выручка магазина,baseline_hgb_v2
2024-01-03 16:00:00,18,Татнефть-АЗС-019,1.7890145642747948,shop_total_revenue,Выручка магазина,baseline_hgb_v2
2024-01-03 17:00:00,18,Татнефть-АЗС-019,107.41077135691492,shop_total_revenue,Выручка магазина,baseline_hgb_v2
2024-01-03 18:00:00,18,Татнефть-АЗС-019,186.7157235484162,shop_total_revenue,Выручка магазина,baseline_hgb_v2
2024-01-03 19:00:00,18,Татнефть-АЗС-019,242.93429600431807,shop_total_revenue,Выручка магазина,baseline_hgb_v2
2024-01-03 20:00:00,18,Татнефть-АЗС-019,1.7890145642747948,shop_total_revenue,Выручка магазина,baseline_hgb_v2
2024-01-03 21:00:00,18,Татнефть-АЗС-019,-2.623672202430951,shop_total_revenue,Выручка магазина,baseline_hgb_v2
2024-01-03 22:00:00,18,Татнефть-АЗС-019,-1.4326920645931875,shop_total_revenue,Выручка магазина,baseline_hgb_v2
2024-01-03 23:00:00,18,Татнефть-АЗС-019,-1.6283819713310546,shop_total_revenue,Выручка магазина,baseline_hgb_v2
2024-01-04 00:00:00,18,Татнефть-АЗС-019,-0.9118643353311335,shop_total_revenue,Выручка магазина,baseline_hgb_v2
2024-01-04 01:00:00,18,Татнефть-АЗС-019,-0.9118643353311335,shop_total_revenue,Выручка магазина,baseline_hgb_v2
2024-01-04 02:00:00,18,Татнефть-АЗС-019,-0.8941387657865183,shop_total_revenue,Выручка магазина,baseline_hgb_v2
2024-01-04 03:00:00,18,Татнефть-АЗС-019,-0.9118643353311335,shop_total_revenue,Выручка магазина,baseline_hgb_v2
2024-01-04 04:00:00,18,Татнефть-АЗС-019,-0.9118643353311335,shop_total_revenue,Выручка магазина,baseline_hgb_v2
2024-01-04 05:00:00,18,Татнефть-АЗС-019,-1.047571674207351,shop_total_revenue,Выручка магазина,baseline_hgb_v2
2024-01-04 06:00:00,18,Татнефть-АЗС-019,-2.042861905307249,shop_total_revenue,Выручка магазина,baseline_hgb_v2
2024-01-04 07:00:00,18,Татнефть-АЗС-019,146.97984985778203,shop_total_revenue,Выручка магазина,baseline_hgb_v2
2024-01-04 08:00:00,18,Татнефть-АЗС-019,149.633632178205,shop_total_revenue,Выручка магазина,baseline_hgb_v2
2024-01-04 09:00:00,18,Татнефть-АЗС-019,142.6627609972907,shop_total_revenue,Выручка магазина,baseline_hgb_v2
2024-01-04 10:00:00,18,Татнефть-АЗС-019,-0.8941387657865183,shop_total_revenue,Выручка магазина,baseline_hgb_v2
2024-01-04 11:00:00,18,Татнефть-АЗС-019,-1.0776745097098335,shop_total_revenue,Выручка магазина,baseline_hgb_v2
2024-01-04 12:00:00,18,Татнефть-АЗС-019,0.8848931316654023,shop_total_revenue,Выручка магазина,baseline_hgb_v2
2024-01-04 13:00:00,18,Татнефть-АЗС-019,0.6816887660267427,shop_total_revenue,Выручка магазина,baseline_hgb_v2
2024-01-04 14:00:00,18,Татнефть-АЗС-019,0.8848931316654023,shop_total_revenue,Выручка магазина,baseline_hgb_v2
2024-01-04 15:00:00,18,Татнефть-АЗС-019,-1.4326920645931875,shop_total_revenue,Выручка магазина,baseline_hgb_v2
2024-01-04 16:00:00,18,Татнефть-АЗС-019,1.7890145642747948,shop_total_revenue,Выручка магазина,baseline_hgb_v2
2024-01-04 17:00:00,18,Татнефть-АЗС-019,173.01930484150748,shop_total_revenue,Выручка магазина,baseline_hgb_v2
2024-01-04 18:00:00,18,Татнефть-АЗС-019,126.20606457921046,shop_total_revenue,Выручка магазина,baseline_hgb_v2
2024-01-04 19:00:00,18,Татнефть-АЗС-019,235.50247239459515,shop_total_revenue,Выручка магазина,baseline_hgb_v2
2024-01-04 20:00:00,18,Татнефть-АЗС-019,-2.1400763352131436,shop_total_revenue,Выручка магазина,baseline_hgb_v2
2024-01-04 21:00:00,18,Татнефть-АЗС-019,-2.623672202430951,shop_total_revenue,Выручка магазина,baseline_hgb_v2
2024-01-04 22:00:00,18,Татнефть-АЗС-019,-1.4326920645931875,shop_total_revenue,Выручка магазина,baseline_hgb_v2
2024-01-04 23:00:00,18,Татнефть-АЗС-019,-1.6283819713310546,shop_total_revenue,Выручка магазина,baseline_hgb_v2
2024-01-05 00:00:00,18,Татнефть-АЗС-019,-0.8563015920829843,shop_total_revenue,Выручка магазина,baseline_hgb_v2
2024-01-05 01:00:00,18,Татнефть-АЗС-019,-0.7205942532067664,shop_total_revenue,Выручка магазина,baseline_hgb_v2
2024-01-05 02:00:00,18,Татнефть-АЗС-019,-0.8563015920829843,shop_total_revenue,Выручка магазина,baseline_hgb_v2
2024-01-05 03:00:00,18,Татнефть-АЗС-019,-0.8563015920829843,shop_total_revenue,Выручка магазина,baseline_hgb_v2
2024-01-05 04:00:00,18,Татнефть-АЗС-019,-0.7205942532067664,shop_total_revenue,Выручка магазина,baseline_hgb_v2
2024-01-05 05:00:00,18,Татнефть-АЗС-019,-0.7205942532067664,shop_total_revenue,Выручка магазина,baseline_hgb_v2
2024-01-05 06:00:00,18,Татнефть-АЗС-019,-0.7205942532067664,shop_total_revenue,Выручка магазина,baseline_hgb_v2
2024-01-05 07:00:00,18,Татнефть-АЗС-019,60.750927848394184,shop_total_revenue,Выручка магазина,baseline_hgb_v2
2024-01-05 08:00:00,18,Татнефть-АЗС-019,151.0495478585503,shop_total_revenue,Выручка магазина,baseline_hgb_v2
2024-01-05 09:00:00,18,Татнефть-АЗС-019,150.32460509833518,shop_total_revenue,Выручка магазина,baseline_hgb_v2
2024-01-05 10:00:00,18,Татнефть-АЗС-019,-1.415893473124643,shop_total_revenue,Выручка магазина,baseline_hgb_v2
2024-01-05 11:00:00,18,Татнефть-АЗС-019,-1.415893473124643,shop_total_revenue,Выручка магазина,baseline_hgb_v2
2024-01-05 12:00:00,18,Татнефть-АЗС-019,1.2665919578927274,shop_total_revenue,Выручка магазина,baseline_hgb_v2
2024-01-05 13:00:00,18,Татнефть-АЗС-019,1.3086571982093473,shop_total_revenue,Выручка магазина,baseline_hgb_v2
2024-01-05 14:00:00,18,Татнефть-АЗС-019,1.3086571982093473,shop_total_revenue,Выручка магазина,baseline_hgb_v2
2024-01-05 15:00:00,18,Татнефть-АЗС-019,-1.223696412924205,shop_total_revenue,Выручка магазина,baseline_hgb_v2
2024-01-05 16:00:00,18,Татнефть-АЗС-019,-1.801013863510479,shop_total_revenue,Выручка магазина,baseline_hgb_v2
2024-01-05 17:00:00,18,Татнефть-АЗС-019,321.4376018211491,shop_total_revenue,Выручка магазина,baseline_hgb_v2
2024-01-05 18:00:00,18,Татнефть-АЗС-019,321.4376018211491,shop_total_revenue,Выручка магазина,baseline_hgb_v2
2024-01-05 19:00:00,18,Татнефть-АЗС-019,203.51408208884763,shop_total_revenue,Выручка магазина,baseline_hgb_v2
2024-01-05 20:00:00,18,Татнефть-АЗС-019,-1.742614410209276,shop_total_revenue,Выручка магазина,baseline_hgb_v2
2024-01-05 21:00:00,18,Татнефть-АЗС-019,-1.9967037702483466,shop_total_revenue,Выручка магазина,baseline_hgb_v2
2024-01-05 22:00:00,18,Татнефть-АЗС-019,-1.223696412924205,shop_total_revenue,Выручка магазина,baseline_hgb_v2
2024-01-05 23:00:00,18,Татнефть-АЗС-019,-1.1652969596230016,shop_total_revenue,Выручка магазина,baseline_hgb_v2
2024-01-06 00:00:00,18,Татнефть-АЗС-019,-1.4094960635424458,shop_total_revenue,Выручка магазина,baseline_hgb_v2
2024-01-06 01:00:00,18,Татнефть-АЗС-019,-1.4094960635424458,shop_total_revenue,Выручка магазина,baseline_hgb_v2
2024-01-06 02:00:00,18,Татнефть-АЗС-019,-1.273788724666228,shop_total_revenue,Выручка магазина,baseline_hgb_v2
2024-01-06 03:00:00,18,Татнефть-АЗС-019,-1.4094960635424458,shop_total_revenue,Выручка магазина,baseline_hgb_v2
2024-01-06 04:00:00,18,Татнефть-АЗС-019,-1.273788724666228,shop_total_revenue,Выручка магазина,baseline_hgb_v2
2024-01-06 05:00:00,18,Татнефть-АЗС-019,-1.4094960635424458,shop_total_revenue,Выручка магазина,baseline_hgb_v2
2024-01-06 06:00:00,18,Татнефть-АЗС-019,-1.4094960635424458,shop_total_revenue,Выручка магазина,baseline_hgb_v2
2024-01-06 07:00:00,18,Татнефть-АЗС-019,31.82795882238952,shop_total_revenue,Выручка магазина,baseline_hgb_v2
2024-01-06 08:00:00,18,Татнефть-АЗС-019,71.3200344975526,shop_total_revenue,Выручка магазина,baseline_hgb_v2
2024-01-06 09:00:00,18,Татнефть-АЗС-019,27.522264032952013,shop_total_revenue,Выручка магазина,baseline_hgb_v2
2024-01-06 10:00:00,18,Татнефть-АЗС-019,-1.273788724666228,shop_total_revenue,Выручка магазина,baseline_hgb_v2
2024-01-06 11:00:00,18,Татнефть-АЗС-019,-1.273788724666228,shop_total_revenue,Выручка магазина,baseline_hgb_v2
2024-01-06 12:00:00,18,Татнефть-АЗС-019,0.5229687423303071,shop_total_revenue,Выручка магазина,baseline_hgb_v2
2024-01-06 13:00:00,18,Татнефть-АЗС-019,0.5229687423303071,shop_total_revenue,Выручка магазина,baseline_hgb_v2
2024-01-06 14:00:00,18,Татнефть-АЗС-019,0.5229687423303071,shop_total_revenue,Выручка магазина,baseline_hgb_v2
2024-01-06 15:00:00,18,Татнефть-АЗС-019,-1.9903063606661497,shop_total_revenue,Выручка магазина,baseline_hgb_v2
2024-01-06 16:00:00,18,Татнефть-АЗС-019,-2.295808881668737,shop_total_revenue,Выручка магазина,baseline_hgb_v2
2024-01-06 17:00:00,18,Татнефть-АЗС-019,117.76903979276236,shop_total_revenue,Выручка магазина,baseline_hgb_v2
2024-01-06 18:00:00,18,Татнефть-АЗС-019,93.73878344047539,shop_total_revenue,Выручка магазина,baseline_hgb_v2
2024-01-06 19:00:00,18,Татнефть-АЗС-019,152.23933542388986,shop_total_revenue,Выручка магазина,baseline_hgb_v2
2024-01-06 20:00:00,18,Татнефть-АЗС-019,-2.549898241707808,shop_total_revenue,Выручка магазина,baseline_hgb_v2
2024-01-06 21:00:00,18,Татнефть-АЗС-019,-1.9903063606661497,shop_total_revenue,Выручка магазина,baseline_hgb_v2
2024-01-06 22:00:00,18,Татнефть-АЗС-019,-1.7362170006270787,shop_total_revenue,Выручка магазина,baseline_hgb_v2
2024-01-06 23:00:00,18,Татнефть-АЗС-019,-1.9903063606661497,shop_total_revenue,Выручка магазина,baseline_hgb_v2
2024-01-07 00:00:00,18,Татнефть-АЗС-019,-1.273788724666228,shop_total_revenue,Выручка магазина,baseline_hgb_v2
2024-01-07 01:00:00,18,Татнефть-АЗС-019,-1.273788724666228,shop_total_revenue,Выручка магазина,baseline_hgb_v2
2024-01-07 02:00:00,18,Татнефть-АЗС-019,-1.273788724666228,shop_total_revenue,Выручка магазина,baseline_hgb_v2
2024-01-07 03:00:00,18,Татнефть-АЗС-019,-1.2560631551216128,shop_total_revenue,Выручка магазина,baseline_hgb_v2
2024-01-07 04:00:00,18,Татнефть-АЗС-019,-1.273788724666228,shop_total_revenue,Выручка магазина,baseline_hgb_v2
2024-01-07 05:00:00,18,Татнефть-АЗС-019,-1.4094960635424458,shop_total_revenue,Выручка магазина,baseline_hgb_v2
2024-01-07 06:00:00,18,Татнефть-АЗС-019,-1.4094960635424458,shop_total_revenue,Выручка магазина,baseline_hgb_v2
2024-01-07 07:00:00,18,Татнефть-АЗС-019,95.83187852602721,shop_total_revenue,Выручка магазина,baseline_hgb_v2
2024-01-07 08:00:00,18,Татнефть-АЗС-019,23.20906842983709,shop_total_revenue,Выручка магазина,baseline_hgb_v2
2024-01-07 09:00:00,18,Татнефть-АЗС-019,23.20906842983709,shop_total_revenue,Выручка магазина,baseline_hgb_v2
2024-01-07 10:00:00,18,Татнефть-АЗС-019,-1.273788724666228,shop_total_revenue,Выручка магазина,baseline_hgb_v2
2024-01-07 11:00:00,18,Татнефть-АЗС-019,-1.4094960635424458,shop_total_revenue,Выручка магазина,baseline_hgb_v2
2024-01-07 12:00:00,18,Татнефть-АЗС-019,1.3150546077915444,shop_total_revenue,Выручка магазина,baseline_hgb_v2
2024-01-07 13:00:00,18,Татнефть-АЗС-019,1.3150546077915444,shop_total_revenue,Выручка магазина,baseline_hgb_v2
2024-01-07 14:00:00,18,Татнефть-АЗС-019,0.5229687423303071,shop_total_revenue,Выручка магазина,baseline_hgb_v2
2024-01-07 15:00:00,18,Татнефть-АЗС-019,-1.9903063606661497,shop_total_revenue,Выручка магазина,baseline_hgb_v2
2024-01-07 16:00:00,18,Татнефть-АЗС-019,-5.801709915047583,shop_total_revenue,Выручка магазина,baseline_hgb_v2
2024-01-07 17:00:00,18,Татнефть-АЗС-019,250.9060668610573,shop_total_revenue,Выручка магазина,baseline_hgb_v2
2024-01-07 18:00:00,18,Татнефть-АЗС-019,110.79902141190965,shop_total_revenue,Выручка магазина,baseline_hgb_v2
2024-01-07 19:00:00,18,Татнефть-АЗС-019,117.76903979276236,shop_total_revenue,Выручка магазина,baseline_hgb_v2
2024-01-07 20:00:00,18,Татнефть-АЗС-019,-1.5847108461103943,shop_total_revenue,Выручка магазина,baseline_hgb_v2
2024-01-07 21:00:00,18,Татнефть-АЗС-019,-1.9903063606661497,shop_total_revenue,Выручка магазина,baseline_hgb_v2
2024-01-07 22:00:00,18,Татнефть-АЗС-019,-1.9903063606661497,shop_total_revenue,Выручка магазина,baseline_hgb_v2
2024-01-07 23:00:00,18,Татнефть-АЗС-019,-1.794616453928282,shop_total_revenue,Выручка магазина,baseline_hgb_v2
2024-01-01 00:00:00,19,Татнефть-АЗС-020,-0.0014798175252316887,shop_total_revenue,Выручка магазина,baseline_hgb_v2
2024-01-01 01:00:00,19,Татнефть-АЗС-020,0.13422752135098623,shop_total_revenue,Выручка магазина,baseline_hgb_v2
2024-01-01 02:00:00,19,Татнефть-АЗС-020,-0.0014798175252316887,shop_total_revenue,Выручка магазина,baseline_hgb_v2
2024-01-01 03:00:00,19,Татнефть-АЗС-020,-0.0014798175252316887,shop_total_revenue,Выручка магазина,baseline_hgb_v2
2024-01-01 04:00:00,19,Татнефть-АЗС-020,-0.01920538706984683,shop_total_revenue,Выручка магазина,baseline_hgb_v2
2024-01-01 05:00:00,19,Татнефть-АЗС-020,0.13422752135098623,shop_total_revenue,Выручка магазина,baseline_hgb_v2
2024-01-01 06:00:00,19,Татнефть-АЗС-020,8.285701592688973,shop_total_revenue,Выручка магазина,baseline_hgb_v2
2024-01-01 07:00:00,19,Татнефть-АЗС-020,126.62668439197411,shop_total_revenue,Выручка магазина,baseline_hgb_v2
2024-01-01 08:00:00,19,Татнефть-АЗС-020,121.49074238293888,shop_total_revenue,Выручка магазина,baseline_hgb_v2
2024-01-01 09:00:00,19,Татнефть-АЗС-020,130.0044331400548,shop_total_revenue,Выручка магазина,baseline_hgb_v2
2024-01-01 10:00:00,19,Татнефть-АЗС-020,-0.01920538706984683,shop_total_revenue,Выручка магазина,baseline_hgb_v2
2024-01-01 11:00:00,19,Татнефть-АЗС-020,0.13422752135098623,shop_total_revenue,Выручка магазина,baseline_hgb_v2
2024-01-01 12:00:00,19,Татнефть-АЗС-020,1.9309849883475232,shop_total_revenue,Выручка магазина,baseline_hgb_v2
2024-01-01 13:00:00,19,Татнефть-АЗС-020,2.723070853808761,shop_total_revenue,Выручка магазина,baseline_hgb_v2
2024-01-01 14:00:00,19,Татнефть-АЗС-020,1.9309849883475232,shop_total_revenue,Выручка магазина,baseline_hgb_v2
2024-01-01 15:00:00,19,Татнефть-АЗС-020,-0.5822901146489352,shop_total_revenue,Выручка магазина,baseline_hgb_v2
2024-01-01 16:00:00,19,Татнефть-АЗС-020,-0.5822901146489352,shop_total_revenue,Выручка магазина,baseline_hgb_v2
2024-01-01 17:00:00,19,Татнефть-АЗС-020,53.238532196876974,shop_total_revenue,Выручка магазина,baseline_hgb_v2
2024-01-01 18:00:00,19,Татнефть-АЗС-020,31.888731258953758,shop_total_revenue,Выручка магазина,baseline_hgb_v2
2024-01-01 19:00:00,19,Татнефть-АЗС-020,120.30542740105514,shop_total_revenue,Выручка магазина,baseline_hgb_v2
2024-01-01 20:00:00,19,Татнефть-АЗС-020,-0.3866002079110674,shop_total_revenue,Выручка магазина,baseline_hgb_v2
2024-01-01 21:00:00,19,Татнефть-АЗС-020,-0.5822901146489352,shop_total_revenue,Выручка магазина,baseline_hgb_v2
2024-01-01 22:00:00,19,Татнефть-АЗС-020,-0.5822901146489352,shop_total_revenue,Выручка магазина,baseline_hgb_v2
2024-01-01 23:00:00,19,Татнефть-АЗС-020,-0.5822901146489352,shop_total_revenue,Выручка магазина,baseline_hgb_v2
2024-01-02 00:00:00,19,Татнефть-АЗС-020,0.13422752135098623,shop_total_revenue,Выручка магазина,baseline_hgb_v2
2024-01-02 01:00:00,19,Татнефть-АЗС-020,-0.0014798175252316887,shop_total_revenue,Выручка магазина,baseline_hgb_v2
2024-01-02 02:00:00,19,Татнефть-АЗС-020,0.13422752135098623,shop_total_revenue,Выручка магазина,baseline_hgb_v2
2024-01-02 03:00:00,19,Татнефть-АЗС-020,0.13422752135098623,shop_total_revenue,Выручка магазина,baseline_hgb_v2
2024-01-02 04:00:00,19,Татнефть-АЗС-020,0.13422752135098623,shop_total_revenue,Выручка магазина,baseline_hgb_v2
2024-01-02 05:00:00,19,Татнефть-АЗС-020,-0.0014798175252316887,shop_total_revenue,Выручка магазина,baseline_hgb_v2
2024-01-02 06:00:00,19,Татнефть-АЗС-020,10.162346755896284,shop_total_revenue,Выручка магазина,baseline_hgb_v2
2024-01-02 07:00:00,19,Татнефть-АЗС-020,123.15463265614949,shop_total_revenue,Выручка магазина,baseline_hgb_v2
2024-01-02 08:00:00,19,Татнефть-АЗС-020,256.2548177281136,shop_total_revenue,Выручка магазина,baseline_hgb_v2
2024-01-02 09:00:00,19,Татнефть-АЗС-020,126.62668439197411,shop_total_revenue,Выручка магазина,baseline_hgb_v2
2024-01-02 10:00:00,19,Татнефть-АЗС-020,0.13422752135098623,shop_total_revenue,Выручка магазина,baseline_hgb_v2
2024-01-02 11:00:00,19,Татнефть-АЗС-020,-0.0014798175252316887,shop_total_revenue,Выручка магазина,baseline_hgb_v2
2024-01-02 12:00:00,19,Татнефть-АЗС-020,1.9487105578921384,shop_total_revenue,Выручка магазина,baseline_hgb_v2
2024-01-02 13:00:00,19,Татнефть-АЗС-020,1.9309849883475232,shop_total_revenue,Выручка магазина,baseline_hgb_v2
2024-01-02 14:00:00,19,Татнефть-АЗС-020,2.723070853808761,shop_total_revenue,Выручка магазина,baseline_hgb_v2
2024-01-02 15:00:00,19,Татнефть-АЗС-020,-0.5822901146489352,shop_total_revenue,Выручка магазина,baseline_hgb_v2
2024-01-02 16:00:00,19,Татнефть-АЗС-020,-0.32820075460986387,shop_total_revenue,Выручка магазина,baseline_hgb_v2
2024-01-02 17:00:00,19,Татнефть-АЗС-020,208.55768403081984,shop_total_revenue,Выручка магазина,baseline_hgb_v2
2024-01-02 18:00:00,19,Татнефть-АЗС-020,147.9403602173179,shop_total_revenue,Выручка магазина,baseline_hgb_v2
2024-01-02 19:00:00,19,Татнефть-АЗС-020,177.58138796915696,shop_total_revenue,Выручка магазина,baseline_hgb_v2
2024-01-02 20:00:00,19,Татнефть-АЗС-020,-0.3866002079110674,shop_total_revenue,Выручка магазина,baseline_hgb_v2
2024-01-02 21:00:00,19,Татнефть-АЗС-020,-0.5822901146489352,shop_total_revenue,Выручка магазина,baseline_hgb_v2
2024-01-02 22:00:00,19,Татнефть-АЗС-020,-0.5822901146489352,shop_total_revenue,Выручка магазина,baseline_hgb_v2
2024-01-02 23:00:00,19,Татнефть-АЗС-020,-0.5822901146489352,shop_total_revenue,Выручка магазина,baseline_hgb_v2
2024-01-03 00:00:00,19,Татнефть-АЗС-020,0.13422752135098623,shop_total_revenue,Выручка магазина,baseline_hgb_v2
2024-01-03 01:00:00,19,Татнефть-АЗС-020,-0.0014798175252316887,shop_total_revenue,Выручка магазина,baseline_hgb_v2
2024-01-03 02:00:00,19,Татнефть-АЗС-020,0.19262697465218967,shop_total_revenue,Выручка магазина,baseline_hgb_v2
2024-01-03 03:00:00,19,Татнефть-АЗС-020,-0.0014798175252316887,shop_total_revenue,Выручка магазина,baseline_hgb_v2
2024-01-03 04:00:00,19,Татнефть-АЗС-020,-0.0014798175252316887,shop_total_revenue,Выручка магазина,baseline_hgb_v2
2024-01-03 05:00:00,19,Татнефть-АЗС-020,-0.0014798175252316887,shop_total_revenue,Выручка магазина,baseline_hgb_v2
2024-01-03 06:00:00,19,Татнефть-АЗС-020,0.13422752135098623,shop_total_revenue,Выручка магазина,baseline_hgb_v2
2024-01-03 07:00:00,19,Татнефть-АЗС-020,264.7053388227647,shop_total_revenue,Выручка магазина,baseline_hgb_v2
2024-01-03 08:00:00,19,Татнефть-АЗС-020,139.54649775551312,shop_total_revenue,Выручка магазина,baseline_hgb_v2
2024-01-03 09:00:00,19,Татнефть-АЗС-020,218.72759218221725,shop_total_revenue,Выручка магазина,baseline_hgb_v2
2024-01-03 10:00:00,19,Татнефть-АЗС-020,0.599647852187133,shop_total_revenue,Выручка магазина,baseline_hgb_v2
2024-01-03 11:00:00,19,Татнефть-АЗС-020,0.13422752135098623,shop_total_revenue,Выручка магазина,baseline_hgb_v2
2024-01-03 12:00:00,19,Татнефть-АЗС-020,2.705345284264146,shop_total_revenue,Выручка магазина,baseline_hgb_v2
2024-01-03 13:00:00,19,Татнефть-АЗС-020,2.723070853808761,shop_total_revenue,Выручка магазина,baseline_hgb_v2
2024-01-03 14:00:00,19,Татнефть-АЗС-020,1.9309849883475232,shop_total_revenue,Выручка магазина,baseline_hgb_v2
2024-01-03 15:00:00,19,Татнефть-АЗС-020,-0.5822901146489352,shop_total_revenue,Выручка магазина,baseline_hgb_v2
2024-01-03 16:00:00,19,Татнефть-АЗС-020,-0.3866002079110674,shop_total_revenue,Выручка магазина,baseline_hgb_v2
2024-01-03 17:00:00,19,Татнефть-АЗС-020,73.1748034380227,shop_total_revenue,Выручка магазина,baseline_hgb_v2
2024-01-03 18:00:00,19,Татнефть-АЗС-020,125.63997407689276,shop_total_revenue,Выручка магазина,baseline_hgb_v2
2024-01-03 19:00:00,19,Татнефть-АЗС-020,200.45220754139274,shop_total_revenue,Выручка магазина,baseline_hgb_v2
2024-01-03 20:00:00,19,Татнефть-АЗС-020,-0.6000156841935504,shop_total_revenue,Выручка магазина,baseline_hgb_v2
2024-01-03 21:00:00,19,Татнефть-АЗС-020,-0.3866002079110674,shop_total_revenue,Выручка магазина,baseline_hgb_v2
2024-01-03 22:00:00,19,Татнефть-АЗС-020,-0.3866002079110674,shop_total_revenue,Выручка магазина,baseline_hgb_v2
2024-01-03 23:00:00,19,Татнефть-АЗС-020,-0.3866002079110674,shop_total_revenue,Выручка магазина,baseline_hgb_v2
2024-01-04 00:00:00,19,Татнефть-АЗС-020,0.13422752135098623,shop_total_revenue,Выручка магазина,baseline_hgb_v2
2024-01-04 01:00:00,19,Татнефть-АЗС-020,0.13422752135098623,shop_total_revenue,Выручка магазина,baseline_hgb_v2
2024-01-04 02:00:00,19,Татнефть-АЗС-020,-0.0014798175252316887,shop_total_revenue,Выручка магазина,baseline_hgb_v2
2024-01-04 03:00:00,19,Татнефть-АЗС-020,-0.0014798175252316887,shop_total_revenue,Выручка магазина,baseline_hgb_v2
2024-01-04 04:00:00,19,Татнефть-АЗС-020,0.13422752135098623,shop_total_revenue,Выручка магазина,baseline_hgb_v2
2024-01-04 05:00:00,19,Татнефть-АЗС-020,-0.0014798175252316887,shop_total_revenue,Выручка магазина,baseline_hgb_v2
2024-01-04 06:00:00,19,Татнефть-АЗС-020,10.162346755896284,shop_total_revenue,Выручка магазина,baseline_hgb_v2
2024-01-04 07:00:00,19,Татнефть-АЗС-020,155.3541553455108,shop_total_revenue,Выручка магазина,baseline_hgb_v2
2024-01-04 08:00:00,19,Татнефть-АЗС-020,283.2110191916335,shop_total_revenue,Выручка магазина,baseline_hgb_v2
2024-01-04 09:00:00,19,Татнефть-АЗС-020,155.3541553455108,shop_total_revenue,Выручка магазина,baseline_hgb_v2
2024-01-04 10:00:00,19,Татнефть-АЗС-020,0.13422752135098623,shop_total_revenue,Выручка магазина,baseline_hgb_v2
2024-01-04 11:00:00,19,Татнефть-АЗС-020,0.13422752135098623,shop_total_revenue,Выручка магазина,baseline_hgb_v2
2024-01-04 12:00:00,19,Татнефть-АЗС-020,1.9309849883475232,shop_total_revenue,Выручка магазина,baseline_hgb_v2
2024-01-04 13:00:00,19,Татнефть-АЗС-020,1.9309849883475232,shop_total_revenue,Выручка магазина,baseline_hgb_v2
2024-01-04 14:00:00,19,Татнефть-АЗС-020,2.723070853808761,shop_total_revenue,Выручка магазина,baseline_hgb_v2
2024-01-04 15:00:00,19,Татнефть-АЗС-020,-0.3866002079110674,shop_total_revenue,Выручка магазина,baseline_hgb_v2
2024-01-04 16:00:00,19,Татнефть-АЗС-020,-0.32820075460986387,shop_total_revenue,Выручка магазина,baseline_hgb_v2
2024-01-04 17:00:00,19,Татнефть-АЗС-020,181.70340038280227,shop_total_revenue,Выручка магазина,baseline_hgb_v2
2024-01-04 18:00:00,19,Татнефть-АЗС-020,169.55332766556617,shop_total_revenue,Выручка магазина,baseline_hgb_v2
2024-01-04 19:00:00,19,Татнефть-АЗС-020,157.4041842009371,shop_total_revenue,Выручка магазина,baseline_hgb_v2
2024-01-04 20:00:00,19,Татнефть-АЗС-020,-0.5822901146489352,shop_total_revenue,Выручка магазина,baseline_hgb_v2
2024-01-04 21:00:00,19,Татнефть-АЗС-020,-0.6243553549655553,shop_total_revenue,Выручка магазина,baseline_hgb_v2
2024-01-04 22:00:00,19,Татнефть-АЗС-020,-0.5822901146489352,shop_total_revenue,Выручка магазина,baseline_hgb_v2
2024-01-04 23:00:00,19,Татнефть-АЗС-020,-0.5822901146489352,shop_total_revenue,Выручка магазина,baseline_hgb_v2
2024-01-05 00:00:00,19,Татнефть-АЗС-020,0.13422752135098623,shop_total_revenue,Выручка магазина,baseline_hgb_v2
2024-01-05 01:00:00,19,Татнефть-АЗС-020,-0.0014798175252316887,shop_total_revenue,Выручка магазина,baseline_hgb_v2
2024-01-05 02:00:00,19,Татнефть-АЗС-020,-0.0014798175252316887,shop_total_revenue,Выручка магазина,baseline_hgb_v2
2024-01-05 03:00:00,19,Татнефть-АЗС-020,-0.0014798175252316887,shop_total_revenue,Выручка магазина,baseline_hgb_v2
2024-01-05 04:00:00,19,Татнефть-АЗС-020,0.15195309089560136,shop_total_revenue,Выручка магазина,baseline_hgb_v2
2024-01-05 05:00:00,19,Татнефть-АЗС-020,-0.0014798175252316887,shop_total_revenue,Выручка магазина,baseline_hgb_v2
2024-01-05 06:00:00,19,Татнефть-АЗС-020,0.9342978744697609,shop_total_revenue,Выручка магазина,baseline_hgb_v2
2024-01-05 07:00:00,19,Татнефть-АЗС-020,260.1831645486878,shop_total_revenue,Выручка магазина,baseline_hgb_v2
2024-01-05 08:00:00,19,Татнефть-АЗС-020,243.24386988943328,shop_total_revenue,Выручка магазина,baseline_hgb_v2
2024-01-05 09:00:00,19,Татнефть-АЗС-020,229.181618980124,shop_total_revenue,Выручка магазина,baseline_hgb_v2
2024-01-05 10:00:00,19,Татнефть-АЗС-020,9.559184723807556,shop_total_revenue,Выручка магазина,baseline_hgb_v2
2024-01-05 11:00:00,19,Татнефть-АЗС-020,-0.0014798175252316887,shop_total_revenue,Выручка магазина,baseline_hgb_v2
2024-01-05 12:00:00,19,Татнефть-АЗС-020,2.723070853808761,shop_total_revenue,Выручка магазина,baseline_hgb_v2
2024-01-05 13:00:00,19,Татнефть-АЗС-020,1.9309849883475232,shop_total_revenue,Выручка магазина,baseline_hgb_v2
2024-01-05 14:00:00,19,Татнефть-АЗС-020,1.9309849883475232,shop_total_revenue,Выручка магазина,baseline_hgb_v2
2024-01-05 15:00:00,19,Татнефть-АЗС-020,-0.5822901146489352,shop_total_revenue,Выручка магазина,baseline_hgb_v2
2024-01-05 16:00:00,19,Татнефть-АЗС-020,-0.41262058030694726,shop_total_revenue,Выручка магазина,baseline_hgb_v2
2024-01-05 17:00:00,19,Татнефть-АЗС-020,174.5826739332749,shop_total_revenue,Выручка магазина,baseline_hgb_v2
2024-01-05 18:00:00,19,Татнефть-АЗС-020,160.11700955271257,shop_total_revenue,Выручка магазина,baseline_hgb_v2
2024-01-05 19:00:00,19,Татнефть-АЗС-020,164.3750553818514,shop_total_revenue,Выручка магазина,baseline_hgb_v2
2024-01-05 20:00:00,19,Татнефть-АЗС-020,-0.5822901146489352,shop_total_revenue,Выручка магазина,baseline_hgb_v2
2024-01-05 21:00:00,19,Татнефть-АЗС-020,-0.3866002079110674,shop_total_revenue,Выручка магазина,baseline_hgb_v2
2024-01-05 22:00:00,19,Татнефть-АЗС-020,-0.5822901146489352,shop_total_revenue,Выручка магазина,baseline_hgb_v2
2024-01-05 23:00:00,19,Татнефть-АЗС-020,-0.5822901146489352,shop_total_revenue,Выручка магазина,baseline_hgb_v2
2024-01-06 00:00:00,19,Татнефть-АЗС-020,-0.41896695010847573,shop_total_revenue,Выручка магазина,baseline_hgb_v2
2024-01-06 01:00:00,19,Татнефть-АЗС-020,-0.5546742889846937,shop_total_revenue,Выручка магазина,baseline_hgb_v2
2024-01-06 02:00:00,19,Татнефть-АЗС-020,-0.5546742889846937,shop_total_revenue,Выручка магазина,baseline_hgb_v2
2024-01-06 03:00:00,19,Татнефть-АЗС-020,-0.5546742889846937,shop_total_revenue,Выручка магазина,baseline_hgb_v2
2024-01-06 04:00:00,19,Татнефть-АЗС-020,-0.41896695010847573,shop_total_revenue,Выручка магазина,baseline_hgb_v2
2024-01-06 05:00:00,19,Татнефть-АЗС-020,-0.41896695010847573,shop_total_revenue,Выручка магазина,baseline_hgb_v2
2024-01-06 06:00:00,19,Татнефть-АЗС-020,-0.41896695010847573,shop_total_revenue,Выручка магазина,baseline_hgb_v2
2024-01-06 07:00:00,19,Татнефть-АЗС-020,197.23304055750359,shop_total_revenue,Выручка магазина,baseline_hgb_v2
2024-01-06 08:00:00,19,Татнефть-АЗС-020,213.69999468686063,shop_total_revenue,Выручка магазина,baseline_hgb_v2
2024-01-06 09:00:00,19,Татнефть-АЗС-020,89.38601529893505,shop_total_revenue,Выручка магазина,baseline_hgb_v2
2024-01-06 10:00:00,19,Татнефть-АЗС-020,-0.12745350399924507,shop_total_revenue,Выручка магазина,baseline_hgb_v2
2024-01-06 11:00:00,19,Татнефть-АЗС-020,-0.5546742889846937,shop_total_revenue,Выручка магазина,baseline_hgb_v2
2024-01-06 12:00:00,19,Татнефть-АЗС-020,1.3777905168880613,shop_total_revenue,Выручка магазина,baseline_hgb_v2
2024-01-06 13:00:00,19,Татнефть-АЗС-020,1.3777905168880613,shop_total_revenue,Выручка магазина,baseline_hgb_v2
2024-01-06 14:00:00,19,Татнефть-АЗС-020,2.169876382349299,shop_total_revenue,Выручка магазина,baseline_hgb_v2
2024-01-06 15:00:00,19,Татнефть-АЗС-020,-1.1354845861083966,shop_total_revenue,Выручка магазина,baseline_hgb_v2
2024-01-06 16:00:00,19,Татнефть-АЗС-020,-0.9397946793705297,shop_total_revenue,Выручка магазина,baseline_hgb_v2
2024-01-06 17:00:00,19,Татнефть-АЗС-020,94.54168258650058,shop_total_revenue,Выручка магазина,baseline_hgb_v2
2024-01-06 18:00:00,19,Татнефть-АЗС-020,99.1795744810435,shop_total_revenue,Выручка магазина,baseline_hgb_v2
2024-01-06 19:00:00,19,Татнефть-АЗС-020,23.711438941891103,shop_total_revenue,Выручка магазина,baseline_hgb_v2
2024-01-06 20:00:00,19,Татнефть-АЗС-020,-1.1354845861083966,shop_total_revenue,Выручка магазина,baseline_hgb_v2
2024-01-06 21:00:00,19,Татнефть-АЗС-020,-1.1354845861083966,shop_total_revenue,Выручка магазина,baseline_hgb_v2
2024-01-06 22:00:00,19,Татнефть-АЗС-020,-0.9397946793705297,shop_total_revenue,Выручка магазина,baseline_hgb_v2
2024-01-06 23:00:00,19,Татнефть-АЗС-020,-1.1354845861083966,shop_total_revenue,Выручка магазина,baseline_hgb_v2
2024-01-07 00:00:00,19,Татнефть-АЗС-020,-0.41896695010847573,shop_total_revenue,Выручка магазина,baseline_hgb_v2
2024-01-07 01:00:00,19,Татнефть-АЗС-020,-0.41896695010847573,shop_total_revenue,Выручка магазина,baseline_hgb_v2
2024-01-07 02:00:00,19,Татнефть-АЗС-020,-0.41896695010847573,shop_total_revenue,Выручка магазина,baseline_hgb_v2
2024-01-07 03:00:00,19,Татнефть-АЗС-020,-0.5546742889846937,shop_total_revenue,Выручка магазина,baseline_hgb_v2
2024-01-07 04:00:00,19,Татнефть-АЗС-020,-0.5546742889846937,shop_total_revenue,Выручка магазина,baseline_hgb_v2
2024-01-07 05:00:00,19,Татнефть-АЗС-020,-0.5546742889846937,shop_total_revenue,Выручка магазина,baseline_hgb_v2
2024-01-07 06:00:00,19,Татнефть-АЗС-020,-0.03270352457351977,shop_total_revenue,Выручка магазина,baseline_hgb_v2
2024-01-07 07:00:00,19,Татнефть-АЗС-020,182.03466206464486,shop_total_revenue,Выручка магазина,baseline_hgb_v2
2024-01-07 08:00:00,19,Татнефть-АЗС-020,170.17754394114473,shop_total_revenue,Выручка магазина,baseline_hgb_v2
2024-01-07 09:00:00,19,Татнефть-АЗС-020,88.82304285352662,shop_total_revenue,Выручка магазина,baseline_hgb_v2
2024-01-07 10:00:00,19,Татнефть-АЗС-020,0.3811034030102991,shop_total_revenue,Выручка магазина,baseline_hgb_v2
2024-01-07 11:00:00,19,Татнефть-АЗС-020,-0.5546742889846937,shop_total_revenue,Выручка магазина,baseline_hgb_v2
2024-01-07 12:00:00,19,Татнефть-АЗС-020,2.152150812804684,shop_total_revenue,Выручка магазина,baseline_hgb_v2
2024-01-07 13:00:00,19,Татнефть-АЗС-020,2.169876382349299,shop_total_revenue,Выручка магазина,baseline_hgb_v2
2024-01-07 14:00:00,19,Татнефть-АЗС-020,1.3777905168880613,shop_total_revenue,Выручка магазина,baseline_hgb_v2
2024-01-07 15:00:00,19,Татнефть-АЗС-020,-1.1354845861083966,shop_total_revenue,Выручка магазина,baseline_hgb_v2
2024-01-07 16:00:00,19,Татнефть-АЗС-020,-1.1354845861083966,shop_total_revenue,Выручка магазина,baseline_hgb_v2
2024-01-07 17:00:00,19,Татнефть-АЗС-020,101.59165746499912,shop_total_revenue,Выручка магазина,baseline_hgb_v2
2024-01-07 18:00:00,19,Татнефть-АЗС-020,134.7050782005308,shop_total_revenue,Выручка магазина,baseline_hgb_v2
2024-01-07 19:00:00,19,Татнефть-АЗС-020,27.667653247695917,shop_total_revenue,Выручка магазина,baseline_hgb_v2
2024-01-07 20:00:00,19,Татнефть-АЗС-020,-1.1354845861083966,shop_total_revenue,Выручка магазина,baseline_hgb_v2
2024-01-07 21:00:00,19,Татнефть-АЗС-020,-0.9397946793705297,shop_total_revenue,Выручка магазина,baseline_hgb_v2
2024-01-07 22:00:00,19,Татнефть-АЗС-020,-1.1354845861083966,shop_total_revenue,Выручка магазина,baseline_hgb_v2
2024-01-07 23:00:00,19,Татнефть-АЗС-020,-1.1354845861083966,shop_total_revenue,Выручка магазина,baseline_hgb_v2
2024-01-01 00:00:00,2,Татнефть-АЗС-003,-0.8664753594635053,shop_total_revenue,Выручка магазина,baseline_hgb_v2
2024-01-01 01:00:00,2,Татнефть-АЗС-003,-1.0199082678843385,shop_total_revenue,Выручка магазина,baseline_hgb_v2
2024-01-01 02:00:00,2,Татнефть-АЗС-003,-1.0021826983397233,shop_total_revenue,Выручка магазина,baseline_hgb_v2
2024-01-01 03:00:00,2,Татнефть-АЗС-003,-1.0021826983397233,shop_total_revenue,Выручка магазина,baseline_hgb_v2
2024-01-01 04:00:00,2,Татнефть-АЗС-003,-1.0021826983397233,shop_total_revenue,Выручка магазина,baseline_hgb_v2
2024-01-01 05:00:00,2,Татнефть-АЗС-003,-0.8664753594635053,shop_total_revenue,Выручка магазина,baseline_hgb_v2
2024-01-01 06:00:00,2,Татнефть-АЗС-003,-1.1011800521190107,shop_total_revenue,Выручка магазина,baseline_hgb_v2
2024-01-01 07:00:00,2,Татнефть-АЗС-003,679.3874827483899,shop_total_revenue,Выручка магазина,baseline_hgb_v2
2024-01-01 08:00:00,2,Татнефть-АЗС-003,283.58679473152915,shop_total_revenue,Выручка магазина,baseline_hgb_v2
2024-01-01 09:00:00,2,Татнефть-АЗС-003,675.2462719391128,shop_total_revenue,Выручка магазина,baseline_hgb_v2
2024-01-01 10:00:00,2,Татнефть-АЗС-003,-0.8664753594635053,shop_total_revenue,Выручка магазина,baseline_hgb_v2
2024-01-01 11:00:00,2,Татнефть-АЗС-003,-0.8664753594635053,shop_total_revenue,Выручка магазина,baseline_hgb_v2
2024-01-01 12:00:00,2,Татнефть-АЗС-003,0.5197772666516792,shop_total_revenue,Выручка магазина,baseline_hgb_v2
2024-01-01 13:00:00,2,Татнефть-АЗС-003,0.7544819593071848,shop_total_revenue,Выручка магазина,baseline_hgb_v2
2024-01-01 14:00:00,2,Татнефть-АЗС-003,5.347446399454632,shop_total_revenue,Выручка магазина,baseline_hgb_v2
2024-01-01 15:00:00,2,Татнефть-АЗС-003,-1.1708779656115682,shop_total_revenue,Выручка магазина,baseline_hgb_v2
2024-01-01 16:00:00,2,Татнефть-АЗС-003,20.407369276489042,shop_total_revenue,Выручка магазина,baseline_hgb_v2
2024-01-01 17:00:00,2,Татнефть-АЗС-003,1267.281759456191,shop_total_revenue,Выручка магазина,baseline_hgb_v2
2024-01-01 18:00:00,2,Татнефть-АЗС-003,1255.194734401172,shop_total_revenue,Выручка магазина,baseline_hgb_v2
2024-01-01 19:00:00,2,Татнефть-АЗС-003,1440.0560206443927,shop_total_revenue,Выручка магазина,baseline_hgb_v2
2024-01-01 20:00:00,2,Татнефть-АЗС-003,26.402499286908487,shop_total_revenue,Выручка магазина,baseline_hgb_v2
2024-01-01 21:00:00,2,Татнефть-АЗС-003,-1.153152396066953,shop_total_revenue,Выручка магазина,baseline_hgb_v2
2024-01-01 22:00:00,2,Татнефть-АЗС-003,-1.3665678723494357,shop_total_revenue,Выручка магазина,baseline_hgb_v2
2024-01-01 23:00:00,2,Татнефть-АЗС-003,-1.1708779656115682,shop_total_revenue,Выручка магазина,baseline_hgb_v2
2024-01-02 00:00:00,2,Татнефть-АЗС-003,-0.8664753594635053,shop_total_revenue,Выручка магазина,baseline_hgb_v2
2024-01-02 01:00:00,2,Татнефть-АЗС-003,-1.0021826983397233,shop_total_revenue,Выручка магазина,baseline_hgb_v2
2024-01-02 02:00:00,2,Татнефть-АЗС-003,-0.8664753594635053,shop_total_revenue,Выручка магазина,baseline_hgb_v2
2024-01-02 03:00:00,2,Татнефть-АЗС-003,-0.8664753594635053,shop_total_revenue,Выручка магазина,baseline_hgb_v2
2024-01-02 04:00:00,2,Татнефть-АЗС-003,-0.8664753594635053,shop_total_revenue,Выручка магазина,baseline_hgb_v2
2024-01-02 05:00:00,2,Татнефть-АЗС-003,-0.8664753594635053,shop_total_revenue,Выручка магазина,baseline_hgb_v2
2024-01-02 06:00:00,2,Татнефть-АЗС-003,4.410810160784752,shop_total_revenue,Выручка магазина,baseline_hgb_v2
2024-01-02 07:00:00,2,Татнефть-АЗС-003,323.0717676744602,shop_total_revenue,Выручка магазина,baseline_hgb_v2
2024-01-02 08:00:00,2,Татнефть-АЗС-003,611.5037026017961,shop_total_revenue,Выручка магазина,baseline_hgb_v2
2024-01-02 09:00:00,2,Татнефть-АЗС-003,285.38681992555973,shop_total_revenue,Выручка магазина,baseline_hgb_v2
2024-01-02 10:00:00,2,Татнефть-АЗС-003,-1.1011800521190107,shop_total_revenue,Выручка магазина,baseline_hgb_v2
2024-01-02 11:00:00,2,Татнефть-АЗС-003,-1.1011800521190107,shop_total_revenue,Выручка магазина,baseline_hgb_v2
2024-01-02 12:00:00,2,Татнефть-АЗС-003,25.998232014099493,shop_total_revenue,Выручка магазина,baseline_hgb_v2
2024-01-02 13:00:00,2,Татнефть-АЗС-003,0.7544819593071848,shop_total_revenue,Выручка магазина,baseline_hgb_v2
2024-01-02 14:00:00,2,Татнефть-АЗС-003,-1.7298043470641156,shop_total_revenue,Выручка магазина,baseline_hgb_v2
2024-01-02 15:00:00,2,Татнефть-АЗС-003,-1.1708779656115682,shop_total_revenue,Выручка магазина,baseline_hgb_v2
2024-01-02 16:00:00,2,Татнефть-АЗС-003,4.64726177959003,shop_total_revenue,Выручка магазина,baseline_hgb_v2
2024-01-02 17:00:00,2,Татнефть-АЗС-003,1328.2329259106498,shop_total_revenue,Выручка магазина,baseline_hgb_v2
2024-01-02 18:00:00,2,Татнефть-АЗС-003,1060.438653072804,shop_total_revenue,Выручка магазина,baseline_hgb_v2
2024-01-02 19:00:00,2,Татнефть-АЗС-003,605.7512520986522,shop_total_revenue,Выручка магазина,baseline_hgb_v2
2024-01-02 20:00:00,2,Татнефть-АЗС-003,-7.996779730724304,shop_total_revenue,Выручка магазина,baseline_hgb_v2
2024-01-02 21:00:00,2,Татнефть-АЗС-003,1.4342612644132853,shop_total_revenue,Выручка магазина,baseline_hgb_v2
2024-01-02 22:00:00,2,Татнефть-АЗС-003,-1.1708779656115682,shop_total_revenue,Выручка магазина,baseline_hgb_v2
2024-01-02 23:00:00,2,Татнефть-АЗС-003,-1.3665678723494357,shop_total_revenue,Выручка магазина,baseline_hgb_v2
2024-01-03 00:00:00,2,Татнефть-АЗС-003,-1.0021826983397233,shop_total_revenue,Выручка магазина,baseline_hgb_v2
2024-01-03 01:00:00,2,Татнефть-АЗС-003,-1.0021826983397233,shop_total_revenue,Выручка магазина,baseline_hgb_v2
2024-01-03 02:00:00,2,Татнефть-АЗС-003,-1.0021826983397233,shop_total_revenue,Выручка магазина,baseline_hgb_v2
2024-01-03 03:00:00,2,Татнефть-АЗС-003,-1.0021826983397233,shop_total_revenue,Выручка магазина,baseline_hgb_v2
2024-01-03 04:00:00,2,Татнефть-АЗС-003,-1.0021826983397233,shop_total_revenue,Выручка магазина,baseline_hgb_v2
2024-01-03 05:00:00,2,Татнефть-АЗС-003,-0.8664753594635053,shop_total_revenue,Выручка магазина,baseline_hgb_v2
2024-01-03 06:00:00,2,Татнефть-АЗС-003,-5.0674534851129485,shop_total_revenue,Выручка магазина,baseline_hgb_v2
2024-01-03 07:00:00,2,Татнефть-АЗС-003,668.2165752478014,shop_total_revenue,Выручка магазина,baseline_hgb_v2
2024-01-03 08:00:00,2,Татнефть-АЗС-003,331.95542955101126,shop_total_revenue,Выручка магазина,baseline_hgb_v2
2024-01-03 09:00:00,2,Татнефть-АЗС-003,353.5524056493964,shop_total_revenue,Выручка магазина,baseline_hgb_v2
2024-01-03 10:00:00,2,Татнефть-АЗС-003,-0.84874978991889,shop_total_revenue,Выручка магазина,baseline_hgb_v2
2024-01-03 11:00:00,2,Татнефть-АЗС-003,1.203348589555727,shop_total_revenue,Выручка магазина,baseline_hgb_v2
2024-01-03 12:00:00,2,Татнефть-АЗС-003,0.5197772666516792,shop_total_revenue,Выручка магазина,baseline_hgb_v2
2024-01-03 13:00:00,2,Татнефть-АЗС-003,82.27557829053069,shop_total_revenue,Выручка магазина,baseline_hgb_v2
2024-01-03 14:00:00,2,Татнефть-АЗС-003,0.5197772666516792,shop_total_revenue,Выручка магазина,baseline_hgb_v2
2024-01-03 15:00:00,2,Татнефть-АЗС-003,-4.6489678166241335,shop_total_revenue,Выручка магазина,baseline_hgb_v2
2024-01-03 16:00:00,2,Татнефть-АЗС-003,-5.324748960004767,shop_total_revenue,Выручка магазина,baseline_hgb_v2
2024-01-03 17:00:00,2,Татнефть-АЗС-003,1629.8357607054409,shop_total_revenue,Выручка магазина,baseline_hgb_v2
2024-01-03 18:00:00,2,Татнефть-АЗС-003,1353.587763908578,shop_total_revenue,Выручка магазина,baseline_hgb_v2
2024-01-03 19:00:00,2,Татнефть-АЗС-003,1396.6007488460727,shop_total_revenue,Выручка магазина,baseline_hgb_v2
2024-01-03 20:00:00,2,Татнефть-АЗС-003,22.768176057345556,shop_total_revenue,Выручка магазина,baseline_hgb_v2
2024-01-03 21:00:00,2,Татнефть-АЗС-003,5.397174093685866,shop_total_revenue,Выручка магазина,baseline_hgb_v2
2024-01-03 22:00:00,2,Татнефть-АЗС-003,-1.3665678723494357,shop_total_revenue,Выручка магазина,baseline_hgb_v2
2024-01-03 23:00:00,2,Татнефть-АЗС-003,-1.3665678723494357,shop_total_revenue,Выручка магазина,baseline_hgb_v2
2024-01-04 00:00:00,2,Татнефть-АЗС-003,-0.8080759061623016,shop_total_revenue,Выручка магазина,baseline_hgb_v2
2024-01-04 01:00:00,2,Татнефть-АЗС-003,-1.0021826983397233,shop_total_revenue,Выручка магазина,baseline_hgb_v2
2024-01-04 02:00:00,2,Татнефть-АЗС-003,-0.8664753594635053,shop_total_revenue,Выручка магазина,baseline_hgb_v2
2024-01-04 03:00:00,2,Татнефть-АЗС-003,-1.0021826983397233,shop_total_revenue,Выручка магазина,baseline_hgb_v2
2024-01-04 04:00:00,2,Татнефть-АЗС-003,-0.84874978991889,shop_total_revenue,Выручка магазина,baseline_hgb_v2
2024-01-04 05:00:00,2,Татнефть-АЗС-003,-1.0021826983397233,shop_total_revenue,Выручка магазина,baseline_hgb_v2
2024-01-04 06:00:00,2,Татнефть-АЗС-003,-1.1011800521190107,shop_total_revenue,Выручка магазина,baseline_hgb_v2
2024-01-04 07:00:00,2,Татнефть-АЗС-003,373.24538127591325,shop_total_revenue,Выручка магазина,baseline_hgb_v2
2024-01-04 08:00:00,2,Татнефть-АЗС-003,556.8955994891832,shop_total_revenue,Выручка магазина,baseline_hgb_v2
2024-01-04 09:00:00,2,Татнефть-АЗС-003,299.52890526208773,shop_total_revenue,Выручка магазина,baseline_hgb_v2
2024-01-04 10:00:00,2,Татнефть-АЗС-003,3.433283694810372,shop_total_revenue,Выручка магазина,baseline_hgb_v2
2024-01-04 11:00:00,2,Татнефть-АЗС-003,-4.0515039475001835,shop_total_revenue,Выручка магазина,baseline_hgb_v2
2024-01-04 12:00:00,2,Татнефть-АЗС-003,15.647440709112438,shop_total_revenue,Выручка магазина,baseline_hgb_v2
2024-01-04 13:00:00,2,Татнефть-АЗС-003,0.7544819593071848,shop_total_revenue,Выручка магазина,baseline_hgb_v2
2024-01-04 14:00:00,2,Татнефть-АЗС-003,15.647440709112438,shop_total_revenue,Выручка магазина,baseline_hgb_v2
2024-01-04 15:00:00,2,Татнефть-АЗС-003,-1.153152396066953,shop_total_revenue,Выручка магазина,baseline_hgb_v2
2024-01-04 16:00:00,2,Татнефть-АЗС-003,4.562885301533215,shop_total_revenue,Выручка магазина,baseline_hgb_v2
2024-01-04 17:00:00,2,Татнефть-АЗС-003,1208.704091979004,shop_total_revenue,Выручка магазина,baseline_hgb_v2
2024-01-04 18:00:00,2,Татнефть-АЗС-003,1330.0489643849996,shop_total_revenue,Выручка магазина,baseline_hgb_v2
2024-01-04 19:00:00,2,Татнефть-АЗС-003,1250.8023241924318,shop_total_revenue,Выручка магазина,baseline_hgb_v2
2024-01-04 20:00:00,2,Татнефть-АЗС-003,5.608374253057834,shop_total_revenue,Выручка магазина,baseline_hgb_v2
2024-01-04 21:00:00,2,Татнефть-АЗС-003,-4.763708639868852,shop_total_revenue,Выручка магазина,baseline_hgb_v2
2024-01-04 22:00:00,2,Татнефть-АЗС-003,-1.3665678723494357,shop_total_revenue,Выручка магазина,baseline_hgb_v2
2024-01-04 23:00:00,2,Татнефть-АЗС-003,-1.3665678723494357,shop_total_revenue,Выручка магазина,baseline_hgb_v2
2024-01-05 00:00:00,2,Татнефть-АЗС-003,-0.8664753594635053,shop_total_revenue,Выручка магазина,baseline_hgb_v2
2024-01-05 01:00:00,2,Татнефть-АЗС-003,-1.0021826983397233,shop_total_revenue,Выручка магазина,baseline_hgb_v2
2024-01-05 02:00:00,2,Татнефть-АЗС-003,-1.0021826983397233,shop_total_revenue,Выручка магазина,baseline_hgb_v2
2024-01-05 03:00:00,2,Татнефть-АЗС-003,-0.84874978991889,shop_total_revenue,Выручка магазина,baseline_hgb_v2
2024-01-05 04:00:00,2,Татнефть-АЗС-003,-1.0021826983397233,shop_total_revenue,Выручка магазина,baseline_hgb_v2
2024-01-05 05:00:00,2,Татнефть-АЗС-003,-0.8664753594635053,shop_total_revenue,Выручка магазина,baseline_hgb_v2
2024-01-05 06:00:00,2,Татнефть-АЗС-003,-1.1011800521190107,shop_total_revenue,Выручка магазина,baseline_hgb_v2
2024-01-05 07:00:00,2,Татнефть-АЗС-003,287.21063021497264,shop_total_revenue,Выручка магазина,baseline_hgb_v2
2024-01-05 08:00:00,2,Татнефть-АЗС-003,340.149052928274,shop_total_revenue,Выручка магазина,baseline_hgb_v2
2024-01-05 09:00:00,2,Татнефть-АЗС-003,590.9035331124586,shop_total_revenue,Выручка магазина,baseline_hgb_v2
2024-01-05 10:00:00,2,Татнефть-АЗС-003,-3.955622878353199,shop_total_revenue,Выручка магазина,baseline_hgb_v2
2024-01-05 11:00:00,2,Татнефть-АЗС-003,-1.0834544825743955,shop_total_revenue,Выручка магазина,baseline_hgb_v2
2024-01-05 12:00:00,2,Татнефть-АЗС-003,0.5197772666516792,shop_total_revenue,Выручка магазина,baseline_hgb_v2
2024-01-05 13:00:00,2,Татнефть-АЗС-003,74.05826438711338,shop_total_revenue,Выручка магазина,baseline_hgb_v2
2024-01-05 14:00:00,2,Татнефть-АЗС-003,0.7544819593071848,shop_total_revenue,Выручка магазина,baseline_hgb_v2
2024-01-05 15:00:00,2,Татнефть-АЗС-003,-1.3471832049658705,shop_total_revenue,Выручка магазина,baseline_hgb_v2
2024-01-05 16:00:00,2,Татнефть-АЗС-003,5.875311963823042,shop_total_revenue,Выручка магазина,baseline_hgb_v2
2024-01-05 17:00:00,2,Татнефть-АЗС-003,1507.3450999620252,shop_total_revenue,Выручка магазина,baseline_hgb_v2
2024-01-05 18:00:00,2,Татнефть-АЗС-003,1301.6538895988558,shop_total_revenue,Выручка магазина,baseline_hgb_v2
2024-01-05 19:00:00,2,Татнефть-АЗС-003,1252.6867757638663,shop_total_revenue,Выручка магазина,baseline_hgb_v2
2024-01-05 20:00:00,2,Татнефть-АЗС-003,5.875311963823042,shop_total_revenue,Выручка магазина,baseline_hgb_v2
2024-01-05 21:00:00,2,Татнефть-АЗС-003,5.397174093685866,shop_total_revenue,Выручка магазина,baseline_hgb_v2
2024-01-05 22:00:00,2,Татнефть-АЗС-003,-1.3665678723494357,shop_total_revenue,Выручка магазина,baseline_hgb_v2
2024-01-05 23:00:00,2,Татнефть-АЗС-003,-1.4086331126660556,shop_total_revenue,Выручка магазина,baseline_hgb_v2
2024-01-06 00:00:00,2,Татнефть-АЗС-003,-1.555377169799185,shop_total_revenue,Выручка магазина,baseline_hgb_v2
2024-01-06 01:00:00,2,Татнефть-АЗС-003,-1.555377169799185,shop_total_revenue,Выручка магазина,baseline_hgb_v2
2024-01-06 02:00:00,2,Татнефть-АЗС-003,-1.4196698309229672,shop_total_revenue,Выручка магазина,baseline_hgb_v2
2024-01-06 03:00:00,2,Татнефть-АЗС-003,-1.555377169799185,shop_total_revenue,Выручка магазина,baseline_hgb_v2
2024-01-06 04:00:00,2,Татнефть-АЗС-003,-1.555377169799185,shop_total_revenue,Выручка магазина,baseline_hgb_v2
2024-01-06 05:00:00,2,Татнефть-АЗС-003,-1.4196698309229672,shop_total_revenue,Выручка магазина,baseline_hgb_v2
2024-01-06 06:00:00,2,Татнефть-АЗС-003,-1.6543745235784728,shop_total_revenue,Выручка магазина,baseline_hgb_v2
2024-01-06 07:00:00,2,Татнефть-АЗС-003,427.7930653223252,shop_total_revenue,Выручка магазина,baseline_hgb_v2
2024-01-06 08:00:00,2,Татнефть-АЗС-003,383.5182971605467,shop_total_revenue,Выручка магазина,baseline_hgb_v2
2024-01-06 09:00:00,2,Татнефть-АЗС-003,949.4766824711858,shop_total_revenue,Выручка магазина,baseline_hgb_v2
2024-01-06 10:00:00,2,Татнефть-АЗС-003,-1.6543745235784728,shop_total_revenue,Выручка магазина,baseline_hgb_v2
2024-01-06 11:00:00,2,Татнефть-АЗС-003,-1.6543745235784728,shop_total_revenue,Выручка магазина,baseline_hgb_v2
2024-01-06 12:00:00,2,Татнефть-АЗС-003,261.8455099745109,shop_total_revenue,Выручка магазина,baseline_hgb_v2
2024-01-06 13:00:00,2,Татнефть-АЗС-003,-0.03341720480778282,shop_total_revenue,Выручка магазина,baseline_hgb_v2
2024-01-06 14:00:00,2,Татнефть-АЗС-003,2.611725193704825,shop_total_revenue,Выручка магазина,baseline_hgb_v2
2024-01-06 15:00:00,2,Татнефть-АЗС-003,-0.2837318987379995,shop_total_revenue,Выручка магазина,baseline_hgb_v2
2024-01-06 16:00:00,2,Татнефть-АЗС-003,73.18294316443436,shop_total_revenue,Выручка магазина,baseline_hgb_v2
2024-01-06 17:00:00,2,Татнефть-АЗС-003,1683.8706537649489,shop_total_revenue,Выручка магазина,baseline_hgb_v2
2024-01-06 18:00:00,2,Татнефть-АЗС-003,723.17543385471,shop_total_revenue,Выручка магазина,baseline_hgb_v2
2024-01-06 19:00:00,2,Татнефть-АЗС-003,1755.997132181345,shop_total_revenue,Выручка магазина,baseline_hgb_v2
2024-01-06 20:00:00,2,Татнефть-АЗС-003,5.067437787021732,shop_total_revenue,Выручка магазина,baseline_hgb_v2
2024-01-06 21:00:00,2,Татнефть-АЗС-003,-1.9587771297265357,shop_total_revenue,Выручка магазина,baseline_hgb_v2
2024-01-06 22:00:00,2,Татнефть-АЗС-003,-1.9197623438088975,shop_total_revenue,Выручка магазина,baseline_hgb_v2
2024-01-06 23:00:00,2,Татнефть-АЗС-003,-1.7240724370710303,shop_total_revenue,Выручка магазина,baseline_hgb_v2
2024-01-07 00:00:00,2,Татнефть-АЗС-003,-1.4196698309229672,shop_total_revenue,Выручка магазина,baseline_hgb_v2
2024-01-07 01:00:00,2,Татнефть-АЗС-003,-1.555377169799185,shop_total_revenue,Выручка магазина,baseline_hgb_v2
2024-01-07 02:00:00,2,Татнефть-АЗС-003,-1.4196698309229672,shop_total_revenue,Выручка магазина,baseline_hgb_v2
2024-01-07 03:00:00,2,Татнефть-АЗС-003,-1.555377169799185,shop_total_revenue,Выручка магазина,baseline_hgb_v2
2024-01-07 04:00:00,2,Татнефть-АЗС-003,-1.4196698309229672,shop_total_revenue,Выручка магазина,baseline_hgb_v2
2024-01-07 05:00:00,2,Татнефть-АЗС-003,-1.555377169799185,shop_total_revenue,Выручка магазина,baseline_hgb_v2
2024-01-07 06:00:00,2,Татнефть-АЗС-003,-1.6543745235784728,shop_total_revenue,Выручка магазина,baseline_hgb_v2
2024-01-07 07:00:00,2,Татнефть-АЗС-003,904.0694177907817,shop_total_revenue,Выручка магазина,baseline_hgb_v2
2024-01-07 08:00:00,2,Татнефть-АЗС-003,837.8131261075224,shop_total_revenue,Выручка магазина,baseline_hgb_v2
2024-01-07 09:00:00,2,Татнефть-АЗС-003,476.01284526626563,shop_total_revenue,Выручка магазина,baseline_hgb_v2
2024-01-07 10:00:00,2,Татнефть-АЗС-003,-1.6366489540338576,shop_total_revenue,Выручка магазина,baseline_hgb_v2
2024-01-07 11:00:00,2,Татнефть-АЗС-003,-1.6543745235784728,shop_total_revenue,Выручка магазина,baseline_hgb_v2
2024-01-07 12:00:00,2,Татнефть-АЗС-003,36.12081304374754,shop_total_revenue,Выручка магазина,baseline_hgb_v2
2024-01-07 13:00:00,2,Татнефть-АЗС-003,-0.01569163526316768,shop_total_revenue,Выручка магазина,baseline_hgb_v2
2024-01-07 14:00:00,2,Татнефть-АЗС-003,11.828092389206287,shop_total_revenue,Выручка магазина,baseline_hgb_v2
2024-01-07 15:00:00,2,Татнефть-АЗС-003,-3.5559194965658456,shop_total_revenue,Выручка магазина,baseline_hgb_v2
2024-01-07 16:00:00,2,Татнефть-АЗС-003,-6.740979006136824,shop_total_revenue,Выручка магазина,baseline_hgb_v2
2024-01-07 17:00:00,2,Татнефть-АЗС-003,906.8835121581233,shop_total_revenue,Выручка магазина,baseline_hgb_v2
2024-01-07 18:00:00,2,Татнефть-АЗС-003,836.828461522938,shop_total_revenue,Выручка магазина,baseline_hgb_v2
2024-01-07 19:00:00,2,Татнефть-АЗС-003,658.5932866756328,shop_total_revenue,Выручка магазина,baseline_hgb_v2
2024-01-07 20:00:00,2,Татнефть-АЗС-003,0.8051413354496001,shop_total_revenue,Выручка магазина,baseline_hgb_v2
2024-01-07 21:00:00,2,Татнефть-АЗС-003,-1.7847183632886479,shop_total_revenue,Выручка магазина,baseline_hgb_v2
2024-01-07 22:00:00,2,Татнефть-АЗС-003,-1.9197623438088975,shop_total_revenue,Выручка магазина,baseline_hgb_v2
2024-01-07 23:00:00,2,Татнефть-АЗС-003,-1.9197623438088975,shop_total_revenue,Выручка магазина,baseline_hgb_v2
2024-01-01 00:00:00,20,Татнефть-АЗС-021,-0.8570852571984343,shop_total_revenue,Выручка магазина,baseline_hgb_v2
2024-01-01 01:00:00,20,Татнефть-АЗС-021,-0.7213779183222166,shop_total_revenue,Выручка магазина,baseline_hgb_v2
2024-01-01 02:00:00,20,Татнефть-АЗС-021,-0.7213779183222166,shop_total_revenue,Выручка магазина,baseline_hgb_v2
2024-01-01 03:00:00,20,Татнефть-АЗС-021,-0.8570852571984343,shop_total_revenue,Выручка магазина,baseline_hgb_v2
2024-01-01 04:00:00,20,Татнефть-АЗС-021,-0.8570852571984343,shop_total_revenue,Выручка магазина,baseline_hgb_v2
2024-01-01 05:00:00,20,Татнефть-АЗС-021,-0.7213779183222166,shop_total_revenue,Выручка магазина,baseline_hgb_v2
2024-01-01 06:00:00,20,Татнефть-АЗС-021,-4.92235604397166,shop_total_revenue,Выручка магазина,baseline_hgb_v2
2024-01-01 07:00:00,20,Татнефть-АЗС-021,766.690355733286,shop_total_revenue,Выручка магазина,baseline_hgb_v2
2024-01-01 08:00:00,20,Татнефть-АЗС-021,330.72031064210677,shop_total_revenue,Выручка магазина,baseline_hgb_v2
2024-01-01 09:00:00,20,Татнефть-АЗС-021,785.4744315743454,shop_total_revenue,Выручка магазина,baseline_hgb_v2
2024-01-01 10:00:00,20,Татнефть-АЗС-021,-0.9560826109777222,shop_total_revenue,Выручка магазина,baseline_hgb_v2
2024-01-01 11:00:00,20,Татнефть-АЗС-021,-0.9560826109777222,shop_total_revenue,Выручка магазина,baseline_hgb_v2
2024-01-01 12:00:00,20,Татнефть-АЗС-021,72.58360924185699,shop_total_revenue,Выручка магазина,baseline_hgb_v2
2024-01-01 13:00:00,20,Татнефть-АЗС-021,0.6648747077929681,shop_total_revenue,Выручка магазина,baseline_hgb_v2
2024-01-01 14:00:00,20,Татнефть-АЗС-021,1.8629542102282046,shop_total_revenue,Выручка магазина,baseline_hgb_v2
2024-01-01 15:00:00,20,Татнефть-АЗС-021,-1.2604852171257857,shop_total_revenue,Выручка магазина,baseline_hgb_v2
2024-01-01 16:00:00,20,Татнефть-АЗС-021,3.1726066343336545,shop_total_revenue,Выручка магазина,baseline_hgb_v2
2024-01-01 17:00:00,20,Татнефть-АЗС-021,1130.0009620833816,shop_total_revenue,Выручка магазина,baseline_hgb_v2
2024-01-01 18:00:00,20,Татнефть-АЗС-021,1181.6161450604627,shop_total_revenue,Выручка магазина,baseline_hgb_v2
2024-01-01 19:00:00,20,Татнефть-АЗС-021,773.0604868406925,shop_total_revenue,Выручка магазина,baseline_hgb_v2
2024-01-01 20:00:00,20,Татнефть-АЗС-021,-2.017533093489119,shop_total_revenue,Выручка магазина,baseline_hgb_v2
2024-01-01 21:00:00,20,Татнефть-АЗС-021,-1.4561751238636527,shop_total_revenue,Выручка магазина,baseline_hgb_v2
2024-01-01 22:00:00,20,Татнефть-АЗС-021,-1.221470431208147,shop_total_revenue,Выручка магазина,baseline_hgb_v2
2024-01-01 23:00:00,20,Татнефть-АЗС-021,-1.221470431208147,shop_total_revenue,Выручка магазина,baseline_hgb_v2
2024-01-02 00:00:00,20,Татнефть-АЗС-021,-0.7213779183222166,shop_total_revenue,Выручка магазина,baseline_hgb_v2
2024-01-02 01:00:00,20,Татнефть-АЗС-021,-0.7213779183222166,shop_total_revenue,Выручка магазина,baseline_hgb_v2
2024-01-02 02:00:00,20,Татнефть-АЗС-021,-0.7213779183222166,shop_total_revenue,Выручка магазина,baseline_hgb_v2
2024-01-02 03:00:00,20,Татнефть-АЗС-021,-0.8570852571984343,shop_total_revenue,Выручка магазина,baseline_hgb_v2
2024-01-02 04:00:00,20,Татнефть-АЗС-021,-0.8570852571984343,shop_total_revenue,Выручка магазина,baseline_hgb_v2
2024-01-02 05:00:00,20,Татнефть-АЗС-021,-0.8570852571984343,shop_total_revenue,Выручка магазина,baseline_hgb_v2
2024-01-02 06:00:00,20,Татнефть-АЗС-021,9.967336423249492,shop_total_revenue,Выручка магазина,baseline_hgb_v2
2024-01-02 07:00:00,20,Татнефть-АЗС-021,553.5274700689521,shop_total_revenue,Выручка магазина,baseline_hgb_v2
2024-01-02 08:00:00,20,Татнефть-АЗС-021,593.953911152383,shop_total_revenue,Выручка магазина,baseline_hgb_v2
2024-01-02 09:00:00,20,Татнефть-АЗС-021,547.8265442266684,shop_total_revenue,Выручка магазина,baseline_hgb_v2
2024-01-02 10:00:00,20,Татнефть-АЗС-021,1.3484460306970152,shop_total_revenue,Выручка магазина,baseline_hgb_v2
2024-01-02 11:00:00,20,Татнефть-АЗС-021,-0.9560826109777222,shop_total_revenue,Выручка магазина,baseline_hgb_v2
2024-01-02 12:00:00,20,Татнефть-АЗС-021,26.143329455240785,shop_total_revenue,Выручка магазина,baseline_hgb_v2
2024-01-02 13:00:00,20,Татнефть-АЗС-021,0.6648747077929681,shop_total_revenue,Выручка магазина,baseline_hgb_v2
2024-01-02 14:00:00,20,Татнефть-АЗС-021,0.6648747077929681,shop_total_revenue,Выручка магазина,baseline_hgb_v2
2024-01-02 15:00:00,20,Татнефть-АЗС-021,-1.02578052447028,shop_total_revenue,Выручка магазина,baseline_hgb_v2
2024-01-02 16:00:00,20,Татнефть-АЗС-021,83.19037138246061,shop_total_revenue,Выручка магазина,baseline_hgb_v2
2024-01-02 17:00:00,20,Татнефть-АЗС-021,1290.6151368821156,shop_total_revenue,Выручка магазина,baseline_hgb_v2
2024-01-02 18:00:00,20,Татнефть-АЗС-021,923.3030764790227,shop_total_revenue,Выручка магазина,baseline_hgb_v2
2024-01-02 19:00:00,20,Татнефть-АЗС-021,815.5224401611248,shop_total_revenue,Выручка магазина,baseline_hgb_v2
2024-01-02 20:00:00,20,Татнефть-АЗС-021,20.260576371192357,shop_total_revenue,Выручка магазина,baseline_hgb_v2
2024-01-02 21:00:00,20,Татнефть-АЗС-021,-1.2020857638245823,shop_total_revenue,Выручка магазина,baseline_hgb_v2
2024-01-02 22:00:00,20,Татнефть-АЗС-021,-1.02578052447028,shop_total_revenue,Выручка магазина,baseline_hgb_v2
2024-01-02 23:00:00,20,Татнефть-АЗС-021,-1.221470431208147,shop_total_revenue,Выручка магазина,baseline_hgb_v2
2024-01-03 00:00:00,20,Татнефть-АЗС-021,-0.8570852571984343,shop_total_revenue,Выручка магазина,baseline_hgb_v2
2024-01-03 01:00:00,20,Татнефть-АЗС-021,-0.8570852571984343,shop_total_revenue,Выручка магазина,baseline_hgb_v2
2024-01-03 02:00:00,20,Татнефть-АЗС-021,-0.8570852571984343,shop_total_revenue,Выручка магазина,baseline_hgb_v2
2024-01-03 03:00:00,20,Татнефть-АЗС-021,-0.8570852571984343,shop_total_revenue,Выручка магазина,baseline_hgb_v2
2024-01-03 04:00:00,20,Татнефть-АЗС-021,-0.8748108267430496,shop_total_revenue,Выручка магазина,baseline_hgb_v2
2024-01-03 05:00:00,20,Татнефть-АЗС-021,-0.7213779183222166,shop_total_revenue,Выручка магазина,baseline_hgb_v2
2024-01-03 06:00:00,20,Татнефть-АЗС-021,-1.0917899498539398,shop_total_revenue,Выручка магазина,baseline_hgb_v2
2024-01-03 07:00:00,20,Татнефть-АЗС-021,796.0687924638228,shop_total_revenue,Выручка магазина,baseline_hgb_v2
2024-01-03 08:00:00,20,Татнефть-АЗС-021,657.450080502207,shop_total_revenue,Выручка магазина,baseline_hgb_v2
2024-01-03 09:00:00,20,Татнефть-АЗС-021,320.41345655544524,shop_total_revenue,Выручка магазина,baseline_hgb_v2
2024-01-03 10:00:00,20,Татнефть-АЗС-021,-3.9350690714091354,shop_total_revenue,Выручка магазина,baseline_hgb_v2
2024-01-03 11:00:00,20,Татнефть-АЗС-021,-6.838362441302954,shop_total_revenue,Выручка магазина,baseline_hgb_v2
2024-01-03 12:00:00,20,Татнефть-АЗС-021,72.58360924185699,shop_total_revenue,Выручка магазина,baseline_hgb_v2
2024-01-03 13:00:00,20,Татнефть-АЗС-021,0.6648747077929681,shop_total_revenue,Выручка магазина,baseline_hgb_v2
2024-01-03 14:00:00,20,Татнефть-АЗС-021,0.6648747077929681,shop_total_revenue,Выручка магазина,baseline_hgb_v2
2024-01-03 15:00:00,20,Татнефть-АЗС-021,-6.136461468003946,shop_total_revenue,Выручка магазина,baseline_hgb_v2
2024-01-03 16:00:00,20,Татнефть-АЗС-021,57.28954261830526,shop_total_revenue,Выручка магазина,baseline_hgb_v2
2024-01-03 17:00:00,20,Татнефть-АЗС-021,1369.8839304421786,shop_total_revenue,Выручка магазина,baseline_hgb_v2
2024-01-03 18:00:00,20,Татнефть-АЗС-021,636.3177929689122,shop_total_revenue,Выручка магазина,baseline_hgb_v2
2024-01-03 19:00:00,20,Татнефть-АЗС-021,1310.8035981308738,shop_total_revenue,Выручка магазина,baseline_hgb_v2
2024-01-03 20:00:00,20,Татнефть-АЗС-021,-6.970008700973436,shop_total_revenue,Выручка магазина,baseline_hgb_v2
2024-01-03 21:00:00,20,Татнефть-АЗС-021,-4.639660537182667,shop_total_revenue,Выручка магазина,baseline_hgb_v2
2024-01-03 22:00:00,20,Татнефть-АЗС-021,-1.02578052447028,shop_total_revenue,Выручка магазина,baseline_hgb_v2
2024-01-03 23:00:00,20,Татнефть-АЗС-021,-1.02578052447028,shop_total_revenue,Выручка магазина,baseline_hgb_v2
2024-01-04 00:00:00,20,Татнефть-АЗС-021,-0.7213779183222166,shop_total_revenue,Выручка магазина,baseline_hgb_v2
2024-01-04 01:00:00,20,Татнефть-АЗС-021,-0.8570852571984343,shop_total_revenue,Выручка магазина,baseline_hgb_v2
2024-01-04 02:00:00,20,Татнефть-АЗС-021,-0.7213779183222166,shop_total_revenue,Выручка магазина,baseline_hgb_v2
2024-01-04 03:00:00,20,Татнефть-АЗС-021,-0.7213779183222166,shop_total_revenue,Выручка магазина,baseline_hgb_v2
2024-01-04 04:00:00,20,Татнефть-АЗС-021,-0.7213779183222166,shop_total_revenue,Выручка магазина,baseline_hgb_v2
2024-01-04 05:00:00,20,Татнефть-АЗС-021,-0.8570852571984343,shop_total_revenue,Выручка магазина,baseline_hgb_v2
2024-01-04 06:00:00,20,Татнефть-АЗС-021,-0.9560826109777222,shop_total_revenue,Выручка магазина,baseline_hgb_v2
2024-01-04 07:00:00,20,Татнефть-АЗС-021,776.3705692126451,shop_total_revenue,Выручка магазина,baseline_hgb_v2
2024-01-04 08:00:00,20,Татнефть-АЗС-021,313.53932278711585,shop_total_revenue,Выручка магазина,baseline_hgb_v2
2024-01-04 09:00:00,20,Татнефть-АЗС-021,325.95363380760676,shop_total_revenue,Выручка магазина,baseline_hgb_v2
2024-01-04 10:00:00,20,Татнефть-АЗС-021,-0.9560826109777222,shop_total_revenue,Выручка магазина,baseline_hgb_v2
2024-01-04 11:00:00,20,Татнефть-АЗС-021,-0.9560826109777222,shop_total_revenue,Выручка магазина,baseline_hgb_v2
2024-01-04 12:00:00,20,Татнефть-АЗС-021,0.6826002773375833,shop_total_revenue,Выручка магазина,baseline_hgb_v2
2024-01-04 13:00:00,20,Татнефть-АЗС-021,33.817553856772236,shop_total_revenue,Выручка магазина,baseline_hgb_v2
2024-01-04 14:00:00,20,Татнефть-АЗС-021,0.6648747077929681,shop_total_revenue,Выручка магазина,baseline_hgb_v2
2024-01-04 15:00:00,20,Татнефть-АЗС-021,-1.02578052447028,shop_total_revenue,Выручка магазина,baseline_hgb_v2
2024-01-04 16:00:00,20,Татнефть-АЗС-021,5.3552190681687355,shop_total_revenue,Выручка магазина,baseline_hgb_v2
2024-01-04 17:00:00,20,Татнефть-АЗС-021,585.9968720065384,shop_total_revenue,Выручка магазина,baseline_hgb_v2
2024-01-04 18:00:00,20,Татнефть-АЗС-021,1176.7115601418839,shop_total_revenue,Выручка магазина,baseline_hgb_v2
2024-01-04 19:00:00,20,Татнефть-АЗС-021,911.725818521284,shop_total_revenue,Выручка магазина,baseline_hgb_v2
2024-01-04 20:00:00,20,Татнефть-АЗС-021,67.47382754759109,shop_total_revenue,Выручка магазина,baseline_hgb_v2
2024-01-04 21:00:00,20,Татнефть-АЗС-021,-1.2020857638245823,shop_total_revenue,Выручка магазина,baseline_hgb_v2
2024-01-04 22:00:00,20,Татнефть-АЗС-021,-1.221470431208147,shop_total_revenue,Выручка магазина,baseline_hgb_v2
2024-01-04 23:00:00,20,Татнефть-АЗС-021,-1.02578052447028,shop_total_revenue,Выручка магазина,baseline_hgb_v2
2024-01-05 00:00:00,20,Татнефть-АЗС-021,-0.8570852571984343,shop_total_revenue,Выручка магазина,baseline_hgb_v2
2024-01-05 01:00:00,20,Татнефть-АЗС-021,-0.8570852571984343,shop_total_revenue,Выручка магазина,baseline_hgb_v2
2024-01-05 02:00:00,20,Татнефть-АЗС-021,-0.7213779183222166,shop_total_revenue,Выручка магазина,baseline_hgb_v2
2024-01-05 03:00:00,20,Татнефть-АЗС-021,-0.8570852571984343,shop_total_revenue,Выручка магазина,baseline_hgb_v2
2024-01-05 04:00:00,20,Татнефть-АЗС-021,-0.8570852571984343,shop_total_revenue,Выручка магазина,baseline_hgb_v2
2024-01-05 05:00:00,20,Татнефть-АЗС-021,-0.8570852571984343,shop_total_revenue,Выручка магазина,baseline_hgb_v2
2024-01-05 06:00:00,20,Татнефть-АЗС-021,-4.92235604397166,shop_total_revenue,Выручка магазина,baseline_hgb_v2
2024-01-05 07:00:00,20,Татнефть-АЗС-021,653.5108855798645,shop_total_revenue,Выручка магазина,baseline_hgb_v2
2024-01-05 08:00:00,20,Татнефть-АЗС-021,351.33032980846747,shop_total_revenue,Выручка магазина,baseline_hgb_v2
2024-01-05 09:00:00,20,Татнефть-АЗС-021,646.0335424392401,shop_total_revenue,Выручка магазина,baseline_hgb_v2
2024-01-05 10:00:00,20,Татнефть-АЗС-021,1.9586285495539975,shop_total_revenue,Выручка магазина,baseline_hgb_v2
2024-01-05 11:00:00,20,Татнефть-АЗС-021,-0.9560826109777222,shop_total_revenue,Выручка магазина,baseline_hgb_v2
2024-01-05 12:00:00,20,Татнефть-АЗС-021,1.8629542102282046,shop_total_revenue,Выручка магазина,baseline_hgb_v2
2024-01-05 13:00:00,20,Татнефть-АЗС-021,42.58360939506444,shop_total_revenue,Выручка магазина,baseline_hgb_v2
2024-01-05 14:00:00,20,Татнефть-АЗС-021,80.8009231452743,shop_total_revenue,Выручка магазина,baseline_hgb_v2
2024-01-05 15:00:00,20,Татнефть-АЗС-021,3.9225189484294916,shop_total_revenue,Выручка магазина,baseline_hgb_v2
2024-01-05 16:00:00,20,Татнефть-АЗС-021,-0.9613510969486125,shop_total_revenue,Выручка магазина,baseline_hgb_v2
2024-01-05 17:00:00,20,Татнефть-АЗС-021,1264.5396351564536,shop_total_revenue,Выручка магазина,baseline_hgb_v2
2024-01-05 18:00:00,20,Татнефть-АЗС-021,852.6887574637216,shop_total_revenue,Выручка магазина,baseline_hgb_v2
2024-01-05 19:00:00,20,Татнефть-АЗС-021,593.424344720805,shop_total_revenue,Выручка магазина,baseline_hgb_v2
2024-01-05 20:00:00,20,Татнефть-АЗС-021,2.0574965756917485,shop_total_revenue,Выручка магазина,baseline_hgb_v2
2024-01-05 21:00:00,20,Татнефть-АЗС-021,2.685314867325782,shop_total_revenue,Выручка магазина,baseline_hgb_v2
2024-01-05 22:00:00,20,Татнефть-АЗС-021,-1.221470431208147,shop_total_revenue,Выручка магазина,baseline_hgb_v2
2024-01-05 23:00:00,20,Татнефть-АЗС-021,-1.263535671524767,shop_total_revenue,Выручка магазина,baseline_hgb_v2
2024-01-06 00:00:00,20,Татнефть-АЗС-021,-1.2568468202370635,shop_total_revenue,Выручка магазина,baseline_hgb_v2
2024-01-06 01:00:00,20,Татнефть-АЗС-021,-1.4102797286578963,shop_total_revenue,Выручка магазина,baseline_hgb_v2
2024-01-06 02:00:00,20,Татнефть-АЗС-021,-1.4102797286578963,shop_total_revenue,Выручка магазина,baseline_hgb_v2
2024-01-06 03:00:00,20,Татнефть-АЗС-021,-1.4102797286578963,shop_total_revenue,Выручка магазина,baseline_hgb_v2
2024-01-06 04:00:00,20,Татнефть-АЗС-021,-1.2745723897816787,shop_total_revenue,Выручка магазина,baseline_hgb_v2
2024-01-06 05:00:00,20,Татнефть-АЗС-021,-1.4102797286578963,shop_total_revenue,Выручка магазина,baseline_hgb_v2
2024-01-06 06:00:00,20,Татнефть-АЗС-021,0.7071330316444415,shop_total_revenue,Выручка магазина,baseline_hgb_v2
2024-01-06 07:00:00,20,Татнефть-АЗС-021,313.50116065420855,shop_total_revenue,Выручка магазина,baseline_hgb_v2
2024-01-06 08:00:00,20,Татнефть-АЗС-021,711.2257964660444,shop_total_revenue,Выручка магазина,baseline_hgb_v2
2024-01-06 09:00:00,20,Татнефть-АЗС-021,410.0566592040802,shop_total_revenue,Выручка магазина,baseline_hgb_v2
2024-01-06 10:00:00,20,Татнефть-АЗС-021,-1.5092770824371844,shop_total_revenue,Выручка магазина,baseline_hgb_v2
2024-01-06 11:00:00,20,Татнефть-АЗС-021,-1.4915515128925692,shop_total_revenue,Выручка магазина,baseline_hgb_v2
2024-01-06 12:00:00,20,Татнефть-АЗС-021,88.67121160280472,shop_total_revenue,Выручка магазина,baseline_hgb_v2
2024-01-06 13:00:00,20,Татнефть-АЗС-021,108.56857558390085,shop_total_revenue,Выручка магазина,baseline_hgb_v2
2024-01-06 14:00:00,20,Татнефть-АЗС-021,247.76648210325598,shop_total_revenue,Выручка магазина,baseline_hgb_v2
2024-01-06 15:00:00,20,Татнефть-АЗС-021,0.9764756010451976,shop_total_revenue,Выручка магазина,baseline_hgb_v2
2024-01-06 16:00:00,20,Татнефть-АЗС-021,57.17771438971002,shop_total_revenue,Выручка магазина,baseline_hgb_v2
2024-01-06 17:00:00,20,Татнефть-АЗС-021,1477.764893133875,shop_total_revenue,Выручка магазина,baseline_hgb_v2
2024-01-06 18:00:00,20,Татнефть-АЗС-021,846.6791562991882,shop_total_revenue,Выручка магазина,baseline_hgb_v2
2024-01-06 19:00:00,20,Татнефть-АЗС-021,1072.1242912026867,shop_total_revenue,Выручка магазина,baseline_hgb_v2
2024-01-06 20:00:00,20,Татнефть-АЗС-021,-4.90202673653409,shop_total_revenue,Выручка магазина,baseline_hgb_v2
2024-01-06 21:00:00,20,Татнефть-АЗС-021,-7.37538174293248,shop_total_revenue,Выручка магазина,baseline_hgb_v2
2024-01-06 22:00:00,20,Татнефть-АЗС-021,-1.7746649026676096,shop_total_revenue,Выручка магазина,baseline_hgb_v2
2024-01-06 23:00:00,20,Татнефть-АЗС-021,-1.7746649026676096,shop_total_revenue,Выручка магазина,baseline_hgb_v2
2024-01-07 00:00:00,20,Татнефть-АЗС-021,-1.4102797286578963,shop_total_revenue,Выручка магазина,baseline_hgb_v2
2024-01-07 01:00:00,20,Татнефть-АЗС-021,-1.4102797286578963,shop_total_revenue,Выручка магазина,baseline_hgb_v2
2024-01-07 02:00:00,20,Татнефть-АЗС-021,-1.2745723897816787,shop_total_revenue,Выручка магазина,baseline_hgb_v2
2024-01-07 03:00:00,20,Татнефть-АЗС-021,-1.2745723897816787,shop_total_revenue,Выручка магазина,baseline_hgb_v2
2024-01-07 04:00:00,20,Татнефть-АЗС-021,-1.4102797286578963,shop_total_revenue,Выручка магазина,baseline_hgb_v2
2024-01-07 05:00:00,20,Татнефть-АЗС-021,-1.2745723897816787,shop_total_revenue,Выручка магазина,baseline_hgb_v2
2024-01-07 06:00:00,20,Татнефть-АЗС-021,-7.853612140443212,shop_total_revenue,Выручка магазина,baseline_hgb_v2
2024-01-07 07:00:00,20,Татнефть-АЗС-021,338.3776158433501,shop_total_revenue,Выручка магазина,baseline_hgb_v2
2024-01-07 08:00:00,20,Татнефть-АЗС-021,784.5432408080727,shop_total_revenue,Выручка магазина,baseline_hgb_v2
2024-01-07 09:00:00,20,Татнефть-АЗС-021,766.0184191720857,shop_total_revenue,Выручка магазина,baseline_hgb_v2
2024-01-07 10:00:00,20,Татнефть-АЗС-021,1.2181618523770925,shop_total_revenue,Выручка магазина,baseline_hgb_v2
2024-01-07 11:00:00,20,Татнефть-АЗС-021,0.7071330316444415,shop_total_revenue,Выручка магазина,baseline_hgb_v2
2024-01-07 12:00:00,20,Татнефть-АЗС-021,238.63502857726664,shop_total_revenue,Выручка магазина,baseline_hgb_v2
2024-01-07 13:00:00,20,Татнефть-АЗС-021,0.12940580587812145,shop_total_revenue,Выручка магазина,baseline_hgb_v2
2024-01-07 14:00:00,20,Татнефть-АЗС-021,65.11142290444984,shop_total_revenue,Выручка магазина,baseline_hgb_v2
2024-01-07 15:00:00,20,Татнефть-АЗС-021,0.3738172849237484,shop_total_revenue,Выручка магазина,baseline_hgb_v2
2024-01-07 16:00:00,20,Татнефть-АЗС-021,174.15978229042494,shop_total_revenue,Выручка магазина,baseline_hgb_v2
2024-01-07 17:00:00,20,Татнефть-АЗС-021,666.3622833766235,shop_total_revenue,Выручка магазина,baseline_hgb_v2
2024-01-07 18:00:00,20,Татнефть-АЗС-021,686.529753936636,shop_total_revenue,Выручка магазина,baseline_hgb_v2
2024-01-07 19:00:00,20,Татнефть-АЗС-021,939.3696975485171,shop_total_revenue,Выручка магазина,baseline_hgb_v2
2024-01-07 20:00:00,20,Татнефть-АЗС-021,108.46948138225981,shop_total_revenue,Выручка магазина,baseline_hgb_v2
2024-01-07 21:00:00,20,Татнефть-АЗС-021,-7.274985694223585,shop_total_revenue,Выручка магазина,baseline_hgb_v2
2024-01-07 22:00:00,20,Татнефть-АЗС-021,-1.7746649026676096,shop_total_revenue,Выручка магазина,baseline_hgb_v2
2024-01-07 23:00:00,20,Татнефть-АЗС-021,-1.7746649026676096,shop_total_revenue,Выручка магазина,baseline_hgb_v2
2024-01-01 00:00:00,21,Татнефть-АЗС-022,-0.011653584905752894,shop_total_revenue,Выручка магазина,baseline_hgb_v2
2024-01-01 01:00:00,21,Татнефть-АЗС-022,-0.14736092378197074,shop_total_revenue,Выручка магазина,baseline_hgb_v2
2024-01-01 02:00:00,21,Татнефть-АЗС-022,-0.14736092378197074,shop_total_revenue,Выручка магазина,baseline_hgb_v2
2024-01-01 03:00:00,21,Татнефть-АЗС-022,-0.14736092378197074,shop_total_revenue,Выручка магазина,baseline_hgb_v2
2024-01-01 04:00:00,21,Татнефть-АЗС-022,0.04674586839545062,shop_total_revenue,Выручка магазина,baseline_hgb_v2
2024-01-01 05:00:00,21,Татнефть-АЗС-022,-0.14736092378197074,shop_total_revenue,Выручка магазина,baseline_hgb_v2
2024-01-01 06:00:00,21,Татнефть-АЗС-022,-2.889426537682925,shop_total_revenue,Выручка магазина,baseline_hgb_v2
2024-01-01 07:00:00,21,Татнефть-АЗС-022,666.8519092072157,shop_total_revenue,Выручка магазина,baseline_hgb_v2
2024-01-01 08:00:00,21,Татнефть-АЗС-022,296.5655649935771,shop_total_revenue,Выручка магазина,baseline_hgb_v2
2024-01-01 09:00:00,21,Татнефть-АЗС-022,666.862984447403,shop_total_revenue,Выручка магазина,baseline_hgb_v2
2024-01-01 10:00:00,21,Татнефть-АЗС-022,6.34805205850257,shop_total_revenue,Выручка магазина,baseline_hgb_v2
2024-01-01 11:00:00,21,Татнефть-АЗС-022,0.006071984638862248,shop_total_revenue,Выручка магазина,baseline_hgb_v2
2024-01-01 12:00:00,21,Татнефть-АЗС-022,1.6093037338649383,shop_total_revenue,Выручка магазина,baseline_hgb_v2
2024-01-01 13:00:00,21,Татнефть-АЗС-022,181.47378160933388,shop_total_revenue,Выручка магазина,baseline_hgb_v2
2024-01-01 14:00:00,21,Татнефть-АЗС-022,2.3836640297815617,shop_total_revenue,Выручка магазина,baseline_hgb_v2
2024-01-01 15:00:00,21,Татнефть-АЗС-022,-0.3160561910538156,shop_total_revenue,Выручка магазина,baseline_hgb_v2
2024-01-01 16:00:00,21,Татнефть-АЗС-022,-0.3160561910538156,shop_total_revenue,Выручка магазина,baseline_hgb_v2
2024-01-01 17:00:00,21,Татнефть-АЗС-022,349.41196865142433,shop_total_revenue,Выручка магазина,baseline_hgb_v2
2024-01-01 18:00:00,21,Татнефть-АЗС-022,854.0682961222417,shop_total_revenue,Выручка магазина,baseline_hgb_v2
2024-01-01 19:00:00,21,Татнефть-АЗС-022,352.1806188680299,shop_total_revenue,Выручка магазина,baseline_hgb_v2
2024-01-01 20:00:00,21,Татнефть-АЗС-022,-4.275996941651985,shop_total_revenue,Выручка магазина,baseline_hgb_v2
2024-01-01 21:00:00,21,Татнефть-АЗС-022,-0.3160561910538156,shop_total_revenue,Выручка магазина,baseline_hgb_v2
2024-01-01 22:00:00,21,Татнефть-АЗС-022,-0.5117460977916832,shop_total_revenue,Выручка магазина,baseline_hgb_v2
2024-01-01 23:00:00,21,Татнефть-АЗС-022,-0.5117460977916832,shop_total_revenue,Выручка магазина,baseline_hgb_v2
2024-01-02 00:00:00,21,Татнефть-АЗС-022,-0.011653584905752894,shop_total_revenue,Выручка магазина,baseline_hgb_v2
2024-01-02 01:00:00,21,Татнефть-АЗС-022,-0.14736092378197074,shop_total_revenue,Выручка магазина,baseline_hgb_v2
2024-01-02 02:00:00,21,Татнефть-АЗС-022,-0.14736092378197074,shop_total_revenue,Выручка магазина,baseline_hgb_v2
2024-01-02 03:00:00,21,Татнефть-АЗС-022,-0.011653584905752894,shop_total_revenue,Выручка магазина,baseline_hgb_v2
2024-01-02 04:00:00,21,Татнефть-АЗС-022,-0.14736092378197074,shop_total_revenue,Выручка магазина,baseline_hgb_v2
2024-01-02 05:00:00,21,Татнефть-АЗС-022,-0.14736092378197074,shop_total_revenue,Выручка магазина,baseline_hgb_v2
2024-01-02 06:00:00,21,Татнефть-АЗС-022,-0.011653584905752894,shop_total_revenue,Выручка магазина,baseline_hgb_v2
2024-01-02 07:00:00,21,Татнефть-АЗС-022,816.3695819318613,shop_total_revenue,Выручка магазина,baseline_hgb_v2
2024-01-02 08:00:00,21,Татнефть-АЗС-022,331.42262646057276,shop_total_revenue,Выручка магазина,baseline_hgb_v2
2024-01-02 09:00:00,21,Татнефть-АЗС-022,669.6222838478246,shop_total_revenue,Выручка магазина,baseline_hgb_v2
2024-01-02 10:00:00,21,Татнефть-АЗС-022,0.006071984638862248,shop_total_revenue,Выручка магазина,baseline_hgb_v2
2024-01-02 11:00:00,21,Татнефть-АЗС-022,-0.011653584905752894,shop_total_revenue,Выручка магазина,baseline_hgb_v2
2024-01-02 12:00:00,21,Татнефть-АЗС-022,133.92330164387772,shop_total_revenue,Выручка магазина,baseline_hgb_v2
2024-01-02 13:00:00,21,Татнефть-АЗС-022,1.6093037338649383,shop_total_revenue,Выручка магазина,baseline_hgb_v2
2024-01-02 14:00:00,21,Татнефть-АЗС-022,54.23733159676155,shop_total_revenue,Выручка магазина,baseline_hgb_v2
2024-01-02 15:00:00,21,Татнефть-АЗС-022,-1.3150350344870252,shop_total_revenue,Выручка магазина,baseline_hgb_v2
2024-01-02 16:00:00,21,Татнефть-АЗС-022,-0.3160561910538156,shop_total_revenue,Выручка магазина,baseline_hgb_v2
2024-01-02 17:00:00,21,Татнефть-АЗС-022,345.07153376960474,shop_total_revenue,Выручка магазина,baseline_hgb_v2
2024-01-02 18:00:00,21,Татнефть-АЗС-022,346.0092670443647,shop_total_revenue,Выручка магазина,baseline_hgb_v2
2024-01-02 19:00:00,21,Татнефть-АЗС-022,335.6239632219994,shop_total_revenue,Выручка магазина,baseline_hgb_v2
2024-01-02 20:00:00,21,Татнефть-АЗС-022,-0.2983306215092005,shop_total_revenue,Выручка магазина,baseline_hgb_v2
2024-01-02 21:00:00,21,Татнефть-АЗС-022,-4.514156473468364,shop_total_revenue,Выручка магазина,baseline_hgb_v2
2024-01-02 22:00:00,21,Татнефть-АЗС-022,-0.3160561910538156,shop_total_revenue,Выручка магазина,baseline_hgb_v2
2024-01-02 23:00:00,21,Татнефть-АЗС-022,-0.5117460977916832,shop_total_revenue,Выручка магазина,baseline_hgb_v2
2024-01-03 00:00:00,21,Татнефть-АЗС-022,-0.011653584905752894,shop_total_revenue,Выручка магазина,baseline_hgb_v2
2024-01-03 01:00:00,21,Татнефть-АЗС-022,-0.14736092378197074,shop_total_revenue,Выручка магазина,baseline_hgb_v2
2024-01-03 02:00:00,21,Татнефть-АЗС-022,-0.011653584905752894,shop_total_revenue,Выручка магазина,baseline_hgb_v2
2024-01-03 03:00:00,21,Татнефть-АЗС-022,-0.011653584905752894,shop_total_revenue,Выручка магазина,baseline_hgb_v2
2024-01-03 04:00:00,21,Татнефть-АЗС-022,-0.011653584905752894,shop_total_revenue,Выручка магазина,baseline_hgb_v2
2024-01-03 05:00:00,21,Татнефть-АЗС-022,-0.011653584905752894,shop_total_revenue,Выручка магазина,baseline_hgb_v2
2024-01-03 06:00:00,21,Татнефть-АЗС-022,-0.011653584905752894,shop_total_revenue,Выручка магазина,baseline_hgb_v2
2024-01-03 07:00:00,21,Татнефть-АЗС-022,687.2156505210327,shop_total_revenue,Выручка магазина,baseline_hgb_v2
2024-01-03 08:00:00,21,Татнефть-АЗС-022,293.3924612531899,shop_total_revenue,Выручка магазина,baseline_hgb_v2
2024-01-03 09:00:00,21,Татнефть-АЗС-022,334.3398216604615,shop_total_revenue,Выручка магазина,baseline_hgb_v2
2024-01-03 10:00:00,21,Татнефть-АЗС-022,4.548873400225722,shop_total_revenue,Выручка магазина,baseline_hgb_v2
2024-01-03 11:00:00,21,Татнефть-АЗС-022,4.548873400225722,shop_total_revenue,Выручка магазина,baseline_hgb_v2
2024-01-03 12:00:00,21,Татнефть-АЗС-022,176.68393927550107,shop_total_revenue,Выручка магазина,baseline_hgb_v2
2024-01-03 13:00:00,21,Татнефть-АЗС-022,1.6093037338649383,shop_total_revenue,Выручка магазина,baseline_hgb_v2
2024-01-03 14:00:00,21,Татнефть-АЗС-022,1.6270293034095535,shop_total_revenue,Выручка магазина,baseline_hgb_v2
2024-01-03 15:00:00,21,Татнефть-АЗС-022,12.072365911718727,shop_total_revenue,Выручка магазина,baseline_hgb_v2
2024-01-03 16:00:00,21,Татнефть-АЗС-022,-4.275996941651985,shop_total_revenue,Выручка магазина,baseline_hgb_v2
2024-01-03 17:00:00,21,Татнефть-АЗС-022,853.4488889322172,shop_total_revenue,Выручка магазина,baseline_hgb_v2
2024-01-03 18:00:00,21,Татнефть-АЗС-022,336.206741044852,shop_total_revenue,Выручка магазина,baseline_hgb_v2
2024-01-03 19:00:00,21,Татнефть-АЗС-022,476.2045826787478,shop_total_revenue,Выручка магазина,baseline_hgb_v2
2024-01-03 20:00:00,21,Татнефть-АЗС-022,7.726532713714082,shop_total_revenue,Выручка магазина,baseline_hgb_v2
2024-01-03 21:00:00,21,Татнефть-АЗС-022,-4.275996941651985,shop_total_revenue,Выручка магазина,baseline_hgb_v2
2024-01-03 22:00:00,21,Татнефть-АЗС-022,-0.5117460977916832,shop_total_revenue,Выручка магазина,baseline_hgb_v2
2024-01-03 23:00:00,21,Татнефть-АЗС-022,-0.2983306215092005,shop_total_revenue,Выручка магазина,baseline_hgb_v2
2024-01-04 00:00:00,21,Татнефть-АЗС-022,-0.14736092378197074,shop_total_revenue,Выручка магазина,baseline_hgb_v2
2024-01-04 01:00:00,21,Татнефть-АЗС-022,-0.14736092378197074,shop_total_revenue,Выручка магазина,baseline_hgb_v2
2024-01-04 02:00:00,21,Татнефть-АЗС-022,-0.011653584905752894,shop_total_revenue,Выручка магазина,baseline_hgb_v2
2024-01-04 03:00:00,21,Татнефть-АЗС-022,-0.011653584905752894,shop_total_revenue,Выручка магазина,baseline_hgb_v2
2024-01-04 04:00:00,21,Татнефть-АЗС-022,-0.14736092378197074,shop_total_revenue,Выручка магазина,baseline_hgb_v2
2024-01-04 05:00:00,21,Татнефть-АЗС-022,-0.14736092378197074,shop_total_revenue,Выручка магазина,baseline_hgb_v2
2024-01-04 06:00:00,21,Татнефть-АЗС-022,-0.011653584905752894,shop_total_revenue,Выручка магазина,baseline_hgb_v2
2024-01-04 07:00:00,21,Татнефть-АЗС-022,556.040241612458,shop_total_revenue,Выручка магазина,baseline_hgb_v2
2024-01-04 08:00:00,21,Татнефть-АЗС-022,740.8224059624777,shop_total_revenue,Выручка магазина,baseline_hgb_v2
2024-01-04 09:00:00,21,Татнефть-АЗС-022,371.3962909746261,shop_total_revenue,Выручка магазина,baseline_hgb_v2
2024-01-04 10:00:00,21,Татнефть-АЗС-022,6.34805205850257,shop_total_revenue,Выручка магазина,baseline_hgb_v2
2024-01-04 11:00:00,21,Татнефть-АЗС-022,7.756334971454745,shop_total_revenue,Выручка магазина,baseline_hgb_v2
2024-01-04 12:00:00,21,Татнефть-АЗС-022,9.783077686709257,shop_total_revenue,Выручка магазина,baseline_hgb_v2
2024-01-04 13:00:00,21,Татнефть-АЗС-022,71.10085922795594,shop_total_revenue,Выручка магазина,baseline_hgb_v2
2024-01-04 14:00:00,21,Татнефть-АЗС-022,1.6093037338649383,shop_total_revenue,Выручка магазина,baseline_hgb_v2
2024-01-04 15:00:00,21,Татнефть-АЗС-022,-0.3160561910538156,shop_total_revenue,Выручка магазина,baseline_hgb_v2
2024-01-04 16:00:00,21,Татнефть-АЗС-022,-0.3160561910538156,shop_total_revenue,Выручка магазина,baseline_hgb_v2
2024-01-04 17:00:00,21,Татнефть-АЗС-022,780.0805761417547,shop_total_revenue,Выручка магазина,baseline_hgb_v2
2024-01-04 18:00:00,21,Татнефть-АЗС-022,793.7973283333029,shop_total_revenue,Выручка магазина,baseline_hgb_v2
2024-01-04 19:00:00,21,Татнефть-АЗС-022,304.8822763490009,shop_total_revenue,Выручка магазина,baseline_hgb_v2
2024-01-04 20:00:00,21,Татнефть-АЗС-022,-0.3160561910538156,shop_total_revenue,Выручка магазина,baseline_hgb_v2
2024-01-04 21:00:00,21,Татнефть-АЗС-022,-0.3160561910538156,shop_total_revenue,Выручка магазина,baseline_hgb_v2
2024-01-04 22:00:00,21,Татнефть-АЗС-022,-0.3160561910538156,shop_total_revenue,Выручка магазина,baseline_hgb_v2
2024-01-04 23:00:00,21,Татнефть-АЗС-022,-0.3160561910538156,shop_total_revenue,Выручка магазина,baseline_hgb_v2
2024-01-05 00:00:00,21,Татнефть-АЗС-022,-0.14736092378197074,shop_total_revenue,Выручка магазина,baseline_hgb_v2
2024-01-05 01:00:00,21,Татнефть-АЗС-022,-0.011653584905752894,shop_total_revenue,Выручка магазина,baseline_hgb_v2
2024-01-05 02:00:00,21,Татнефть-АЗС-022,-0.14736092378197074,shop_total_revenue,Выручка магазина,baseline_hgb_v2
2024-01-05 03:00:00,21,Татнефть-АЗС-022,-0.14736092378197074,shop_total_revenue,Выручка магазина,baseline_hgb_v2
2024-01-05 04:00:00,21,Татнефть-АЗС-022,-0.14736092378197074,shop_total_revenue,Выручка магазина,baseline_hgb_v2
2024-01-05 05:00:00,21,Татнефть-АЗС-022,-0.14736092378197074,shop_total_revenue,Выручка магазина,baseline_hgb_v2
2024-01-05 06:00:00,21,Татнефть-АЗС-022,7.846595892702716,shop_total_revenue,Выручка магазина,baseline_hgb_v2
2024-01-05 07:00:00,21,Татнефть-АЗС-022,345.15821299700434,shop_total_revenue,Выручка магазина,baseline_hgb_v2
2024-01-05 08:00:00,21,Татнефть-АЗС-022,681.9745605305393,shop_total_revenue,Выручка магазина,baseline_hgb_v2
2024-01-05 09:00:00,21,Татнефть-АЗС-022,297.6741359995419,shop_total_revenue,Выручка магазина,baseline_hgb_v2
2024-01-05 10:00:00,21,Татнефть-АЗС-022,4.548873400225722,shop_total_revenue,Выручка магазина,baseline_hgb_v2
2024-01-05 11:00:00,21,Татнефть-АЗС-022,-0.011653584905752894,shop_total_revenue,Выручка магазина,baseline_hgb_v2
2024-01-05 12:00:00,21,Татнефть-АЗС-022,30.354023785407648,shop_total_revenue,Выручка магазина,baseline_hgb_v2
2024-01-05 13:00:00,21,Татнефть-АЗС-022,1.6270293034095535,shop_total_revenue,Выручка магазина,baseline_hgb_v2
2024-01-05 14:00:00,21,Татнефть-АЗС-022,1.6093037338649383,shop_total_revenue,Выручка магазина,baseline_hgb_v2
2024-01-05 15:00:00,21,Татнефть-АЗС-022,3.4534755191662696,shop_total_revenue,Выручка магазина,baseline_hgb_v2
2024-01-05 16:00:00,21,Татнефть-АЗС-022,-0.2983306215092005,shop_total_revenue,Выручка магазина,baseline_hgb_v2
2024-01-05 17:00:00,21,Татнефть-АЗС-022,876.5506826023112,shop_total_revenue,Выручка магазина,baseline_hgb_v2
2024-01-05 18:00:00,21,Татнефть-АЗС-022,697.1345180090257,shop_total_revenue,Выручка магазина,baseline_hgb_v2
2024-01-05 19:00:00,21,Татнефть-АЗС-022,853.4488889322172,shop_total_revenue,Выручка магазина,baseline_hgb_v2
2024-01-05 20:00:00,21,Татнефть-АЗС-022,-0.3160561910538156,shop_total_revenue,Выручка магазина,baseline_hgb_v2
2024-01-05 21:00:00,21,Татнефть-АЗС-022,3.4534755191662696,shop_total_revenue,Выручка магазина,baseline_hgb_v2
2024-01-05 22:00:00,21,Татнефть-АЗС-022,-0.25765673775261216,shop_total_revenue,Выручка магазина,baseline_hgb_v2
2024-01-05 23:00:00,21,Татнефть-АЗС-022,-0.5117460977916832,shop_total_revenue,Выручка магазина,baseline_hgb_v2
2024-01-06 00:00:00,21,Татнефть-АЗС-022,-0.5648480563652148,shop_total_revenue,Выручка магазина,baseline_hgb_v2
2024-01-06 01:00:00,21,Татнефть-АЗС-022,-0.5648480563652148,shop_total_revenue,Выручка магазина,baseline_hgb_v2
2024-01-06 02:00:00,21,Татнефть-АЗС-022,-0.5648480563652148,shop_total_revenue,Выручка магазина,baseline_hgb_v2
2024-01-06 03:00:00,21,Татнефть-АЗС-022,-0.5648480563652148,shop_total_revenue,Выручка магазина,baseline_hgb_v2
2024-01-06 04:00:00,21,Татнефть-АЗС-022,-0.5648480563652148,shop_total_revenue,Выручка магазина,baseline_hgb_v2
2024-01-06 05:00:00,21,Татнефть-АЗС-022,-0.5648480563652148,shop_total_revenue,Выручка магазина,baseline_hgb_v2
2024-01-06 06:00:00,21,Татнефть-АЗС-022,-0.024920733728297072,shop_total_revenue,Выручка магазина,baseline_hgb_v2
2024-01-06 07:00:00,21,Татнефть-АЗС-022,771.618415455918,shop_total_revenue,Выручка магазина,baseline_hgb_v2
2024-01-06 08:00:00,21,Татнефть-АЗС-022,427.32262298689363,shop_total_revenue,Выручка магазина,baseline_hgb_v2
2024-01-06 09:00:00,21,Татнефть-АЗС-022,440.9883686681465,shop_total_revenue,Выручка магазина,baseline_hgb_v2
2024-01-06 10:00:00,21,Татнефть-АЗС-022,-0.024920733728297072,shop_total_revenue,Выручка магазина,baseline_hgb_v2
2024-01-06 11:00:00,21,Татнефть-АЗС-022,-0.49229711376121454,shop_total_revenue,Выручка магазина,baseline_hgb_v2
2024-01-06 12:00:00,21,Татнефть-АЗС-022,173.24678686709967,shop_total_revenue,Выручка магазина,baseline_hgb_v2
2024-01-06 13:00:00,21,Татнефть-АЗС-022,255.46594382310332,shop_total_revenue,Выручка магазина,baseline_hgb_v2
2024-01-06 14:00:00,21,Татнефть-АЗС-022,1.0561092624054764,shop_total_revenue,Выручка магазина,baseline_hgb_v2
2024-01-06 15:00:00,21,Татнефть-АЗС-022,1.7354823560149844,shop_total_revenue,Выручка магазина,baseline_hgb_v2
2024-01-06 16:00:00,21,Татнефть-АЗС-022,-0.8692506625132776,shop_total_revenue,Выручка магазина,baseline_hgb_v2
2024-01-06 17:00:00,21,Татнефть-АЗС-022,565.4779938722503,shop_total_revenue,Выручка магазина,baseline_hgb_v2
2024-01-06 18:00:00,21,Татнефть-АЗС-022,540.0795715364716,shop_total_revenue,Выручка магазина,baseline_hgb_v2
2024-01-06 19:00:00,21,Татнефть-АЗС-022,716.3631496617637,shop_total_revenue,Выручка магазина,baseline_hgb_v2
2024-01-06 20:00:00,21,Татнефть-АЗС-022,3.3194818489061246,shop_total_revenue,Выручка магазина,baseline_hgb_v2
2024-01-06 21:00:00,21,Татнефть-АЗС-022,-3.513656968318559,shop_total_revenue,Выручка магазина,baseline_hgb_v2
2024-01-06 22:00:00,21,Татнефть-АЗС-022,-0.8692506625132776,shop_total_revenue,Выручка магазина,baseline_hgb_v2
2024-01-06 23:00:00,21,Татнефть-АЗС-022,-1.0649405692511449,shop_total_revenue,Выручка магазина,baseline_hgb_v2
2024-01-07 00:00:00,21,Татнефть-АЗС-022,-0.5648480563652148,shop_total_revenue,Выручка магазина,baseline_hgb_v2
2024-01-07 01:00:00,21,Татнефть-АЗС-022,-0.5648480563652148,shop_total_revenue,Выручка магазина,baseline_hgb_v2
2024-01-07 02:00:00,21,Татнефть-АЗС-022,-0.5648480563652148,shop_total_revenue,Выручка магазина,baseline_hgb_v2
2024-01-07 03:00:00,21,Татнефть-АЗС-022,-0.5648480563652148,shop_total_revenue,Выручка магазина,baseline_hgb_v2
2024-01-07 04:00:00,21,Татнефть-АЗС-022,-0.7005553952414325,shop_total_revenue,Выручка магазина,baseline_hgb_v2
2024-01-07 05:00:00,21,Татнефть-АЗС-022,-0.5648480563652148,shop_total_revenue,Выручка магазина,baseline_hgb_v2
2024-01-07 06:00:00,21,Татнефть-АЗС-022,-0.24308791468767246,shop_total_revenue,Выручка магазина,baseline_hgb_v2
2024-01-07 07:00:00,21,Татнефть-АЗС-022,467.75075657593356,shop_total_revenue,Выручка магазина,baseline_hgb_v2
2024-01-07 08:00:00,21,Татнефть-АЗС-022,687.494673245424,shop_total_revenue,Выручка магазина,baseline_hgb_v2
2024-01-07 09:00:00,21,Татнефть-АЗС-022,326.2124928898114,shop_total_revenue,Выручка магазина,baseline_hgb_v2
2024-01-07 10:00:00,21,Татнефть-АЗС-022,-0.5648480563652148,shop_total_revenue,Выручка магазина,baseline_hgb_v2
2024-01-07 11:00:00,21,Татнефть-АЗС-022,-0.7182809647860477,shop_total_revenue,Выручка магазина,baseline_hgb_v2
2024-01-07 12:00:00,21,Татнефть-АЗС-022,276.99846091993345,shop_total_revenue,Выручка магазина,baseline_hgb_v2
2024-01-07 13:00:00,21,Татнефть-АЗС-022,1.0738348319500917,shop_total_revenue,Выручка магазина,baseline_hgb_v2
2024-01-07 14:00:00,21,Татнефть-АЗС-022,1.0561092624054764,shop_total_revenue,Выручка магазина,baseline_hgb_v2
2024-01-07 15:00:00,21,Татнефть-АЗС-022,-7.993069947514753,shop_total_revenue,Выручка магазина,baseline_hgb_v2
2024-01-07 16:00:00,21,Татнефть-АЗС-022,22.948757241466854,shop_total_revenue,Выручка магазина,baseline_hgb_v2
2024-01-07 17:00:00,21,Татнефть-АЗС-022,900.2984061117434,shop_total_revenue,Выручка магазина,baseline_hgb_v2
2024-01-07 18:00:00,21,Татнефть-АЗС-022,492.395470470497,shop_total_revenue,Выручка магазина,baseline_hgb_v2
2024-01-07 19:00:00,21,Татнефть-АЗС-022,861.0192097804737,shop_total_revenue,Выручка магазина,baseline_hgb_v2
2024-01-07 20:00:00,21,Татнефть-АЗС-022,-2.221591294371602,shop_total_revenue,Выручка магазина,baseline_hgb_v2
2024-01-07 21:00:00,21,Татнефть-АЗС-022,4.484153084468554,shop_total_revenue,Выручка магазина,baseline_hgb_v2
2024-01-07 22:00:00,21,Татнефть-АЗС-022,-1.0649405692511449,shop_total_revenue,Выручка магазина,baseline_hgb_v2
2024-01-07 23:00:00,21,Татнефть-АЗС-022,-1.0649405692511449,shop_total_revenue,Выручка магазина,baseline_hgb_v2
2024-01-01 00:00:00,22,Татнефть-АЗС-023,-0.044975954671709235,shop_total_revenue,Выручка магазина,baseline_hgb_v2
2024-01-01 01:00:00,22,Татнефть-АЗС-023,-0.044975954671709235,shop_total_revenue,Выручка магазина,baseline_hgb_v2
2024-01-01 02:00:00,22,Татнефть-АЗС-023,-0.044975954671709235,shop_total_revenue,Выручка магазина,baseline_hgb_v2
2024-01-01 03:00:00,22,Татнефть-АЗС-023,0.09073138420450864,shop_total_revenue,Выручка магазина,baseline_hgb_v2
2024-01-01 04:00:00,22,Татнефть-АЗС-023,-0.044975954671709235,shop_total_revenue,Выручка магазина,baseline_hgb_v2
2024-01-01 05:00:00,22,Татнефть-АЗС-023,-0.044975954671709235,shop_total_revenue,Выручка магазина,baseline_hgb_v2
2024-01-01 06:00:00,22,Татнефть-АЗС-023,-0.044975954671709235,shop_total_revenue,Выручка магазина,baseline_hgb_v2
2024-01-01 07:00:00,22,Татнефть-АЗС-023,22.697612303801126,shop_total_revenue,Выручка магазина,baseline_hgb_v2
2024-01-01 08:00:00,22,Татнефть-АЗС-023,22.96882087380617,shop_total_revenue,Выручка магазина,baseline_hgb_v2
2024-01-01 09:00:00,22,Татнефть-АЗС-023,25.544075863567432,shop_total_revenue,Выручка магазина,baseline_hgb_v2
2024-01-01 10:00:00,22,Татнефть-АЗС-023,0.09073138420450864,shop_total_revenue,Выручка магазина,baseline_hgb_v2
2024-01-01 11:00:00,22,Татнефть-АЗС-023,0.09073138420450864,shop_total_revenue,Выручка магазина,baseline_hgb_v2
2024-01-01 12:00:00,22,Татнефть-АЗС-023,1.7116887029752,shop_total_revenue,Выручка магазина,baseline_hgb_v2
2024-01-01 13:00:00,22,Татнефть-АЗС-023,2.5037745684364383,shop_total_revenue,Выручка магазина,baseline_hgb_v2
2024-01-01 14:00:00,22,Татнефть-АЗС-023,2.5037745684364383,shop_total_revenue,Выручка магазина,baseline_hgb_v2
2024-01-01 15:00:00,22,Татнефть-АЗС-023,-0.2136712219435542,shop_total_revenue,Выручка магазина,baseline_hgb_v2
2024-01-01 16:00:00,22,Татнефть-АЗС-023,-0.15527176864235082,shop_total_revenue,Выручка магазина,baseline_hgb_v2
2024-01-01 17:00:00,22,Татнефть-АЗС-023,232.87878551339654,shop_total_revenue,Выручка магазина,baseline_hgb_v2
2024-01-01 18:00:00,22,Татнефть-АЗС-023,32.29679744519904,shop_total_revenue,Выручка магазина,baseline_hgb_v2
2024-01-01 19:00:00,22,Татнефть-АЗС-023,125.40054566705767,shop_total_revenue,Выручка магазина,baseline_hgb_v2
2024-01-01 20:00:00,22,Татнефть-АЗС-023,-0.4093611286814219,shop_total_revenue,Выручка магазина,baseline_hgb_v2
2024-01-01 21:00:00,22,Татнефть-АЗС-023,-0.4093611286814219,shop_total_revenue,Выручка магазина,baseline_hgb_v2
2024-01-01 22:00:00,22,Татнефть-АЗС-023,-0.4093611286814219,shop_total_revenue,Выручка магазина,baseline_hgb_v2
2024-01-01 23:00:00,22,Татнефть-АЗС-023,-0.4093611286814219,shop_total_revenue,Выручка магазина,baseline_hgb_v2
2024-01-02 00:00:00,22,Татнефть-АЗС-023,-0.044975954671709235,shop_total_revenue,Выручка магазина,baseline_hgb_v2
2024-01-02 01:00:00,22,Татнефть-АЗС-023,0.09073138420450864,shop_total_revenue,Выручка магазина,baseline_hgb_v2
2024-01-02 02:00:00,22,Татнефть-АЗС-023,0.09073138420450864,shop_total_revenue,Выручка магазина,baseline_hgb_v2
2024-01-02 03:00:00,22,Татнефть-АЗС-023,0.09073138420450864,shop_total_revenue,Выручка магазина,baseline_hgb_v2
2024-01-02 04:00:00,22,Татнефть-АЗС-023,0.09073138420450864,shop_total_revenue,Выручка магазина,baseline_hgb_v2
2024-01-02 05:00:00,22,Татнефть-АЗС-023,-0.044975954671709235,shop_total_revenue,Выручка магазина,baseline_hgb_v2
2024-01-02 06:00:00,22,Татнефть-АЗС-023,-0.044975954671709235,shop_total_revenue,Выручка магазина,baseline_hgb_v2
2024-01-02 07:00:00,22,Татнефть-АЗС-023,88.24155589764781,shop_total_revenue,Выручка магазина,baseline_hgb_v2
2024-01-02 08:00:00,22,Татнефть-АЗС-023,253.46904959202735,shop_total_revenue,Выручка магазина,baseline_hgb_v2
2024-01-02 09:00:00,22,Татнефть-АЗС-023,3.9039700129627235,shop_total_revenue,Выручка магазина,baseline_hgb_v2
2024-01-02 10:00:00,22,Татнефть-АЗС-023,-0.044975954671709235,shop_total_revenue,Выручка магазина,baseline_hgb_v2
2024-01-02 11:00:00,22,Татнефть-АЗС-023,-0.044975954671709235,shop_total_revenue,Выручка магазина,baseline_hgb_v2
2024-01-02 12:00:00,22,Татнефть-АЗС-023,1.7116887029752,shop_total_revenue,Выручка магазина,baseline_hgb_v2
2024-01-02 13:00:00,22,Татнефть-АЗС-023,1.7116887029752,shop_total_revenue,Выручка магазина,baseline_hgb_v2
2024-01-02 14:00:00,22,Татнефть-АЗС-023,1.7294142725198152,shop_total_revenue,Выручка магазина,baseline_hgb_v2
2024-01-02 15:00:00,22,Татнефть-АЗС-023,-0.4093611286814219,shop_total_revenue,Выручка магазина,baseline_hgb_v2
2024-01-02 16:00:00,22,Татнефть-АЗС-023,-0.4093611286814219,shop_total_revenue,Выручка магазина,baseline_hgb_v2
2024-01-02 17:00:00,22,Татнефть-АЗС-023,234.00013896037913,shop_total_revenue,Выручка магазина,baseline_hgb_v2
2024-01-02 18:00:00,22,Татнефть-АЗС-023,190.63455262916239,shop_total_revenue,Выручка магазина,baseline_hgb_v2
2024-01-02 19:00:00,22,Татнефть-АЗС-023,60.26433184202111,shop_total_revenue,Выручка магазина,baseline_hgb_v2
2024-01-02 20:00:00,22,Татнефть-АЗС-023,-0.4093611286814219,shop_total_revenue,Выручка магазина,baseline_hgb_v2
2024-01-02 21:00:00,22,Татнефть-АЗС-023,-0.1375461990977357,shop_total_revenue,Выручка магазина,baseline_hgb_v2
2024-01-02 22:00:00,22,Татнефть-АЗС-023,-0.2136712219435542,shop_total_revenue,Выручка магазина,baseline_hgb_v2
2024-01-02 23:00:00,22,Татнефть-АЗС-023,-0.4093611286814219,shop_total_revenue,Выручка магазина,baseline_hgb_v2
2024-01-03 00:00:00,22,Татнефть-АЗС-023,-0.044975954671709235,shop_total_revenue,Выручка магазина,baseline_hgb_v2
2024-01-03 01:00:00,22,Татнефть-АЗС-023,0.09073138420450864,shop_total_revenue,Выручка магазина,baseline_hgb_v2
2024-01-03 02:00:00,22,Татнефть-АЗС-023,-0.044975954671709235,shop_total_revenue,Выручка магазина,baseline_hgb_v2
2024-01-03 03:00:00,22,Татнефть-АЗС-023,-0.044975954671709235,shop_total_revenue,Выручка магазина,baseline_hgb_v2
2024-01-03 04:00:00,22,Татнефть-АЗС-023,0.09073138420450864,shop_total_revenue,Выручка магазина,baseline_hgb_v2
2024-01-03 05:00:00,22,Татнефть-АЗС-023,-0.044975954671709235,shop_total_revenue,Выручка магазина,baseline_hgb_v2
2024-01-03 06:00:00,22,Татнефть-АЗС-023,-0.044975954671709235,shop_total_revenue,Выручка магазина,baseline_hgb_v2
2024-01-03 07:00:00,22,Татнефть-АЗС-023,12.952103682574561,shop_total_revenue,Выручка магазина,baseline_hgb_v2
2024-01-03 08:00:00,22,Татнефть-АЗС-023,12.472670574209706,shop_total_revenue,Выручка магазина,baseline_hgb_v2
2024-01-03 09:00:00,22,Татнефть-АЗС-023,12.952103682574561,shop_total_revenue,Выручка магазина,baseline_hgb_v2
2024-01-03 10:00:00,22,Татнефть-АЗС-023,0.09073138420450864,shop_total_revenue,Выручка магазина,baseline_hgb_v2
2024-01-03 11:00:00,22,Татнефть-АЗС-023,0.09073138420450864,shop_total_revenue,Выручка магазина,baseline_hgb_v2
2024-01-03 12:00:00,22,Татнефть-АЗС-023,2.5037745684364383,shop_total_revenue,Выручка магазина,baseline_hgb_v2
2024-01-03 13:00:00,22,Татнефть-АЗС-023,1.7116887029752,shop_total_revenue,Выручка магазина,baseline_hgb_v2
2024-01-03 14:00:00,22,Татнефть-АЗС-023,2.5037745684364383,shop_total_revenue,Выручка магазина,baseline_hgb_v2
2024-01-03 15:00:00,22,Татнефть-АЗС-023,-0.2136712219435542,shop_total_revenue,Выручка магазина,baseline_hgb_v2
2024-01-03 16:00:00,22,Татнефть-АЗС-023,-0.2136712219435542,shop_total_revenue,Выручка магазина,baseline_hgb_v2
2024-01-03 17:00:00,22,Татнефть-АЗС-023,242.93592341249118,shop_total_revenue,Выручка магазина,baseline_hgb_v2
2024-01-03 18:00:00,22,Татнефть-АЗС-023,27.75256562711583,shop_total_revenue,Выручка магазина,baseline_hgb_v2
2024-01-03 19:00:00,22,Татнефть-АЗС-023,249.05405236815088,shop_total_revenue,Выручка магазина,baseline_hgb_v2
2024-01-03 20:00:00,22,Татнефть-АЗС-023,-0.4093611286814219,shop_total_revenue,Выручка магазина,baseline_hgb_v2
2024-01-03 21:00:00,22,Татнефть-АЗС-023,-0.2136712219435542,shop_total_revenue,Выручка магазина,baseline_hgb_v2
2024-01-03 22:00:00,22,Татнефть-АЗС-023,-0.2136712219435542,shop_total_revenue,Выручка магазина,baseline_hgb_v2
2024-01-03 23:00:00,22,Татнефть-АЗС-023,-0.4093611286814219,shop_total_revenue,Выручка магазина,baseline_hgb_v2
2024-01-04 00:00:00,22,Татнефть-АЗС-023,0.09073138420450864,shop_total_revenue,Выручка магазина,baseline_hgb_v2
2024-01-04 01:00:00,22,Татнефть-АЗС-023,-0.044975954671709235,shop_total_revenue,Выручка магазина,baseline_hgb_v2
2024-01-04 02:00:00,22,Татнефть-АЗС-023,0.09073138420450864,shop_total_revenue,Выручка магазина,baseline_hgb_v2
2024-01-04 03:00:00,22,Татнефть-АЗС-023,0.09073138420450864,shop_total_revenue,Выручка магазина,baseline_hgb_v2
2024-01-04 04:00:00,22,Татнефть-АЗС-023,0.10845695374912377,shop_total_revenue,Выручка магазина,baseline_hgb_v2
2024-01-04 05:00:00,22,Татнефть-АЗС-023,-0.044975954671709235,shop_total_revenue,Выручка магазина,baseline_hgb_v2
2024-01-04 06:00:00,22,Татнефть-АЗС-023,-0.044975954671709235,shop_total_revenue,Выручка магазина,baseline_hgb_v2
2024-01-04 07:00:00,22,Татнефть-АЗС-023,14.696275848724374,shop_total_revenue,Выручка магазина,baseline_hgb_v2
2024-01-04 08:00:00,22,Татнефть-АЗС-023,221.8072813636933,shop_total_revenue,Выручка магазина,baseline_hgb_v2
2024-01-04 09:00:00,22,Татнефть-АЗС-023,16.961191156973378,shop_total_revenue,Выручка магазина,baseline_hgb_v2
2024-01-04 10:00:00,22,Татнефть-АЗС-023,-0.044975954671709235,shop_total_revenue,Выручка магазина,baseline_hgb_v2
2024-01-04 11:00:00,22,Татнефть-АЗС-023,0.09073138420450864,shop_total_revenue,Выручка магазина,baseline_hgb_v2
2024-01-04 12:00:00,22,Татнефть-АЗС-023,1.7116887029752,shop_total_revenue,Выручка магазина,baseline_hgb_v2
2024-01-04 13:00:00,22,Татнефть-АЗС-023,2.5037745684364383,shop_total_revenue,Выручка магазина,baseline_hgb_v2
2024-01-04 14:00:00,22,Татнефть-АЗС-023,2.5037745684364383,shop_total_revenue,Выручка магазина,baseline_hgb_v2
2024-01-04 15:00:00,22,Татнефть-АЗС-023,-0.427086698226037,shop_total_revenue,Выручка магазина,baseline_hgb_v2
2024-01-04 16:00:00,22,Татнефть-АЗС-023,-0.2136712219435542,shop_total_revenue,Выручка магазина,baseline_hgb_v2
2024-01-04 17:00:00,22,Татнефть-АЗС-023,13.134657706388218,shop_total_revenue,Выручка магазина,baseline_hgb_v2
2024-01-04 18:00:00,22,Татнефть-АЗС-023,232.59289682928994,shop_total_revenue,Выручка магазина,baseline_hgb_v2
2024-01-04 19:00:00,22,Татнефть-АЗС-023,13.715655780078183,shop_total_revenue,Выручка магазина,baseline_hgb_v2
2024-01-04 20:00:00,22,Татнефть-АЗС-023,-0.4093611286814219,shop_total_revenue,Выручка магазина,baseline_hgb_v2
2024-01-04 21:00:00,22,Татнефть-АЗС-023,-0.2136712219435542,shop_total_revenue,Выручка магазина,baseline_hgb_v2
2024-01-04 22:00:00,22,Татнефть-АЗС-023,-0.15527176864235082,shop_total_revenue,Выручка магазина,baseline_hgb_v2
2024-01-04 23:00:00,22,Татнефть-АЗС-023,-0.4093611286814219,shop_total_revenue,Выручка магазина,baseline_hgb_v2
2024-01-05 00:00:00,22,Татнефть-АЗС-023,-0.044975954671709235,shop_total_revenue,Выручка магазина,baseline_hgb_v2
2024-01-05 01:00:00,22,Татнефть-АЗС-023,-0.044975954671709235,shop_total_revenue,Выручка магазина,baseline_hgb_v2
2024-01-05 02:00:00,22,Татнефть-АЗС-023,0.09073138420450864,shop_total_revenue,Выручка магазина,baseline_hgb_v2
2024-01-05 03:00:00,22,Татнефть-АЗС-023,-0.044975954671709235,shop_total_revenue,Выручка магазина,baseline_hgb_v2
2024-01-05 04:00:00,22,Татнефть-АЗС-023,-0.044975954671709235,shop_total_revenue,Выручка магазина,baseline_hgb_v2
2024-01-05 05:00:00,22,Татнефть-АЗС-023,-0.044975954671709235,shop_total_revenue,Выручка магазина,baseline_hgb_v2
2024-01-05 06:00:00,22,Татнефть-АЗС-023,-0.044975954671709235,shop_total_revenue,Выручка магазина,baseline_hgb_v2
2024-01-05 07:00:00,22,Татнефть-АЗС-023,239.28513784887846,shop_total_revenue,Выручка магазина,baseline_hgb_v2
2024-01-05 08:00:00,22,Татнефть-АЗС-023,250.86226768329723,shop_total_revenue,Выручка магазина,baseline_hgb_v2
2024-01-05 09:00:00,22,Татнефть-АЗС-023,235.25029833027207,shop_total_revenue,Выручка магазина,baseline_hgb_v2
2024-01-05 10:00:00,22,Татнефть-АЗС-023,0.09073138420450864,shop_total_revenue,Выручка магазина,baseline_hgb_v2
2024-01-05 11:00:00,22,Татнефть-АЗС-023,0.09073138420450864,shop_total_revenue,Выручка магазина,baseline_hgb_v2
2024-01-05 12:00:00,22,Татнефть-АЗС-023,1.7116887029752,shop_total_revenue,Выручка магазина,baseline_hgb_v2
2024-01-05 13:00:00,22,Татнефть-АЗС-023,1.7116887029752,shop_total_revenue,Выручка магазина,baseline_hgb_v2
2024-01-05 14:00:00,22,Татнефть-АЗС-023,2.5037745684364383,shop_total_revenue,Выручка магазина,baseline_hgb_v2
2024-01-05 15:00:00,22,Татнефть-АЗС-023,-0.15527176864235082,shop_total_revenue,Выручка магазина,baseline_hgb_v2
2024-01-05 16:00:00,22,Татнефть-АЗС-023,-0.4093611286814219,shop_total_revenue,Выручка магазина,baseline_hgb_v2
2024-01-05 17:00:00,22,Татнефть-АЗС-023,70.67070573473568,shop_total_revenue,Выручка магазина,baseline_hgb_v2
2024-01-05 18:00:00,22,Татнефть-АЗС-023,225.49068354651627,shop_total_revenue,Выручка магазина,baseline_hgb_v2
2024-01-05 19:00:00,22,Татнефть-АЗС-023,13.773967625537864,shop_total_revenue,Выручка магазина,baseline_hgb_v2
2024-01-05 20:00:00,22,Татнефть-АЗС-023,-0.4093611286814219,shop_total_revenue,Выручка магазина,baseline_hgb_v2
2024-01-05 21:00:00,22,Татнефть-АЗС-023,-0.15527176864235082,shop_total_revenue,Выручка магазина,baseline_hgb_v2
2024-01-05 22:00:00,22,Татнефть-АЗС-023,-0.15527176864235082,shop_total_revenue,Выручка магазина,baseline_hgb_v2
2024-01-05 23:00:00,22,Татнефть-АЗС-023,-0.4093611286814219,shop_total_revenue,Выручка магазина,baseline_hgb_v2
2024-01-06 00:00:00,22,Татнефть-АЗС-023,-0.5981704261311711,shop_total_revenue,Выручка магазина,baseline_hgb_v2
2024-01-06 01:00:00,22,Татнефть-АЗС-023,-0.5981704261311711,shop_total_revenue,Выручка магазина,baseline_hgb_v2
2024-01-06 02:00:00,22,Татнефть-АЗС-023,-0.5981704261311711,shop_total_revenue,Выручка магазина,baseline_hgb_v2
2024-01-06 03:00:00,22,Татнефть-АЗС-023,-0.46246308725495344,shop_total_revenue,Выручка магазина,baseline_hgb_v2
2024-01-06 04:00:00,22,Татнефть-АЗС-023,-0.46246308725495344,shop_total_revenue,Выручка магазина,baseline_hgb_v2
2024-01-06 05:00:00,22,Татнефть-АЗС-023,-0.5981704261311711,shop_total_revenue,Выручка магазина,baseline_hgb_v2
2024-01-06 06:00:00,22,Татнефть-АЗС-023,-0.5981704261311711,shop_total_revenue,Выручка магазина,baseline_hgb_v2
2024-01-06 07:00:00,22,Татнефть-АЗС-023,102.4718067373033,shop_total_revenue,Выручка магазина,baseline_hgb_v2
2024-01-06 08:00:00,22,Татнефть-АЗС-023,60.3125429086747,shop_total_revenue,Выручка магазина,baseline_hgb_v2
2024-01-06 09:00:00,22,Татнефть-АЗС-023,5.314879525462724,shop_total_revenue,Выручка магазина,baseline_hgb_v2
2024-01-06 10:00:00,22,Татнефть-АЗС-023,-0.46246308725495344,shop_total_revenue,Выручка магазина,baseline_hgb_v2
2024-01-06 11:00:00,22,Татнефть-АЗС-023,-0.46246308725495344,shop_total_revenue,Выручка магазина,baseline_hgb_v2
2024-01-06 12:00:00,22,Татнефть-АЗС-023,1.158494231515738,shop_total_revenue,Выручка магазина,baseline_hgb_v2
2024-01-06 13:00:00,22,Татнефть-АЗС-023,1.950580096976976,shop_total_revenue,Выручка магазина,baseline_hgb_v2
2024-01-06 14:00:00,22,Татнефть-АЗС-023,1.158494231515738,shop_total_revenue,Выручка магазина,baseline_hgb_v2
2024-01-06 15:00:00,22,Татнефть-АЗС-023,-0.9625556001408833,shop_total_revenue,Выручка магазина,baseline_hgb_v2
2024-01-06 16:00:00,22,Татнефть-АЗС-023,-0.7668656934030161,shop_total_revenue,Выручка магазина,baseline_hgb_v2
2024-01-06 17:00:00,22,Татнефть-АЗС-023,9.461671837329135,shop_total_revenue,Выручка магазина,baseline_hgb_v2
2024-01-06 18:00:00,22,Татнефть-АЗС-023,148.29464986727996,shop_total_revenue,Выручка магазина,baseline_hgb_v2
2024-01-06 19:00:00,22,Татнефть-АЗС-023,71.29356547968959,shop_total_revenue,Выручка магазина,baseline_hgb_v2
2024-01-06 20:00:00,22,Татнефть-АЗС-023,-0.7668656934030161,shop_total_revenue,Выручка магазина,baseline_hgb_v2
2024-01-06 21:00:00,22,Татнефть-АЗС-023,-0.7668656934030161,shop_total_revenue,Выручка магазина,baseline_hgb_v2
2024-01-06 22:00:00,22,Татнефть-АЗС-023,-1.0046208404575032,shop_total_revenue,Выручка магазина,baseline_hgb_v2
2024-01-06 23:00:00,22,Татнефть-АЗС-023,-0.9625556001408833,shop_total_revenue,Выручка магазина,baseline_hgb_v2
2024-01-07 00:00:00,22,Татнефть-АЗС-023,-0.46246308725495344,shop_total_revenue,Выручка магазина,baseline_hgb_v2
2024-01-07 01:00:00,22,Татнефть-АЗС-023,-0.46246308725495344,shop_total_revenue,Выручка магазина,baseline_hgb_v2
2024-01-07 02:00:00,22,Татнефть-АЗС-023,-0.5981704261311711,shop_total_revenue,Выручка магазина,baseline_hgb_v2
2024-01-07 03:00:00,22,Татнефть-АЗС-023,-0.46246308725495344,shop_total_revenue,Выручка магазина,baseline_hgb_v2
2024-01-07 04:00:00,22,Татнефть-АЗС-023,-0.5981704261311711,shop_total_revenue,Выручка магазина,baseline_hgb_v2
2024-01-07 05:00:00,22,Татнефть-АЗС-023,-0.5981704261311711,shop_total_revenue,Выручка магазина,baseline_hgb_v2
2024-01-07 06:00:00,22,Татнефть-АЗС-023,-0.46246308725495344,shop_total_revenue,Выручка магазина,baseline_hgb_v2
2024-01-07 07:00:00,22,Татнефть-АЗС-023,180.92124937243474,shop_total_revenue,Выручка магазина,baseline_hgb_v2
2024-01-07 08:00:00,22,Татнефть-АЗС-023,117.57382728549484,shop_total_revenue,Выручка магазина,baseline_hgb_v2
2024-01-07 09:00:00,22,Татнефть-АЗС-023,5.314879525462724,shop_total_revenue,Выручка магазина,baseline_hgb_v2
2024-01-07 10:00:00,22,Татнефть-АЗС-023,-0.46246308725495344,shop_total_revenue,Выручка магазина,baseline_hgb_v2
2024-01-07 11:00:00,22,Татнефть-АЗС-023,-0.5981704261311711,shop_total_revenue,Выручка магазина,baseline_hgb_v2
2024-01-07 12:00:00,22,Татнефть-АЗС-023,1.158494231515738,shop_total_revenue,Выручка магазина,baseline_hgb_v2
2024-01-07 13:00:00,22,Татнефть-АЗС-023,1.950580096976976,shop_total_revenue,Выручка магазина,baseline_hgb_v2
2024-01-07 14:00:00,22,Татнефть-АЗС-023,1.158494231515738,shop_total_revenue,Выручка магазина,baseline_hgb_v2
2024-01-07 15:00:00,22,Татнефть-АЗС-023,-0.9625556001408833,shop_total_revenue,Выручка магазина,baseline_hgb_v2
2024-01-07 16:00:00,22,Татнефть-АЗС-023,-0.9625556001408833,shop_total_revenue,Выручка магазина,baseline_hgb_v2
2024-01-07 17:00:00,22,Татнефть-АЗС-023,1.8272188198476518,shop_total_revenue,Выручка магазина,baseline_hgb_v2
2024-01-07 18:00:00,22,Татнефть-АЗС-023,1.8272188198476518,shop_total_revenue,Выручка магазина,baseline_hgb_v2
2024-01-07 19:00:00,22,Татнефть-АЗС-023,60.51109052554773,shop_total_revenue,Выручка магазина,baseline_hgb_v2
2024-01-07 20:00:00,22,Татнефть-АЗС-023,-0.7668656934030161,shop_total_revenue,Выручка магазина,baseline_hgb_v2
2024-01-07 21:00:00,22,Татнефть-АЗС-023,-0.7084662401018128,shop_total_revenue,Выручка магазина,baseline_hgb_v2
2024-01-07 22:00:00,22,Татнефть-АЗС-023,-0.9625556001408833,shop_total_revenue,Выручка магазина,baseline_hgb_v2
2024-01-07 23:00:00,22,Татнефть-АЗС-023,-0.7668656934030161,shop_total_revenue,Выручка магазина,baseline_hgb_v2
2024-01-01 00:00:00,23,Татнефть-АЗС-024,-0.8563015920829843,shop_total_revenue,Выручка магазина,baseline_hgb_v2
2024-01-01 01:00:00,23,Татнефть-АЗС-024,-0.7205942532067664,shop_total_revenue,Выручка магазина,baseline_hgb_v2
2024-01-01 02:00:00,23,Татнефть-АЗС-024,-0.8563015920829843,shop_total_revenue,Выручка магазина,baseline_hgb_v2
2024-01-01 03:00:00,23,Татнефть-АЗС-024,-0.7205942532067664,shop_total_revenue,Выручка магазина,baseline_hgb_v2
2024-01-01 04:00:00,23,Татнефть-АЗС-024,-0.8563015920829843,shop_total_revenue,Выручка магазина,baseline_hgb_v2
2024-01-01 05:00:00,23,Татнефть-АЗС-024,-0.8563015920829843,shop_total_revenue,Выручка магазина,baseline_hgb_v2
2024-01-01 06:00:00,23,Татнефть-АЗС-024,-0.8563015920829843,shop_total_revenue,Выручка магазина,baseline_hgb_v2
2024-01-01 07:00:00,23,Татнефть-АЗС-024,105.28480513120255,shop_total_revenue,Выручка магазина,baseline_hgb_v2
2024-01-01 08:00:00,23,Татнефть-АЗС-024,0.335316086091803,shop_total_revenue,Выручка магазина,baseline_hgb_v2
2024-01-01 09:00:00,23,Татнефть-АЗС-024,46.430681440623914,shop_total_revenue,Выручка магазина,baseline_hgb_v2
2024-01-01 10:00:00,23,Татнефть-АЗС-024,-0.8563015920829843,shop_total_revenue,Выручка магазина,baseline_hgb_v2
2024-01-01 11:00:00,23,Татнефть-АЗС-024,-0.7205942532067664,shop_total_revenue,Выручка магазина,baseline_hgb_v2
2024-01-01 12:00:00,23,Татнефть-АЗС-024,1.0938887833343847,shop_total_revenue,Выручка магазина,baseline_hgb_v2
2024-01-01 13:00:00,23,Татнефть-АЗС-024,1.8682490792510065,shop_total_revenue,Выручка магазина,baseline_hgb_v2
2024-01-01 14:00:00,23,Татнефть-АЗС-024,1.0761632137897694,shop_total_revenue,Выручка магазина,baseline_hgb_v2
2024-01-01 15:00:00,23,Татнефть-АЗС-024,-1.4371118892066876,shop_total_revenue,Выручка магазина,baseline_hgb_v2
2024-01-01 16:00:00,23,Татнефть-АЗС-024,-1.2414219824688202,shop_total_revenue,Выручка магазина,baseline_hgb_v2
2024-01-01 17:00:00,23,Татнефть-АЗС-024,-0.11051375369224703,shop_total_revenue,Выручка магазина,baseline_hgb_v2
2024-01-01 18:00:00,23,Татнефть-АЗС-024,116.56748514069726,shop_total_revenue,Выручка магазина,baseline_hgb_v2
2024-01-01 19:00:00,23,Татнефть-АЗС-024,6.987049113374802,shop_total_revenue,Выручка магазина,baseline_hgb_v2
2024-01-01 20:00:00,23,Татнефть-АЗС-024,-1.2414219824688202,shop_total_revenue,Выручка магазина,baseline_hgb_v2
2024-01-01 21:00:00,23,Татнефть-АЗС-024,-1.2414219824688202,shop_total_revenue,Выручка магазина,baseline_hgb_v2
2024-01-01 22:00:00,23,Татнефть-АЗС-024,-1.4371118892066876,shop_total_revenue,Выручка магазина,baseline_hgb_v2
2024-01-01 23:00:00,23,Татнефть-АЗС-024,-1.2414219824688202,shop_total_revenue,Выручка магазина,baseline_hgb_v2
2024-01-02 00:00:00,23,Татнефть-АЗС-024,-0.8563015920829843,shop_total_revenue,Выручка магазина,baseline_hgb_v2
2024-01-02 01:00:00,23,Татнефть-АЗС-024,-0.8563015920829843,shop_total_revenue,Выручка магазина,baseline_hgb_v2
2024-01-02 02:00:00,23,Татнефть-АЗС-024,-0.8563015920829843,shop_total_revenue,Выручка магазина,baseline_hgb_v2
2024-01-02 03:00:00,23,Татнефть-АЗС-024,-0.7205942532067664,shop_total_revenue,Выручка магазина,baseline_hgb_v2
2024-01-02 04:00:00,23,Татнефть-АЗС-024,-0.7205942532067664,shop_total_revenue,Выручка магазина,baseline_hgb_v2
2024-01-02 05:00:00,23,Татнефть-АЗС-024,-0.8563015920829843,shop_total_revenue,Выручка магазина,baseline_hgb_v2
2024-01-02 06:00:00,23,Татнефть-АЗС-024,-0.8563015920829843,shop_total_revenue,Выручка магазина,baseline_hgb_v2
2024-01-02 07:00:00,23,Татнефть-АЗС-024,0.03484540036988759,shop_total_revenue,Выручка магазина,baseline_hgb_v2
2024-01-02 08:00:00,23,Татнефть-АЗС-024,0.03484540036988759,shop_total_revenue,Выручка магазина,baseline_hgb_v2
2024-01-02 09:00:00,23,Татнефть-АЗС-024,1.5874979772773679,shop_total_revenue,Выручка магазина,baseline_hgb_v2
2024-01-02 10:00:00,23,Татнефть-АЗС-024,-0.7205942532067664,shop_total_revenue,Выручка магазина,baseline_hgb_v2
2024-01-02 11:00:00,23,Татнефть-АЗС-024,-0.7205942532067664,shop_total_revenue,Выручка магазина,baseline_hgb_v2
2024-01-02 12:00:00,23,Татнефть-АЗС-024,1.0761632137897694,shop_total_revenue,Выручка магазина,baseline_hgb_v2
2024-01-02 13:00:00,23,Татнефть-АЗС-024,1.8682490792510065,shop_total_revenue,Выручка магазина,baseline_hgb_v2
2024-01-02 14:00:00,23,Татнефть-АЗС-024,1.0761632137897694,shop_total_revenue,Выручка магазина,baseline_hgb_v2
2024-01-02 15:00:00,23,Татнефть-АЗС-024,-1.4371118892066876,shop_total_revenue,Выручка магазина,baseline_hgb_v2
2024-01-02 16:00:00,23,Татнефть-АЗС-024,-1.4371118892066876,shop_total_revenue,Выручка магазина,baseline_hgb_v2
2024-01-02 17:00:00,23,Татнефть-АЗС-024,132.9245991217406,shop_total_revenue,Выручка магазина,baseline_hgb_v2
2024-01-02 18:00:00,23,Татнефть-АЗС-024,5.344556557286819,shop_total_revenue,Выручка магазина,baseline_hgb_v2
2024-01-02 19:00:00,23,Татнефть-АЗС-024,121.64471413872394,shop_total_revenue,Выручка магазина,baseline_hgb_v2
2024-01-02 20:00:00,23,Татнефть-АЗС-024,-1.4371118892066876,shop_total_revenue,Выручка магазина,baseline_hgb_v2
2024-01-02 21:00:00,23,Татнефть-АЗС-024,-1.4371118892066876,shop_total_revenue,Выручка магазина,baseline_hgb_v2
2024-01-02 22:00:00,23,Татнефть-АЗС-024,-1.223696412924205,shop_total_revenue,Выручка магазина,baseline_hgb_v2
2024-01-02 23:00:00,23,Татнефть-АЗС-024,-1.4371118892066876,shop_total_revenue,Выручка магазина,baseline_hgb_v2
2024-01-03 00:00:00,23,Татнефть-АЗС-024,-0.7205942532067664,shop_total_revenue,Выручка магазина,baseline_hgb_v2
2024-01-03 01:00:00,23,Татнефть-АЗС-024,-0.7205942532067664,shop_total_revenue,Выручка магазина,baseline_hgb_v2
2024-01-03 02:00:00,23,Татнефть-АЗС-024,-0.8563015920829843,shop_total_revenue,Выручка магазина,baseline_hgb_v2
2024-01-03 03:00:00,23,Татнефть-АЗС-024,-0.7205942532067664,shop_total_revenue,Выручка магазина,baseline_hgb_v2
2024-01-03 04:00:00,23,Татнефть-АЗС-024,-0.8563015920829843,shop_total_revenue,Выручка магазина,baseline_hgb_v2
2024-01-03 05:00:00,23,Татнефть-АЗС-024,-0.7205942532067664,shop_total_revenue,Выручка магазина,baseline_hgb_v2
2024-01-03 06:00:00,23,Татнефть-АЗС-024,-0.8740271616275995,shop_total_revenue,Выручка магазина,baseline_hgb_v2
2024-01-03 07:00:00,23,Татнефть-АЗС-024,-4.920986235218115,shop_total_revenue,Выручка магазина,baseline_hgb_v2
2024-01-03 08:00:00,23,Татнефть-АЗС-024,96.44475215707159,shop_total_revenue,Выручка магазина,baseline_hgb_v2
2024-01-03 09:00:00,23,Татнефть-АЗС-024,5.937372908091483,shop_total_revenue,Выручка магазина,baseline_hgb_v2
2024-01-03 10:00:00,23,Татнефть-АЗС-024,-0.8563015920829843,shop_total_revenue,Выручка магазина,baseline_hgb_v2
2024-01-03 11:00:00,23,Татнефть-АЗС-024,-0.7205942532067664,shop_total_revenue,Выручка магазина,baseline_hgb_v2
2024-01-03 12:00:00,23,Татнефть-АЗС-024,1.0761632137897694,shop_total_revenue,Выручка магазина,baseline_hgb_v2
2024-01-03 13:00:00,23,Татнефть-АЗС-024,1.8682490792510065,shop_total_revenue,Выручка магазина,baseline_hgb_v2
2024-01-03 14:00:00,23,Татнефть-АЗС-024,1.8682490792510065,shop_total_revenue,Выручка магазина,baseline_hgb_v2
2024-01-03 15:00:00,23,Татнефть-АЗС-024,-1.4371118892066876,shop_total_revenue,Выручка магазина,baseline_hgb_v2
2024-01-03 16:00:00,23,Татнефть-АЗС-024,-1.4371118892066876,shop_total_revenue,Выручка магазина,baseline_hgb_v2
2024-01-03 17:00:00,23,Татнефть-АЗС-024,116.02835443356777,shop_total_revenue,Выручка магазина,baseline_hgb_v2
2024-01-03 18:00:00,23,Татнефть-АЗС-024,113.82025035503158,shop_total_revenue,Выручка магазина,baseline_hgb_v2
2024-01-03 19:00:00,23,Татнефть-АЗС-024,142.73743270963226,shop_total_revenue,Выручка магазина,baseline_hgb_v2
2024-01-03 20:00:00,23,Татнефть-АЗС-024,-1.4371118892066876,shop_total_revenue,Выручка магазина,baseline_hgb_v2
2024-01-03 21:00:00,23,Татнефть-АЗС-024,-1.223696412924205,shop_total_revenue,Выручка магазина,baseline_hgb_v2
2024-01-03 22:00:00,23,Татнефть-АЗС-024,-1.2414219824688202,shop_total_revenue,Выручка магазина,baseline_hgb_v2
2024-01-03 23:00:00,23,Татнефть-АЗС-024,-1.4371118892066876,shop_total_revenue,Выручка магазина,baseline_hgb_v2
2024-01-04 00:00:00,23,Татнефть-АЗС-024,-0.7205942532067664,shop_total_revenue,Выручка магазина,baseline_hgb_v2
2024-01-04 01:00:00,23,Татнефть-АЗС-024,-0.7205942532067664,shop_total_revenue,Выручка магазина,baseline_hgb_v2
2024-01-04 02:00:00,23,Татнефть-АЗС-024,-0.8563015920829843,shop_total_revenue,Выручка магазина,baseline_hgb_v2
2024-01-04 03:00:00,23,Татнефть-АЗС-024,-0.8563015920829843,shop_total_revenue,Выручка магазина,baseline_hgb_v2
2024-01-04 04:00:00,23,Татнефть-АЗС-024,-0.8563015920829843,shop_total_revenue,Выручка магазина,baseline_hgb_v2
2024-01-04 05:00:00,23,Татнефть-АЗС-024,-0.7205942532067664,shop_total_revenue,Выручка магазина,baseline_hgb_v2
2024-01-04 06:00:00,23,Татнефть-АЗС-024,-0.7205942532067664,shop_total_revenue,Выручка магазина,baseline_hgb_v2
2024-01-04 07:00:00,23,Татнефть-АЗС-024,14.517208263351058,shop_total_revenue,Выручка магазина,baseline_hgb_v2
2024-01-04 08:00:00,23,Татнефть-АЗС-024,90.90188697305615,shop_total_revenue,Выручка магазина,baseline_hgb_v2
2024-01-04 09:00:00,23,Татнефть-АЗС-024,90.1965460193738,shop_total_revenue,Выручка магазина,baseline_hgb_v2
2024-01-04 10:00:00,23,Татнефть-АЗС-024,-0.8563015920829843,shop_total_revenue,Выручка магазина,baseline_hgb_v2
2024-01-04 11:00:00,23,Татнефть-АЗС-024,-0.8563015920829843,shop_total_revenue,Выручка магазина,baseline_hgb_v2
2024-01-04 12:00:00,23,Татнефть-АЗС-024,1.0761632137897694,shop_total_revenue,Выручка магазина,baseline_hgb_v2
2024-01-04 13:00:00,23,Татнефть-АЗС-024,1.0761632137897694,shop_total_revenue,Выручка магазина,baseline_hgb_v2
2024-01-04 14:00:00,23,Татнефть-АЗС-024,1.8261838389343865,shop_total_revenue,Выручка магазина,baseline_hgb_v2
2024-01-04 15:00:00,23,Татнефть-АЗС-024,-1.2414219824688202,shop_total_revenue,Выручка магазина,baseline_hgb_v2
2024-01-04 16:00:00,23,Татнефть-АЗС-024,-1.4371118892066876,shop_total_revenue,Выручка магазина,baseline_hgb_v2
2024-01-04 17:00:00,23,Татнефть-АЗС-024,4.332310645428134,shop_total_revenue,Выручка магазина,baseline_hgb_v2
2024-01-04 18:00:00,23,Татнефть-АЗС-024,113.82025035503158,shop_total_revenue,Выручка магазина,baseline_hgb_v2
2024-01-04 19:00:00,23,Татнефть-АЗС-024,116.07860290509245,shop_total_revenue,Выручка магазина,baseline_hgb_v2
2024-01-04 20:00:00,23,Татнефть-АЗС-024,-1.4371118892066876,shop_total_revenue,Выручка магазина,baseline_hgb_v2
2024-01-04 21:00:00,23,Татнефть-АЗС-024,-1.2414219824688202,shop_total_revenue,Выручка магазина,baseline_hgb_v2
2024-01-04 22:00:00,23,Татнефть-АЗС-024,-1.4371118892066876,shop_total_revenue,Выручка магазина,baseline_hgb_v2
2024-01-04 23:00:00,23,Татнефть-АЗС-024,-1.2414219824688202,shop_total_revenue,Выручка магазина,baseline_hgb_v2
2024-01-05 00:00:00,23,Татнефть-АЗС-024,-0.7205942532067664,shop_total_revenue,Выручка магазина,baseline_hgb_v2
2024-01-05 01:00:00,23,Татнефть-АЗС-024,-0.7205942532067664,shop_total_revenue,Выручка магазина,baseline_hgb_v2
2024-01-05 02:00:00,23,Татнефть-АЗС-024,-0.7028686836621512,shop_total_revenue,Выручка магазина,baseline_hgb_v2
2024-01-05 03:00:00,23,Татнефть-АЗС-024,-0.8563015920829843,shop_total_revenue,Выручка магазина,baseline_hgb_v2
2024-01-05 04:00:00,23,Татнефть-АЗС-024,-0.8563015920829843,shop_total_revenue,Выручка магазина,baseline_hgb_v2
2024-01-05 05:00:00,23,Татнефть-АЗС-024,-0.7205942532067664,shop_total_revenue,Выручка магазина,baseline_hgb_v2
2024-01-05 06:00:00,23,Татнефть-АЗС-024,-0.8563015920829843,shop_total_revenue,Выручка магазина,baseline_hgb_v2
2024-01-05 07:00:00,23,Татнефть-АЗС-024,4.341611359422787,shop_total_revenue,Выручка магазина,baseline_hgb_v2
2024-01-05 08:00:00,23,Татнефть-АЗС-024,100.60783825147578,shop_total_revenue,Выручка магазина,baseline_hgb_v2
2024-01-05 09:00:00,23,Татнефть-АЗС-024,3.8621782510579346,shop_total_revenue,Выручка магазина,baseline_hgb_v2
2024-01-05 10:00:00,23,Татнефть-АЗС-024,-0.8563015920829843,shop_total_revenue,Выручка магазина,baseline_hgb_v2
2024-01-05 11:00:00,23,Татнефть-АЗС-024,-0.8740271616275995,shop_total_revenue,Выручка магазина,baseline_hgb_v2
2024-01-05 12:00:00,23,Татнефть-АЗС-024,1.8682490792510065,shop_total_revenue,Выручка магазина,baseline_hgb_v2
2024-01-05 13:00:00,23,Татнефть-АЗС-024,1.8682490792510065,shop_total_revenue,Выручка магазина,baseline_hgb_v2
2024-01-05 14:00:00,23,Татнефть-АЗС-024,1.0761632137897694,shop_total_revenue,Выручка магазина,baseline_hgb_v2
2024-01-05 15:00:00,23,Татнефть-АЗС-024,-1.2414219824688202,shop_total_revenue,Выручка магазина,baseline_hgb_v2
2024-01-05 16:00:00,23,Татнефть-АЗС-024,-1.4371118892066876,shop_total_revenue,Выручка магазина,baseline_hgb_v2
2024-01-05 17:00:00,23,Татнефть-АЗС-024,115.4750468960076,shop_total_revenue,Выручка магазина,baseline_hgb_v2
2024-01-05 18:00:00,23,Татнефть-АЗС-024,116.28159645659068,shop_total_revenue,Выручка магазина,baseline_hgb_v2
2024-01-05 19:00:00,23,Татнефть-АЗС-024,-0.2510432837366997,shop_total_revenue,Выручка магазина,baseline_hgb_v2
2024-01-05 20:00:00,23,Татнефть-АЗС-024,-1.2414219824688202,shop_total_revenue,Выручка магазина,baseline_hgb_v2
2024-01-05 21:00:00,23,Татнефть-АЗС-024,-1.2414219824688202,shop_total_revenue,Выручка магазина,baseline_hgb_v2
2024-01-05 22:00:00,23,Татнефть-АЗС-024,-1.4791771295233076,shop_total_revenue,Выручка магазина,baseline_hgb_v2
2024-01-05 23:00:00,23,Татнефть-АЗС-024,-1.4371118892066876,shop_total_revenue,Выручка магазина,baseline_hgb_v2
2024-01-06 00:00:00,23,Татнефть-АЗС-024,-1.4094960635424458,shop_total_revenue,Выручка магазина,baseline_hgb_v2
2024-01-06 01:00:00,23,Татнефть-АЗС-024,-1.4094960635424458,shop_total_revenue,Выручка магазина,baseline_hgb_v2
2024-01-06 02:00:00,23,Татнефть-АЗС-024,-1.273788724666228,shop_total_revenue,Выручка магазина,baseline_hgb_v2
2024-01-06 03:00:00,23,Татнефть-АЗС-024,-1.4094960635424458,shop_total_revenue,Выручка магазина,baseline_hgb_v2
2024-01-06 04:00:00,23,Татнефть-АЗС-024,-1.273788724666228,shop_total_revenue,Выручка магазина,baseline_hgb_v2
2024-01-06 05:00:00,23,Татнефть-АЗС-024,-1.273788724666228,shop_total_revenue,Выручка магазина,baseline_hgb_v2
2024-01-06 06:00:00,23,Татнефть-АЗС-024,-1.2560631551216128,shop_total_revenue,Выручка магазина,baseline_hgb_v2
2024-01-06 07:00:00,23,Татнефть-АЗС-024,1.3070860299933278,shop_total_revenue,Выручка магазина,baseline_hgb_v2
2024-01-06 08:00:00,23,Татнефть-АЗС-024,15.484292792612552,shop_total_revenue,Выручка магазина,baseline_hgb_v2
2024-01-06 09:00:00,23,Татнефть-АЗС-024,41.31077300879395,shop_total_revenue,Выручка магазина,baseline_hgb_v2
2024-01-06 10:00:00,23,Татнефть-АЗС-024,-1.273788724666228,shop_total_revenue,Выручка магазина,baseline_hgb_v2
2024-01-06 11:00:00,23,Татнефть-АЗС-024,-1.4094960635424458,shop_total_revenue,Выручка магазина,baseline_hgb_v2
2024-01-06 12:00:00,23,Татнефть-АЗС-024,0.5229687423303071,shop_total_revenue,Выручка магазина,baseline_hgb_v2
2024-01-06 13:00:00,23,Татнефть-АЗС-024,0.5229687423303071,shop_total_revenue,Выручка магазина,baseline_hgb_v2
2024-01-06 14:00:00,23,Татнефть-АЗС-024,1.3150546077915444,shop_total_revenue,Выручка магазина,baseline_hgb_v2
2024-01-06 15:00:00,23,Татнефть-АЗС-024,-1.794616453928282,shop_total_revenue,Выручка магазина,baseline_hgb_v2
2024-01-06 16:00:00,23,Татнефть-АЗС-024,-1.794616453928282,shop_total_revenue,Выручка магазина,baseline_hgb_v2
2024-01-06 17:00:00,23,Татнефть-АЗС-024,1.3070860299933278,shop_total_revenue,Выручка магазина,baseline_hgb_v2
2024-01-06 18:00:00,23,Татнефть-АЗС-024,-3.523066398402312,shop_total_revenue,Выручка магазина,baseline_hgb_v2
2024-01-06 19:00:00,23,Татнефть-АЗС-024,28.011153195693936,shop_total_revenue,Выручка магазина,baseline_hgb_v2
2024-01-06 20:00:00,23,Татнефть-АЗС-024,-1.9903063606661497,shop_total_revenue,Выручка магазина,baseline_hgb_v2
2024-01-06 21:00:00,23,Татнефть-АЗС-024,-1.7768908843836668,shop_total_revenue,Выручка магазина,baseline_hgb_v2
2024-01-06 22:00:00,23,Татнефть-АЗС-024,-1.794616453928282,shop_total_revenue,Выручка магазина,baseline_hgb_v2
2024-01-06 23:00:00,23,Татнефть-АЗС-024,-1.9903063606661497,shop_total_revenue,Выручка магазина,baseline_hgb_v2
2024-01-07 00:00:00,23,Татнефть-АЗС-024,-1.4094960635424458,shop_total_revenue,Выручка магазина,baseline_hgb_v2
2024-01-07 01:00:00,23,Татнефть-АЗС-024,-1.4094960635424458,shop_total_revenue,Выручка магазина,baseline_hgb_v2
2024-01-07 02:00:00,23,Татнефть-АЗС-024,-1.273788724666228,shop_total_revenue,Выручка магазина,baseline_hgb_v2
2024-01-07 03:00:00,23,Татнефть-АЗС-024,-1.273788724666228,shop_total_revenue,Выручка магазина,baseline_hgb_v2
2024-01-07 04:00:00,23,Татнефть-АЗС-024,-1.2560631551216128,shop_total_revenue,Выручка магазина,baseline_hgb_v2
2024-01-07 05:00:00,23,Татнефть-АЗС-024,-1.273788724666228,shop_total_revenue,Выручка магазина,baseline_hgb_v2
2024-01-07 06:00:00,23,Татнефть-АЗС-024,-1.4094960635424458,shop_total_revenue,Выручка магазина,baseline_hgb_v2
2024-01-07 07:00:00,23,Татнефть-АЗС-024,1.3070860299933278,shop_total_revenue,Выручка магазина,baseline_hgb_v2
2024-01-07 08:00:00,23,Татнефть-АЗС-024,35.326470704535375,shop_total_revenue,Выручка магазина,baseline_hgb_v2
2024-01-07 09:00:00,23,Татнефть-АЗС-024,1.4189193428689455,shop_total_revenue,Выручка магазина,baseline_hgb_v2
2024-01-07 10:00:00,23,Татнефть-АЗС-024,-1.4094960635424458,shop_total_revenue,Выручка магазина,baseline_hgb_v2
2024-01-07 11:00:00,23,Татнефть-АЗС-024,-1.4094960635424458,shop_total_revenue,Выручка магазина,baseline_hgb_v2
2024-01-07 12:00:00,23,Татнефть-АЗС-024,1.3150546077915444,shop_total_revenue,Выручка магазина,baseline_hgb_v2
2024-01-07 13:00:00,23,Татнефть-АЗС-024,0.5229687423303071,shop_total_revenue,Выручка магазина,baseline_hgb_v2
2024-01-07 14:00:00,23,Татнефть-АЗС-024,0.5229687423303071,shop_total_revenue,Выручка магазина,baseline_hgb_v2
2024-01-07 15:00:00,23,Татнефть-АЗС-024,-1.9903063606661497,shop_total_revenue,Выручка магазина,baseline_hgb_v2
2024-01-07 16:00:00,23,Татнефть-АЗС-024,-1.7184914310824635,shop_total_revenue,Выручка магазина,baseline_hgb_v2
2024-01-07 17:00:00,23,Татнефть-АЗС-024,1.3070860299933278,shop_total_revenue,Выручка магазина,baseline_hgb_v2
2024-01-07 18:00:00,23,Татнефть-АЗС-024,87.9161775012994,shop_total_revenue,Выручка магазина,baseline_hgb_v2
2024-01-07 19:00:00,23,Татнефть-АЗС-024,-3.523066398402312,shop_total_revenue,Выручка магазина,baseline_hgb_v2
2024-01-07 20:00:00,23,Татнефть-АЗС-024,-1.9903063606661497,shop_total_revenue,Выручка магазина,baseline_hgb_v2
2024-01-07 21:00:00,23,Татнефть-АЗС-024,-1.9903063606661497,shop_total_revenue,Выручка магазина,baseline_hgb_v2
2024-01-07 22:00:00,23,Татнефть-АЗС-024,-1.9903063606661497,shop_total_revenue,Выручка магазина,baseline_hgb_v2
2024-01-07 23:00:00,23,Татнефть-АЗС-024,-1.9903063606661497,shop_total_revenue,Выручка магазина,baseline_hgb_v2
2024-01-01 00:00:00,24,Татнефть-АЗС-025,0.09073138420450864,shop_total_revenue,Выручка магазина,baseline_hgb_v2
2024-01-01 01:00:00,24,Татнефть-АЗС-025,-0.044975954671709235,shop_total_revenue,Выручка магазина,baseline_hgb_v2
2024-01-01 02:00:00,24,Татнефть-АЗС-025,-0.044975954671709235,shop_total_revenue,Выручка магазина,baseline_hgb_v2
2024-01-01 03:00:00,24,Татнефть-АЗС-025,0.09073138420450864,shop_total_revenue,Выручка магазина,baseline_hgb_v2
2024-01-01 04:00:00,24,Татнефть-АЗС-025,-0.044975954671709235,shop_total_revenue,Выручка магазина,baseline_hgb_v2
2024-01-01 05:00:00,24,Татнефть-АЗС-025,0.09073138420450864,shop_total_revenue,Выручка магазина,baseline_hgb_v2
2024-01-01 06:00:00,24,Татнефть-АЗС-025,0.09073138420450864,shop_total_revenue,Выручка магазина,baseline_hgb_v2
2024-01-01 07:00:00,24,Татнефть-АЗС-025,343.01807965352015,shop_total_revenue,Выручка магазина,baseline_hgb_v2
2024-01-01 08:00:00,24,Татнефть-АЗС-025,434.3820498074803,shop_total_revenue,Выручка магазина,baseline_hgb_v2
2024-01-01 09:00:00,24,Татнефть-АЗС-025,308.0628708491782,shop_total_revenue,Выручка магазина,baseline_hgb_v2
2024-01-01 10:00:00,24,Татнефть-АЗС-025,10.131416146272594,shop_total_revenue,Выручка магазина,baseline_hgb_v2
2024-01-01 11:00:00,24,Татнефть-АЗС-025,0.10845695374912377,shop_total_revenue,Выручка магазина,baseline_hgb_v2
2024-01-01 12:00:00,24,Татнефть-АЗС-025,1.7116887029752,shop_total_revenue,Выручка магазина,baseline_hgb_v2
2024-01-01 13:00:00,24,Татнефть-АЗС-025,1.7116887029752,shop_total_revenue,Выручка магазина,baseline_hgb_v2
2024-01-01 14:00:00,24,Татнефть-АЗС-025,1.7116887029752,shop_total_revenue,Выручка магазина,baseline_hgb_v2
2024-01-01 15:00:00,24,Татнефть-АЗС-025,-0.2136712219435542,shop_total_revenue,Выручка магазина,baseline_hgb_v2
2024-01-01 16:00:00,24,Татнефть-АЗС-025,14.622235044673516,shop_total_revenue,Выручка магазина,baseline_hgb_v2
2024-01-01 17:00:00,24,Татнефть-АЗС-025,664.3053537106041,shop_total_revenue,Выручка магазина,baseline_hgb_v2
2024-01-01 18:00:00,24,Татнефть-АЗС-025,535.5779468221518,shop_total_revenue,Выручка магазина,baseline_hgb_v2
2024-01-01 19:00:00,24,Татнефть-АЗС-025,1786.5034006695391,shop_total_revenue,Выручка магазина,baseline_hgb_v2
2024-01-01 20:00:00,24,Татнефть-АЗС-025,54.43927753711135,shop_total_revenue,Выручка магазина,baseline_hgb_v2
2024-01-01 21:00:00,24,Татнефть-АЗС-025,-0.2136712219435542,shop_total_revenue,Выручка магазина,baseline_hgb_v2
2024-01-01 22:00:00,24,Татнефть-АЗС-025,-0.4093611286814219,shop_total_revenue,Выручка магазина,baseline_hgb_v2
2024-01-01 23:00:00,24,Татнефть-АЗС-025,-0.4093611286814219,shop_total_revenue,Выручка магазина,baseline_hgb_v2
2024-01-02 00:00:00,24,Татнефть-АЗС-025,0.09073138420450864,shop_total_revenue,Выручка магазина,baseline_hgb_v2
2024-01-02 01:00:00,24,Татнефть-АЗС-025,0.09073138420450864,shop_total_revenue,Выручка магазина,baseline_hgb_v2
2024-01-02 02:00:00,24,Татнефть-АЗС-025,-0.044975954671709235,shop_total_revenue,Выручка магазина,baseline_hgb_v2
2024-01-02 03:00:00,24,Татнефть-АЗС-025,-0.044975954671709235,shop_total_revenue,Выручка магазина,baseline_hgb_v2
2024-01-02 04:00:00,24,Татнефть-АЗС-025,-0.044975954671709235,shop_total_revenue,Выручка магазина,baseline_hgb_v2
2024-01-02 05:00:00,24,Татнефть-АЗС-025,-0.044975954671709235,shop_total_revenue,Выручка магазина,baseline_hgb_v2
2024-01-02 06:00:00,24,Татнефть-АЗС-025,0.09073138420450864,shop_total_revenue,Выручка магазина,baseline_hgb_v2
2024-01-02 07:00:00,24,Татнефть-АЗС-025,363.88453096396194,shop_total_revenue,Выручка магазина,baseline_hgb_v2
2024-01-02 08:00:00,24,Татнефть-АЗС-025,294.06896775460916,shop_total_revenue,Выручка магазина,baseline_hgb_v2
2024-01-02 09:00:00,24,Татнефть-АЗС-025,647.9793923519256,shop_total_revenue,Выручка магазина,baseline_hgb_v2
2024-01-02 10:00:00,24,Татнефть-АЗС-025,0.09073138420450864,shop_total_revenue,Выручка магазина,baseline_hgb_v2
2024-01-02 11:00:00,24,Татнефть-АЗС-025,13.168289862660236,shop_total_revenue,Выручка магазина,baseline_hgb_v2
2024-01-02 12:00:00,24,Татнефть-АЗС-025,75.72253735406703,shop_total_revenue,Выручка магазина,baseline_hgb_v2
2024-01-02 13:00:00,24,Татнефть-АЗС-025,48.35712273786806,shop_total_revenue,Выручка магазина,baseline_hgb_v2
2024-01-02 14:00:00,24,Татнефть-АЗС-025,122.16781705398974,shop_total_revenue,Выручка магазина,baseline_hgb_v2
2024-01-02 15:00:00,24,Татнефть-АЗС-025,16.125484798517657,shop_total_revenue,Выручка магазина,baseline_hgb_v2
2024-01-02 16:00:00,24,Татнефть-АЗС-025,29.337056275283537,shop_total_revenue,Выручка магазина,baseline_hgb_v2
2024-01-02 17:00:00,24,Татнефть-АЗС-025,1050.2638141576444,shop_total_revenue,Выручка магазина,baseline_hgb_v2
2024-01-02 18:00:00,24,Татнефть-АЗС-025,1313.0453715853344,shop_total_revenue,Выручка магазина,baseline_hgb_v2
2024-01-02 19:00:00,24,Татнефть-АЗС-025,1506.3284644289567,shop_total_revenue,Выручка магазина,baseline_hgb_v2
2024-01-02 20:00:00,24,Татнефть-АЗС-025,60.85422102246269,shop_total_revenue,Выручка магазина,baseline_hgb_v2
2024-01-02 21:00:00,24,Татнефть-АЗС-025,-1.5336582212716543,shop_total_revenue,Выручка магазина,baseline_hgb_v2
2024-01-02 22:00:00,24,Татнефть-АЗС-025,-0.15527176864235082,shop_total_revenue,Выручка магазина,baseline_hgb_v2
2024-01-02 23:00:00,24,Татнефть-АЗС-025,-0.4093611286814219,shop_total_revenue,Выручка магазина,baseline_hgb_v2
2024-01-03 00:00:00,24,Татнефть-АЗС-025,-0.044975954671709235,shop_total_revenue,Выручка магазина,baseline_hgb_v2
2024-01-03 01:00:00,24,Татнефть-АЗС-025,0.09073138420450864,shop_total_revenue,Выручка магазина,baseline_hgb_v2
2024-01-03 02:00:00,24,Татнефть-АЗС-025,-0.044975954671709235,shop_total_revenue,Выручка магазина,baseline_hgb_v2
2024-01-03 03:00:00,24,Татнефть-АЗС-025,0.09073138420450864,shop_total_revenue,Выручка магазина,baseline_hgb_v2
2024-01-03 04:00:00,24,Татнефть-АЗС-025,-0.044975954671709235,shop_total_revenue,Выручка магазина,baseline_hgb_v2
2024-01-03 05:00:00,24,Татнефть-АЗС-025,-0.044975954671709235,shop_total_revenue,Выручка магазина,baseline_hgb_v2
2024-01-03 06:00:00,24,Татнефть-АЗС-025,12.204571480099856,shop_total_revenue,Выручка магазина,baseline_hgb_v2
2024-01-03 07:00:00,24,Татнефть-АЗС-025,308.29788081036,shop_total_revenue,Выручка магазина,baseline_hgb_v2
2024-01-03 08:00:00,24,Татнефть-АЗС-025,409.9947069851153,shop_total_revenue,Выручка магазина,baseline_hgb_v2
2024-01-03 09:00:00,24,Татнефть-АЗС-025,301.1041453871475,shop_total_revenue,Выручка магазина,baseline_hgb_v2
2024-01-03 10:00:00,24,Татнефть-АЗС-025,0.09073138420450864,shop_total_revenue,Выручка магазина,baseline_hgb_v2
2024-01-03 11:00:00,24,Татнефть-АЗС-025,1.2478323255998571,shop_total_revenue,Выручка магазина,baseline_hgb_v2
2024-01-03 12:00:00,24,Татнефть-АЗС-025,23.723630173688342,shop_total_revenue,Выручка магазина,baseline_hgb_v2
2024-01-03 13:00:00,24,Татнефть-АЗС-025,162.7130565598457,shop_total_revenue,Выручка магазина,baseline_hgb_v2
2024-01-03 14:00:00,24,Татнефть-АЗС-025,71.03291668438888,shop_total_revenue,Выручка магазина,baseline_hgb_v2
2024-01-03 15:00:00,24,Татнефть-АЗС-025,-0.19594565239893907,shop_total_revenue,Выручка магазина,baseline_hgb_v2
2024-01-03 16:00:00,24,Татнефть-АЗС-025,16.32636326247984,shop_total_revenue,Выручка магазина,baseline_hgb_v2
2024-01-03 17:00:00,24,Татнефть-АЗС-025,1460.887651731049,shop_total_revenue,Выручка магазина,baseline_hgb_v2
2024-01-03 18:00:00,24,Татнефть-АЗС-025,1393.6588772279733,shop_total_revenue,Выручка магазина,baseline_hgb_v2
2024-01-03 19:00:00,24,Татнефть-АЗС-025,1401.984696883718,shop_total_revenue,Выручка магазина,baseline_hgb_v2
2024-01-03 20:00:00,24,Татнефть-АЗС-025,32.841603799709226,shop_total_revenue,Выручка магазина,baseline_hgb_v2
2024-01-03 21:00:00,24,Татнефть-АЗС-025,-0.2136712219435542,shop_total_revenue,Выручка магазина,baseline_hgb_v2
2024-01-03 22:00:00,24,Татнефть-АЗС-025,-0.4093611286814219,shop_total_revenue,Выручка магазина,baseline_hgb_v2
2024-01-03 23:00:00,24,Татнефть-АЗС-025,-0.4093611286814219,shop_total_revenue,Выручка магазина,baseline_hgb_v2
2024-01-04 00:00:00,24,Татнефть-АЗС-025,-0.044975954671709235,shop_total_revenue,Выручка магазина,baseline_hgb_v2
2024-01-04 01:00:00,24,Татнефть-АЗС-025,0.09073138420450864,shop_total_revenue,Выручка магазина,baseline_hgb_v2
2024-01-04 02:00:00,24,Татнефть-АЗС-025,0.09073138420450864,shop_total_revenue,Выручка магазина,baseline_hgb_v2
2024-01-04 03:00:00,24,Татнефть-АЗС-025,-0.044975954671709235,shop_total_revenue,Выручка магазина,baseline_hgb_v2
2024-01-04 04:00:00,24,Татнефть-АЗС-025,-0.044975954671709235,shop_total_revenue,Выручка магазина,baseline_hgb_v2
2024-01-04 05:00:00,24,Татнефть-АЗС-025,-0.044975954671709235,shop_total_revenue,Выручка магазина,baseline_hgb_v2
2024-01-04 06:00:00,24,Татнефть-АЗС-025,0.09073138420450864,shop_total_revenue,Выручка магазина,baseline_hgb_v2
2024-01-04 07:00:00,24,Татнефть-АЗС-025,760.0999558196695,shop_total_revenue,Выручка магазина,baseline_hgb_v2
2024-01-04 08:00:00,24,Татнефть-АЗС-025,769.7422023514167,shop_total_revenue,Выручка магазина,baseline_hgb_v2
2024-01-04 09:00:00,24,Татнефть-АЗС-025,839.7787796700202,shop_total_revenue,Выручка магазина,baseline_hgb_v2
2024-01-04 10:00:00,24,Татнефть-АЗС-025,0.09073138420450864,shop_total_revenue,Выручка магазина,baseline_hgb_v2
2024-01-04 11:00:00,24,Татнефть-АЗС-025,0.09073138420450864,shop_total_revenue,Выручка магазина,baseline_hgb_v2
2024-01-04 12:00:00,24,Татнефть-АЗС-025,122.16781705398974,shop_total_revenue,Выручка магазина,baseline_hgb_v2
2024-01-04 13:00:00,24,Татнефть-АЗС-025,1.7116887029752,shop_total_revenue,Выручка магазина,baseline_hgb_v2
2024-01-04 14:00:00,24,Татнефть-АЗС-025,19.08855405538179,shop_total_revenue,Выручка магазина,baseline_hgb_v2
2024-01-04 15:00:00,24,Татнефть-АЗС-025,-0.2136712219435542,shop_total_revenue,Выручка магазина,baseline_hgb_v2
2024-01-04 16:00:00,24,Татнефть-АЗС-025,116.43458192599168,shop_total_revenue,Выручка магазина,baseline_hgb_v2
2024-01-04 17:00:00,24,Татнефть-АЗС-025,1433.0665755615107,shop_total_revenue,Выручка магазина,baseline_hgb_v2
2024-01-04 18:00:00,24,Татнефть-АЗС-025,606.3472792524055,shop_total_revenue,Выручка магазина,baseline_hgb_v2
2024-01-04 19:00:00,24,Татнефть-АЗС-025,1125.7256852917267,shop_total_revenue,Выручка магазина,baseline_hgb_v2
2024-01-04 20:00:00,24,Татнефть-АЗС-025,74.6794536982483,shop_total_revenue,Выручка магазина,baseline_hgb_v2
2024-01-04 21:00:00,24,Татнефть-АЗС-025,9.157377382918988,shop_total_revenue,Выручка магазина,baseline_hgb_v2
2024-01-04 22:00:00,24,Татнефть-АЗС-025,-0.4093611286814219,shop_total_revenue,Выручка магазина,baseline_hgb_v2
2024-01-04 23:00:00,24,Татнефть-АЗС-025,-0.4093611286814219,shop_total_revenue,Выручка магазина,baseline_hgb_v2
2024-01-05 00:00:00,24,Татнефть-АЗС-025,-0.044975954671709235,shop_total_revenue,Выручка магазина,baseline_hgb_v2
2024-01-05 01:00:00,24,Татнефть-АЗС-025,0.09073138420450864,shop_total_revenue,Выручка магазина,baseline_hgb_v2
2024-01-05 02:00:00,24,Татнефть-АЗС-025,0.09073138420450864,shop_total_revenue,Выручка магазина,baseline_hgb_v2
2024-01-05 03:00:00,24,Татнефть-АЗС-025,-0.044975954671709235,shop_total_revenue,Выручка магазина,baseline_hgb_v2
2024-01-05 04:00:00,24,Татнефть-АЗС-025,-0.044975954671709235,shop_total_revenue,Выручка магазина,baseline_hgb_v2
2024-01-05 05:00:00,24,Татнефть-АЗС-025,0.09073138420450864,shop_total_revenue,Выручка магазина,baseline_hgb_v2
2024-01-05 06:00:00,24,Татнефть-АЗС-025,0.09073138420450864,shop_total_revenue,Выручка магазина,baseline_hgb_v2
2024-01-05 07:00:00,24,Татнефть-АЗС-025,743.4169039723223,shop_total_revenue,Выручка магазина,baseline_hgb_v2
2024-01-05 08:00:00,24,Татнефть-АЗС-025,835.5426996452485,shop_total_revenue,Выручка магазина,baseline_hgb_v2
2024-01-05 09:00:00,24,Татнефть-АЗС-025,753.4504437304772,shop_total_revenue,Выручка магазина,baseline_hgb_v2
2024-01-05 10:00:00,24,Татнефть-АЗС-025,2.2437082374498445,shop_total_revenue,Выручка магазина,baseline_hgb_v2
2024-01-05 11:00:00,24,Татнефть-АЗС-025,18.750306538825047,shop_total_revenue,Выручка магазина,baseline_hgb_v2
2024-01-05 12:00:00,24,Татнефть-АЗС-025,128.7442363106351,shop_total_revenue,Выручка магазина,baseline_hgb_v2
2024-01-05 13:00:00,24,Татнефть-АЗС-025,48.18653488302668,shop_total_revenue,Выручка магазина,baseline_hgb_v2
2024-01-05 14:00:00,24,Татнефть-АЗС-025,1.7294142725198152,shop_total_revenue,Выручка магазина,baseline_hgb_v2
2024-01-05 15:00:00,24,Татнефть-АЗС-025,3.1295050304441494,shop_total_revenue,Выручка магазина,baseline_hgb_v2
2024-01-05 16:00:00,24,Татнефть-АЗС-025,29.507644130124913,shop_total_revenue,Выручка магазина,baseline_hgb_v2
2024-01-05 17:00:00,24,Татнефть-АЗС-025,1160.8662996937646,shop_total_revenue,Выручка магазина,baseline_hgb_v2
2024-01-05 18:00:00,24,Татнефть-АЗС-025,654.2727593311287,shop_total_revenue,Выручка магазина,baseline_hgb_v2
2024-01-05 19:00:00,24,Татнефть-АЗС-025,1419.6941739754932,shop_total_revenue,Выручка магазина,baseline_hgb_v2
2024-01-05 20:00:00,24,Татнефть-АЗС-025,10.333590548951987,shop_total_revenue,Выручка магазина,baseline_hgb_v2
2024-01-05 21:00:00,24,Татнефть-АЗС-025,-3.5001265791779854,shop_total_revenue,Выручка магазина,baseline_hgb_v2
2024-01-05 22:00:00,24,Татнефть-АЗС-025,-0.4093611286814219,shop_total_revenue,Выручка магазина,baseline_hgb_v2
2024-01-05 23:00:00,24,Татнефть-АЗС-025,-0.4093611286814219,shop_total_revenue,Выручка магазина,baseline_hgb_v2
2024-01-06 00:00:00,24,Татнефть-АЗС-025,-0.5981704261311711,shop_total_revenue,Выручка магазина,baseline_hgb_v2
2024-01-06 01:00:00,24,Татнефть-АЗС-025,-0.5981704261311711,shop_total_revenue,Выручка магазина,baseline_hgb_v2
2024-01-06 02:00:00,24,Татнефть-АЗС-025,-0.5981704261311711,shop_total_revenue,Выручка магазина,baseline_hgb_v2
2024-01-06 03:00:00,24,Татнефть-АЗС-025,-0.5981704261311711,shop_total_revenue,Выручка магазина,baseline_hgb_v2
2024-01-06 04:00:00,24,Татнефть-АЗС-025,-0.46246308725495344,shop_total_revenue,Выручка магазина,baseline_hgb_v2
2024-01-06 05:00:00,24,Татнефть-АЗС-025,-0.4447375177103383,shop_total_revenue,Выручка магазина,baseline_hgb_v2
2024-01-06 06:00:00,24,Татнефть-АЗС-025,9.09279490687181,shop_total_revenue,Выручка магазина,baseline_hgb_v2
2024-01-06 07:00:00,24,Татнефть-АЗС-025,345.98177157339774,shop_total_revenue,Выручка магазина,baseline_hgb_v2
2024-01-06 08:00:00,24,Татнефть-АЗС-025,476.63783063557685,shop_total_revenue,Выручка магазина,baseline_hgb_v2
2024-01-06 09:00:00,24,Татнефть-АЗС-025,485.0359855596584,shop_total_revenue,Выручка магазина,baseline_hgb_v2
2024-01-06 10:00:00,24,Татнефть-АЗС-025,31.88389808652982,shop_total_revenue,Выручка магазина,baseline_hgb_v2
2024-01-06 11:00:00,24,Татнефть-АЗС-025,10.486578316948574,shop_total_revenue,Выручка магазина,baseline_hgb_v2
2024-01-06 12:00:00,24,Татнефть-АЗС-025,294.2649919824872,shop_total_revenue,Выручка магазина,baseline_hgb_v2
2024-01-06 13:00:00,24,Татнефть-АЗС-025,15.379737823720493,shop_total_revenue,Выручка магазина,baseline_hgb_v2
2024-01-06 14:00:00,24,Татнефть-АЗС-025,1.158494231515738,shop_total_revenue,Выручка магазина,baseline_hgb_v2
2024-01-06 15:00:00,24,Татнефть-АЗС-025,21.003190094690115,shop_total_revenue,Выручка магазина,baseline_hgb_v2
2024-01-06 16:00:00,24,Татнефть-АЗС-025,2.7083950569763844,shop_total_revenue,Выручка магазина,baseline_hgb_v2
2024-01-06 17:00:00,24,Татнефть-АЗС-025,901.0543309013959,shop_total_revenue,Выручка магазина,baseline_hgb_v2
2024-01-06 18:00:00,24,Татнефть-АЗС-025,1797.7633275800795,shop_total_revenue,Выручка магазина,baseline_hgb_v2
2024-01-06 19:00:00,24,Татнефть-АЗС-025,2379.4676734066943,shop_total_revenue,Выручка магазина,baseline_hgb_v2
2024-01-06 20:00:00,24,Татнефть-АЗС-025,3.1380213082197845,shop_total_revenue,Выручка магазина,baseline_hgb_v2
2024-01-06 21:00:00,24,Татнефть-АЗС-025,-1.8911627859932496,shop_total_revenue,Выручка магазина,baseline_hgb_v2
2024-01-06 22:00:00,24,Татнефть-АЗС-025,-0.9625556001408833,shop_total_revenue,Выручка магазина,baseline_hgb_v2
2024-01-06 23:00:00,24,Татнефть-АЗС-025,-0.9625556001408833,shop_total_revenue,Выручка магазина,baseline_hgb_v2
2024-01-07 00:00:00,24,Татнефть-АЗС-025,-0.38633806440913476,shop_total_revenue,Выручка магазина,baseline_hgb_v2
2024-01-07 01:00:00,24,Татнефть-АЗС-025,-0.46246308725495344,shop_total_revenue,Выручка магазина,baseline_hgb_v2
2024-01-07 02:00:00,24,Татнефть-АЗС-025,-0.46246308725495344,shop_total_revenue,Выручка магазина,baseline_hgb_v2
2024-01-07 03:00:00,24,Татнефть-АЗС-025,-0.46246308725495344,shop_total_revenue,Выручка магазина,baseline_hgb_v2
2024-01-07 04:00:00,24,Татнефть-АЗС-025,-0.5981704261311711,shop_total_revenue,Выручка магазина,baseline_hgb_v2
2024-01-07 05:00:00,24,Татнефть-АЗС-025,-0.46246308725495344,shop_total_revenue,Выручка магазина,baseline_hgb_v2
2024-01-07 06:00:00,24,Татнефть-АЗС-025,1.5753941794450401,shop_total_revenue,Выручка магазина,baseline_hgb_v2
2024-01-07 07:00:00,24,Татнефть-АЗС-025,896.515713772375,shop_total_revenue,Выручка магазина,baseline_hgb_v2
2024-01-07 08:00:00,24,Татнефть-АЗС-025,425.5310015174269,shop_total_revenue,Выручка магазина,baseline_hgb_v2
2024-01-07 09:00:00,24,Татнефть-АЗС-025,582.426055381246,shop_total_revenue,Выручка магазина,baseline_hgb_v2
2024-01-07 10:00:00,24,Татнефть-АЗС-025,-0.46246308725495344,shop_total_revenue,Выручка магазина,baseline_hgb_v2
2024-01-07 11:00:00,24,Татнефть-АЗС-025,-0.46246308725495344,shop_total_revenue,Выручка магазина,baseline_hgb_v2
2024-01-07 12:00:00,24,Татнефть-АЗС-025,123.50268936002843,shop_total_revenue,Выручка магазина,baseline_hgb_v2
2024-01-07 13:00:00,24,Татнефть-АЗС-025,17.154962460067416,shop_total_revenue,Выручка магазина,baseline_hgb_v2
2024-01-07 14:00:00,24,Татнефть-АЗС-025,1.158494231515738,shop_total_revenue,Выручка магазина,baseline_hgb_v2
2024-01-07 15:00:00,24,Татнефть-АЗС-025,1.2527509776401835,shop_total_revenue,Выручка магазина,baseline_hgb_v2
2024-01-07 16:00:00,24,Татнефть-АЗС-025,245.80057391191343,shop_total_revenue,Выручка магазина,baseline_hgb_v2
2024-01-07 17:00:00,24,Татнефть-АЗС-025,1807.9309679321593,shop_total_revenue,Выручка магазина,baseline_hgb_v2
2024-01-07 18:00:00,24,Татнефть-АЗС-025,899.9628340425543,shop_total_revenue,Выручка магазина,baseline_hgb_v2
2024-01-07 19:00:00,24,Татнефть-АЗС-025,1006.5910776675541,shop_total_revenue,Выручка магазина,baseline_hgb_v2
2024-01-07 20:00:00,24,Татнефть-АЗС-025,150.89044145776182,shop_total_revenue,Выручка магазина,baseline_hgb_v2
2024-01-07 21:00:00,24,Татнефть-АЗС-025,12.760552119843174,shop_total_revenue,Выручка магазина,baseline_hgb_v2
2024-01-07 22:00:00,24,Татнефть-АЗС-025,-0.7668656934030161,shop_total_revenue,Выручка магазина,baseline_hgb_v2
2024-01-07 23:00:00,24,Татнефть-АЗС-025,-0.9625556001408833,shop_total_revenue,Выручка магазина,baseline_hgb_v2
2024-01-01 00:00:00,3,Татнефть-АЗС-004,-0.044975954671709235,shop_total_revenue,Выручка магазина,baseline_hgb_v2
2024-01-01 01:00:00,3,Татнефть-АЗС-004,-0.044975954671709235,shop_total_revenue,Выручка магазина,baseline_hgb_v2
2024-01-01 02:00:00,3,Татнефть-АЗС-004,0.09073138420450864,shop_total_revenue,Выручка магазина,baseline_hgb_v2
2024-01-01 03:00:00,3,Татнефть-АЗС-004,0.10845695374912377,shop_total_revenue,Выручка магазина,baseline_hgb_v2
2024-01-01 04:00:00,3,Татнефть-АЗС-004,-0.06270152421632437,shop_total_revenue,Выручка магазина,baseline_hgb_v2
2024-01-01 05:00:00,3,Татнефть-АЗС-004,0.09073138420450864,shop_total_revenue,Выручка магазина,baseline_hgb_v2
2024-01-01 06:00:00,3,Татнефть-АЗС-004,106.49103763625878,shop_total_revenue,Выручка магазина,baseline_hgb_v2
2024-01-01 07:00:00,3,Татнефть-АЗС-004,698.1141170493904,shop_total_revenue,Выручка магазина,baseline_hgb_v2
2024-01-01 08:00:00,3,Татнефть-АЗС-004,1328.0734705301313,shop_total_revenue,Выручка магазина,baseline_hgb_v2
2024-01-01 09:00:00,3,Татнефть-АЗС-004,1322.1222721049753,shop_total_revenue,Выручка магазина,baseline_hgb_v2
2024-01-01 10:00:00,3,Татнефть-АЗС-004,4.228078811929397,shop_total_revenue,Выручка магазина,baseline_hgb_v2
2024-01-01 11:00:00,3,Татнефть-АЗС-004,0.09073138420450864,shop_total_revenue,Выручка магазина,baseline_hgb_v2
2024-01-01 12:00:00,3,Татнефть-АЗС-004,66.61324183471396,shop_total_revenue,Выручка магазина,baseline_hgb_v2
2024-01-01 13:00:00,3,Татнефть-АЗС-004,66.78382968955533,shop_total_revenue,Выручка магазина,baseline_hgb_v2
2024-01-01 14:00:00,3,Татнефть-АЗС-004,66.78382968955533,shop_total_revenue,Выручка магазина,baseline_hgb_v2
2024-01-01 15:00:00,3,Татнефть-АЗС-004,-0.2136712219435542,shop_total_revenue,Выручка магазина,baseline_hgb_v2
2024-01-01 16:00:00,3,Татнефть-АЗС-004,15.829148516656419,shop_total_revenue,Выручка магазина,baseline_hgb_v2
2024-01-01 17:00:00,3,Татнефть-АЗС-004,786.3332867713433,shop_total_revenue,Выручка магазина,baseline_hgb_v2
2024-01-01 18:00:00,3,Татнефть-АЗС-004,376.41657954093984,shop_total_revenue,Выручка магазина,baseline_hgb_v2
2024-01-01 19:00:00,3,Татнефть-АЗС-004,567.0675619103132,shop_total_revenue,Выручка магазина,baseline_hgb_v2
2024-01-01 20:00:00,3,Татнефть-АЗС-004,-0.19594565239893907,shop_total_revenue,Выручка магазина,baseline_hgb_v2
2024-01-01 21:00:00,3,Татнефть-АЗС-004,-0.2136712219435542,shop_total_revenue,Выручка магазина,baseline_hgb_v2
2024-01-01 22:00:00,3,Татнефть-АЗС-004,-0.2136712219435542,shop_total_revenue,Выручка магазина,baseline_hgb_v2
2024-01-01 23:00:00,3,Татнефть-АЗС-004,-0.4093611286814219,shop_total_revenue,Выручка магазина,baseline_hgb_v2
2024-01-02 00:00:00,3,Татнефть-АЗС-004,0.09073138420450864,shop_total_revenue,Выручка магазина,baseline_hgb_v2
2024-01-02 01:00:00,3,Татнефть-АЗС-004,-0.044975954671709235,shop_total_revenue,Выручка магазина,baseline_hgb_v2
2024-01-02 02:00:00,3,Татнефть-АЗС-004,-0.044975954671709235,shop_total_revenue,Выручка магазина,baseline_hgb_v2
2024-01-02 03:00:00,3,Татнефть-АЗС-004,0.09073138420450864,shop_total_revenue,Выручка магазина,baseline_hgb_v2
2024-01-02 04:00:00,3,Татнефть-АЗС-004,-0.044975954671709235,shop_total_revenue,Выручка магазина,baseline_hgb_v2
2024-01-02 05:00:00,3,Татнефть-АЗС-004,-0.044975954671709235,shop_total_revenue,Выручка магазина,baseline_hgb_v2
2024-01-02 06:00:00,3,Татнефть-АЗС-004,10.078583150106677,shop_total_revenue,Выручка магазина,baseline_hgb_v2
2024-01-02 07:00:00,3,Татнефть-АЗС-004,1318.8784917949474,shop_total_revenue,Выручка магазина,baseline_hgb_v2
2024-01-02 08:00:00,3,Татнефть-АЗС-004,608.1045420785752,shop_total_revenue,Выручка магазина,baseline_hgb_v2
2024-01-02 09:00:00,3,Татнефть-АЗС-004,693.1277299759516,shop_total_revenue,Выручка магазина,baseline_hgb_v2
2024-01-02 10:00:00,3,Татнефть-АЗС-004,11.877761808383529,shop_total_revenue,Выручка магазина,baseline_hgb_v2
2024-01-02 11:00:00,3,Татнефть-АЗС-004,10.131416146272594,shop_total_revenue,Выручка магазина,baseline_hgb_v2
2024-01-02 12:00:00,3,Татнефть-АЗС-004,25.1155283508895,shop_total_revenue,Выручка магазина,baseline_hgb_v2
2024-01-02 13:00:00,3,Татнефть-АЗС-004,1.7116887029752,shop_total_revenue,Выручка магазина,baseline_hgb_v2
2024-01-02 14:00:00,3,Татнефть-АЗС-004,66.61324183471396,shop_total_revenue,Выручка магазина,baseline_hgb_v2
2024-01-02 15:00:00,3,Татнефть-АЗС-004,4.76357253167631,shop_total_revenue,Выручка магазина,baseline_hgb_v2
2024-01-02 16:00:00,3,Татнефть-АЗС-004,-0.2136712219435542,shop_total_revenue,Выручка магазина,baseline_hgb_v2
2024-01-02 17:00:00,3,Татнефть-АЗС-004,414.2778799961965,shop_total_revenue,Выручка магазина,baseline_hgb_v2
2024-01-02 18:00:00,3,Татнефть-АЗС-004,422.9363511500807,shop_total_revenue,Выручка магазина,baseline_hgb_v2
2024-01-02 19:00:00,3,Татнефть-АЗС-004,369.83468031023773,shop_total_revenue,Выручка магазина,baseline_hgb_v2
2024-01-02 20:00:00,3,Татнефть-АЗС-004,14.478545282994457,shop_total_revenue,Выручка магазина,baseline_hgb_v2
2024-01-02 21:00:00,3,Татнефть-АЗС-004,-2.6926798282423237,shop_total_revenue,Выручка магазина,baseline_hgb_v2
2024-01-02 22:00:00,3,Татнефть-АЗС-004,-0.15527176864235082,shop_total_revenue,Выручка магазина,baseline_hgb_v2
2024-01-02 23:00:00,3,Татнефть-АЗС-004,-0.4093611286814219,shop_total_revenue,Выручка магазина,baseline_hgb_v2
2024-01-03 00:00:00,3,Татнефть-АЗС-004,0.09073138420450864,shop_total_revenue,Выручка магазина,baseline_hgb_v2
2024-01-03 01:00:00,3,Татнефть-АЗС-004,-0.044975954671709235,shop_total_revenue,Выручка магазина,baseline_hgb_v2
2024-01-03 02:00:00,3,Татнефть-АЗС-004,-0.044975954671709235,shop_total_revenue,Выручка магазина,baseline_hgb_v2
2024-01-03 03:00:00,3,Татнефть-АЗС-004,-0.044975954671709235,shop_total_revenue,Выручка магазина,baseline_hgb_v2
2024-01-03 04:00:00,3,Татнефть-АЗС-004,-0.044975954671709235,shop_total_revenue,Выручка магазина,baseline_hgb_v2
2024-01-03 05:00:00,3,Татнефть-АЗС-004,0.09073138420450864,shop_total_revenue,Выручка магазина,baseline_hgb_v2
2024-01-03 06:00:00,3,Татнефть-АЗС-004,13.71422451597647,shop_total_revenue,Выручка магазина,baseline_hgb_v2
2024-01-03 07:00:00,3,Татнефть-АЗС-004,1380.6956016264749,shop_total_revenue,Выручка магазина,baseline_hgb_v2
2024-01-03 08:00:00,3,Татнефть-АЗС-004,467.4327013230856,shop_total_revenue,Выручка магазина,baseline_hgb_v2
2024-01-03 09:00:00,3,Татнефть-АЗС-004,1299.4350237253745,shop_total_revenue,Выручка магазина,baseline_hgb_v2
2024-01-03 10:00:00,3,Татнефть-АЗС-004,13.11545686649432,shop_total_revenue,Выручка магазина,baseline_hgb_v2
2024-01-03 11:00:00,3,Татнефть-АЗС-004,12.202686247224245,shop_total_revenue,Выручка магазина,baseline_hgb_v2
2024-01-03 12:00:00,3,Татнефть-АЗС-004,1.7116887029752,shop_total_revenue,Выручка магазина,baseline_hgb_v2
2024-01-03 13:00:00,3,Татнефть-АЗС-004,1.7116887029752,shop_total_revenue,Выручка магазина,baseline_hgb_v2
2024-01-03 14:00:00,3,Татнефть-АЗС-004,1.7116887029752,shop_total_revenue,Выручка магазина,baseline_hgb_v2
2024-01-03 15:00:00,3,Татнефть-АЗС-004,16.542048273647985,shop_total_revenue,Выручка магазина,baseline_hgb_v2
2024-01-03 16:00:00,3,Татнефть-АЗС-004,-0.2136712219435542,shop_total_revenue,Выручка магазина,baseline_hgb_v2
2024-01-03 17:00:00,3,Татнефть-АЗС-004,736.1225635773233,shop_total_revenue,Выручка магазина,baseline_hgb_v2
2024-01-03 18:00:00,3,Татнефть-АЗС-004,374.59123081493965,shop_total_revenue,Выручка магазина,baseline_hgb_v2
2024-01-03 19:00:00,3,Татнефть-АЗС-004,802.0051561013372,shop_total_revenue,Выручка магазина,baseline_hgb_v2
2024-01-03 20:00:00,3,Татнефть-АЗС-004,-3.2619670473616065,shop_total_revenue,Выручка магазина,baseline_hgb_v2
2024-01-03 21:00:00,3,Татнефть-АЗС-004,8.608325618895567,shop_total_revenue,Выручка магазина,baseline_hgb_v2
2024-01-03 22:00:00,3,Татнефть-АЗС-004,-0.4093611286814219,shop_total_revenue,Выручка магазина,baseline_hgb_v2
2024-01-03 23:00:00,3,Татнефть-АЗС-004,-0.4093611286814219,shop_total_revenue,Выручка магазина,baseline_hgb_v2
2024-01-04 00:00:00,3,Татнефть-АЗС-004,0.10845695374912377,shop_total_revenue,Выручка магазина,baseline_hgb_v2
2024-01-04 01:00:00,3,Татнефть-АЗС-004,0.09073138420450864,shop_total_revenue,Выручка магазина,baseline_hgb_v2
2024-01-04 02:00:00,3,Татнефть-АЗС-004,-0.044975954671709235,shop_total_revenue,Выручка магазина,baseline_hgb_v2
2024-01-04 03:00:00,3,Татнефть-АЗС-004,0.09073138420450864,shop_total_revenue,Выручка магазина,baseline_hgb_v2
2024-01-04 04:00:00,3,Татнефть-АЗС-004,0.09073138420450864,shop_total_revenue,Выручка магазина,baseline_hgb_v2
2024-01-04 05:00:00,3,Татнефть-АЗС-004,-0.044975954671709235,shop_total_revenue,Выручка магазина,baseline_hgb_v2
2024-01-04 06:00:00,3,Татнефть-АЗС-004,49.91269014315774,shop_total_revenue,Выручка магазина,baseline_hgb_v2
2024-01-04 07:00:00,3,Татнефть-АЗС-004,737.8519656667853,shop_total_revenue,Выручка магазина,baseline_hgb_v2
2024-01-04 08:00:00,3,Татнефть-АЗС-004,1241.6034884081664,shop_total_revenue,Выручка магазина,baseline_hgb_v2
2024-01-04 09:00:00,3,Татнефть-АЗС-004,1223.2761151179534,shop_total_revenue,Выручка магазина,baseline_hgb_v2
2024-01-04 10:00:00,3,Татнефть-АЗС-004,29.349298002636427,shop_total_revenue,Выручка магазина,baseline_hgb_v2
2024-01-04 11:00:00,3,Татнефть-АЗС-004,0.09073138420450864,shop_total_revenue,Выручка магазина,baseline_hgb_v2
2024-01-04 12:00:00,3,Татнефть-АЗС-004,1.7116887029752,shop_total_revenue,Выручка магазина,baseline_hgb_v2
2024-01-04 13:00:00,3,Татнефть-АЗС-004,1.7116887029752,shop_total_revenue,Выручка магазина,baseline_hgb_v2
2024-01-04 14:00:00,3,Татнефть-АЗС-004,1.7294142725198152,shop_total_revenue,Выручка магазина,baseline_hgb_v2
2024-01-04 15:00:00,3,Татнефть-АЗС-004,11.852427603969849,shop_total_revenue,Выручка магазина,baseline_hgb_v2
2024-01-04 16:00:00,3,Татнефть-АЗС-004,11.68183974912847,shop_total_revenue,Выручка магазина,baseline_hgb_v2
2024-01-04 17:00:00,3,Татнефть-АЗС-004,422.65046246597416,shop_total_revenue,Выручка магазина,baseline_hgb_v2
2024-01-04 18:00:00,3,Татнефть-АЗС-004,332.25034786251587,shop_total_revenue,Выручка магазина,baseline_hgb_v2
2024-01-04 19:00:00,3,Татнефть-АЗС-004,808.4963298896511,shop_total_revenue,Выручка магазина,baseline_hgb_v2
2024-01-04 20:00:00,3,Татнефть-АЗС-004,-0.2136712219435542,shop_total_revenue,Выручка магазина,baseline_hgb_v2
2024-01-04 21:00:00,3,Татнефть-АЗС-004,9.157377382918988,shop_total_revenue,Выручка магазина,baseline_hgb_v2
2024-01-04 22:00:00,3,Татнефть-АЗС-004,-0.4093611286814219,shop_total_revenue,Выручка магазина,baseline_hgb_v2
2024-01-04 23:00:00,3,Татнефть-АЗС-004,-0.4093611286814219,shop_total_revenue,Выручка магазина,baseline_hgb_v2
2024-01-05 00:00:00,3,Татнефть-АЗС-004,-0.044975954671709235,shop_total_revenue,Выручка магазина,baseline_hgb_v2
2024-01-05 01:00:00,3,Татнефть-АЗС-004,0.09073138420450864,shop_total_revenue,Выручка магазина,baseline_hgb_v2
2024-01-05 02:00:00,3,Татнефть-АЗС-004,0.09073138420450864,shop_total_revenue,Выручка магазина,baseline_hgb_v2
2024-01-05 03:00:00,3,Татнефть-АЗС-004,-0.044975954671709235,shop_total_revenue,Выручка магазина,baseline_hgb_v2
2024-01-05 04:00:00,3,Татнефть-АЗС-004,-0.044975954671709235,shop_total_revenue,Выручка магазина,baseline_hgb_v2
2024-01-05 05:00:00,3,Татнефть-АЗС-004,0.09073138420450864,shop_total_revenue,Выручка магазина,baseline_hgb_v2
2024-01-05 06:00:00,3,Татнефть-АЗС-004,5.619976989130551,shop_total_revenue,Выручка магазина,baseline_hgb_v2
2024-01-05 07:00:00,3,Татнефть-АЗС-004,1144.6909115349686,shop_total_revenue,Выручка магазина,baseline_hgb_v2
2024-01-05 08:00:00,3,Татнефть-АЗС-004,718.4613438795037,shop_total_revenue,Выручка магазина,baseline_hgb_v2
2024-01-05 09:00:00,3,Татнефть-АЗС-004,719.2303472694936,shop_total_revenue,Выручка магазина,baseline_hgb_v2
2024-01-05 10:00:00,3,Татнефть-АЗС-004,11.70717395354215,shop_total_revenue,Выручка магазина,baseline_hgb_v2
2024-01-05 11:00:00,3,Татнефть-АЗС-004,1.2478323255998571,shop_total_revenue,Выручка магазина,baseline_hgb_v2
2024-01-05 12:00:00,3,Татнефть-АЗС-004,66.78382968955533,shop_total_revenue,Выручка магазина,baseline_hgb_v2
2024-01-05 13:00:00,3,Татнефть-АЗС-004,1.7116887029752,shop_total_revenue,Выручка магазина,baseline_hgb_v2
2024-01-05 14:00:00,3,Татнефть-АЗС-004,49.74902091506921,shop_total_revenue,Выручка магазина,baseline_hgb_v2
2024-01-05 15:00:00,3,Татнефть-АЗС-004,11.852427603969849,shop_total_revenue,Выручка магазина,baseline_hgb_v2
2024-01-05 16:00:00,3,Татнефть-АЗС-004,-0.2136712219435542,shop_total_revenue,Выручка магазина,baseline_hgb_v2
2024-01-05 17:00:00,3,Татнефть-АЗС-004,359.6529796762087,shop_total_revenue,Выручка магазина,baseline_hgb_v2
2024-01-05 18:00:00,3,Татнефть-АЗС-004,349.09295493437565,shop_total_revenue,Выручка магазина,baseline_hgb_v2
2024-01-05 19:00:00,3,Татнефть-АЗС-004,330.71088782062225,shop_total_revenue,Выручка магазина,baseline_hgb_v2
2024-01-05 20:00:00,3,Татнефть-АЗС-004,9.836375803128576,shop_total_revenue,Выручка магазина,baseline_hgb_v2
2024-01-05 21:00:00,3,Татнефть-АЗС-004,-3.5001265791779854,shop_total_revenue,Выручка магазина,baseline_hgb_v2
2024-01-05 22:00:00,3,Татнефть-АЗС-004,-0.4093611286814219,shop_total_revenue,Выручка магазина,baseline_hgb_v2
2024-01-05 23:00:00,3,Татнефть-АЗС-004,-0.4093611286814219,shop_total_revenue,Выручка магазина,baseline_hgb_v2
2024-01-06 00:00:00,3,Татнефть-АЗС-004,-0.46246308725495344,shop_total_revenue,Выручка магазина,baseline_hgb_v2
2024-01-06 01:00:00,3,Татнефть-АЗС-004,-0.5981704261311711,shop_total_revenue,Выручка магазина,baseline_hgb_v2
2024-01-06 02:00:00,3,Татнефть-АЗС-004,-0.5981704261311711,shop_total_revenue,Выручка магазина,baseline_hgb_v2
2024-01-06 03:00:00,3,Татнефть-АЗС-004,-0.46246308725495344,shop_total_revenue,Выручка магазина,baseline_hgb_v2
2024-01-06 04:00:00,3,Татнефть-АЗС-004,-0.5981704261311711,shop_total_revenue,Выручка магазина,baseline_hgb_v2
2024-01-06 05:00:00,3,Татнефть-АЗС-004,-0.46246308725495344,shop_total_revenue,Выручка магазина,baseline_hgb_v2
2024-01-06 06:00:00,3,Татнефть-АЗС-004,238.51058012060616,shop_total_revenue,Выручка магазина,baseline_hgb_v2
2024-01-06 07:00:00,3,Татнефть-АЗС-004,770.667244667874,shop_total_revenue,Выручка магазина,baseline_hgb_v2
2024-01-06 08:00:00,3,Татнефть-АЗС-004,1372.8097979395616,shop_total_revenue,Выручка магазина,baseline_hgb_v2
2024-01-06 09:00:00,3,Татнефть-АЗС-004,1631.9034325795383,shop_total_revenue,Выручка магазина,baseline_hgb_v2
2024-01-06 10:00:00,3,Татнефть-АЗС-004,16.55870419985163,shop_total_revenue,Выручка магазина,baseline_hgb_v2
2024-01-06 11:00:00,3,Татнефть-АЗС-004,-0.46246308725495344,shop_total_revenue,Выручка магазина,baseline_hgb_v2
2024-01-06 12:00:00,3,Татнефть-АЗС-004,18.546860637268576,shop_total_revenue,Выручка магазина,baseline_hgb_v2
2024-01-06 13:00:00,3,Татнефть-АЗС-004,292.29397297904006,shop_total_revenue,Выручка магазина,baseline_hgb_v2
2024-01-06 14:00:00,3,Татнефть-АЗС-004,3.838082218503295,shop_total_revenue,Выручка магазина,baseline_hgb_v2
2024-01-06 15:00:00,3,Татнефть-АЗС-004,12.703363417560059,shop_total_revenue,Выручка магазина,baseline_hgb_v2
2024-01-06 16:00:00,3,Татнефть-АЗС-004,23.36646986508757,shop_total_revenue,Выручка магазина,baseline_hgb_v2
2024-01-06 17:00:00,3,Татнефть-АЗС-004,653.9981358843554,shop_total_revenue,Выручка магазина,baseline_hgb_v2
2024-01-06 18:00:00,3,Татнефть-АЗС-004,850.3898720264987,shop_total_revenue,Выручка магазина,baseline_hgb_v2
2024-01-06 19:00:00,3,Татнефть-АЗС-004,952.6083621678445,shop_total_revenue,Выручка магазина,baseline_hgb_v2
2024-01-06 20:00:00,3,Татнефть-АЗС-004,-1.3611288395245025,shop_total_revenue,Выручка магазина,baseline_hgb_v2
2024-01-06 21:00:00,3,Татнефть-АЗС-004,-0.7668656934030161,shop_total_revenue,Выручка магазина,baseline_hgb_v2
2024-01-06 22:00:00,3,Татнефть-АЗС-004,-0.9625556001408833,shop_total_revenue,Выручка магазина,baseline_hgb_v2
2024-01-06 23:00:00,3,Татнефть-АЗС-004,-0.7668656934030161,shop_total_revenue,Выручка магазина,baseline_hgb_v2
2024-01-07 00:00:00,3,Татнефть-АЗС-004,-0.6402356664477912,shop_total_revenue,Выручка магазина,baseline_hgb_v2
2024-01-07 01:00:00,3,Татнефть-АЗС-004,-0.5981704261311711,shop_total_revenue,Выручка магазина,baseline_hgb_v2
2024-01-07 02:00:00,3,Татнефть-АЗС-004,-0.46246308725495344,shop_total_revenue,Выручка магазина,baseline_hgb_v2
2024-01-07 03:00:00,3,Татнефть-АЗС-004,-0.46246308725495344,shop_total_revenue,Выручка магазина,baseline_hgb_v2
2024-01-07 04:00:00,3,Татнефть-АЗС-004,-0.46246308725495344,shop_total_revenue,Выручка магазина,baseline_hgb_v2
2024-01-07 05:00:00,3,Татнефть-АЗС-004,-0.46246308725495344,shop_total_revenue,Выручка магазина,baseline_hgb_v2
2024-01-07 06:00:00,3,Татнефть-АЗС-004,8.926113037926934,shop_total_revenue,Выручка магазина,baseline_hgb_v2
2024-01-07 07:00:00,3,Татнефть-АЗС-004,849.9279355309541,shop_total_revenue,Выручка магазина,baseline_hgb_v2
2024-01-07 08:00:00,3,Татнефть-АЗС-004,802.1260868993156,shop_total_revenue,Выручка магазина,baseline_hgb_v2
2024-01-07 09:00:00,3,Татнефть-АЗС-004,717.8763283759431,shop_total_revenue,Выручка магазина,baseline_hgb_v2
2024-01-07 10:00:00,3,Татнефть-АЗС-004,0.2153705129475861,shop_total_revenue,Выручка магазина,baseline_hgb_v2
2024-01-07 11:00:00,3,Татнефть-АЗС-004,-0.46246308725495344,shop_total_revenue,Выручка магазина,baseline_hgb_v2
2024-01-07 12:00:00,3,Татнефть-АЗС-004,285.1710356795605,shop_total_revenue,Выручка магазина,baseline_hgb_v2
2024-01-07 13:00:00,3,Татнефть-АЗС-004,268.2566934915655,shop_total_revenue,Выручка магазина,baseline_hgb_v2
2024-01-07 14:00:00,3,Татнефть-АЗС-004,293.75073303001506,shop_total_revenue,Выручка магазина,baseline_hgb_v2
2024-01-07 15:00:00,3,Татнефть-АЗС-004,0.40563083750462775,shop_total_revenue,Выручка магазина,baseline_hgb_v2
2024-01-07 16:00:00,3,Татнефть-АЗС-004,12.883105169272135,shop_total_revenue,Выручка магазина,baseline_hgb_v2
2024-01-07 17:00:00,3,Татнефть-АЗС-004,548.3399595419506,shop_total_revenue,Выручка магазина,baseline_hgb_v2
2024-01-07 18:00:00,3,Татнефть-АЗС-004,1178.8189677311789,shop_total_revenue,Выручка магазина,baseline_hgb_v2
2024-01-07 19:00:00,3,Татнефть-АЗС-004,354.94762023433924,shop_total_revenue,Выручка магазина,baseline_hgb_v2
2024-01-07 20:00:00,3,Татнефть-АЗС-004,7.604520809824841,shop_total_revenue,Выручка магазина,baseline_hgb_v2
2024-01-07 21:00:00,3,Татнефть-АЗС-004,-0.7668656934030161,shop_total_revenue,Выручка магазина,baseline_hgb_v2
2024-01-07 22:00:00,3,Татнефть-АЗС-004,-0.7668656934030161,shop_total_revenue,Выручка магазина,baseline_hgb_v2
2024-01-07 23:00:00,3,Татнефть-АЗС-004,-0.9625556001408833,shop_total_revenue,Выручка магазина,baseline_hgb_v2
2024-01-01 00:00:00,4,Татнефть-АЗС-005,-0.8664753594635053,shop_total_revenue,Выручка магазина,baseline_hgb_v2
2024-01-01 01:00:00,4,Татнефть-АЗС-005,-1.0021826983397233,shop_total_revenue,Выручка магазина,baseline_hgb_v2
2024-01-01 02:00:00,4,Татнефть-АЗС-005,-0.8664753594635053,shop_total_revenue,Выручка магазина,baseline_hgb_v2
2024-01-01 03:00:00,4,Татнефть-АЗС-005,-0.8664753594635053,shop_total_revenue,Выручка магазина,baseline_hgb_v2
2024-01-01 04:00:00,4,Татнефть-АЗС-005,-0.84874978991889,shop_total_revenue,Выручка магазина,baseline_hgb_v2
2024-01-01 05:00:00,4,Татнефть-АЗС-005,-1.0021826983397233,shop_total_revenue,Выручка магазина,baseline_hgb_v2
2024-01-01 06:00:00,4,Татнефть-АЗС-005,-2.841150899711108,shop_total_revenue,Выручка магазина,baseline_hgb_v2
2024-01-01 07:00:00,4,Татнефть-АЗС-005,165.03390749574402,shop_total_revenue,Выручка магазина,baseline_hgb_v2
2024-01-01 08:00:00,4,Татнефть-АЗС-005,153.56373536637295,shop_total_revenue,Выручка магазина,baseline_hgb_v2
2024-01-01 09:00:00,4,Татнефть-АЗС-005,160.83406746511463,shop_total_revenue,Выручка магазина,baseline_hgb_v2
2024-01-01 10:00:00,4,Татнефть-АЗС-005,-0.8664753594635053,shop_total_revenue,Выручка магазина,baseline_hgb_v2
2024-01-01 11:00:00,4,Татнефть-АЗС-005,-0.8664753594635053,shop_total_revenue,Выручка магазина,baseline_hgb_v2
2024-01-01 12:00:00,4,Татнефть-АЗС-005,1.5465678247684216,shop_total_revenue,Выручка магазина,baseline_hgb_v2
2024-01-01 13:00:00,4,Татнефть-АЗС-005,1.5465678247684216,shop_total_revenue,Выручка магазина,baseline_hgb_v2
2024-01-01 14:00:00,4,Татнефть-АЗС-005,1.5288422552238063,shop_total_revenue,Выручка магазина,baseline_hgb_v2
2024-01-01 15:00:00,4,Татнефть-АЗС-005,-1.0947529427657496,shop_total_revenue,Выручка магазина,baseline_hgb_v2
2024-01-01 16:00:00,4,Татнефть-АЗС-005,-1.1708779656115682,shop_total_revenue,Выручка магазина,baseline_hgb_v2
2024-01-01 17:00:00,4,Татнефть-АЗС-005,135.74164486336977,shop_total_revenue,Выручка магазина,baseline_hgb_v2
2024-01-01 18:00:00,4,Татнефть-АЗС-005,12.690191380572694,shop_total_revenue,Выручка магазина,baseline_hgb_v2
2024-01-01 19:00:00,4,Татнефть-АЗС-005,136.74416017718278,shop_total_revenue,Выручка магазина,baseline_hgb_v2
2024-01-01 20:00:00,4,Татнефть-АЗС-005,-1.3665678723494357,shop_total_revenue,Выручка магазина,baseline_hgb_v2
2024-01-01 21:00:00,4,Татнефть-АЗС-005,-1.1708779656115682,shop_total_revenue,Выручка магазина,baseline_hgb_v2
2024-01-01 22:00:00,4,Татнефть-АЗС-005,-1.1708779656115682,shop_total_revenue,Выручка магазина,baseline_hgb_v2
2024-01-01 23:00:00,4,Татнефть-АЗС-005,-1.3665678723494357,shop_total_revenue,Выручка магазина,baseline_hgb_v2
2024-01-02 00:00:00,4,Татнефть-АЗС-005,-1.0021826983397233,shop_total_revenue,Выручка магазина,baseline_hgb_v2
2024-01-02 01:00:00,4,Татнефть-АЗС-005,-0.8664753594635053,shop_total_revenue,Выручка магазина,baseline_hgb_v2
2024-01-02 02:00:00,4,Татнефть-АЗС-005,-1.0021826983397233,shop_total_revenue,Выручка магазина,baseline_hgb_v2
2024-01-02 03:00:00,4,Татнефть-АЗС-005,-1.0021826983397233,shop_total_revenue,Выручка магазина,baseline_hgb_v2
2024-01-02 04:00:00,4,Татнефть-АЗС-005,-1.0021826983397233,shop_total_revenue,Выручка магазина,baseline_hgb_v2
2024-01-02 05:00:00,4,Татнефть-АЗС-005,-0.8664753594635053,shop_total_revenue,Выручка магазина,baseline_hgb_v2
2024-01-02 06:00:00,4,Татнефть-АЗС-005,-2.841150899711108,shop_total_revenue,Выручка магазина,baseline_hgb_v2
2024-01-02 07:00:00,4,Татнефть-АЗС-005,153.0855679241686,shop_total_revenue,Выручка магазина,baseline_hgb_v2
2024-01-02 08:00:00,4,Татнефть-АЗС-005,310.2289918286213,shop_total_revenue,Выручка магазина,baseline_hgb_v2
2024-01-02 09:00:00,4,Татнефть-АЗС-005,227.3143601124719,shop_total_revenue,Выручка магазина,baseline_hgb_v2
2024-01-02 10:00:00,4,Татнефть-АЗС-005,-0.8664753594635053,shop_total_revenue,Выручка магазина,baseline_hgb_v2
2024-01-02 11:00:00,4,Татнефть-АЗС-005,-1.0021826983397233,shop_total_revenue,Выручка магазина,baseline_hgb_v2
2024-01-02 12:00:00,4,Татнефть-АЗС-005,1.5465678247684216,shop_total_revenue,Выручка магазина,baseline_hgb_v2
2024-01-02 13:00:00,4,Татнефть-АЗС-005,0.7544819593071848,shop_total_revenue,Выручка магазина,baseline_hgb_v2
2024-01-02 14:00:00,4,Татнефть-АЗС-005,0.7544819593071848,shop_total_revenue,Выручка магазина,baseline_hgb_v2
2024-01-02 15:00:00,4,Татнефть-АЗС-005,-1.1708779656115682,shop_total_revenue,Выручка магазина,baseline_hgb_v2
2024-01-02 16:00:00,4,Татнефть-АЗС-005,-1.3665678723494357,shop_total_revenue,Выручка магазина,baseline_hgb_v2
2024-01-02 17:00:00,4,Татнефть-АЗС-005,192.4422634771055,shop_total_revenue,Выручка магазина,baseline_hgb_v2
2024-01-02 18:00:00,4,Татнефть-АЗС-005,196.9020115513659,shop_total_revenue,Выручка магазина,baseline_hgb_v2
2024-01-02 19:00:00,4,Татнефть-АЗС-005,25.047258066661982,shop_total_revenue,Выручка магазина,baseline_hgb_v2
2024-01-02 20:00:00,4,Татнефть-АЗС-005,-1.1708779656115682,shop_total_revenue,Выручка магазина,baseline_hgb_v2
2024-01-02 21:00:00,4,Татнефть-АЗС-005,-1.3665678723494357,shop_total_revenue,Выручка магазина,baseline_hgb_v2
2024-01-02 22:00:00,4,Татнефть-АЗС-005,-1.1708779656115682,shop_total_revenue,Выручка магазина,baseline_hgb_v2
2024-01-02 23:00:00,4,Татнефть-АЗС-005,-1.1708779656115682,shop_total_revenue,Выручка магазина,baseline_hgb_v2
2024-01-03 00:00:00,4,Татнефть-АЗС-005,-1.0021826983397233,shop_total_revenue,Выручка магазина,baseline_hgb_v2
2024-01-03 01:00:00,4,Татнефть-АЗС-005,-0.8664753594635053,shop_total_revenue,Выручка магазина,baseline_hgb_v2
2024-01-03 02:00:00,4,Татнефть-АЗС-005,-0.8664753594635053,shop_total_revenue,Выручка магазина,baseline_hgb_v2
2024-01-03 03:00:00,4,Татнефть-АЗС-005,-1.0021826983397233,shop_total_revenue,Выручка магазина,baseline_hgb_v2
2024-01-03 04:00:00,4,Татнефть-АЗС-005,-0.8664753594635053,shop_total_revenue,Выручка магазина,baseline_hgb_v2
2024-01-03 05:00:00,4,Татнефть-АЗС-005,-1.0021826983397233,shop_total_revenue,Выручка магазина,baseline_hgb_v2
2024-01-03 06:00:00,4,Татнефть-АЗС-005,-0.8664753594635053,shop_total_revenue,Выручка магазина,baseline_hgb_v2
2024-01-03 07:00:00,4,Татнефть-АЗС-005,296.93586923843867,shop_total_revenue,Выручка магазина,baseline_hgb_v2
2024-01-03 08:00:00,4,Татнефть-АЗС-005,153.27784668226636,shop_total_revenue,Выручка магазина,baseline_hgb_v2
2024-01-03 09:00:00,4,Татнефть-АЗС-005,292.8102655268961,shop_total_revenue,Выручка магазина,baseline_hgb_v2
2024-01-03 10:00:00,4,Татнефть-АЗС-005,-4.276445806259216,shop_total_revenue,Выручка магазина,baseline_hgb_v2
2024-01-03 11:00:00,4,Татнефть-АЗС-005,-0.8664753594635053,shop_total_revenue,Выручка магазина,baseline_hgb_v2
2024-01-03 12:00:00,4,Татнефть-АЗС-005,0.7722075288518,shop_total_revenue,Выручка магазина,baseline_hgb_v2
2024-01-03 13:00:00,4,Татнефть-АЗС-005,1.5465678247684216,shop_total_revenue,Выручка магазина,baseline_hgb_v2
2024-01-03 14:00:00,4,Татнефть-АЗС-005,0.7544819593071848,shop_total_revenue,Выручка магазина,baseline_hgb_v2
2024-01-03 15:00:00,4,Татнефть-АЗС-005,-1.3665678723494357,shop_total_revenue,Выручка магазина,baseline_hgb_v2
2024-01-03 16:00:00,4,Татнефть-АЗС-005,-1.1708779656115682,shop_total_revenue,Выручка магазина,baseline_hgb_v2
2024-01-03 17:00:00,4,Татнефть-АЗС-005,128.01371284747893,shop_total_revenue,Выручка магазина,baseline_hgb_v2
2024-01-03 18:00:00,4,Татнефть-АЗС-005,11.924869588101254,shop_total_revenue,Выручка магазина,baseline_hgb_v2
2024-01-03 19:00:00,4,Татнефть-АЗС-005,196.49205578913273,shop_total_revenue,Выручка магазина,baseline_hgb_v2
2024-01-03 20:00:00,4,Татнефть-АЗС-005,-1.1708779656115682,shop_total_revenue,Выручка магазина,baseline_hgb_v2
2024-01-03 21:00:00,4,Татнефть-АЗС-005,-1.1708779656115682,shop_total_revenue,Выручка магазина,baseline_hgb_v2
2024-01-03 22:00:00,4,Татнефть-АЗС-005,-1.3665678723494357,shop_total_revenue,Выручка магазина,baseline_hgb_v2
2024-01-03 23:00:00,4,Татнефть-АЗС-005,-1.3665678723494357,shop_total_revenue,Выручка магазина,baseline_hgb_v2
2024-01-04 00:00:00,4,Татнефть-АЗС-005,-0.8664753594635053,shop_total_revenue,Выручка магазина,baseline_hgb_v2
2024-01-04 01:00:00,4,Татнефть-АЗС-005,-0.8664753594635053,shop_total_revenue,Выручка магазина,baseline_hgb_v2
2024-01-04 02:00:00,4,Татнефть-АЗС-005,-0.8664753594635053,shop_total_revenue,Выручка магазина,baseline_hgb_v2
2024-01-04 03:00:00,4,Татнефть-АЗС-005,-1.0021826983397233,shop_total_revenue,Выручка магазина,baseline_hgb_v2
2024-01-04 04:00:00,4,Татнефть-АЗС-005,-1.0021826983397233,shop_total_revenue,Выручка магазина,baseline_hgb_v2
2024-01-04 05:00:00,4,Татнефть-АЗС-005,-1.0021826983397233,shop_total_revenue,Выручка магазина,baseline_hgb_v2
2024-01-04 06:00:00,4,Татнефть-АЗС-005,-4.276445806259216,shop_total_revenue,Выручка магазина,baseline_hgb_v2
2024-01-04 07:00:00,4,Татнефть-АЗС-005,336.7885917138612,shop_total_revenue,Выручка магазина,baseline_hgb_v2
2024-01-04 08:00:00,4,Татнефть-АЗС-005,153.27911234842688,shop_total_revenue,Выручка магазина,baseline_hgb_v2
2024-01-04 09:00:00,4,Татнефть-АЗС-005,319.9515949810455,shop_total_revenue,Выручка магазина,baseline_hgb_v2
2024-01-04 10:00:00,4,Татнефть-АЗС-005,-1.2368873909952287,shop_total_revenue,Выручка магазина,baseline_hgb_v2
2024-01-04 11:00:00,4,Татнефть-АЗС-005,-1.0021826983397233,shop_total_revenue,Выручка магазина,baseline_hgb_v2
2024-01-04 12:00:00,4,Татнефть-АЗС-005,0.7544819593071848,shop_total_revenue,Выручка магазина,baseline_hgb_v2
2024-01-04 13:00:00,4,Татнефть-АЗС-005,0.7544819593071848,shop_total_revenue,Выручка магазина,baseline_hgb_v2
2024-01-04 14:00:00,4,Татнефть-АЗС-005,0.7544819593071848,shop_total_revenue,Выручка магазина,baseline_hgb_v2
2024-01-04 15:00:00,4,Татнефть-АЗС-005,-1.1708779656115682,shop_total_revenue,Выручка магазина,baseline_hgb_v2
2024-01-04 16:00:00,4,Татнефть-АЗС-005,-1.3665678723494357,shop_total_revenue,Выручка магазина,baseline_hgb_v2
2024-01-04 17:00:00,4,Татнефть-АЗС-005,25.45143055391474,shop_total_revenue,Выручка магазина,baseline_hgb_v2
2024-01-04 18:00:00,4,Татнефть-АЗС-005,135.45575617926318,shop_total_revenue,Выручка магазина,baseline_hgb_v2
2024-01-04 19:00:00,4,Татнефть-АЗС-005,9.307245989845969,shop_total_revenue,Выручка магазина,baseline_hgb_v2
2024-01-04 20:00:00,4,Татнефть-АЗС-005,-1.3665678723494357,shop_total_revenue,Выручка магазина,baseline_hgb_v2
2024-01-04 21:00:00,4,Татнефть-АЗС-005,-1.153152396066953,shop_total_revenue,Выручка магазина,baseline_hgb_v2
2024-01-04 22:00:00,4,Татнефть-АЗС-005,-1.3665678723494357,shop_total_revenue,Выручка магазина,baseline_hgb_v2
2024-01-04 23:00:00,4,Татнефть-АЗС-005,-1.3665678723494357,shop_total_revenue,Выручка магазина,baseline_hgb_v2
2024-01-05 00:00:00,4,Татнефть-АЗС-005,-1.0021826983397233,shop_total_revenue,Выручка магазина,baseline_hgb_v2
2024-01-05 01:00:00,4,Татнефть-АЗС-005,-0.8664753594635053,shop_total_revenue,Выручка магазина,baseline_hgb_v2
2024-01-05 02:00:00,4,Татнефть-АЗС-005,-0.8664753594635053,shop_total_revenue,Выручка магазина,baseline_hgb_v2
2024-01-05 03:00:00,4,Татнефть-АЗС-005,-1.0021826983397233,shop_total_revenue,Выручка магазина,baseline_hgb_v2
2024-01-05 04:00:00,4,Татнефть-АЗС-005,-0.8664753594635053,shop_total_revenue,Выручка магазина,baseline_hgb_v2
2024-01-05 05:00:00,4,Татнефть-АЗС-005,-1.0021826983397233,shop_total_revenue,Выручка магазина,baseline_hgb_v2
2024-01-05 06:00:00,4,Татнефть-АЗС-005,-0.8664753594635053,shop_total_revenue,Выручка магазина,baseline_hgb_v2
2024-01-05 07:00:00,4,Татнефть-АЗС-005,374.85623424236303,shop_total_revenue,Выручка магазина,baseline_hgb_v2
2024-01-05 08:00:00,4,Татнефть-АЗС-005,134.37233497502044,shop_total_revenue,Выручка магазина,baseline_hgb_v2
2024-01-05 09:00:00,4,Татнефть-АЗС-005,165.2274519200023,shop_total_revenue,Выручка магазина,baseline_hgb_v2
2024-01-05 10:00:00,4,Татнефть-АЗС-005,-0.8664753594635053,shop_total_revenue,Выручка магазина,baseline_hgb_v2
2024-01-05 11:00:00,4,Татнефть-АЗС-005,-0.8664753594635053,shop_total_revenue,Выручка магазина,baseline_hgb_v2
2024-01-05 12:00:00,4,Татнефть-АЗС-005,1.5465678247684216,shop_total_revenue,Выручка магазина,baseline_hgb_v2
2024-01-05 13:00:00,4,Татнефть-АЗС-005,1.5465678247684216,shop_total_revenue,Выручка магазина,baseline_hgb_v2
2024-01-05 14:00:00,4,Татнефть-АЗС-005,1.5465678247684216,shop_total_revenue,Выручка магазина,baseline_hgb_v2
2024-01-05 15:00:00,4,Татнефть-АЗС-005,-1.3665678723494357,shop_total_revenue,Выручка магазина,baseline_hgb_v2
2024-01-05 16:00:00,4,Татнефть-АЗС-005,-1.3665678723494357,shop_total_revenue,Выручка магазина,baseline_hgb_v2
2024-01-05 17:00:00,4,Татнефть-АЗС-005,197.48076593612765,shop_total_revenue,Выручка магазина,baseline_hgb_v2
2024-01-05 18:00:00,4,Татнефть-АЗС-005,211.98463665892928,shop_total_revenue,Выручка магазина,baseline_hgb_v2
2024-01-05 19:00:00,4,Татнефть-АЗС-005,136.45827149307618,shop_total_revenue,Выручка магазина,baseline_hgb_v2
2024-01-05 20:00:00,4,Татнефть-АЗС-005,-1.3665678723494357,shop_total_revenue,Выручка магазина,baseline_hgb_v2
2024-01-05 21:00:00,4,Татнефть-АЗС-005,-1.3665678723494357,shop_total_revenue,Выручка магазина,baseline_hgb_v2
2024-01-05 22:00:00,4,Татнефть-АЗС-005,-1.1708779656115682,shop_total_revenue,Выручка магазина,baseline_hgb_v2
2024-01-05 23:00:00,4,Татнефть-АЗС-005,-1.3665678723494357,shop_total_revenue,Выручка магазина,baseline_hgb_v2
2024-01-06 00:00:00,4,Татнефть-АЗС-005,-1.555377169799185,shop_total_revenue,Выручка магазина,baseline_hgb_v2
2024-01-06 01:00:00,4,Татнефть-АЗС-005,-1.4196698309229672,shop_total_revenue,Выручка магазина,baseline_hgb_v2
2024-01-06 02:00:00,4,Татнефть-АЗС-005,-1.555377169799185,shop_total_revenue,Выручка магазина,baseline_hgb_v2
2024-01-06 03:00:00,4,Татнефть-АЗС-005,-1.5731027393438002,shop_total_revenue,Выручка магазина,baseline_hgb_v2
2024-01-06 04:00:00,4,Татнефть-АЗС-005,-1.4196698309229672,shop_total_revenue,Выручка магазина,baseline_hgb_v2
2024-01-06 05:00:00,4,Татнефть-АЗС-005,-1.4196698309229672,shop_total_revenue,Выручка магазина,baseline_hgb_v2
2024-01-06 06:00:00,4,Татнефть-АЗС-005,-3.3943453711705702,shop_total_revenue,Выручка магазина,baseline_hgb_v2
2024-01-06 07:00:00,4,Татнефть-АЗС-005,200.1935482942687,shop_total_revenue,Выручка магазина,baseline_hgb_v2
2024-01-06 08:00:00,4,Татнефть-АЗС-005,29.867178944025866,shop_total_revenue,Выручка магазина,baseline_hgb_v2
2024-01-06 09:00:00,4,Татнефть-АЗС-005,232.48717849213102,shop_total_revenue,Выручка магазина,baseline_hgb_v2
2024-01-06 10:00:00,4,Татнефть-АЗС-005,-1.4196698309229672,shop_total_revenue,Выручка магазина,baseline_hgb_v2
2024-01-06 11:00:00,4,Татнефть-АЗС-005,-1.555377169799185,shop_total_revenue,Выручка магазина,baseline_hgb_v2
2024-01-06 12:00:00,4,Татнефть-АЗС-005,0.9933733533089596,shop_total_revenue,Выручка магазина,baseline_hgb_v2
2024-01-06 13:00:00,4,Татнефть-АЗС-005,0.2012874878477227,shop_total_revenue,Выручка магазина,baseline_hgb_v2
2024-01-06 14:00:00,4,Татнефть-АЗС-005,0.9933733533089596,shop_total_revenue,Выручка магазина,baseline_hgb_v2
2024-01-06 15:00:00,4,Татнефть-АЗС-005,-1.7240724370710303,shop_total_revenue,Выручка магазина,baseline_hgb_v2
2024-01-06 16:00:00,4,Татнефть-АЗС-005,-1.9197623438088975,shop_total_revenue,Выручка магазина,baseline_hgb_v2
2024-01-06 17:00:00,4,Татнефть-АЗС-005,5.787027961339843,shop_total_revenue,Выручка магазина,baseline_hgb_v2
2024-01-06 18:00:00,4,Татнефть-АЗС-005,5.787027961339843,shop_total_revenue,Выручка магазина,baseline_hgb_v2
2024-01-06 19:00:00,4,Татнефть-АЗС-005,-2.4070169371832977,shop_total_revenue,Выручка магазина,baseline_hgb_v2
2024-01-06 20:00:00,4,Татнефть-АЗС-005,-1.9197623438088975,shop_total_revenue,Выручка магазина,baseline_hgb_v2
2024-01-06 21:00:00,4,Татнефть-АЗС-005,-1.9197623438088975,shop_total_revenue,Выручка магазина,baseline_hgb_v2
2024-01-06 22:00:00,4,Татнефть-АЗС-005,-1.9197623438088975,shop_total_revenue,Выручка магазина,baseline_hgb_v2
2024-01-06 23:00:00,4,Татнефть-АЗС-005,-1.9197623438088975,shop_total_revenue,Выручка магазина,baseline_hgb_v2
2024-01-07 00:00:00,4,Татнефть-АЗС-005,-1.361270377621764,shop_total_revenue,Выручка магазина,baseline_hgb_v2
2024-01-07 01:00:00,4,Татнефть-АЗС-005,-1.4196698309229672,shop_total_revenue,Выручка магазина,baseline_hgb_v2
2024-01-07 02:00:00,4,Татнефть-АЗС-005,-1.555377169799185,shop_total_revenue,Выручка магазина,baseline_hgb_v2
2024-01-07 03:00:00,4,Татнефть-АЗС-005,-1.555377169799185,shop_total_revenue,Выручка магазина,baseline_hgb_v2
2024-01-07 04:00:00,4,Татнефть-АЗС-005,-1.4196698309229672,shop_total_revenue,Выручка магазина,baseline_hgb_v2
2024-01-07 05:00:00,4,Татнефть-АЗС-005,-1.555377169799185,shop_total_revenue,Выручка магазина,baseline_hgb_v2
2024-01-07 06:00:00,4,Татнефть-АЗС-005,-1.555377169799185,shop_total_revenue,Выручка магазина,baseline_hgb_v2
2024-01-07 07:00:00,4,Татнефть-АЗС-005,161.78002357507492,shop_total_revenue,Выручка магазина,baseline_hgb_v2
2024-01-07 08:00:00,4,Татнефть-АЗС-005,29.867178944025866,shop_total_revenue,Выручка магазина,baseline_hgb_v2
2024-01-07 09:00:00,4,Татнефть-АЗС-005,232.48717849213102,shop_total_revenue,Выручка магазина,baseline_hgb_v2
2024-01-07 10:00:00,4,Татнефть-АЗС-005,-1.4196698309229672,shop_total_revenue,Выручка магазина,baseline_hgb_v2
2024-01-07 11:00:00,4,Татнефть-АЗС-005,-1.4196698309229672,shop_total_revenue,Выручка магазина,baseline_hgb_v2
2024-01-07 12:00:00,4,Татнефть-АЗС-005,0.2012874878477227,shop_total_revenue,Выручка магазина,baseline_hgb_v2
2024-01-07 13:00:00,4,Татнефть-АЗС-005,0.2012874878477227,shop_total_revenue,Выручка магазина,baseline_hgb_v2
2024-01-07 14:00:00,4,Татнефть-АЗС-005,0.2012874878477227,shop_total_revenue,Выручка магазина,baseline_hgb_v2
2024-01-07 15:00:00,4,Татнефть-АЗС-005,-1.7240724370710303,shop_total_revenue,Выручка магазина,baseline_hgb_v2
2024-01-07 16:00:00,4,Татнефть-АЗС-005,-1.7240724370710303,shop_total_revenue,Выручка магазина,baseline_hgb_v2
2024-01-07 17:00:00,4,Татнефть-АЗС-005,87.17683507646359,shop_total_revenue,Выручка магазина,baseline_hgb_v2
2024-01-07 18:00:00,4,Татнефть-АЗС-005,87.17683507646359,shop_total_revenue,Выручка магазина,baseline_hgb_v2
2024-01-07 19:00:00,4,Татнефть-АЗС-005,102.4796253732765,shop_total_revenue,Выручка магазина,baseline_hgb_v2
2024-01-07 20:00:00,4,Татнефть-АЗС-005,-1.7240724370710303,shop_total_revenue,Выручка магазина,baseline_hgb_v2
2024-01-07 21:00:00,4,Татнефть-АЗС-005,-1.706346867526415,shop_total_revenue,Выручка магазина,baseline_hgb_v2
2024-01-07 22:00:00,4,Татнефть-АЗС-005,-1.9197623438088975,shop_total_revenue,Выручка магазина,baseline_hgb_v2
2024-01-07 23:00:00,4,Татнефть-АЗС-005,-1.9197623438088975,shop_total_revenue,Выручка магазина,baseline_hgb_v2
2024-01-01 00:00:00,5,Татнефть-АЗС-006,-0.011653584905752894,shop_total_revenue,Выручка магазина,baseline_hgb_v2
2024-01-01 01:00:00,5,Татнефть-АЗС-006,0.006071984638862248,shop_total_revenue,Выручка магазина,baseline_hgb_v2
2024-01-01 02:00:00,5,Татнефть-АЗС-006,-0.011653584905752894,shop_total_revenue,Выручка магазина,baseline_hgb_v2
2024-01-01 03:00:00,5,Татнефть-АЗС-006,-0.14736092378197074,shop_total_revenue,Выручка магазина,baseline_hgb_v2
2024-01-01 04:00:00,5,Татнефть-АЗС-006,-0.011653584905752894,shop_total_revenue,Выручка магазина,baseline_hgb_v2
2024-01-01 05:00:00,5,Татнефть-АЗС-006,-0.011653584905752894,shop_total_revenue,Выручка магазина,baseline_hgb_v2
2024-01-01 06:00:00,5,Татнефть-АЗС-006,10.583320947443243,shop_total_revenue,Выручка магазина,baseline_hgb_v2
2024-01-01 07:00:00,5,Татнефть-АЗС-006,263.0196816108368,shop_total_revenue,Выручка магазина,baseline_hgb_v2
2024-01-01 08:00:00,5,Татнефть-АЗС-006,573.852240143909,shop_total_revenue,Выручка магазина,baseline_hgb_v2
2024-01-01 09:00:00,5,Татнефть-АЗС-006,256.4849205520213,shop_total_revenue,Выручка магазина,baseline_hgb_v2
2024-01-01 10:00:00,5,Татнефть-АЗС-006,-0.011653584905752894,shop_total_revenue,Выручка магазина,baseline_hgb_v2
2024-01-01 11:00:00,5,Татнефть-АЗС-006,-0.011653584905752894,shop_total_revenue,Выручка магазина,baseline_hgb_v2
2024-01-01 12:00:00,5,Татнефть-АЗС-006,1.6093037338649383,shop_total_revenue,Выручка магазина,baseline_hgb_v2
2024-01-01 13:00:00,5,Татнефть-АЗС-006,6.658198586546907,shop_total_revenue,Выручка магазина,baseline_hgb_v2
2024-01-01 14:00:00,5,Татнефть-АЗС-006,9.844785794387219,shop_total_revenue,Выручка магазина,baseline_hgb_v2
2024-01-01 15:00:00,5,Татнефть-АЗС-006,-0.5117460977916832,shop_total_revenue,Выручка магазина,baseline_hgb_v2
2024-01-01 16:00:00,5,Татнефть-АЗС-006,-0.5117460977916832,shop_total_revenue,Выручка магазина,baseline_hgb_v2
2024-01-01 17:00:00,5,Татнефть-АЗС-006,348.60577311742315,shop_total_revenue,Выручка магазина,baseline_hgb_v2
2024-01-01 18:00:00,5,Татнефть-АЗС-006,177.66288486986934,shop_total_revenue,Выручка магазина,baseline_hgb_v2
2024-01-01 19:00:00,5,Татнефть-АЗС-006,134.4383995397551,shop_total_revenue,Выручка магазина,baseline_hgb_v2
2024-01-01 20:00:00,5,Татнефть-АЗС-006,-0.5117460977916832,shop_total_revenue,Выручка магазина,baseline_hgb_v2
2024-01-01 21:00:00,5,Татнефть-АЗС-006,-0.3160561910538156,shop_total_revenue,Выручка магазина,baseline_hgb_v2
2024-01-01 22:00:00,5,Татнефть-АЗС-006,-0.5117460977916832,shop_total_revenue,Выручка магазина,baseline_hgb_v2
2024-01-01 23:00:00,5,Татнефть-АЗС-006,-0.5117460977916832,shop_total_revenue,Выручка магазина,baseline_hgb_v2
2024-01-02 00:00:00,5,Татнефть-АЗС-006,-0.14736092378197074,shop_total_revenue,Выручка магазина,baseline_hgb_v2
2024-01-02 01:00:00,5,Татнефть-АЗС-006,-0.011653584905752894,shop_total_revenue,Выручка магазина,baseline_hgb_v2
2024-01-02 02:00:00,5,Татнефть-АЗС-006,-0.011653584905752894,shop_total_revenue,Выручка магазина,baseline_hgb_v2
2024-01-02 03:00:00,5,Татнефть-АЗС-006,-0.14736092378197074,shop_total_revenue,Выручка магазина,baseline_hgb_v2
2024-01-02 04:00:00,5,Татнефть-АЗС-006,-0.011653584905752894,shop_total_revenue,Выручка магазина,baseline_hgb_v2
2024-01-02 05:00:00,5,Татнефть-АЗС-006,-0.011653584905752894,shop_total_revenue,Выручка магазина,baseline_hgb_v2
2024-01-02 06:00:00,5,Татнефть-АЗС-006,1.0978572718443496,shop_total_revenue,Выручка магазина,baseline_hgb_v2
2024-01-02 07:00:00,5,Татнефть-АЗС-006,261.37861910905224,shop_total_revenue,Выручка магазина,baseline_hgb_v2
2024-01-02 08:00:00,5,Татнефть-АЗС-006,513.3000982657192,shop_total_revenue,Выручка магазина,baseline_hgb_v2
2024-01-02 09:00:00,5,Татнефть-АЗС-006,264.61040574321794,shop_total_revenue,Выручка магазина,baseline_hgb_v2
2024-01-02 10:00:00,5,Татнефть-АЗС-006,9.980158915354515,shop_total_revenue,Выручка магазина,baseline_hgb_v2
2024-01-02 11:00:00,5,Татнефть-АЗС-006,-0.011653584905752894,shop_total_revenue,Выручка магазина,baseline_hgb_v2
2024-01-02 12:00:00,5,Татнефть-АЗС-006,6.658198586546907,shop_total_revenue,Выручка магазина,baseline_hgb_v2
2024-01-02 13:00:00,5,Татнефть-АЗС-006,1.6093037338649383,shop_total_revenue,Выручка магазина,baseline_hgb_v2
2024-01-02 14:00:00,5,Татнефть-АЗС-006,5.356546013575585,shop_total_revenue,Выручка магазина,baseline_hgb_v2
2024-01-02 15:00:00,5,Татнефть-АЗС-006,-0.25765673775261216,shop_total_revenue,Выручка магазина,baseline_hgb_v2
2024-01-02 16:00:00,5,Татнефть-АЗС-006,-0.5117460977916832,shop_total_revenue,Выручка магазина,baseline_hgb_v2
2024-01-02 17:00:00,5,Татнефть-АЗС-006,195.88520944319635,shop_total_revenue,Выручка магазина,baseline_hgb_v2
2024-01-02 18:00:00,5,Татнефть-АЗС-006,299.2959932758513,shop_total_revenue,Выручка магазина,baseline_hgb_v2
2024-01-02 19:00:00,5,Татнефть-АЗС-006,330.0964757631746,shop_total_revenue,Выручка магазина,baseline_hgb_v2
2024-01-02 20:00:00,5,Татнефть-АЗС-006,-0.25765673775261216,shop_total_revenue,Выручка магазина,baseline_hgb_v2
2024-01-02 21:00:00,5,Татнефть-АЗС-006,-0.3160561910538156,shop_total_revenue,Выручка магазина,baseline_hgb_v2
2024-01-02 22:00:00,5,Татнефть-АЗС-006,-0.3160561910538156,shop_total_revenue,Выручка магазина,baseline_hgb_v2
2024-01-02 23:00:00,5,Татнефть-АЗС-006,-0.25765673775261216,shop_total_revenue,Выручка магазина,baseline_hgb_v2
2024-01-03 00:00:00,5,Татнефть-АЗС-006,-0.011653584905752894,shop_total_revenue,Выручка магазина,baseline_hgb_v2
2024-01-03 01:00:00,5,Татнефть-АЗС-006,-0.011653584905752894,shop_total_revenue,Выручка магазина,baseline_hgb_v2
2024-01-03 02:00:00,5,Татнефть-АЗС-006,-0.011653584905752894,shop_total_revenue,Выручка магазина,baseline_hgb_v2
2024-01-03 03:00:00,5,Татнефть-АЗС-006,-0.011653584905752894,shop_total_revenue,Выручка магазина,baseline_hgb_v2
2024-01-03 04:00:00,5,Татнефть-АЗС-006,-0.011653584905752894,shop_total_revenue,Выручка магазина,baseline_hgb_v2
2024-01-03 05:00:00,5,Татнефть-АЗС-006,-0.011653584905752894,shop_total_revenue,Выручка магазина,baseline_hgb_v2
2024-01-03 06:00:00,5,Татнефть-АЗС-006,10.583320947443243,shop_total_revenue,Выручка магазина,baseline_hgb_v2
2024-01-03 07:00:00,5,Татнефть-АЗС-006,253.89302232159653,shop_total_revenue,Выручка магазина,baseline_hgb_v2
2024-01-03 08:00:00,5,Татнефть-АЗС-006,586.3868911459379,shop_total_revenue,Выручка магазина,baseline_hgb_v2
2024-01-03 09:00:00,5,Татнефть-АЗС-006,542.9067693319056,shop_total_revenue,Выручка магазина,baseline_hgb_v2
2024-01-03 10:00:00,5,Татнефть-АЗС-006,1.2335646107205676,shop_total_revenue,Выручка магазина,baseline_hgb_v2
2024-01-03 11:00:00,5,Татнефть-АЗС-006,-0.011653584905752894,shop_total_revenue,Выручка магазина,baseline_hgb_v2
2024-01-03 12:00:00,5,Татнефть-АЗС-006,6.658198586546907,shop_total_revenue,Выручка магазина,baseline_hgb_v2
2024-01-03 13:00:00,5,Татнефть-АЗС-006,6.658198586546907,shop_total_revenue,Выручка магазина,baseline_hgb_v2
2024-01-03 14:00:00,5,Татнефть-АЗС-006,1.6093037338649383,shop_total_revenue,Выручка магазина,baseline_hgb_v2
2024-01-03 15:00:00,5,Татнефть-АЗС-006,-0.3160561910538156,shop_total_revenue,Выручка магазина,baseline_hgb_v2
2024-01-03 16:00:00,5,Татнефть-АЗС-006,-0.3160561910538156,shop_total_revenue,Выручка магазина,baseline_hgb_v2
2024-01-03 17:00:00,5,Татнефть-АЗС-006,282.7849509829268,shop_total_revenue,Выручка магазина,baseline_hgb_v2
2024-01-03 18:00:00,5,Татнефть-АЗС-006,135.6952206033214,shop_total_revenue,Выручка магазина,baseline_hgb_v2
2024-01-03 19:00:00,5,Татнефть-АЗС-006,332.35438765746585,shop_total_revenue,Выручка магазина,baseline_hgb_v2
2024-01-03 20:00:00,5,Татнефть-АЗС-006,-0.5117460977916832,shop_total_revenue,Выручка магазина,baseline_hgb_v2
2024-01-03 21:00:00,5,Татнефть-АЗС-006,-0.3160561910538156,shop_total_revenue,Выручка магазина,baseline_hgb_v2
2024-01-03 22:00:00,5,Татнефть-АЗС-006,-0.5117460977916832,shop_total_revenue,Выручка магазина,baseline_hgb_v2
2024-01-03 23:00:00,5,Татнефть-АЗС-006,-0.5117460977916832,shop_total_revenue,Выручка магазина,baseline_hgb_v2
2024-01-04 00:00:00,5,Татнефть-АЗС-006,-0.14736092378197074,shop_total_revenue,Выручка магазина,baseline_hgb_v2
2024-01-04 01:00:00,5,Татнефть-АЗС-006,-0.011653584905752894,shop_total_revenue,Выручка магазина,baseline_hgb_v2
2024-01-04 02:00:00,5,Татнефть-АЗС-006,-0.011653584905752894,shop_total_revenue,Выручка магазина,baseline_hgb_v2
2024-01-04 03:00:00,5,Татнефть-АЗС-006,-0.011653584905752894,shop_total_revenue,Выручка магазина,baseline_hgb_v2
2024-01-04 04:00:00,5,Татнефть-АЗС-006,-0.14736092378197074,shop_total_revenue,Выручка магазина,baseline_hgb_v2
2024-01-04 05:00:00,5,Татнефть-АЗС-006,-0.011653584905752894,shop_total_revenue,Выручка магазина,baseline_hgb_v2
2024-01-04 06:00:00,5,Татнефть-АЗС-006,-0.011653584905752894,shop_total_revenue,Выручка магазина,baseline_hgb_v2
2024-01-04 07:00:00,5,Татнефть-АЗС-006,542.9067693319056,shop_total_revenue,Выручка магазина,baseline_hgb_v2
2024-01-04 08:00:00,5,Татнефть-АЗС-006,479.9030716127288,shop_total_revenue,Выручка магазина,baseline_hgb_v2
2024-01-04 09:00:00,5,Татнефть-АЗС-006,262.73379292673025,shop_total_revenue,Выручка магазина,baseline_hgb_v2
2024-01-04 10:00:00,5,Татнефть-АЗС-006,10.583320947443243,shop_total_revenue,Выручка магазина,baseline_hgb_v2
2024-01-04 11:00:00,5,Татнефть-АЗС-006,0.27985986120347783,shop_total_revenue,Выручка магазина,baseline_hgb_v2
2024-01-04 12:00:00,5,Татнефть-АЗС-006,1.6093037338649383,shop_total_revenue,Выручка магазина,baseline_hgb_v2
2024-01-04 13:00:00,5,Татнефть-АЗС-006,1.6270293034095535,shop_total_revenue,Выручка магазина,baseline_hgb_v2
2024-01-04 14:00:00,5,Татнефть-АЗС-006,1.6093037338649383,shop_total_revenue,Выручка магазина,baseline_hgb_v2
2024-01-04 15:00:00,5,Татнефть-АЗС-006,-0.5117460977916832,shop_total_revenue,Выручка магазина,baseline_hgb_v2
2024-01-04 16:00:00,5,Татнефть-АЗС-006,-0.5117460977916832,shop_total_revenue,Выручка магазина,baseline_hgb_v2
2024-01-04 17:00:00,5,Татнефть-АЗС-006,75.66446570673557,shop_total_revenue,Выручка магазина,baseline_hgb_v2
2024-01-04 18:00:00,5,Татнефть-АЗС-006,62.24622738256952,shop_total_revenue,Выручка магазина,baseline_hgb_v2
2024-01-04 19:00:00,5,Татнефть-АЗС-006,327.09776172729255,shop_total_revenue,Выручка магазина,baseline_hgb_v2
2024-01-04 20:00:00,5,Татнефть-АЗС-006,-0.5117460977916832,shop_total_revenue,Выручка магазина,baseline_hgb_v2
2024-01-04 21:00:00,5,Татнефть-АЗС-006,-0.3160561910538156,shop_total_revenue,Выручка магазина,baseline_hgb_v2
2024-01-04 22:00:00,5,Татнефть-АЗС-006,-0.3160561910538156,shop_total_revenue,Выручка магазина,baseline_hgb_v2
2024-01-04 23:00:00,5,Татнефть-АЗС-006,-0.3160561910538156,shop_total_revenue,Выручка магазина,baseline_hgb_v2
2024-01-05 00:00:00,5,Татнефть-АЗС-006,0.006071984638862248,shop_total_revenue,Выручка магазина,baseline_hgb_v2
2024-01-05 01:00:00,5,Татнефть-АЗС-006,-0.011653584905752894,shop_total_revenue,Выручка магазина,baseline_hgb_v2
2024-01-05 02:00:00,5,Татнефть-АЗС-006,-0.14736092378197074,shop_total_revenue,Выручка магазина,baseline_hgb_v2
2024-01-05 03:00:00,5,Татнефть-АЗС-006,-0.14736092378197074,shop_total_revenue,Выручка магазина,baseline_hgb_v2
2024-01-05 04:00:00,5,Татнефть-АЗС-006,-0.011653584905752894,shop_total_revenue,Выручка магазина,baseline_hgb_v2
2024-01-05 05:00:00,5,Татнефть-АЗС-006,-0.011653584905752894,shop_total_revenue,Выручка магазина,baseline_hgb_v2
2024-01-05 06:00:00,5,Татнефть-АЗС-006,8.70667578423593,shop_total_revenue,Выручка магазина,baseline_hgb_v2
2024-01-05 07:00:00,5,Татнефть-АЗС-006,560.0150888945498,shop_total_revenue,Выручка магазина,baseline_hgb_v2
2024-01-05 08:00:00,5,Татнефть-АЗС-006,251.18894852249974,shop_total_revenue,Выручка магазина,baseline_hgb_v2
2024-01-05 09:00:00,5,Татнефть-АЗС-006,454.10579541148184,shop_total_revenue,Выручка магазина,baseline_hgb_v2
2024-01-05 10:00:00,5,Татнефть-АЗС-006,-0.011653584905752894,shop_total_revenue,Выручка магазина,baseline_hgb_v2
2024-01-05 11:00:00,5,Татнефть-АЗС-006,-0.14736092378197074,shop_total_revenue,Выручка магазина,baseline_hgb_v2
2024-01-05 12:00:00,5,Татнефть-АЗС-006,6.658198586546907,shop_total_revenue,Выручка магазина,baseline_hgb_v2
2024-01-05 13:00:00,5,Татнефть-АЗС-006,1.6093037338649383,shop_total_revenue,Выручка магазина,baseline_hgb_v2
2024-01-05 14:00:00,5,Татнефть-АЗС-006,6.658198586546907,shop_total_revenue,Выручка магазина,baseline_hgb_v2
2024-01-05 15:00:00,5,Татнефть-АЗС-006,-0.5117460977916832,shop_total_revenue,Выручка магазина,baseline_hgb_v2
2024-01-05 16:00:00,5,Татнефть-АЗС-006,-0.5117460977916832,shop_total_revenue,Выручка магазина,baseline_hgb_v2
2024-01-05 17:00:00,5,Татнефть-АЗС-006,166.20823057903397,shop_total_revenue,Выручка магазина,baseline_hgb_v2
2024-01-05 18:00:00,5,Татнефть-АЗС-006,134.1525108556485,shop_total_revenue,Выручка магазина,baseline_hgb_v2
2024-01-05 19:00:00,5,Татнефть-АЗС-006,132.08044733518713,shop_total_revenue,Выручка магазина,baseline_hgb_v2
2024-01-05 20:00:00,5,Татнефть-АЗС-006,-0.3160561910538156,shop_total_revenue,Выручка магазина,baseline_hgb_v2
2024-01-05 21:00:00,5,Татнефть-АЗС-006,-0.5117460977916832,shop_total_revenue,Выручка магазина,baseline_hgb_v2
2024-01-05 22:00:00,5,Татнефть-АЗС-006,-0.3160561910538156,shop_total_revenue,Выручка магазина,baseline_hgb_v2
2024-01-05 23:00:00,5,Татнефть-АЗС-006,-0.5117460977916832,shop_total_revenue,Выручка магазина,baseline_hgb_v2
2024-01-06 00:00:00,5,Татнефть-АЗС-006,-0.7005553952414325,shop_total_revenue,Выручка магазина,baseline_hgb_v2
2024-01-06 01:00:00,5,Татнефть-АЗС-006,-0.5064486030640113,shop_total_revenue,Выручка магазина,baseline_hgb_v2
2024-01-06 02:00:00,5,Татнефть-АЗС-006,-0.7005553952414325,shop_total_revenue,Выручка магазина,baseline_hgb_v2
2024-01-06 03:00:00,5,Татнефть-АЗС-006,-0.5648480563652148,shop_total_revenue,Выручка магазина,baseline_hgb_v2
2024-01-06 04:00:00,5,Татнефть-АЗС-006,-0.5648480563652148,shop_total_revenue,Выручка магазина,baseline_hgb_v2
2024-01-06 05:00:00,5,Татнефть-АЗС-006,-0.7005553952414325,shop_total_revenue,Выручка магазина,baseline_hgb_v2
2024-01-06 06:00:00,5,Татнефть-АЗС-006,-0.7005553952414325,shop_total_revenue,Выручка магазина,baseline_hgb_v2
2024-01-06 07:00:00,5,Татнефть-АЗС-006,367.1680383753138,shop_total_revenue,Выручка магазина,baseline_hgb_v2
2024-01-06 08:00:00,5,Татнефть-АЗС-006,432.53604457423376,shop_total_revenue,Выручка магазина,baseline_hgb_v2
2024-01-06 09:00:00,5,Татнефть-АЗС-006,367.1680383753138,shop_total_revenue,Выручка магазина,baseline_hgb_v2
2024-01-06 10:00:00,5,Татнефть-АЗС-006,-0.06253122472410352,shop_total_revenue,Выручка магазина,baseline_hgb_v2
2024-01-06 11:00:00,5,Татнефть-АЗС-006,-0.7005553952414325,shop_total_revenue,Выручка магазина,baseline_hgb_v2
2024-01-06 12:00:00,5,Татнефть-АЗС-006,1.8481951278667146,shop_total_revenue,Выручка магазина,baseline_hgb_v2
2024-01-06 13:00:00,5,Татнефть-АЗС-006,1.8481951278667146,shop_total_revenue,Выручка магазина,baseline_hgb_v2
2024-01-06 14:00:00,5,Татнефть-АЗС-006,1.8481951278667146,shop_total_revenue,Выручка магазина,baseline_hgb_v2
2024-01-06 15:00:00,5,Татнефть-АЗС-006,-1.0649405692511449,shop_total_revenue,Выручка магазина,baseline_hgb_v2
2024-01-06 16:00:00,5,Татнефть-АЗС-006,-0.8692506625132776,shop_total_revenue,Выручка магазина,baseline_hgb_v2
2024-01-06 17:00:00,5,Татнефть-АЗС-006,109.49929149634164,shop_total_revenue,Выручка магазина,baseline_hgb_v2
2024-01-06 18:00:00,5,Татнефть-АЗС-006,214.5316436944803,shop_total_revenue,Выручка магазина,baseline_hgb_v2
2024-01-06 19:00:00,5,Татнефть-АЗС-006,48.9502500036165,shop_total_revenue,Выручка магазина,baseline_hgb_v2
2024-01-06 20:00:00,5,Татнефть-АЗС-006,-1.0649405692511449,shop_total_revenue,Выручка магазина,baseline_hgb_v2
2024-01-06 21:00:00,5,Татнефть-АЗС-006,-1.0649405692511449,shop_total_revenue,Выручка магазина,baseline_hgb_v2
2024-01-06 22:00:00,5,Татнефть-АЗС-006,-0.8692506625132776,shop_total_revenue,Выручка магазина,baseline_hgb_v2
2024-01-06 23:00:00,5,Татнефть-АЗС-006,-0.8692506625132776,shop_total_revenue,Выручка магазина,baseline_hgb_v2
2024-01-07 00:00:00,5,Татнефть-АЗС-006,-0.7005553952414325,shop_total_revenue,Выручка магазина,baseline_hgb_v2
2024-01-07 01:00:00,5,Татнефть-АЗС-006,-0.5471224868205997,shop_total_revenue,Выручка магазина,baseline_hgb_v2
2024-01-07 02:00:00,5,Татнефть-АЗС-006,-0.7005553952414325,shop_total_revenue,Выручка магазина,baseline_hgb_v2
2024-01-07 03:00:00,5,Татнефть-АЗС-006,-0.7005553952414325,shop_total_revenue,Выручка магазина,baseline_hgb_v2
2024-01-07 04:00:00,5,Татнефть-АЗС-006,-0.7005553952414325,shop_total_revenue,Выручка магазина,baseline_hgb_v2
2024-01-07 05:00:00,5,Татнефть-АЗС-006,-0.5648480563652148,shop_total_revenue,Выручка магазина,baseline_hgb_v2
2024-01-07 06:00:00,5,Татнефть-АЗС-006,-0.5648480563652148,shop_total_revenue,Выручка магазина,baseline_hgb_v2
2024-01-07 07:00:00,5,Татнефть-АЗС-006,209.18647610489347,shop_total_revenue,Выручка магазина,baseline_hgb_v2
2024-01-07 08:00:00,5,Татнефть-АЗС-006,102.85995554894681,shop_total_revenue,Выручка магазина,baseline_hgb_v2
2024-01-07 09:00:00,5,Татнефть-АЗС-006,296.9994109701123,shop_total_revenue,Выручка магазина,baseline_hgb_v2
2024-01-07 10:00:00,5,Татнефть-АЗС-006,-0.5648480563652148,shop_total_revenue,Выручка магазина,baseline_hgb_v2
2024-01-07 11:00:00,5,Татнефть-АЗС-006,-0.5648480563652148,shop_total_revenue,Выручка магазина,baseline_hgb_v2
2024-01-07 12:00:00,5,Татнефть-АЗС-006,1.8481951278667146,shop_total_revenue,Выручка магазина,baseline_hgb_v2
2024-01-07 13:00:00,5,Татнефть-АЗС-006,1.0561092624054764,shop_total_revenue,Выручка магазина,baseline_hgb_v2
2024-01-07 14:00:00,5,Татнефть-АЗС-006,1.8481951278667146,shop_total_revenue,Выручка магазина,baseline_hgb_v2
2024-01-07 15:00:00,5,Татнефть-АЗС-006,-0.8692506625132776,shop_total_revenue,Выручка магазина,baseline_hgb_v2
2024-01-07 16:00:00,5,Татнефть-АЗС-006,-0.8692506625132776,shop_total_revenue,Выручка магазина,baseline_hgb_v2
2024-01-07 17:00:00,5,Татнефть-АЗС-006,284.44508999940746,shop_total_revenue,Выручка магазина,baseline_hgb_v2
2024-01-07 18:00:00,5,Татнефть-АЗС-006,138.65004754952682,shop_total_revenue,Выручка магазина,baseline_hgb_v2
2024-01-07 19:00:00,5,Татнефть-АЗС-006,49.20390124609817,shop_total_revenue,Выручка магазина,baseline_hgb_v2
2024-01-07 20:00:00,5,Татнефть-АЗС-006,-1.0649405692511449,shop_total_revenue,Выручка магазина,baseline_hgb_v2
2024-01-07 21:00:00,5,Татнефть-АЗС-006,-1.0649405692511449,shop_total_revenue,Выручка магазина,baseline_hgb_v2
2024-01-07 22:00:00,5,Татнефть-АЗС-006,-1.0649405692511449,shop_total_revenue,Выручка магазина,baseline_hgb_v2
2024-01-07 23:00:00,5,Татнефть-АЗС-006,-1.0649405692511449,shop_total_revenue,Выручка магазина,baseline_hgb_v2
2024-01-01 00:00:00,6,Татнефть-АЗС-007,0.04674586839545062,shop_total_revenue,Выручка магазина,baseline_hgb_v2
2024-01-01 01:00:00,6,Татнефть-АЗС-007,-0.011653584905752894,shop_total_revenue,Выручка магазина,baseline_hgb_v2
2024-01-01 02:00:00,6,Татнефть-АЗС-007,-0.011653584905752894,shop_total_revenue,Выручка магазина,baseline_hgb_v2
2024-01-01 03:00:00,6,Татнефть-АЗС-007,-0.14736092378197074,shop_total_revenue,Выручка магазина,baseline_hgb_v2
2024-01-01 04:00:00,6,Татнефть-АЗС-007,-0.14736092378197074,shop_total_revenue,Выручка магазина,baseline_hgb_v2
2024-01-01 05:00:00,6,Татнефть-АЗС-007,-0.14736092378197074,shop_total_revenue,Выручка магазина,baseline_hgb_v2
2024-01-01 06:00:00,6,Татнефть-АЗС-007,-0.14736092378197074,shop_total_revenue,Выручка магазина,baseline_hgb_v2
2024-01-01 07:00:00,6,Татнефть-АЗС-007,300.3029137442221,shop_total_revenue,Выручка магазина,baseline_hgb_v2
2024-01-01 08:00:00,6,Татнефть-АЗС-007,17.116917908398868,shop_total_revenue,Выручка магазина,baseline_hgb_v2
2024-01-01 09:00:00,6,Татнефть-АЗС-007,239.7099421108535,shop_total_revenue,Выручка магазина,baseline_hgb_v2
2024-01-01 10:00:00,6,Татнефть-АЗС-007,-0.011653584905752894,shop_total_revenue,Выручка магазина,baseline_hgb_v2
2024-01-01 11:00:00,6,Татнефть-АЗС-007,-0.011653584905752894,shop_total_revenue,Выручка магазина,baseline_hgb_v2
2024-01-01 12:00:00,6,Татнефть-АЗС-007,1.6093037338649383,shop_total_revenue,Выручка магазина,baseline_hgb_v2
2024-01-01 13:00:00,6,Татнефть-АЗС-007,1.6093037338649383,shop_total_revenue,Выручка магазина,baseline_hgb_v2
2024-01-01 14:00:00,6,Татнефть-АЗС-007,2.4013895993261767,shop_total_revenue,Выручка магазина,baseline_hgb_v2
2024-01-01 15:00:00,6,Татнефть-АЗС-007,-0.5294716673362985,shop_total_revenue,Выручка магазина,baseline_hgb_v2
2024-01-01 16:00:00,6,Татнефть-АЗС-007,-0.5117460977916832,shop_total_revenue,Выручка магазина,baseline_hgb_v2
2024-01-01 17:00:00,6,Татнефть-АЗС-007,333.99675347628323,shop_total_revenue,Выручка магазина,baseline_hgb_v2
2024-01-01 18:00:00,6,Татнефть-АЗС-007,44.28900445785533,shop_total_revenue,Выручка магазина,baseline_hgb_v2
2024-01-01 19:00:00,6,Татнефть-АЗС-007,20.035143986665606,shop_total_revenue,Выручка магазина,baseline_hgb_v2
2024-01-01 20:00:00,6,Татнефть-АЗС-007,-0.3160561910538156,shop_total_revenue,Выручка магазина,baseline_hgb_v2
2024-01-01 21:00:00,6,Татнефть-АЗС-007,-0.5117460977916832,shop_total_revenue,Выручка магазина,baseline_hgb_v2
2024-01-01 22:00:00,6,Татнефть-АЗС-007,-0.5117460977916832,shop_total_revenue,Выручка магазина,baseline_hgb_v2
2024-01-01 23:00:00,6,Татнефть-АЗС-007,-0.3160561910538156,shop_total_revenue,Выручка магазина,baseline_hgb_v2
2024-01-02 00:00:00,6,Татнефть-АЗС-007,0.04674586839545062,shop_total_revenue,Выручка магазина,baseline_hgb_v2
2024-01-02 01:00:00,6,Татнефть-АЗС-007,-0.14736092378197074,shop_total_revenue,Выручка магазина,baseline_hgb_v2
2024-01-02 02:00:00,6,Татнефть-АЗС-007,-0.011653584905752894,shop_total_revenue,Выручка магазина,baseline_hgb_v2
2024-01-02 03:00:00,6,Татнефть-АЗС-007,-0.14736092378197074,shop_total_revenue,Выручка магазина,baseline_hgb_v2
2024-01-02 04:00:00,6,Татнефть-АЗС-007,-0.011653584905752894,shop_total_revenue,Выручка магазина,baseline_hgb_v2
2024-01-02 05:00:00,6,Татнефть-АЗС-007,-0.14736092378197074,shop_total_revenue,Выручка магазина,baseline_hgb_v2
2024-01-02 06:00:00,6,Татнефть-АЗС-007,-0.011653584905752894,shop_total_revenue,Выручка магазина,baseline_hgb_v2
2024-01-02 07:00:00,6,Татнефть-АЗС-007,21.091925195392374,shop_total_revenue,Выручка магазина,baseline_hgb_v2
2024-01-02 08:00:00,6,Татнефть-АЗС-007,300.3029137442221,shop_total_revenue,Выручка магазина,baseline_hgb_v2
2024-01-02 09:00:00,6,Татнефть-АЗС-007,16.679562995779847,shop_total_revenue,Выручка магазина,baseline_hgb_v2
2024-01-02 10:00:00,6,Татнефть-АЗС-007,-0.14736092378197074,shop_total_revenue,Выручка магазина,baseline_hgb_v2
2024-01-02 11:00:00,6,Татнефть-АЗС-007,-0.14736092378197074,shop_total_revenue,Выручка магазина,baseline_hgb_v2
2024-01-02 12:00:00,6,Татнефть-АЗС-007,1.6093037338649383,shop_total_revenue,Выручка магазина,baseline_hgb_v2
2024-01-02 13:00:00,6,Татнефть-АЗС-007,2.4013895993261767,shop_total_revenue,Выручка магазина,baseline_hgb_v2
2024-01-02 14:00:00,6,Татнефть-АЗС-007,1.6270293034095535,shop_total_revenue,Выручка магазина,baseline_hgb_v2
2024-01-02 15:00:00,6,Татнефть-АЗС-007,-0.5117460977916832,shop_total_revenue,Выручка магазина,baseline_hgb_v2
2024-01-02 16:00:00,6,Татнефть-АЗС-007,-0.5117460977916832,shop_total_revenue,Выручка магазина,baseline_hgb_v2
2024-01-02 17:00:00,6,Татнефть-АЗС-007,309.7399931443378,shop_total_revenue,Выручка магазина,baseline_hgb_v2
2024-01-02 18:00:00,6,Татнефть-АЗС-007,20.035143986665606,shop_total_revenue,Выручка магазина,baseline_hgb_v2
2024-01-02 19:00:00,6,Татнефть-АЗС-007,40.88231474270587,shop_total_revenue,Выручка магазина,baseline_hgb_v2
2024-01-02 20:00:00,6,Татнефть-АЗС-007,-0.3160561910538156,shop_total_revenue,Выручка магазина,baseline_hgb_v2
2024-01-02 21:00:00,6,Татнефть-АЗС-007,-0.3160561910538156,shop_total_revenue,Выручка магазина,baseline_hgb_v2
2024-01-02 22:00:00,6,Татнефть-АЗС-007,-0.5117460977916832,shop_total_revenue,Выручка магазина,baseline_hgb_v2
2024-01-02 23:00:00,6,Татнефть-АЗС-007,-0.25765673775261216,shop_total_revenue,Выручка магазина,baseline_hgb_v2
2024-01-03 00:00:00,6,Татнефть-АЗС-007,-0.14736092378197074,shop_total_revenue,Выручка магазина,baseline_hgb_v2
2024-01-03 01:00:00,6,Татнефть-АЗС-007,-0.011653584905752894,shop_total_revenue,Выручка магазина,baseline_hgb_v2
2024-01-03 02:00:00,6,Татнефть-АЗС-007,-0.14736092378197074,shop_total_revenue,Выручка магазина,baseline_hgb_v2
2024-01-03 03:00:00,6,Татнефть-АЗС-007,-0.011653584905752894,shop_total_revenue,Выручка магазина,baseline_hgb_v2
2024-01-03 04:00:00,6,Татнефть-АЗС-007,-0.14736092378197074,shop_total_revenue,Выручка магазина,baseline_hgb_v2
2024-01-03 05:00:00,6,Татнефть-АЗС-007,-0.011653584905752894,shop_total_revenue,Выручка магазина,baseline_hgb_v2
2024-01-03 06:00:00,6,Татнефть-АЗС-007,-0.14736092378197074,shop_total_revenue,Выручка магазина,baseline_hgb_v2
2024-01-03 07:00:00,6,Татнефть-АЗС-007,22.97964285083392,shop_total_revenue,Выручка магазина,baseline_hgb_v2
2024-01-03 08:00:00,6,Татнефть-АЗС-007,301.7827636769751,shop_total_revenue,Выручка магазина,baseline_hgb_v2
2024-01-03 09:00:00,6,Татнефть-АЗС-007,15.782911854862649,shop_total_revenue,Выручка магазина,baseline_hgb_v2
2024-01-03 10:00:00,6,Татнефть-АЗС-007,0.006071984638862248,shop_total_revenue,Выручка магазина,baseline_hgb_v2
2024-01-03 11:00:00,6,Татнефть-АЗС-007,-0.011653584905752894,shop_total_revenue,Выручка магазина,baseline_hgb_v2
2024-01-03 12:00:00,6,Татнефть-АЗС-007,1.6093037338649383,shop_total_revenue,Выручка магазина,baseline_hgb_v2
2024-01-03 13:00:00,6,Татнефть-АЗС-007,2.4013895993261767,shop_total_revenue,Выручка магазина,baseline_hgb_v2
2024-01-03 14:00:00,6,Татнефть-АЗС-007,1.6093037338649383,shop_total_revenue,Выручка магазина,baseline_hgb_v2
2024-01-03 15:00:00,6,Татнефть-АЗС-007,-0.3160561910538156,shop_total_revenue,Выручка магазина,baseline_hgb_v2
2024-01-03 16:00:00,6,Татнефть-АЗС-007,-0.5117460977916832,shop_total_revenue,Выручка магазина,baseline_hgb_v2
2024-01-03 17:00:00,6,Татнефть-АЗС-007,368.82351723958885,shop_total_revenue,Выручка магазина,baseline_hgb_v2
2024-01-03 18:00:00,6,Татнефть-АЗС-007,325.6927306102343,shop_total_revenue,Выручка магазина,baseline_hgb_v2
2024-01-03 19:00:00,6,Татнефть-АЗС-007,17.42711324442672,shop_total_revenue,Выручка магазина,baseline_hgb_v2
2024-01-03 20:00:00,6,Татнефть-АЗС-007,-0.5117460977916832,shop_total_revenue,Выручка магазина,baseline_hgb_v2
2024-01-03 21:00:00,6,Татнефть-АЗС-007,-0.23993116820799706,shop_total_revenue,Выручка магазина,baseline_hgb_v2
2024-01-03 22:00:00,6,Татнефть-АЗС-007,-0.25765673775261216,shop_total_revenue,Выручка магазина,baseline_hgb_v2
2024-01-03 23:00:00,6,Татнефть-АЗС-007,-0.5117460977916832,shop_total_revenue,Выручка магазина,baseline_hgb_v2
2024-01-04 00:00:00,6,Татнефть-АЗС-007,-0.14736092378197074,shop_total_revenue,Выручка магазина,baseline_hgb_v2
2024-01-04 01:00:00,6,Татнефть-АЗС-007,-0.14736092378197074,shop_total_revenue,Выручка магазина,baseline_hgb_v2
2024-01-04 02:00:00,6,Татнефть-АЗС-007,-0.011653584905752894,shop_total_revenue,Выручка магазина,baseline_hgb_v2
2024-01-04 03:00:00,6,Татнефть-АЗС-007,-0.011653584905752894,shop_total_revenue,Выручка магазина,baseline_hgb_v2
2024-01-04 04:00:00,6,Татнефть-АЗС-007,-0.14736092378197074,shop_total_revenue,Выручка магазина,baseline_hgb_v2
2024-01-04 05:00:00,6,Татнефть-АЗС-007,-0.011653584905752894,shop_total_revenue,Выручка магазина,baseline_hgb_v2
2024-01-04 06:00:00,6,Татнефть-АЗС-007,-0.14736092378197074,shop_total_revenue,Выручка магазина,baseline_hgb_v2
2024-01-04 07:00:00,6,Татнефть-АЗС-007,326.7548015285294,shop_total_revenue,Выручка магазина,baseline_hgb_v2
2024-01-04 08:00:00,6,Татнефть-АЗС-007,29.90717421967707,shop_total_revenue,Выручка магазина,baseline_hgb_v2
2024-01-04 09:00:00,6,Татнефть-АЗС-007,21.052960630673027,shop_total_revenue,Выручка магазина,baseline_hgb_v2
2024-01-04 10:00:00,6,Татнефть-АЗС-007,0.006071984638862248,shop_total_revenue,Выручка магазина,baseline_hgb_v2
2024-01-04 11:00:00,6,Татнефть-АЗС-007,-0.14736092378197074,shop_total_revenue,Выручка магазина,baseline_hgb_v2
2024-01-04 12:00:00,6,Татнефть-АЗС-007,1.6093037338649383,shop_total_revenue,Выручка магазина,baseline_hgb_v2
2024-01-04 13:00:00,6,Татнефть-АЗС-007,2.4013895993261767,shop_total_revenue,Выручка магазина,baseline_hgb_v2
2024-01-04 14:00:00,6,Татнефть-АЗС-007,2.4013895993261767,shop_total_revenue,Выручка магазина,baseline_hgb_v2
2024-01-04 15:00:00,6,Татнефть-АЗС-007,-0.3160561910538156,shop_total_revenue,Выручка магазина,baseline_hgb_v2
2024-01-04 16:00:00,6,Татнефть-АЗС-007,-0.5538113381083033,shop_total_revenue,Выручка магазина,baseline_hgb_v2
2024-01-04 17:00:00,6,Татнефть-АЗС-007,41.32278328635139,shop_total_revenue,Выручка магазина,baseline_hgb_v2
2024-01-04 18:00:00,6,Татнефть-АЗС-007,56.66289897866792,shop_total_revenue,Выручка магазина,baseline_hgb_v2
2024-01-04 19:00:00,6,Татнефть-АЗС-007,21.082629506983416,shop_total_revenue,Выручка магазина,baseline_hgb_v2
2024-01-04 20:00:00,6,Татнефть-АЗС-007,-0.5117460977916832,shop_total_revenue,Выручка магазина,baseline_hgb_v2
2024-01-04 21:00:00,6,Татнефть-АЗС-007,-0.5117460977916832,shop_total_revenue,Выручка магазина,baseline_hgb_v2
2024-01-04 22:00:00,6,Татнефть-АЗС-007,-0.5117460977916832,shop_total_revenue,Выручка магазина,baseline_hgb_v2
2024-01-04 23:00:00,6,Татнефть-АЗС-007,-0.23993116820799706,shop_total_revenue,Выручка магазина,baseline_hgb_v2
2024-01-05 00:00:00,6,Татнефть-АЗС-007,-0.14736092378197074,shop_total_revenue,Выручка магазина,baseline_hgb_v2
2024-01-05 01:00:00,6,Татнефть-АЗС-007,-0.14736092378197074,shop_total_revenue,Выручка магазина,baseline_hgb_v2
2024-01-05 02:00:00,6,Татнефть-АЗС-007,-0.011653584905752894,shop_total_revenue,Выручка магазина,baseline_hgb_v2
2024-01-05 03:00:00,6,Татнефть-АЗС-007,-0.14736092378197074,shop_total_revenue,Выручка магазина,baseline_hgb_v2
2024-01-05 04:00:00,6,Татнефть-АЗС-007,-0.14736092378197074,shop_total_revenue,Выручка магазина,baseline_hgb_v2
2024-01-05 05:00:00,6,Татнефть-АЗС-007,-0.14736092378197074,shop_total_revenue,Выручка магазина,baseline_hgb_v2
2024-01-05 06:00:00,6,Татнефть-АЗС-007,-0.14736092378197074,shop_total_revenue,Выручка магазина,baseline_hgb_v2
2024-01-05 07:00:00,6,Татнефть-АЗС-007,153.5076485334362,shop_total_revenue,Выручка магазина,baseline_hgb_v2
2024-01-05 08:00:00,6,Татнефть-АЗС-007,20.326603402920934,shop_total_revenue,Выручка магазина,baseline_hgb_v2
2024-01-05 09:00:00,6,Татнефть-АЗС-007,32.33321190527301,shop_total_revenue,Выручка магазина,baseline_hgb_v2
2024-01-05 10:00:00,6,Татнефть-АЗС-007,-0.011653584905752894,shop_total_revenue,Выручка магазина,baseline_hgb_v2
2024-01-05 11:00:00,6,Татнефть-АЗС-007,-0.14736092378197074,shop_total_revenue,Выручка магазина,baseline_hgb_v2
2024-01-05 12:00:00,6,Татнефть-АЗС-007,2.4013895993261767,shop_total_revenue,Выручка магазина,baseline_hgb_v2
2024-01-05 13:00:00,6,Татнефть-АЗС-007,2.4013895993261767,shop_total_revenue,Выручка магазина,baseline_hgb_v2
2024-01-05 14:00:00,6,Татнефть-АЗС-007,2.4013895993261767,shop_total_revenue,Выручка магазина,baseline_hgb_v2
2024-01-05 15:00:00,6,Татнефть-АЗС-007,-0.5117460977916832,shop_total_revenue,Выручка магазина,baseline_hgb_v2
2024-01-05 16:00:00,6,Татнефть-АЗС-007,-0.3160561910538156,shop_total_revenue,Выручка магазина,baseline_hgb_v2
2024-01-05 17:00:00,6,Татнефть-АЗС-007,19.749255302559018,shop_total_revenue,Выручка магазина,baseline_hgb_v2
2024-01-05 18:00:00,6,Татнефть-АЗС-007,257.24166856211434,shop_total_revenue,Выручка магазина,baseline_hgb_v2
2024-01-05 19:00:00,6,Татнефть-АЗС-007,353.3929416780534,shop_total_revenue,Выручка магазина,baseline_hgb_v2
2024-01-05 20:00:00,6,Татнефть-АЗС-007,-0.5117460977916832,shop_total_revenue,Выручка магазина,baseline_hgb_v2
2024-01-05 21:00:00,6,Татнефть-АЗС-007,-0.5117460977916832,shop_total_revenue,Выручка магазина,baseline_hgb_v2
2024-01-05 22:00:00,6,Татнефть-АЗС-007,-0.25765673775261216,shop_total_revenue,Выручка магазина,baseline_hgb_v2
2024-01-05 23:00:00,6,Татнефть-АЗС-007,-0.3160561910538156,shop_total_revenue,Выручка магазина,baseline_hgb_v2
2024-01-06 00:00:00,6,Татнефть-АЗС-007,-0.7005553952414325,shop_total_revenue,Выручка магазина,baseline_hgb_v2
2024-01-06 01:00:00,6,Татнефть-АЗС-007,-0.5648480563652148,shop_total_revenue,Выручка магазина,baseline_hgb_v2
2024-01-06 02:00:00,6,Татнефть-АЗС-007,-0.7005553952414325,shop_total_revenue,Выручка магазина,baseline_hgb_v2
2024-01-06 03:00:00,6,Татнефть-АЗС-007,-0.5648480563652148,shop_total_revenue,Выручка магазина,baseline_hgb_v2
2024-01-06 04:00:00,6,Татнефть-АЗС-007,-0.7005553952414325,shop_total_revenue,Выручка магазина,baseline_hgb_v2
2024-01-06 05:00:00,6,Татнефть-АЗС-007,-0.7005553952414325,shop_total_revenue,Выручка магазина,baseline_hgb_v2
2024-01-06 06:00:00,6,Татнефть-АЗС-007,-0.7005553952414325,shop_total_revenue,Выручка магазина,baseline_hgb_v2
2024-01-06 07:00:00,6,Татнефть-АЗС-007,16.345399197095507,shop_total_revenue,Выручка магазина,baseline_hgb_v2
2024-01-06 08:00:00,6,Татнефть-АЗС-007,139.7874181589756,shop_total_revenue,Выручка магазина,baseline_hgb_v2
2024-01-06 09:00:00,6,Татнефть-АЗС-007,16.345399197095507,shop_total_revenue,Выручка магазина,baseline_hgb_v2
2024-01-06 10:00:00,6,Татнефть-АЗС-007,-0.5648480563652148,shop_total_revenue,Выручка магазина,baseline_hgb_v2
2024-01-06 11:00:00,6,Татнефть-АЗС-007,-0.5471224868205997,shop_total_revenue,Выручка магазина,baseline_hgb_v2
2024-01-06 12:00:00,6,Татнефть-АЗС-007,1.8481951278667146,shop_total_revenue,Выручка магазина,baseline_hgb_v2
2024-01-06 13:00:00,6,Татнефть-АЗС-007,1.0561092624054764,shop_total_revenue,Выручка магазина,baseline_hgb_v2
2024-01-06 14:00:00,6,Татнефть-АЗС-007,1.0561092624054764,shop_total_revenue,Выручка магазина,baseline_hgb_v2
2024-01-06 15:00:00,6,Татнефть-АЗС-007,-1.0649405692511449,shop_total_revenue,Выручка магазина,baseline_hgb_v2
2024-01-06 16:00:00,6,Татнефть-АЗС-007,-0.8692506625132776,shop_total_revenue,Выручка магазина,baseline_hgb_v2
2024-01-06 17:00:00,6,Татнефть-АЗС-007,94.3371419984589,shop_total_revenue,Выручка магазина,baseline_hgb_v2
2024-01-06 18:00:00,6,Татнефть-АЗС-007,11.528572921449056,shop_total_revenue,Выручка магазина,baseline_hgb_v2
2024-01-06 19:00:00,6,Татнефть-АЗС-007,24.063842085504895,shop_total_revenue,Выручка магазина,baseline_hgb_v2
2024-01-06 20:00:00,6,Татнефть-АЗС-007,-0.8692506625132776,shop_total_revenue,Выручка магазина,baseline_hgb_v2
2024-01-06 21:00:00,6,Татнефть-АЗС-007,-1.0649405692511449,shop_total_revenue,Выручка магазина,baseline_hgb_v2
2024-01-06 22:00:00,6,Татнефть-АЗС-007,-0.8692506625132776,shop_total_revenue,Выручка магазина,baseline_hgb_v2
2024-01-06 23:00:00,6,Татнефть-АЗС-007,-0.8692506625132776,shop_total_revenue,Выручка магазина,baseline_hgb_v2
2024-01-07 00:00:00,6,Татнефть-АЗС-007,-0.5648480563652148,shop_total_revenue,Выручка магазина,baseline_hgb_v2
2024-01-07 01:00:00,6,Татнефть-АЗС-007,-0.7005553952414325,shop_total_revenue,Выручка магазина,baseline_hgb_v2
2024-01-07 02:00:00,6,Татнефть-АЗС-007,-0.5648480563652148,shop_total_revenue,Выручка магазина,baseline_hgb_v2
2024-01-07 03:00:00,6,Татнефть-АЗС-007,-0.7005553952414325,shop_total_revenue,Выручка магазина,baseline_hgb_v2
2024-01-07 04:00:00,6,Татнефть-АЗС-007,-0.7005553952414325,shop_total_revenue,Выручка магазина,baseline_hgb_v2
2024-01-07 05:00:00,6,Татнефть-АЗС-007,-0.7005553952414325,shop_total_revenue,Выручка магазина,baseline_hgb_v2
2024-01-07 06:00:00,6,Татнефть-АЗС-007,-0.7005553952414325,shop_total_revenue,Выручка магазина,baseline_hgb_v2
2024-01-07 07:00:00,6,Татнефть-АЗС-007,16.345399197095507,shop_total_revenue,Выручка магазина,baseline_hgb_v2
2024-01-07 08:00:00,6,Татнефть-АЗС-007,43.47622916725756,shop_total_revenue,Выручка магазина,baseline_hgb_v2
2024-01-07 09:00:00,6,Татнефть-АЗС-007,16.345399197095507,shop_total_revenue,Выручка магазина,baseline_hgb_v2
2024-01-07 10:00:00,6,Татнефть-АЗС-007,-0.5648480563652148,shop_total_revenue,Выручка магазина,baseline_hgb_v2
2024-01-07 11:00:00,6,Татнефть-АЗС-007,-0.5648480563652148,shop_total_revenue,Выручка магазина,baseline_hgb_v2
2024-01-07 12:00:00,6,Татнефть-АЗС-007,1.8481951278667146,shop_total_revenue,Выручка магазина,baseline_hgb_v2
2024-01-07 13:00:00,6,Татнефть-АЗС-007,1.0561092624054764,shop_total_revenue,Выручка магазина,baseline_hgb_v2
2024-01-07 14:00:00,6,Татнефть-АЗС-007,1.8481951278667146,shop_total_revenue,Выручка магазина,baseline_hgb_v2
2024-01-07 15:00:00,6,Татнефть-АЗС-007,-1.0826661387957601,shop_total_revenue,Выручка магазина,baseline_hgb_v2
2024-01-07 16:00:00,6,Татнефть-АЗС-007,-1.0649405692511449,shop_total_revenue,Выручка магазина,baseline_hgb_v2
2024-01-07 17:00:00,6,Татнефть-АЗС-007,11.566596984487175,shop_total_revenue,Выручка магазина,baseline_hgb_v2
2024-01-07 18:00:00,6,Татнефть-АЗС-007,11.566596984487175,shop_total_revenue,Выручка магазина,baseline_hgb_v2
2024-01-07 19:00:00,6,Татнефть-АЗС-007,11.531639366235398,shop_total_revenue,Выручка магазина,baseline_hgb_v2
2024-01-07 20:00:00,6,Татнефть-АЗС-007,-1.0649405692511449,shop_total_revenue,Выручка магазина,baseline_hgb_v2
2024-01-07 21:00:00,6,Татнефть-АЗС-007,-1.1070058095677648,shop_total_revenue,Выручка магазина,baseline_hgb_v2
2024-01-07 22:00:00,6,Татнефть-АЗС-007,-1.0649405692511449,shop_total_revenue,Выручка магазина,baseline_hgb_v2
2024-01-07 23:00:00,6,Татнефть-АЗС-007,-1.0649405692511449,shop_total_revenue,Выручка магазина,baseline_hgb_v2
2024-01-01 00:00:00,7,Татнефть-АЗС-008,-0.8563015920829843,shop_total_revenue,Выручка магазина,baseline_hgb_v2
2024-01-01 01:00:00,7,Татнефть-АЗС-008,-0.8563015920829843,shop_total_revenue,Выручка магазина,baseline_hgb_v2
2024-01-01 02:00:00,7,Татнефть-АЗС-008,-0.8563015920829843,shop_total_revenue,Выручка магазина,baseline_hgb_v2
2024-01-01 03:00:00,7,Татнефть-АЗС-008,-0.7205942532067664,shop_total_revenue,Выручка магазина,baseline_hgb_v2
2024-01-01 04:00:00,7,Татнефть-АЗС-008,-0.7205942532067664,shop_total_revenue,Выручка магазина,baseline_hgb_v2
2024-01-01 05:00:00,7,Татнефть-АЗС-008,-0.7205942532067664,shop_total_revenue,Выручка магазина,baseline_hgb_v2
2024-01-01 06:00:00,7,Татнефть-АЗС-008,-1.415893473124643,shop_total_revenue,Выручка магазина,baseline_hgb_v2
2024-01-01 07:00:00,7,Татнефть-АЗС-008,171.6541246825425,shop_total_revenue,Выручка магазина,baseline_hgb_v2
2024-01-01 08:00:00,7,Татнефть-АЗС-008,165.76194554562588,shop_total_revenue,Выручка магазина,baseline_hgb_v2
2024-01-01 09:00:00,7,Татнефть-АЗС-008,158.78294283412208,shop_total_revenue,Выручка магазина,baseline_hgb_v2
2024-01-01 10:00:00,7,Татнефть-АЗС-008,-0.7205942532067664,shop_total_revenue,Выручка магазина,baseline_hgb_v2
2024-01-01 11:00:00,7,Татнефть-АЗС-008,-0.6621947999055627,shop_total_revenue,Выручка магазина,baseline_hgb_v2
2024-01-01 12:00:00,7,Татнефть-АЗС-008,1.0761632137897694,shop_total_revenue,Выручка магазина,baseline_hgb_v2
2024-01-01 13:00:00,7,Татнефть-АЗС-008,1.3086571982093473,shop_total_revenue,Выручка магазина,baseline_hgb_v2
2024-01-01 14:00:00,7,Татнефть-АЗС-008,1.3086571982093473,shop_total_revenue,Выручка магазина,baseline_hgb_v2
2024-01-01 15:00:00,7,Татнефть-АЗС-008,-1.2414219824688202,shop_total_revenue,Выручка магазина,baseline_hgb_v2
2024-01-01 16:00:00,7,Татнефть-АЗС-008,5.292711736400028,shop_total_revenue,Выручка магазина,baseline_hgb_v2
2024-01-01 17:00:00,7,Татнефть-АЗС-008,248.46214562110603,shop_total_revenue,Выручка магазина,baseline_hgb_v2
2024-01-01 18:00:00,7,Татнефть-АЗС-008,283.43959284052335,shop_total_revenue,Выручка магазина,baseline_hgb_v2
2024-01-01 19:00:00,7,Татнефть-АЗС-008,220.41460105959342,shop_total_revenue,Выручка магазина,baseline_hgb_v2
2024-01-01 20:00:00,7,Татнефть-АЗС-008,-1.801013863510479,shop_total_revenue,Выручка магазина,baseline_hgb_v2
2024-01-01 21:00:00,7,Татнефть-АЗС-008,-1.9967037702483466,shop_total_revenue,Выручка магазина,baseline_hgb_v2
2024-01-01 22:00:00,7,Татнефть-АЗС-008,-1.4371118892066876,shop_total_revenue,Выручка магазина,baseline_hgb_v2
2024-01-01 23:00:00,7,Татнефть-АЗС-008,-1.4371118892066876,shop_total_revenue,Выручка магазина,baseline_hgb_v2
2024-01-02 00:00:00,7,Татнефть-АЗС-008,-0.7205942532067664,shop_total_revenue,Выручка магазина,baseline_hgb_v2
2024-01-02 01:00:00,7,Татнефть-АЗС-008,-0.8563015920829843,shop_total_revenue,Выручка магазина,baseline_hgb_v2
2024-01-02 02:00:00,7,Татнефть-АЗС-008,-0.8740271616275995,shop_total_revenue,Выручка магазина,baseline_hgb_v2
2024-01-02 03:00:00,7,Татнефть-АЗС-008,-0.7028686836621512,shop_total_revenue,Выручка магазина,baseline_hgb_v2
2024-01-02 04:00:00,7,Татнефть-АЗС-008,-0.8563015920829843,shop_total_revenue,Выручка магазина,baseline_hgb_v2
2024-01-02 05:00:00,7,Татнефть-АЗС-008,-0.8740271616275995,shop_total_revenue,Выручка магазина,baseline_hgb_v2
2024-01-02 06:00:00,7,Татнефть-АЗС-008,-0.7205942532067664,shop_total_revenue,Выручка магазина,baseline_hgb_v2
2024-01-02 07:00:00,7,Татнефть-АЗС-008,160.96253032262123,shop_total_revenue,Выручка магазина,baseline_hgb_v2
2024-01-02 08:00:00,7,Татнефть-АЗС-008,128.0816525685986,shop_total_revenue,Выручка магазина,baseline_hgb_v2
2024-01-02 09:00:00,7,Татнефть-АЗС-008,165.9590295818,shop_total_revenue,Выручка магазина,baseline_hgb_v2
2024-01-02 10:00:00,7,Татнефть-АЗС-008,-1.415893473124643,shop_total_revenue,Выручка магазина,baseline_hgb_v2
2024-01-02 11:00:00,7,Татнефть-АЗС-008,-0.7205942532067664,shop_total_revenue,Выручка магазина,baseline_hgb_v2
2024-01-02 12:00:00,7,Татнефть-АЗС-008,1.3086571982093473,shop_total_revenue,Выручка магазина,baseline_hgb_v2
2024-01-02 13:00:00,7,Татнефть-АЗС-008,1.0761632137897694,shop_total_revenue,Выручка магазина,baseline_hgb_v2
2024-01-02 14:00:00,7,Татнефть-АЗС-008,1.3086571982093473,shop_total_revenue,Выручка магазина,baseline_hgb_v2
2024-01-02 15:00:00,7,Татнефть-АЗС-008,-1.2414219824688202,shop_total_revenue,Выручка магазина,baseline_hgb_v2
2024-01-02 16:00:00,7,Татнефть-АЗС-008,-1.801013863510479,shop_total_revenue,Выручка магазина,baseline_hgb_v2
2024-01-02 17:00:00,7,Татнефть-АЗС-008,124.98537617301722,shop_total_revenue,Выручка магазина,baseline_hgb_v2
2024-01-02 18:00:00,7,Татнефть-АЗС-008,152.52150417865212,shop_total_revenue,Выручка магазина,baseline_hgb_v2
2024-01-02 19:00:00,7,Татнефть-АЗС-008,331.3846587142899,shop_total_revenue,Выручка магазина,baseline_hgb_v2
2024-01-02 20:00:00,7,Татнефть-АЗС-008,-1.801013863510479,shop_total_revenue,Выручка магазина,baseline_hgb_v2
2024-01-02 21:00:00,7,Татнефть-АЗС-008,-1.2414219824688202,shop_total_revenue,Выручка магазина,baseline_hgb_v2
2024-01-02 22:00:00,7,Татнефть-АЗС-008,-1.4371118892066876,shop_total_revenue,Выручка магазина,baseline_hgb_v2
2024-01-02 23:00:00,7,Татнефть-АЗС-008,-1.4371118892066876,shop_total_revenue,Выручка магазина,baseline_hgb_v2
2024-01-03 00:00:00,7,Татнефть-АЗС-008,-0.7205942532067664,shop_total_revenue,Выручка магазина,baseline_hgb_v2
2024-01-03 01:00:00,7,Татнефть-АЗС-008,-0.7205942532067664,shop_total_revenue,Выручка магазина,baseline_hgb_v2
2024-01-03 02:00:00,7,Татнефть-АЗС-008,-0.8563015920829843,shop_total_revenue,Выручка магазина,baseline_hgb_v2
2024-01-03 03:00:00,7,Татнефть-АЗС-008,-0.8563015920829843,shop_total_revenue,Выручка магазина,baseline_hgb_v2
2024-01-03 04:00:00,7,Татнефть-АЗС-008,-0.7205942532067664,shop_total_revenue,Выручка магазина,baseline_hgb_v2
2024-01-03 05:00:00,7,Татнефть-АЗС-008,-0.7028686836621512,shop_total_revenue,Выручка магазина,baseline_hgb_v2
2024-01-03 06:00:00,7,Татнефть-АЗС-008,-0.8563015920829843,shop_total_revenue,Выручка магазина,baseline_hgb_v2
2024-01-03 07:00:00,7,Татнефть-АЗС-008,180.4133975030439,shop_total_revenue,Выручка магазина,baseline_hgb_v2
2024-01-03 08:00:00,7,Татнефть-АЗС-008,59.808876772005,shop_total_revenue,Выручка магазина,baseline_hgb_v2
2024-01-03 09:00:00,7,Татнефть-АЗС-008,36.23581172321316,shop_total_revenue,Выручка магазина,baseline_hgb_v2
2024-01-03 10:00:00,7,Татнефть-АЗС-008,-1.415893473124643,shop_total_revenue,Выручка магазина,baseline_hgb_v2
2024-01-03 11:00:00,7,Татнефть-АЗС-008,-0.7205942532067664,shop_total_revenue,Выручка магазина,baseline_hgb_v2
2024-01-03 12:00:00,7,Татнефть-АЗС-008,1.3086571982093473,shop_total_revenue,Выручка магазина,baseline_hgb_v2
2024-01-03 13:00:00,7,Татнефть-АЗС-008,1.0938887833343847,shop_total_revenue,Выручка магазина,baseline_hgb_v2
2024-01-03 14:00:00,7,Татнефть-АЗС-008,1.0938887833343847,shop_total_revenue,Выручка магазина,baseline_hgb_v2
2024-01-03 15:00:00,7,Татнефть-АЗС-008,-1.2414219824688202,shop_total_revenue,Выручка магазина,baseline_hgb_v2
2024-01-03 16:00:00,7,Татнефть-АЗС-008,-1.801013863510479,shop_total_revenue,Выручка магазина,baseline_hgb_v2
2024-01-03 17:00:00,7,Татнефть-АЗС-008,308.3744522015611,shop_total_revenue,Выручка магазина,baseline_hgb_v2
2024-01-03 18:00:00,7,Татнефть-АЗС-008,346.5453493412503,shop_total_revenue,Выручка магазина,baseline_hgb_v2
2024-01-03 19:00:00,7,Татнефть-АЗС-008,248.37556392457518,shop_total_revenue,Выручка магазина,baseline_hgb_v2
2024-01-03 20:00:00,7,Татнефть-АЗС-008,5.932608934449689,shop_total_revenue,Выручка магазина,baseline_hgb_v2
2024-01-03 21:00:00,7,Татнефть-АЗС-008,-1.9967037702483466,shop_total_revenue,Выручка магазина,baseline_hgb_v2
2024-01-03 22:00:00,7,Татнефть-АЗС-008,-1.2414219824688202,shop_total_revenue,Выручка магазина,baseline_hgb_v2
2024-01-03 23:00:00,7,Татнефть-АЗС-008,-1.4371118892066876,shop_total_revenue,Выручка магазина,baseline_hgb_v2
2024-01-04 00:00:00,7,Татнефть-АЗС-008,-0.8563015920829843,shop_total_revenue,Выручка магазина,baseline_hgb_v2
2024-01-04 01:00:00,7,Татнефть-АЗС-008,-0.7205942532067664,shop_total_revenue,Выручка магазина,baseline_hgb_v2
2024-01-04 02:00:00,7,Татнефть-АЗС-008,-0.8563015920829843,shop_total_revenue,Выручка магазина,baseline_hgb_v2
2024-01-04 03:00:00,7,Татнефть-АЗС-008,-0.8563015920829843,shop_total_revenue,Выручка магазина,baseline_hgb_v2
2024-01-04 04:00:00,7,Татнефть-АЗС-008,-0.7205942532067664,shop_total_revenue,Выручка магазина,baseline_hgb_v2
2024-01-04 05:00:00,7,Татнефть-АЗС-008,-0.7205942532067664,shop_total_revenue,Выручка магазина,baseline_hgb_v2
2024-01-04 06:00:00,7,Татнефть-АЗС-008,-1.415893473124643,shop_total_revenue,Выручка магазина,baseline_hgb_v2
2024-01-04 07:00:00,7,Татнефть-АЗС-008,36.23581172321316,shop_total_revenue,Выручка магазина,baseline_hgb_v2
2024-01-04 08:00:00,7,Татнефть-АЗС-008,164.922387920118,shop_total_revenue,Выручка магазина,baseline_hgb_v2
2024-01-04 09:00:00,7,Татнефть-АЗС-008,155.5755839285022,shop_total_revenue,Выручка магазина,baseline_hgb_v2
2024-01-04 10:00:00,7,Татнефть-АЗС-008,-0.7205942532067664,shop_total_revenue,Выручка магазина,baseline_hgb_v2
2024-01-04 11:00:00,7,Татнефть-АЗС-008,-0.7205942532067664,shop_total_revenue,Выручка магазина,baseline_hgb_v2
2024-01-04 12:00:00,7,Татнефть-АЗС-008,1.3086571982093473,shop_total_revenue,Выручка магазина,baseline_hgb_v2
2024-01-04 13:00:00,7,Татнефть-АЗС-008,1.3086571982093473,shop_total_revenue,Выручка магазина,baseline_hgb_v2
2024-01-04 14:00:00,7,Татнефть-АЗС-008,1.0761632137897694,shop_total_revenue,Выручка магазина,baseline_hgb_v2
2024-01-04 15:00:00,7,Татнефть-АЗС-008,-1.2414219824688202,shop_total_revenue,Выручка магазина,baseline_hgb_v2
2024-01-04 16:00:00,7,Татнефть-АЗС-008,-1.801013863510479,shop_total_revenue,Выручка магазина,baseline_hgb_v2
2024-01-04 17:00:00,7,Татнефть-АЗС-008,332.1844629897524,shop_total_revenue,Выручка магазина,baseline_hgb_v2
2024-01-04 18:00:00,7,Татнефть-АЗС-008,127.0382719934377,shop_total_revenue,Выручка магазина,baseline_hgb_v2
2024-01-04 19:00:00,7,Татнефть-АЗС-008,343.8009627013753,shop_total_revenue,Выручка магазина,baseline_hgb_v2
2024-01-04 20:00:00,7,Татнефть-АЗС-008,-1.7832882939658639,shop_total_revenue,Выручка магазина,baseline_hgb_v2
2024-01-04 21:00:00,7,Татнефть-АЗС-008,-1.2414219824688202,shop_total_revenue,Выручка магазина,baseline_hgb_v2
2024-01-04 22:00:00,7,Татнефть-АЗС-008,-1.2414219824688202,shop_total_revenue,Выручка магазина,baseline_hgb_v2
2024-01-04 23:00:00,7,Татнефть-АЗС-008,-1.4371118892066876,shop_total_revenue,Выручка магазина,baseline_hgb_v2
2024-01-05 00:00:00,7,Татнефть-АЗС-008,-0.7205942532067664,shop_total_revenue,Выручка магазина,baseline_hgb_v2
2024-01-05 01:00:00,7,Татнефть-АЗС-008,-0.8563015920829843,shop_total_revenue,Выручка магазина,baseline_hgb_v2
2024-01-05 02:00:00,7,Татнефть-АЗС-008,-0.7205942532067664,shop_total_revenue,Выручка магазина,baseline_hgb_v2
2024-01-05 03:00:00,7,Татнефть-АЗС-008,-0.7205942532067664,shop_total_revenue,Выручка магазина,baseline_hgb_v2
2024-01-05 04:00:00,7,Татнефть-АЗС-008,-0.7028686836621512,shop_total_revenue,Выручка магазина,baseline_hgb_v2
2024-01-05 05:00:00,7,Татнефть-АЗС-008,-0.8563015920829843,shop_total_revenue,Выручка магазина,baseline_hgb_v2
2024-01-05 06:00:00,7,Татнефть-АЗС-008,-1.415893473124643,shop_total_revenue,Выручка магазина,baseline_hgb_v2
2024-01-05 07:00:00,7,Татнефть-АЗС-008,122.96711883135396,shop_total_revenue,Выручка магазина,baseline_hgb_v2
2024-01-05 08:00:00,7,Татнефть-АЗС-008,49.51843474262902,shop_total_revenue,Выручка магазина,baseline_hgb_v2
2024-01-05 09:00:00,7,Татнефть-АЗС-008,154.2969722268858,shop_total_revenue,Выручка магазина,baseline_hgb_v2
2024-01-05 10:00:00,7,Татнефть-АЗС-008,-0.7205942532067664,shop_total_revenue,Выручка магазина,baseline_hgb_v2
2024-01-05 11:00:00,7,Татнефть-АЗС-008,-0.6083828486127549,shop_total_revenue,Выручка магазина,baseline_hgb_v2
2024-01-05 12:00:00,7,Татнефть-АЗС-008,1.0761632137897694,shop_total_revenue,Выручка магазина,baseline_hgb_v2
2024-01-05 13:00:00,7,Татнефть-АЗС-008,1.3086571982093473,shop_total_revenue,Выручка магазина,baseline_hgb_v2
2024-01-05 14:00:00,7,Татнефть-АЗС-008,1.3086571982093473,shop_total_revenue,Выручка магазина,baseline_hgb_v2
2024-01-05 15:00:00,7,Татнефть-АЗС-008,-1.9967037702483466,shop_total_revenue,Выручка магазина,baseline_hgb_v2
2024-01-05 16:00:00,7,Татнефть-АЗС-008,5.974674174766308,shop_total_revenue,Выручка магазина,baseline_hgb_v2
2024-01-05 17:00:00,7,Татнефть-АЗС-008,259.3453922275184,shop_total_revenue,Выручка магазина,baseline_hgb_v2
2024-01-05 18:00:00,7,Татнефть-АЗС-008,165.72001489236436,shop_total_revenue,Выручка магазина,baseline_hgb_v2
2024-01-05 19:00:00,7,Татнефть-АЗС-008,114.04248870525392,shop_total_revenue,Выручка магазина,baseline_hgb_v2
2024-01-05 20:00:00,7,Татнефть-АЗС-008,-1.801013863510479,shop_total_revenue,Выручка магазина,baseline_hgb_v2
2024-01-05 21:00:00,7,Татнефть-АЗС-008,-1.9967037702483466,shop_total_revenue,Выручка магазина,baseline_hgb_v2
2024-01-05 22:00:00,7,Татнефть-АЗС-008,-1.4371118892066876,shop_total_revenue,Выручка магазина,baseline_hgb_v2
2024-01-05 23:00:00,7,Татнефть-АЗС-008,-1.4371118892066876,shop_total_revenue,Выручка магазина,baseline_hgb_v2
2024-01-06 00:00:00,7,Татнефть-АЗС-008,-1.4094960635424458,shop_total_revenue,Выручка магазина,baseline_hgb_v2
2024-01-06 01:00:00,7,Татнефть-АЗС-008,-1.4094960635424458,shop_total_revenue,Выручка магазина,baseline_hgb_v2
2024-01-06 02:00:00,7,Татнефть-АЗС-008,-1.273788724666228,shop_total_revenue,Выручка магазина,baseline_hgb_v2
2024-01-06 03:00:00,7,Татнефть-АЗС-008,-1.4094960635424458,shop_total_revenue,Выручка магазина,baseline_hgb_v2
2024-01-06 04:00:00,7,Татнефть-АЗС-008,-1.273788724666228,shop_total_revenue,Выручка магазина,baseline_hgb_v2
2024-01-06 05:00:00,7,Татнефть-АЗС-008,-1.4094960635424458,shop_total_revenue,Выручка магазина,baseline_hgb_v2
2024-01-06 06:00:00,7,Татнефть-АЗС-008,-1.4094960635424458,shop_total_revenue,Выручка магазина,baseline_hgb_v2
2024-01-06 07:00:00,7,Татнефть-АЗС-008,28.930385263344654,shop_total_revenue,Выручка магазина,baseline_hgb_v2
2024-01-06 08:00:00,7,Татнефть-АЗС-008,6.8827738562672,shop_total_revenue,Выручка магазина,baseline_hgb_v2
2024-01-06 09:00:00,7,Татнефть-АЗС-008,69.62562533590284,shop_total_revenue,Выручка магазина,baseline_hgb_v2
2024-01-06 10:00:00,7,Татнефть-АЗС-008,-1.4094960635424458,shop_total_revenue,Выручка магазина,baseline_hgb_v2
2024-01-06 11:00:00,7,Татнефть-АЗС-008,-1.4094960635424458,shop_total_revenue,Выручка магазина,baseline_hgb_v2
2024-01-06 12:00:00,7,Татнефть-АЗС-008,1.2973290382469291,shop_total_revenue,Выручка магазина,baseline_hgb_v2
2024-01-06 13:00:00,7,Татнефть-АЗС-008,1.3150546077915444,shop_total_revenue,Выручка магазина,baseline_hgb_v2
2024-01-06 14:00:00,7,Татнефть-АЗС-008,0.5229687423303071,shop_total_revenue,Выручка магазина,baseline_hgb_v2
2024-01-06 15:00:00,7,Татнефть-АЗС-008,-1.794616453928282,shop_total_revenue,Выручка магазина,baseline_hgb_v2
2024-01-06 16:00:00,7,Татнефть-АЗС-008,-1.7300700001725249,shop_total_revenue,Выручка магазина,baseline_hgb_v2
2024-01-06 17:00:00,7,Татнефть-АЗС-008,200.9056881306717,shop_total_revenue,Выручка магазина,baseline_hgb_v2
2024-01-06 18:00:00,7,Татнефть-АЗС-008,156.16921295544063,shop_total_revenue,Выручка магазина,baseline_hgb_v2
2024-01-06 19:00:00,7,Татнефть-АЗС-008,220.37170441394056,shop_total_revenue,Выручка магазина,baseline_hgb_v2
2024-01-06 20:00:00,7,Татнефть-АЗС-008,-1.794616453928282,shop_total_revenue,Выручка магазина,baseline_hgb_v2
2024-01-06 21:00:00,7,Татнефть-АЗС-008,-1.9903063606661497,shop_total_revenue,Выручка магазина,baseline_hgb_v2
2024-01-06 22:00:00,7,Татнефть-АЗС-008,-1.7362170006270787,shop_total_revenue,Выручка магазина,baseline_hgb_v2
2024-01-06 23:00:00,7,Татнефть-АЗС-008,-1.794616453928282,shop_total_revenue,Выручка магазина,baseline_hgb_v2
2024-01-07 00:00:00,7,Татнефть-АЗС-008,-1.273788724666228,shop_total_revenue,Выручка магазина,baseline_hgb_v2
2024-01-07 01:00:00,7,Татнефть-АЗС-008,-1.273788724666228,shop_total_revenue,Выручка магазина,baseline_hgb_v2
2024-01-07 02:00:00,7,Татнефть-АЗС-008,-1.4094960635424458,shop_total_revenue,Выручка магазина,baseline_hgb_v2
2024-01-07 03:00:00,7,Татнефть-АЗС-008,-1.4094960635424458,shop_total_revenue,Выручка магазина,baseline_hgb_v2
2024-01-07 04:00:00,7,Татнефть-АЗС-008,-1.4094960635424458,shop_total_revenue,Выручка магазина,baseline_hgb_v2
2024-01-07 05:00:00,7,Татнефть-АЗС-008,-1.273788724666228,shop_total_revenue,Выручка магазина,baseline_hgb_v2
2024-01-07 06:00:00,7,Татнефть-АЗС-008,-1.2560631551216128,shop_total_revenue,Выручка магазина,baseline_hgb_v2
2024-01-07 07:00:00,7,Татнефть-АЗС-008,21.544611830625406,shop_total_revenue,Выручка магазина,baseline_hgb_v2
2024-01-07 08:00:00,7,Татнефть-АЗС-008,94.9332089709333,shop_total_revenue,Выручка магазина,baseline_hgb_v2
2024-01-07 09:00:00,7,Татнефть-АЗС-008,94.9332089709333,shop_total_revenue,Выручка магазина,baseline_hgb_v2
2024-01-07 10:00:00,7,Татнефть-АЗС-008,-1.4094960635424458,shop_total_revenue,Выручка магазина,baseline_hgb_v2
2024-01-07 11:00:00,7,Татнефть-АЗС-008,-1.427221633087061,shop_total_revenue,Выручка магазина,baseline_hgb_v2
2024-01-07 12:00:00,7,Татнефть-АЗС-008,0.5229687423303071,shop_total_revenue,Выручка магазина,baseline_hgb_v2
2024-01-07 13:00:00,7,Татнефть-АЗС-008,1.3150546077915444,shop_total_revenue,Выручка магазина,baseline_hgb_v2
2024-01-07 14:00:00,7,Татнефть-АЗС-008,1.3150546077915444,shop_total_revenue,Выручка магазина,baseline_hgb_v2
2024-01-07 15:00:00,7,Татнефть-АЗС-008,-1.794616453928282,shop_total_revenue,Выручка магазина,baseline_hgb_v2
2024-01-07 16:00:00,7,Татнефть-АЗС-008,-2.35420833496994,shop_total_revenue,Выручка магазина,baseline_hgb_v2
2024-01-07 17:00:00,7,Татнефть-АЗС-008,224.41546476449,shop_total_revenue,Выручка магазина,baseline_hgb_v2
2024-01-07 18:00:00,7,Татнефть-АЗС-008,243.34607047476888,shop_total_revenue,Выручка магазина,baseline_hgb_v2
2024-01-07 19:00:00,7,Татнефть-АЗС-008,117.163826658823,shop_total_revenue,Выручка магазина,baseline_hgb_v2
2024-01-07 20:00:00,7,Татнефть-АЗС-008,-2.591963482024428,shop_total_revenue,Выручка магазина,baseline_hgb_v2
2024-01-07 21:00:00,7,Татнефть-АЗС-008,-1.794616453928282,shop_total_revenue,Выручка магазина,baseline_hgb_v2
2024-01-07 22:00:00,7,Татнефть-АЗС-008,-1.9903063606661497,shop_total_revenue,Выручка магазина,baseline_hgb_v2
2024-01-07 23:00:00,7,Татнефть-АЗС-008,-1.9903063606661497,shop_total_revenue,Выручка магазина,baseline_hgb_v2
2024-01-01 00:00:00,8,Татнефть-АЗС-009,-0.0014798175252316887,shop_total_revenue,Выручка магазина,baseline_hgb_v2
2024-01-01 01:00:00,8,Татнефть-АЗС-009,-0.0014798175252316887,shop_total_revenue,Выручка магазина,baseline_hgb_v2
2024-01-01 02:00:00,8,Татнефть-АЗС-009,-0.0014798175252316887,shop_total_revenue,Выручка магазина,baseline_hgb_v2
2024-01-01 03:00:00,8,Татнефть-АЗС-009,-0.0014798175252316887,shop_total_revenue,Выручка магазина,baseline_hgb_v2
2024-01-01 04:00:00,8,Татнефть-АЗС-009,-0.0014798175252316887,shop_total_revenue,Выручка магазина,baseline_hgb_v2
2024-01-01 05:00:00,8,Татнефть-АЗС-009,-0.0014798175252316887,shop_total_revenue,Выручка магазина,baseline_hgb_v2
2024-01-01 06:00:00,8,Татнефть-АЗС-009,0.15195309089560136,shop_total_revenue,Выручка магазина,baseline_hgb_v2
2024-01-01 07:00:00,8,Татнефть-АЗС-009,40.94237496591022,shop_total_revenue,Выручка магазина,baseline_hgb_v2
2024-01-01 08:00:00,8,Татнефть-АЗС-009,46.807841139416524,shop_total_revenue,Выручка магазина,baseline_hgb_v2
2024-01-01 09:00:00,8,Татнефть-АЗС-009,68.32654248670075,shop_total_revenue,Выручка магазина,baseline_hgb_v2
2024-01-01 10:00:00,8,Татнефть-АЗС-009,0.42574096746021695,shop_total_revenue,Выручка магазина,baseline_hgb_v2
2024-01-01 11:00:00,8,Татнефть-АЗС-009,0.13422752135098623,shop_total_revenue,Выручка магазина,baseline_hgb_v2
2024-01-01 12:00:00,8,Татнефть-АЗС-009,2.723070853808761,shop_total_revenue,Выручка магазина,baseline_hgb_v2
2024-01-01 13:00:00,8,Татнефть-АЗС-009,1.9309849883475232,shop_total_revenue,Выручка магазина,baseline_hgb_v2
2024-01-01 14:00:00,8,Татнефть-АЗС-009,2.723070853808761,shop_total_revenue,Выручка магазина,baseline_hgb_v2
2024-01-01 15:00:00,8,Татнефть-АЗС-009,-0.3866002079110674,shop_total_revenue,Выручка магазина,baseline_hgb_v2
2024-01-01 16:00:00,8,Татнефть-АЗС-009,9.479342374723073,shop_total_revenue,Выручка магазина,baseline_hgb_v2
2024-01-01 17:00:00,8,Татнефть-АЗС-009,364.61838800903604,shop_total_revenue,Выручка магазина,baseline_hgb_v2
2024-01-01 18:00:00,8,Татнефть-АЗС-009,279.50756957118534,shop_total_revenue,Выручка магазина,baseline_hgb_v2
2024-01-01 19:00:00,8,Татнефть-АЗС-009,279.541162532613,shop_total_revenue,Выручка магазина,baseline_hgb_v2
2024-01-01 20:00:00,8,Татнефть-АЗС-009,9.479342374723073,shop_total_revenue,Выручка магазина,baseline_hgb_v2
2024-01-01 21:00:00,8,Татнефть-АЗС-009,-0.5822901146489352,shop_total_revenue,Выручка магазина,baseline_hgb_v2
2024-01-01 22:00:00,8,Татнефть-АЗС-009,-0.3866002079110674,shop_total_revenue,Выручка магазина,baseline_hgb_v2
2024-01-01 23:00:00,8,Татнефть-АЗС-009,-0.5822901146489352,shop_total_revenue,Выручка магазина,baseline_hgb_v2
2024-01-02 00:00:00,8,Татнефть-АЗС-009,0.15195309089560136,shop_total_revenue,Выручка магазина,baseline_hgb_v2
2024-01-02 01:00:00,8,Татнефть-АЗС-009,-0.0014798175252316887,shop_total_revenue,Выручка магазина,baseline_hgb_v2
2024-01-02 02:00:00,8,Татнефть-АЗС-009,-0.0014798175252316887,shop_total_revenue,Выручка магазина,baseline_hgb_v2
2024-01-02 03:00:00,8,Татнефть-АЗС-009,0.13422752135098623,shop_total_revenue,Выручка магазина,baseline_hgb_v2
2024-01-02 04:00:00,8,Татнефть-АЗС-009,-0.0014798175252316887,shop_total_revenue,Выручка магазина,baseline_hgb_v2
2024-01-02 05:00:00,8,Татнефть-АЗС-009,-0.0014798175252316887,shop_total_revenue,Выручка магазина,baseline_hgb_v2
2024-01-02 06:00:00,8,Татнефть-АЗС-009,0.19262697465218967,shop_total_revenue,Выручка магазина,baseline_hgb_v2
2024-01-02 07:00:00,8,Татнефть-АЗС-009,167.8786800801708,shop_total_revenue,Выручка магазина,baseline_hgb_v2
2024-01-02 08:00:00,8,Татнефть-АЗС-009,153.20215361168127,shop_total_revenue,Выручка магазина,baseline_hgb_v2
2024-01-02 09:00:00,8,Татнефть-АЗС-009,147.468403420708,shop_total_revenue,Выручка магазина,baseline_hgb_v2
2024-01-02 10:00:00,8,Татнефть-АЗС-009,-0.0014798175252316887,shop_total_revenue,Выручка магазина,baseline_hgb_v2
2024-01-02 11:00:00,8,Татнефть-АЗС-009,0.9342978744697609,shop_total_revenue,Выручка магазина,baseline_hgb_v2
2024-01-02 12:00:00,8,Татнефть-АЗС-009,1.9309849883475232,shop_total_revenue,Выручка магазина,baseline_hgb_v2
2024-01-02 13:00:00,8,Татнефть-АЗС-009,2.723070853808761,shop_total_revenue,Выручка магазина,baseline_hgb_v2
2024-01-02 14:00:00,8,Татнефть-АЗС-009,2.723070853808761,shop_total_revenue,Выручка магазина,baseline_hgb_v2
2024-01-02 15:00:00,8,Татнефть-АЗС-009,-0.3688746383664523,shop_total_revenue,Выручка магазина,baseline_hgb_v2
2024-01-02 16:00:00,8,Татнефть-АЗС-009,0.46123771186994866,shop_total_revenue,Выручка магазина,baseline_hgb_v2
2024-01-02 17:00:00,8,Татнефть-АЗС-009,235.2307511677888,shop_total_revenue,Выручка магазина,baseline_hgb_v2
2024-01-02 18:00:00,8,Татнефть-АЗС-009,271.5787816933542,shop_total_revenue,Выручка магазина,baseline_hgb_v2
2024-01-02 19:00:00,8,Татнефть-АЗС-009,193.32806843407204,shop_total_revenue,Выручка магазина,baseline_hgb_v2
2024-01-02 20:00:00,8,Татнефть-АЗС-009,6.582920717459695,shop_total_revenue,Выручка магазина,baseline_hgb_v2
2024-01-02 21:00:00,8,Татнефть-АЗС-009,-0.3688746383664523,shop_total_revenue,Выручка магазина,baseline_hgb_v2
2024-01-02 22:00:00,8,Татнефть-АЗС-009,-0.32820075460986387,shop_total_revenue,Выручка магазина,baseline_hgb_v2
2024-01-02 23:00:00,8,Татнефть-АЗС-009,-0.3866002079110674,shop_total_revenue,Выручка магазина,baseline_hgb_v2
2024-01-03 00:00:00,8,Татнефть-АЗС-009,0.13422752135098623,shop_total_revenue,Выручка магазина,baseline_hgb_v2
2024-01-03 01:00:00,8,Татнефть-АЗС-009,0.13422752135098623,shop_total_revenue,Выручка магазина,baseline_hgb_v2
2024-01-03 02:00:00,8,Татнефть-АЗС-009,-0.0014798175252316887,shop_total_revenue,Выручка магазина,baseline_hgb_v2
2024-01-03 03:00:00,8,Татнефть-АЗС-009,0.15195309089560136,shop_total_revenue,Выручка магазина,baseline_hgb_v2
2024-01-03 04:00:00,8,Татнефть-АЗС-009,-0.0014798175252316887,shop_total_revenue,Выручка магазина,baseline_hgb_v2
2024-01-03 05:00:00,8,Татнефть-АЗС-009,-0.0014798175252316887,shop_total_revenue,Выручка магазина,baseline_hgb_v2
2024-01-03 06:00:00,8,Татнефть-АЗС-009,0.13422752135098623,shop_total_revenue,Выручка магазина,baseline_hgb_v2
2024-01-03 07:00:00,8,Татнефть-АЗС-009,163.5416806208069,shop_total_revenue,Выручка магазина,baseline_hgb_v2
2024-01-03 08:00:00,8,Татнефть-АЗС-009,58.15996731202353,shop_total_revenue,Выручка магазина,baseline_hgb_v2
2024-01-03 09:00:00,8,Татнефть-АЗС-009,155.62909027935015,shop_total_revenue,Выручка магазина,baseline_hgb_v2
2024-01-03 10:00:00,8,Татнефть-АЗС-009,0.13422752135098623,shop_total_revenue,Выручка магазина,baseline_hgb_v2
2024-01-03 11:00:00,8,Татнефть-АЗС-009,-0.0014798175252316887,shop_total_revenue,Выручка магазина,baseline_hgb_v2
2024-01-03 12:00:00,8,Татнефть-АЗС-009,3.1502916387942097,shop_total_revenue,Выручка магазина,baseline_hgb_v2
2024-01-03 13:00:00,8,Татнефть-АЗС-009,2.723070853808761,shop_total_revenue,Выручка магазина,baseline_hgb_v2
2024-01-03 14:00:00,8,Татнефть-АЗС-009,2.723070853808761,shop_total_revenue,Выручка магазина,baseline_hgb_v2
2024-01-03 15:00:00,8,Татнефть-АЗС-009,-0.3866002079110674,shop_total_revenue,Выручка магазина,baseline_hgb_v2
2024-01-03 16:00:00,8,Татнефть-АЗС-009,7.481831564921594,shop_total_revenue,Выручка магазина,baseline_hgb_v2
2024-01-03 17:00:00,8,Татнефть-АЗС-009,380.40964742196013,shop_total_revenue,Выручка магазина,baseline_hgb_v2
2024-01-03 18:00:00,8,Татнефть-АЗС-009,380.40964742196013,shop_total_revenue,Выручка магазина,baseline_hgb_v2
2024-01-03 19:00:00,8,Татнефть-АЗС-009,301.1449275059635,shop_total_revenue,Выручка магазина,baseline_hgb_v2
2024-01-03 20:00:00,8,Татнефть-АЗС-009,-0.3866002079110674,shop_total_revenue,Выручка магазина,baseline_hgb_v2
2024-01-03 21:00:00,8,Татнефть-АЗС-009,-0.5822901146489352,shop_total_revenue,Выручка магазина,baseline_hgb_v2
2024-01-03 22:00:00,8,Татнефть-АЗС-009,-0.5822901146489352,shop_total_revenue,Выручка магазина,baseline_hgb_v2
2024-01-03 23:00:00,8,Татнефть-АЗС-009,-0.5822901146489352,shop_total_revenue,Выручка магазина,baseline_hgb_v2
2024-01-04 00:00:00,8,Татнефть-АЗС-009,0.13422752135098623,shop_total_revenue,Выручка магазина,baseline_hgb_v2
2024-01-04 01:00:00,8,Татнефть-АЗС-009,0.13422752135098623,shop_total_revenue,Выручка магазина,baseline_hgb_v2
2024-01-04 02:00:00,8,Татнефть-АЗС-009,0.13422752135098623,shop_total_revenue,Выручка магазина,baseline_hgb_v2
2024-01-04 03:00:00,8,Татнефть-АЗС-009,0.13422752135098623,shop_total_revenue,Выручка магазина,baseline_hgb_v2
2024-01-04 04:00:00,8,Татнефть-АЗС-009,0.13422752135098623,shop_total_revenue,Выручка магазина,baseline_hgb_v2
2024-01-04 05:00:00,8,Татнефть-АЗС-009,-0.0014798175252316887,shop_total_revenue,Выручка магазина,baseline_hgb_v2
2024-01-04 06:00:00,8,Татнефть-АЗС-009,-0.0014798175252316887,shop_total_revenue,Выручка магазина,baseline_hgb_v2
2024-01-04 07:00:00,8,Татнефть-АЗС-009,53.75312868713404,shop_total_revenue,Выручка магазина,baseline_hgb_v2
2024-01-04 08:00:00,8,Татнефть-АЗС-009,67.85819850404671,shop_total_revenue,Выручка магазина,baseline_hgb_v2
2024-01-04 09:00:00,8,Татнефть-АЗС-009,94.31664444684488,shop_total_revenue,Выручка магазина,baseline_hgb_v2
2024-01-04 10:00:00,8,Татнефть-АЗС-009,0.13422752135098623,shop_total_revenue,Выручка магазина,baseline_hgb_v2
2024-01-04 11:00:00,8,Татнефть-АЗС-009,-0.0014798175252316887,shop_total_revenue,Выручка магазина,baseline_hgb_v2
2024-01-04 12:00:00,8,Татнефть-АЗС-009,2.723070853808761,shop_total_revenue,Выручка магазина,baseline_hgb_v2
2024-01-04 13:00:00,8,Татнефть-АЗС-009,1.9309849883475232,shop_total_revenue,Выручка магазина,baseline_hgb_v2
2024-01-04 14:00:00,8,Татнефть-АЗС-009,2.723070853808761,shop_total_revenue,Выручка магазина,baseline_hgb_v2
2024-01-04 15:00:00,8,Татнефть-АЗС-009,-0.5822901146489352,shop_total_revenue,Выручка магазина,baseline_hgb_v2
2024-01-04 16:00:00,8,Татнефть-АЗС-009,0.417942172547614,shop_total_revenue,Выручка магазина,baseline_hgb_v2
2024-01-04 17:00:00,8,Татнефть-АЗС-009,123.16273687581786,shop_total_revenue,Выручка магазина,baseline_hgb_v2
2024-01-04 18:00:00,8,Татнефть-АЗС-009,126.7230612284243,shop_total_revenue,Выручка магазина,baseline_hgb_v2
2024-01-04 19:00:00,8,Татнефть-АЗС-009,196.86026803677527,shop_total_revenue,Выручка магазина,baseline_hgb_v2
2024-01-04 20:00:00,8,Татнефть-АЗС-009,0.45159757031492087,shop_total_revenue,Выручка магазина,baseline_hgb_v2
2024-01-04 21:00:00,8,Татнефть-АЗС-009,-0.32820075460986387,shop_total_revenue,Выручка магазина,baseline_hgb_v2
2024-01-04 22:00:00,8,Татнефть-АЗС-009,-0.5822901146489352,shop_total_revenue,Выручка магазина,baseline_hgb_v2
2024-01-04 23:00:00,8,Татнефть-АЗС-009,-0.5822901146489352,shop_total_revenue,Выручка магазина,baseline_hgb_v2
2024-01-05 00:00:00,8,Татнефть-АЗС-009,-0.0014798175252316887,shop_total_revenue,Выручка магазина,baseline_hgb_v2
2024-01-05 01:00:00,8,Татнефть-АЗС-009,0.15195309089560136,shop_total_revenue,Выручка магазина,baseline_hgb_v2
2024-01-05 02:00:00,8,Татнефть-АЗС-009,-0.0014798175252316887,shop_total_revenue,Выручка магазина,baseline_hgb_v2
2024-01-05 03:00:00,8,Татнефть-АЗС-009,-0.0014798175252316887,shop_total_revenue,Выручка магазина,baseline_hgb_v2
2024-01-05 04:00:00,8,Татнефть-АЗС-009,0.13422752135098623,shop_total_revenue,Выручка магазина,baseline_hgb_v2
2024-01-05 05:00:00,8,Татнефть-АЗС-009,0.13422752135098623,shop_total_revenue,Выручка магазина,baseline_hgb_v2
2024-01-05 06:00:00,8,Татнефть-АЗС-009,-0.0014798175252316887,shop_total_revenue,Выручка магазина,baseline_hgb_v2
2024-01-05 07:00:00,8,Татнефть-АЗС-009,168.90828829300534,shop_total_revenue,Выручка магазина,baseline_hgb_v2
2024-01-05 08:00:00,8,Татнефть-АЗС-009,155.50786277547815,shop_total_revenue,Выручка магазина,baseline_hgb_v2
2024-01-05 09:00:00,8,Татнефть-АЗС-009,161.36209313230773,shop_total_revenue,Выручка магазина,baseline_hgb_v2
2024-01-05 10:00:00,8,Татнефть-АЗС-009,0.2103525441968048,shop_total_revenue,Выручка магазина,baseline_hgb_v2
2024-01-05 11:00:00,8,Татнефть-АЗС-009,0.13422752135098623,shop_total_revenue,Выручка магазина,baseline_hgb_v2
2024-01-05 12:00:00,8,Татнефть-АЗС-009,2.723070853808761,shop_total_revenue,Выручка магазина,baseline_hgb_v2
2024-01-05 13:00:00,8,Татнефть-АЗС-009,2.723070853808761,shop_total_revenue,Выручка магазина,baseline_hgb_v2
2024-01-05 14:00:00,8,Татнефть-АЗС-009,2.723070853808761,shop_total_revenue,Выручка магазина,baseline_hgb_v2
2024-01-05 15:00:00,8,Татнефть-АЗС-009,-0.3866002079110674,shop_total_revenue,Выручка магазина,baseline_hgb_v2
2024-01-05 16:00:00,8,Татнефть-АЗС-009,0.04062057707438102,shop_total_revenue,Выручка магазина,baseline_hgb_v2
2024-01-05 17:00:00,8,Татнефть-АЗС-009,301.1449275059635,shop_total_revenue,Выручка магазина,baseline_hgb_v2
2024-01-05 18:00:00,8,Татнефть-АЗС-009,128.1920831435265,shop_total_revenue,Выручка магазина,baseline_hgb_v2
2024-01-05 19:00:00,8,Татнефть-АЗС-009,183.49178698133454,shop_total_revenue,Выручка магазина,baseline_hgb_v2
2024-01-05 20:00:00,8,Татнефть-АЗС-009,0.43387200077030574,shop_total_revenue,Выручка магазина,baseline_hgb_v2
2024-01-05 21:00:00,8,Татнефть-АЗС-009,-0.3688746383664523,shop_total_revenue,Выручка магазина,baseline_hgb_v2
2024-01-05 22:00:00,8,Татнефть-АЗС-009,-0.5822901146489352,shop_total_revenue,Выручка магазина,baseline_hgb_v2
2024-01-05 23:00:00,8,Татнефть-АЗС-009,-0.5822901146489352,shop_total_revenue,Выручка магазина,baseline_hgb_v2
2024-01-06 00:00:00,8,Татнефть-АЗС-009,-0.5546742889846937,shop_total_revenue,Выручка магазина,baseline_hgb_v2
2024-01-06 01:00:00,8,Татнефть-АЗС-009,-0.5546742889846937,shop_total_revenue,Выручка магазина,baseline_hgb_v2
2024-01-06 02:00:00,8,Татнефть-АЗС-009,-0.5546742889846937,shop_total_revenue,Выручка магазина,baseline_hgb_v2
2024-01-06 03:00:00,8,Татнефть-АЗС-009,-0.5546742889846937,shop_total_revenue,Выручка магазина,baseline_hgb_v2
2024-01-06 04:00:00,8,Татнефть-АЗС-009,-0.5546742889846937,shop_total_revenue,Выручка магазина,baseline_hgb_v2
2024-01-06 05:00:00,8,Татнефть-АЗС-009,-0.41896695010847573,shop_total_revenue,Выручка магазина,baseline_hgb_v2
2024-01-06 06:00:00,8,Татнефть-АЗС-009,-0.5546742889846937,shop_total_revenue,Выручка магазина,baseline_hgb_v2
2024-01-06 07:00:00,8,Татнефть-АЗС-009,17.830027647007515,shop_total_revenue,Выручка магазина,baseline_hgb_v2
2024-01-06 08:00:00,8,Татнефть-АЗС-009,64.83628042500864,shop_total_revenue,Выручка магазина,baseline_hgb_v2
2024-01-06 09:00:00,8,Татнефть-АЗС-009,100.4957988819205,shop_total_revenue,Выручка магазина,baseline_hgb_v2
2024-01-06 10:00:00,8,Татнефть-АЗС-009,-0.5546742889846937,shop_total_revenue,Выручка магазина,baseline_hgb_v2
2024-01-06 11:00:00,8,Татнефть-АЗС-009,-0.5546742889846937,shop_total_revenue,Выручка магазина,baseline_hgb_v2
2024-01-06 12:00:00,8,Татнефть-АЗС-009,2.169876382349299,shop_total_revenue,Выручка магазина,baseline_hgb_v2
2024-01-06 13:00:00,8,Татнефть-АЗС-009,2.169876382349299,shop_total_revenue,Выручка магазина,baseline_hgb_v2
2024-01-06 14:00:00,8,Татнефть-АЗС-009,1.3777905168880613,shop_total_revenue,Выручка магазина,baseline_hgb_v2
2024-01-06 15:00:00,8,Татнефть-АЗС-009,-0.9397946793705297,shop_total_revenue,Выручка магазина,baseline_hgb_v2
2024-01-06 16:00:00,8,Татнефть-АЗС-009,-0.9397946793705297,shop_total_revenue,Выручка магазина,baseline_hgb_v2
2024-01-06 17:00:00,8,Татнефть-АЗС-009,218.32536551968084,shop_total_revenue,Выручка магазина,baseline_hgb_v2
2024-01-06 18:00:00,8,Татнефть-АЗС-009,219.9704060162458,shop_total_revenue,Выручка магазина,baseline_hgb_v2
2024-01-06 19:00:00,8,Татнефть-АЗС-009,168.46716305187286,shop_total_revenue,Выручка магазина,baseline_hgb_v2
2024-01-06 20:00:00,8,Татнефть-АЗС-009,-0.9397946793705297,shop_total_revenue,Выручка магазина,baseline_hgb_v2
2024-01-06 21:00:00,8,Татнефть-АЗС-009,-0.9397946793705297,shop_total_revenue,Выручка магазина,baseline_hgb_v2
2024-01-06 22:00:00,8,Татнефть-АЗС-009,-1.1354845861083966,shop_total_revenue,Выручка магазина,baseline_hgb_v2
2024-01-06 23:00:00,8,Татнефть-АЗС-009,-0.9397946793705297,shop_total_revenue,Выручка магазина,baseline_hgb_v2
2024-01-07 00:00:00,8,Татнефть-АЗС-009,-0.5546742889846937,shop_total_revenue,Выручка магазина,baseline_hgb_v2
2024-01-07 01:00:00,8,Татнефть-АЗС-009,-0.5546742889846937,shop_total_revenue,Выручка магазина,baseline_hgb_v2
2024-01-07 02:00:00,8,Татнефть-АЗС-009,-0.5546742889846937,shop_total_revenue,Выручка магазина,baseline_hgb_v2
2024-01-07 03:00:00,8,Татнефть-АЗС-009,-0.41896695010847573,shop_total_revenue,Выручка магазина,baseline_hgb_v2
2024-01-07 04:00:00,8,Татнефть-АЗС-009,-0.5546742889846937,shop_total_revenue,Выручка магазина,baseline_hgb_v2
2024-01-07 05:00:00,8,Татнефть-АЗС-009,-0.41896695010847573,shop_total_revenue,Выручка магазина,baseline_hgb_v2
2024-01-07 06:00:00,8,Татнефть-АЗС-009,-0.5546742889846937,shop_total_revenue,Выручка магазина,baseline_hgb_v2
2024-01-07 07:00:00,8,Татнефть-АЗС-009,124.81745434562437,shop_total_revenue,Выручка магазина,baseline_hgb_v2
2024-01-07 08:00:00,8,Татнефть-АЗС-009,29.178043362340507,shop_total_revenue,Выручка магазина,baseline_hgb_v2
2024-01-07 09:00:00,8,Татнефть-АЗС-009,74.81473894626295,shop_total_revenue,Выручка магазина,baseline_hgb_v2
2024-01-07 10:00:00,8,Татнефть-АЗС-009,-0.5546742889846937,shop_total_revenue,Выручка магазина,baseline_hgb_v2
2024-01-07 11:00:00,8,Татнефть-АЗС-009,-0.5546742889846937,shop_total_revenue,Выручка магазина,baseline_hgb_v2
2024-01-07 12:00:00,8,Татнефть-АЗС-009,1.3777905168880613,shop_total_revenue,Выручка магазина,baseline_hgb_v2
2024-01-07 13:00:00,8,Татнефть-АЗС-009,2.169876382349299,shop_total_revenue,Выручка магазина,baseline_hgb_v2
2024-01-07 14:00:00,8,Татнефть-АЗС-009,2.169876382349299,shop_total_revenue,Выручка магазина,baseline_hgb_v2
2024-01-07 15:00:00,8,Татнефть-АЗС-009,-1.1354845861083966,shop_total_revenue,Выручка магазина,baseline_hgb_v2
2024-01-07 16:00:00,8,Татнефть-АЗС-009,-0.9397946793705297,shop_total_revenue,Выручка магазина,baseline_hgb_v2
2024-01-07 17:00:00,8,Татнефть-АЗС-009,202.24965761420262,shop_total_revenue,Выручка магазина,baseline_hgb_v2
2024-01-07 18:00:00,8,Татнефть-АЗС-009,104.19761098124802,shop_total_revenue,Выручка магазина,baseline_hgb_v2
2024-01-07 19:00:00,8,Татнефть-АЗС-009,129.8323918125342,shop_total_revenue,Выручка магазина,baseline_hgb_v2
2024-01-07 20:00:00,8,Татнефть-АЗС-009,-0.135252298911848,shop_total_revenue,Выручка магазина,baseline_hgb_v2
2024-01-07 21:00:00,8,Татнефть-АЗС-009,-1.1354845861083966,shop_total_revenue,Выручка магазина,baseline_hgb_v2
2024-01-07 22:00:00,8,Татнефть-АЗС-009,-0.9220691098259145,shop_total_revenue,Выручка магазина,baseline_hgb_v2
2024-01-07 23:00:00,8,Татнефть-АЗС-009,-1.1775498264250166,shop_total_revenue,Выручка магазина,baseline_hgb_v2
2024-01-01 00:00:00,9,Татнефть-АЗС-010,0.23661249046124763,shop_total_revenue,Выручка магазина,baseline_hgb_v2
2024-01-01 01:00:00,9,Татнефть-АЗС-010,0.2543380600058629,shop_total_revenue,Выручка магазина,baseline_hgb_v2
2024-01-01 02:00:00,9,Татнефть-АЗС-010,0.23661249046124763,shop_total_revenue,Выручка магазина,baseline_hgb_v2
2024-01-01 03:00:00,9,Татнефть-АЗС-010,0.10090515158502977,shop_total_revenue,Выручка магазина,baseline_hgb_v2
2024-01-01 04:00:00,9,Татнефть-АЗС-010,0.23661249046124763,shop_total_revenue,Выручка магазина,baseline_hgb_v2
2024-01-01 05:00:00,9,Татнефть-АЗС-010,0.10090515158502977,shop_total_revenue,Выручка магазина,baseline_hgb_v2
2024-01-01 06:00:00,9,Татнефть-АЗС-010,0.23661249046124763,shop_total_revenue,Выручка магазина,baseline_hgb_v2
2024-01-01 07:00:00,9,Татнефть-АЗС-010,39.587411170019614,shop_total_revenue,Выручка магазина,baseline_hgb_v2
2024-01-01 08:00:00,9,Татнефть-АЗС-010,34.37938646496498,shop_total_revenue,Выручка магазина,baseline_hgb_v2
2024-01-01 09:00:00,9,Татнефть-АЗС-010,39.587411170019614,shop_total_revenue,Выручка магазина,baseline_hgb_v2
2024-01-01 10:00:00,9,Татнефть-АЗС-010,0.23661249046124763,shop_total_revenue,Выручка магазина,baseline_hgb_v2
2024-01-01 11:00:00,9,Татнефть-АЗС-010,0.10090515158502977,shop_total_revenue,Выручка магазина,baseline_hgb_v2
2024-01-01 12:00:00,9,Татнефть-АЗС-010,2.033369957457786,shop_total_revenue,Выручка магазина,baseline_hgb_v2
2024-01-01 13:00:00,9,Татнефть-АЗС-010,2.051095527002401,shop_total_revenue,Выручка магазина,baseline_hgb_v2
2024-01-01 14:00:00,9,Татнефть-АЗС-010,2.051095527002401,shop_total_revenue,Выручка магазина,baseline_hgb_v2
2024-01-01 15:00:00,9,Татнефть-АЗС-010,-0.28421523880080607,shop_total_revenue,Выручка магазина,baseline_hgb_v2
2024-01-01 16:00:00,9,Татнефть-АЗС-010,-0.4799051455386738,shop_total_revenue,Выручка магазина,baseline_hgb_v2
2024-01-01 17:00:00,9,Татнефть-АЗС-010,149.46342857057166,shop_total_revenue,Выручка магазина,baseline_hgb_v2
2024-01-01 18:00:00,9,Татнефть-АЗС-010,139.99616856537477,shop_total_revenue,Выручка магазина,baseline_hgb_v2
2024-01-01 19:00:00,9,Татнефть-АЗС-010,171.62227352107044,shop_total_revenue,Выручка магазина,baseline_hgb_v2
2024-01-01 20:00:00,9,Татнефть-АЗС-010,-0.4799051455386738,shop_total_revenue,Выручка магазина,baseline_hgb_v2
2024-01-01 21:00:00,9,Татнефть-АЗС-010,-0.4799051455386738,shop_total_revenue,Выручка магазина,baseline_hgb_v2
2024-01-01 22:00:00,9,Татнефть-АЗС-010,-0.28421523880080607,shop_total_revenue,Выручка магазина,baseline_hgb_v2
2024-01-01 23:00:00,9,Татнефть-АЗС-010,-0.4799051455386738,shop_total_revenue,Выручка магазина,baseline_hgb_v2
2024-01-02 00:00:00,9,Татнефть-АЗС-010,0.10090515158502977,shop_total_revenue,Выручка магазина,baseline_hgb_v2
2024-01-02 01:00:00,9,Татнефть-АЗС-010,0.23661249046124763,shop_total_revenue,Выручка магазина,baseline_hgb_v2
2024-01-02 02:00:00,9,Татнефть-АЗС-010,0.23661249046124763,shop_total_revenue,Выручка магазина,baseline_hgb_v2
2024-01-02 03:00:00,9,Татнефть-АЗС-010,0.23661249046124763,shop_total_revenue,Выручка магазина,baseline_hgb_v2
2024-01-02 04:00:00,9,Татнефть-АЗС-010,0.10090515158502977,shop_total_revenue,Выручка магазина,baseline_hgb_v2
2024-01-02 05:00:00,9,Татнефть-АЗС-010,0.10090515158502977,shop_total_revenue,Выручка магазина,baseline_hgb_v2
2024-01-02 06:00:00,9,Татнефть-АЗС-010,0.2543380600058629,shop_total_revenue,Выручка магазина,baseline_hgb_v2
2024-01-02 07:00:00,9,Татнефть-АЗС-010,34.37938646496498,shop_total_revenue,Выручка магазина,baseline_hgb_v2
2024-01-02 08:00:00,9,Татнефть-АЗС-010,55.17054817244638,shop_total_revenue,Выручка магазина,baseline_hgb_v2
2024-01-02 09:00:00,9,Татнефть-АЗС-010,29.974605877258835,shop_total_revenue,Выручка магазина,baseline_hgb_v2
2024-01-02 10:00:00,9,Татнефть-АЗС-010,0.10090515158502977,shop_total_revenue,Выручка магазина,baseline_hgb_v2
2024-01-02 11:00:00,9,Татнефть-АЗС-010,0.23661249046124763,shop_total_revenue,Выручка магазина,baseline_hgb_v2
2024-01-02 12:00:00,9,Татнефть-АЗС-010,2.8077302533744075,shop_total_revenue,Выручка магазина,baseline_hgb_v2
2024-01-02 13:00:00,9,Татнефть-АЗС-010,2.033369957457786,shop_total_revenue,Выручка магазина,baseline_hgb_v2
2024-01-02 14:00:00,9,Татнефть-АЗС-010,2.033369957457786,shop_total_revenue,Выручка магазина,baseline_hgb_v2
2024-01-02 15:00:00,9,Татнефть-АЗС-010,-0.28421523880080607,shop_total_revenue,Выручка магазина,baseline_hgb_v2
2024-01-02 16:00:00,9,Татнефть-АЗС-010,-0.4799051455386738,shop_total_revenue,Выручка магазина,baseline_hgb_v2
2024-01-02 17:00:00,9,Татнефть-АЗС-010,166.10012814804008,shop_total_revenue,Выручка магазина,baseline_hgb_v2
2024-01-02 18:00:00,9,Татнефть-АЗС-010,140.67411870708474,shop_total_revenue,Выручка магазина,baseline_hgb_v2
2024-01-02 19:00:00,9,Татнефть-АЗС-010,25.261972052130385,shop_total_revenue,Выручка магазина,baseline_hgb_v2
2024-01-02 20:00:00,9,Татнефть-АЗС-010,-0.4799051455386738,shop_total_revenue,Выручка магазина,baseline_hgb_v2
2024-01-02 21:00:00,9,Татнефть-АЗС-010,-0.4799051455386738,shop_total_revenue,Выручка магазина,baseline_hgb_v2
2024-01-02 22:00:00,9,Татнефть-АЗС-010,-0.4799051455386738,shop_total_revenue,Выручка магазина,baseline_hgb_v2
2024-01-02 23:00:00,9,Татнефть-АЗС-010,-0.4799051455386738,shop_total_revenue,Выручка магазина,baseline_hgb_v2
2024-01-03 00:00:00,9,Татнефть-АЗС-010,0.10090515158502977,shop_total_revenue,Выручка магазина,baseline_hgb_v2
2024-01-03 01:00:00,9,Татнефть-АЗС-010,0.10090515158502977,shop_total_revenue,Выручка магазина,baseline_hgb_v2
2024-01-03 02:00:00,9,Татнефть-АЗС-010,0.10090515158502977,shop_total_revenue,Выручка магазина,baseline_hgb_v2
2024-01-03 03:00:00,9,Татнефть-АЗС-010,0.23661249046124763,shop_total_revenue,Выручка магазина,baseline_hgb_v2
2024-01-03 04:00:00,9,Татнефть-АЗС-010,0.23661249046124763,shop_total_revenue,Выручка магазина,baseline_hgb_v2
2024-01-03 05:00:00,9,Татнефть-АЗС-010,0.10090515158502977,shop_total_revenue,Выручка магазина,baseline_hgb_v2
2024-01-03 06:00:00,9,Татнефть-АЗС-010,0.10090515158502977,shop_total_revenue,Выручка магазина,baseline_hgb_v2
2024-01-03 07:00:00,9,Татнефть-АЗС-010,24.47091450169463,shop_total_revenue,Выручка магазина,baseline_hgb_v2
2024-01-03 08:00:00,9,Татнефть-АЗС-010,10.51603727299559,shop_total_revenue,Выручка магазина,baseline_hgb_v2
2024-01-03 09:00:00,9,Татнефть-АЗС-010,8.976577231101992,shop_total_revenue,Выручка магазина,baseline_hgb_v2
2024-01-03 10:00:00,9,Татнефть-АЗС-010,0.23661249046124763,shop_total_revenue,Выручка магазина,baseline_hgb_v2
2024-01-03 11:00:00,9,Татнефть-АЗС-010,0.23661249046124763,shop_total_revenue,Выручка магазина,baseline_hgb_v2
2024-01-03 12:00:00,9,Татнефть-АЗС-010,2.8254558229190225,shop_total_revenue,Выручка магазина,baseline_hgb_v2
2024-01-03 13:00:00,9,Татнефть-АЗС-010,2.8254558229190225,shop_total_revenue,Выручка магазина,baseline_hgb_v2
2024-01-03 14:00:00,9,Татнефть-АЗС-010,2.8254558229190225,shop_total_revenue,Выручка магазина,baseline_hgb_v2
2024-01-03 15:00:00,9,Татнефть-АЗС-010,-0.28421523880080607,shop_total_revenue,Выручка магазина,baseline_hgb_v2
2024-01-03 16:00:00,9,Татнефть-АЗС-010,-0.4799051455386738,shop_total_revenue,Выручка магазина,baseline_hgb_v2
2024-01-03 17:00:00,9,Татнефть-АЗС-010,148.97255159090932,shop_total_revenue,Выручка магазина,baseline_hgb_v2
2024-01-03 18:00:00,9,Татнефть-АЗС-010,139.71027988126818,shop_total_revenue,Выручка магазина,baseline_hgb_v2
2024-01-03 19:00:00,9,Татнефть-АЗС-010,38.19929286564546,shop_total_revenue,Выручка магазина,baseline_hgb_v2
2024-01-03 20:00:00,9,Татнефть-АЗС-010,-0.4799051455386738,shop_total_revenue,Выручка магазина,baseline_hgb_v2
2024-01-03 21:00:00,9,Татнефть-АЗС-010,-0.28421523880080607,shop_total_revenue,Выручка магазина,baseline_hgb_v2
2024-01-03 22:00:00,9,Татнефть-АЗС-010,-0.4799051455386738,shop_total_revenue,Выручка магазина,baseline_hgb_v2
2024-01-03 23:00:00,9,Татнефть-АЗС-010,-0.4799051455386738,shop_total_revenue,Выручка магазина,baseline_hgb_v2
2024-01-04 00:00:00,9,Татнефть-АЗС-010,0.08317958204041462,shop_total_revenue,Выручка магазина,baseline_hgb_v2
2024-01-04 01:00:00,9,Татнефть-АЗС-010,0.23661249046124763,shop_total_revenue,Выручка магазина,baseline_hgb_v2
2024-01-04 02:00:00,9,Татнефть-АЗС-010,0.10090515158502977,shop_total_revenue,Выручка магазина,baseline_hgb_v2
2024-01-04 03:00:00,9,Татнефть-АЗС-010,0.10090515158502977,shop_total_revenue,Выручка магазина,baseline_hgb_v2
2024-01-04 04:00:00,9,Татнефть-АЗС-010,0.23661249046124763,shop_total_revenue,Выручка магазина,baseline_hgb_v2
2024-01-04 05:00:00,9,Татнефть-АЗС-010,0.23661249046124763,shop_total_revenue,Выручка магазина,baseline_hgb_v2
2024-01-04 06:00:00,9,Татнефть-АЗС-010,0.23661249046124763,shop_total_revenue,Выручка магазина,baseline_hgb_v2
2024-01-04 07:00:00,9,Татнефть-АЗС-010,8.976577231101992,shop_total_revenue,Выручка магазина,baseline_hgb_v2
2024-01-04 08:00:00,9,Татнефть-АЗС-010,58.182381980816785,shop_total_revenue,Выручка магазина,baseline_hgb_v2
2024-01-04 09:00:00,9,Татнефть-АЗС-010,39.301522485913026,shop_total_revenue,Выручка магазина,baseline_hgb_v2
2024-01-04 10:00:00,9,Татнефть-АЗС-010,0.23661249046124763,shop_total_revenue,Выручка магазина,baseline_hgb_v2
2024-01-04 11:00:00,9,Татнефть-АЗС-010,0.10090515158502977,shop_total_revenue,Выручка магазина,baseline_hgb_v2
2024-01-04 12:00:00,9,Татнефть-АЗС-010,2.8254558229190225,shop_total_revenue,Выручка магазина,baseline_hgb_v2
2024-01-04 13:00:00,9,Татнефть-АЗС-010,2.8254558229190225,shop_total_revenue,Выручка магазина,baseline_hgb_v2
2024-01-04 14:00:00,9,Татнефть-АЗС-010,2.8254558229190225,shop_total_revenue,Выручка магазина,baseline_hgb_v2
2024-01-04 15:00:00,9,Татнефть-АЗС-010,-0.28421523880080607,shop_total_revenue,Выручка магазина,baseline_hgb_v2
2024-01-04 16:00:00,9,Татнефть-АЗС-010,-0.28421523880080607,shop_total_revenue,Выручка магазина,baseline_hgb_v2
2024-01-04 17:00:00,9,Татнефть-АЗС-010,141.15077249833615,shop_total_revenue,Выручка магазина,baseline_hgb_v2
2024-01-04 18:00:00,9,Татнефть-АЗС-010,38.925650093397564,shop_total_revenue,Выручка магазина,baseline_hgb_v2
2024-01-04 19:00:00,9,Татнефть-АЗС-010,139.71027988126818,shop_total_revenue,Выручка магазина,baseline_hgb_v2
2024-01-04 20:00:00,9,Татнефть-АЗС-010,-0.28421523880080607,shop_total_revenue,Выручка магазина,baseline_hgb_v2
2024-01-04 21:00:00,9,Татнефть-АЗС-010,-0.26648966925619094,shop_total_revenue,Выручка магазина,baseline_hgb_v2
2024-01-04 22:00:00,9,Татнефть-АЗС-010,-0.49763071508328893,shop_total_revenue,Выручка магазина,baseline_hgb_v2
2024-01-04 23:00:00,9,Татнефть-АЗС-010,-0.28421523880080607,shop_total_revenue,Выручка магазина,baseline_hgb_v2
2024-01-05 00:00:00,9,Татнефть-АЗС-010,0.10090515158502977,shop_total_revenue,Выручка магазина,baseline_hgb_v2
2024-01-05 01:00:00,9,Татнефть-АЗС-010,0.10090515158502977,shop_total_revenue,Выручка магазина,baseline_hgb_v2
2024-01-05 02:00:00,9,Татнефть-АЗС-010,0.10090515158502977,shop_total_revenue,Выручка магазина,baseline_hgb_v2
2024-01-05 03:00:00,9,Татнефть-АЗС-010,0.23661249046124763,shop_total_revenue,Выручка магазина,baseline_hgb_v2
2024-01-05 04:00:00,9,Татнефть-АЗС-010,0.10090515158502977,shop_total_revenue,Выручка магазина,baseline_hgb_v2
2024-01-05 05:00:00,9,Татнефть-АЗС-010,0.23661249046124763,shop_total_revenue,Выручка магазина,baseline_hgb_v2
2024-01-05 06:00:00,9,Татнефть-АЗС-010,0.23661249046124763,shop_total_revenue,Выручка магазина,baseline_hgb_v2
2024-01-05 07:00:00,9,Татнефть-АЗС-010,30.06603827937055,shop_total_revenue,Выручка магазина,baseline_hgb_v2
2024-01-05 08:00:00,9,Татнефть-АЗС-010,39.301522485913026,shop_total_revenue,Выручка магазина,baseline_hgb_v2
2024-01-05 09:00:00,9,Татнефть-АЗС-010,8.497144122737142,shop_total_revenue,Выручка магазина,baseline_hgb_v2
2024-01-05 10:00:00,9,Татнефть-АЗС-010,0.10090515158502977,shop_total_revenue,Выручка магазина,baseline_hgb_v2
2024-01-05 11:00:00,9,Татнефть-АЗС-010,0.10090515158502977,shop_total_revenue,Выручка магазина,baseline_hgb_v2
2024-01-05 12:00:00,9,Татнефть-АЗС-010,2.8254558229190225,shop_total_revenue,Выручка магазина,baseline_hgb_v2
2024-01-05 13:00:00,9,Татнефть-АЗС-010,2.051095527002401,shop_total_revenue,Выручка магазина,baseline_hgb_v2
2024-01-05 14:00:00,9,Татнефть-АЗС-010,2.033369957457786,shop_total_revenue,Выручка магазина,baseline_hgb_v2
2024-01-05 15:00:00,9,Татнефть-АЗС-010,-0.28421523880080607,shop_total_revenue,Выручка магазина,baseline_hgb_v2
2024-01-05 16:00:00,9,Татнефть-АЗС-010,-0.4799051455386738,shop_total_revenue,Выручка магазина,baseline_hgb_v2
2024-01-05 17:00:00,9,Татнефть-АЗС-010,148.97255159090932,shop_total_revenue,Выручка магазина,baseline_hgb_v2
2024-01-05 18:00:00,9,Татнефть-АЗС-010,138.45250937104308,shop_total_revenue,Выручка магазина,baseline_hgb_v2
2024-01-05 19:00:00,9,Татнефть-АЗС-010,155.71551719193525,shop_total_revenue,Выручка магазина,baseline_hgb_v2
2024-01-05 20:00:00,9,Татнефть-АЗС-010,-0.4799051455386738,shop_total_revenue,Выручка магазина,baseline_hgb_v2
2024-01-05 21:00:00,9,Татнефть-АЗС-010,-0.28421523880080607,shop_total_revenue,Выручка магазина,baseline_hgb_v2
2024-01-05 22:00:00,9,Татнефть-АЗС-010,-0.28421523880080607,shop_total_revenue,Выручка магазина,baseline_hgb_v2
2024-01-05 23:00:00,9,Татнефть-АЗС-010,-0.26648966925619094,shop_total_revenue,Выручка магазина,baseline_hgb_v2
2024-01-06 00:00:00,9,Татнефть-АЗС-010,-0.31658198099821433,shop_total_revenue,Выручка магазина,baseline_hgb_v2
2024-01-06 01:00:00,9,Татнефть-АЗС-010,-0.4522893198744322,shop_total_revenue,Выручка магазина,baseline_hgb_v2
2024-01-06 02:00:00,9,Татнефть-АЗС-010,-0.4522893198744322,shop_total_revenue,Выручка магазина,baseline_hgb_v2
2024-01-06 03:00:00,9,Татнефть-АЗС-010,-0.4522893198744322,shop_total_revenue,Выручка магазина,baseline_hgb_v2
2024-01-06 04:00:00,9,Татнефть-АЗС-010,-0.4522893198744322,shop_total_revenue,Выручка магазина,baseline_hgb_v2
2024-01-06 05:00:00,9,Татнефть-АЗС-010,-0.4522893198744322,shop_total_revenue,Выручка магазина,baseline_hgb_v2
2024-01-06 06:00:00,9,Татнефть-АЗС-010,-0.4522893198744322,shop_total_revenue,Выручка магазина,baseline_hgb_v2
2024-01-06 07:00:00,9,Татнефть-АЗС-010,4.985363732515481,shop_total_revenue,Выручка магазина,baseline_hgb_v2
2024-01-06 08:00:00,9,Татнефть-АЗС-010,4.985363732515481,shop_total_revenue,Выручка магазина,baseline_hgb_v2
2024-01-06 09:00:00,9,Татнефть-АЗС-010,19.72895039611116,shop_total_revenue,Выручка магазина,baseline_hgb_v2
2024-01-06 10:00:00,9,Татнефть-АЗС-010,-0.29885641145359926,shop_total_revenue,Выручка магазина,baseline_hgb_v2
2024-01-06 11:00:00,9,Татнефть-АЗС-010,-0.4522893198744322,shop_total_revenue,Выручка магазина,baseline_hgb_v2
2024-01-06 12:00:00,9,Татнефть-АЗС-010,2.2722613514595604,shop_total_revenue,Выручка магазина,baseline_hgb_v2
2024-01-06 13:00:00,9,Татнефть-АЗС-010,2.2722613514595604,shop_total_revenue,Выручка магазина,baseline_hgb_v2
2024-01-06 14:00:00,9,Татнефть-АЗС-010,2.2722613514595604,shop_total_revenue,Выручка магазина,baseline_hgb_v2
2024-01-06 15:00:00,9,Татнефть-АЗС-010,-1.033099616998135,shop_total_revenue,Выручка магазина,baseline_hgb_v2
2024-01-06 16:00:00,9,Татнефть-АЗС-010,-0.8196841407156531,shop_total_revenue,Выручка магазина,baseline_hgb_v2
2024-01-06 17:00:00,9,Татнефть-АЗС-010,109.9947391554109,shop_total_revenue,Выручка магазина,baseline_hgb_v2
2024-01-06 18:00:00,9,Татнефть-АЗС-010,133.80351708399292,shop_total_revenue,Выручка магазина,baseline_hgb_v2
2024-01-06 19:00:00,9,Татнефть-АЗС-010,132.14872054301694,shop_total_revenue,Выручка магазина,baseline_hgb_v2
2024-01-06 20:00:00,9,Татнефть-АЗС-010,-0.8374097102602683,shop_total_revenue,Выручка магазина,baseline_hgb_v2
2024-01-06 21:00:00,9,Татнефть-АЗС-010,-1.033099616998135,shop_total_revenue,Выручка магазина,baseline_hgb_v2
2024-01-06 22:00:00,9,Татнефть-АЗС-010,-1.033099616998135,shop_total_revenue,Выручка магазина,baseline_hgb_v2
2024-01-06 23:00:00,9,Татнефть-АЗС-010,-0.8374097102602683,shop_total_revenue,Выручка магазина,baseline_hgb_v2
2024-01-07 00:00:00,9,Татнефть-АЗС-010,-0.29885641145359926,shop_total_revenue,Выручка магазина,baseline_hgb_v2
2024-01-07 01:00:00,9,Татнефть-АЗС-010,-0.4522893198744322,shop_total_revenue,Выручка магазина,baseline_hgb_v2
2024-01-07 02:00:00,9,Татнефть-АЗС-010,-0.2581825276970107,shop_total_revenue,Выручка магазина,baseline_hgb_v2
2024-01-07 03:00:00,9,Татнефть-АЗС-010,-0.31658198099821433,shop_total_revenue,Выручка магазина,baseline_hgb_v2
2024-01-07 04:00:00,9,Татнефть-АЗС-010,-0.31658198099821433,shop_total_revenue,Выручка магазина,baseline_hgb_v2
2024-01-07 05:00:00,9,Татнефть-АЗС-010,-0.31658198099821433,shop_total_revenue,Выручка магазина,baseline_hgb_v2
2024-01-07 06:00:00,9,Татнефть-АЗС-010,-0.31658198099821433,shop_total_revenue,Выручка магазина,baseline_hgb_v2
2024-01-07 07:00:00,9,Татнефть-АЗС-010,18.097261332375187,shop_total_revenue,Выручка магазина,baseline_hgb_v2
2024-01-07 08:00:00,9,Татнефть-АЗС-010,19.85482499857585,shop_total_revenue,Выручка магазина,baseline_hgb_v2
2024-01-07 09:00:00,9,Татнефть-АЗС-010,6.202921564980725,shop_total_revenue,Выручка магазина,baseline_hgb_v2
2024-01-07 10:00:00,9,Татнефть-АЗС-010,-0.31658198099821433,shop_total_revenue,Выручка магазина,baseline_hgb_v2
2024-01-07 11:00:00,9,Татнефть-АЗС-010,-0.31658198099821433,shop_total_revenue,Выручка магазина,baseline_hgb_v2
2024-01-07 12:00:00,9,Татнефть-АЗС-010,2.2722613514595604,shop_total_revenue,Выручка магазина,baseline_hgb_v2
2024-01-07 13:00:00,9,Татнефть-АЗС-010,2.2722613514595604,shop_total_revenue,Выручка магазина,baseline_hgb_v2
2024-01-07 14:00:00,9,Татнефть-АЗС-010,1.480175485998323,shop_total_revenue,Выручка магазина,baseline_hgb_v2
2024-01-07 15:00:00,9,Татнефть-АЗС-010,-0.8374097102602683,shop_total_revenue,Выручка магазина,baseline_hgb_v2
2024-01-07 16:00:00,9,Татнефть-АЗС-010,-0.8374097102602683,shop_total_revenue,Выручка магазина,baseline_hgb_v2
2024-01-07 17:00:00,9,Татнефть-АЗС-010,6.290779111846497,shop_total_revenue,Выручка магазина,baseline_hgb_v2
2024-01-07 18:00:00,9,Татнефть-АЗС-010,8.682092065025294,shop_total_revenue,Выручка магазина,baseline_hgb_v2
2024-01-07 19:00:00,9,Татнефть-АЗС-010,5.003089302060095,shop_total_revenue,Выручка магазина,baseline_hgb_v2
2024-01-07 20:00:00,9,Татнефть-АЗС-010,-0.8374097102602683,shop_total_revenue,Выручка магазина,baseline_hgb_v2
2024-01-07 21:00:00,9,Татнефть-АЗС-010,-0.8374097102602683,shop_total_revenue,Выручка магазина,baseline_hgb_v2
2024-01-07 22:00:00,9,Татнефть-АЗС-010,-1.033099616998135,shop_total_revenue,Выручка магазина,baseline_hgb_v2
2024-01-07 23:00:00,9,Татнефть-АЗС-010,-0.8374097102602683,shop_total_revenue,Выручка магазина,baseline_hgb_v2
