timestamp,station_id,station_name,actual,total_traffic,ad_active,promotion_fuel_active,promotion_shop_active,hour,day_of_week,prediction,target,target_label,model_version
2023-12-01 00:00:00,0,Татнефть-АЗС-001,8.0,31,0,1,0,0,4,7.987179330761677,total_fuel_sales,Продажи топлива,baseline_hgb_v2
2023-12-01 00:00:00,1,Татнефть-АЗС-002,2.0,12,0,1,0,0,4,2.622896525551987,total_fuel_sales,Продажи топлива,baseline_hgb_v2
2023-12-01 00:00:00,2,Татнефть-АЗС-003,3.0,21,0,0,1,0,4,2.7953428844957293,total_fuel_sales,Продажи топлива,baseline_hgb_v2
2023-12-01 00:00:00,3,Татнефть-АЗС-004,3.0,21,0,0,0,0,4,2.495582627997253,total_fuel_sales,Продажи топлива,baseline_hgb_v2
2023-12-01 00:00:00,4,Татнефть-АЗС-005,2.0,16,0,0,1,0,4,2.88099144452408,total_fuel_sales,Продажи топлива,baseline_hgb_v2
2023-12-01 01:00:00,0,Татнефть-АЗС-001,3.0,21,1,1,0,1,4,2.905681419558912,total_fuel_sales,Продажи топлива,baseline_hgb_v2
2023-12-01 01:00:00,1,Татнефть-АЗС-002,3.0,15,0,1,0,1,4,3.3854841965151268,total_fuel_sales,Продажи топлива,baseline_hgb_v2
2023-12-01 01:00:00,2,Татнефть-АЗС-003,8.0,29,1,0,1,1,4,6.6740006897892,total_fuel_sales,Продажи топлива,baseline_hgb_v2
2023-12-01 01:00:00,3,Татнефть-АЗС-004,8.0,34,0,0,0,1,4,7.800781169247086,total_fuel_sales,Продажи топлива,baseline_hgb_v2
2023-12-01 01:00:00,4,Татнефть-АЗС-005,2.0,16,0,0,1,1,4,2.90520607084546,total_fuel_sales,Продажи топлива,baseline_hgb_v2
2023-12-01 02:00:00,0,Татнефть-АЗС-001,8.0,28,0,1,0,2,4,6.372884197242256,total_fuel_sales,Продажи топлива,baseline_hgb_v2
2023-12-01 02:00:00,1,Татнефть-АЗС-002,4.0,17,0,1,0,2,4,3.868655124029272,total_fuel_sales,Продажи топлива,baseline_hgb_v2
2023-12-01 02:00:00,2,Татнефть-АЗС-003,2.0,16,0,0,1,2,4,2.54903639068585,total_fuel_sales,Продажи топлива,baseline_hgb_v2
2023-12-01 02:00:00,3,Татнефть-АЗС-004,3.0,22,0,0,0,2,4,2.495582627997253,total_fuel_sales,Продажи топлива,baseline_hgb_v2
2023-12-01 02:00:00,4,Татнефть-АЗС-005,2.0,16,1,0,1,2,4,2.90520607084546,total_fuel_sales,Продажи топлива,baseline_hgb_v2
2023-12-01 03:00:00,0,Татнефть-АЗС-001,8.0,33,0,1,0,3,4,7.987179330761677,total_fuel_sales,Продажи топлива,baseline_hgb_v2
2023-12-01 03:00:00,1,Татнефть-АЗС-002,2.0,12,1,1,0,3,4,2.484815470984791,total_fuel_sales,Продажи топлива,baseline_hgb_v2
2023-12-01 03:00:00,2,Татнефть-АЗС-003,3.0,21,0,0,1,3,4,2.6777242921998274,total_fuel_sales,Продажи топлива,baseline_hgb_v2
2023-12-01 03:00:00,3,Татнефть-АЗС-004,8.0,27,1,0,0,3,4,5.475215518608629,total_fuel_sales,Продажи топлива,baseline_hgb_v2
2023-12-01 03:00:00,4,Татнефть-АЗС-005,2.0,14,1,0,1,3,4,2.90520607084546,total_fuel_sales,Продажи топлива,baseline_hgb_v2
2023-12-01 04:00:00,0,Татнефть-АЗС-001,3.0,21,0,1,0,4,4,2.905681419558912,total_fuel_sales,Продажи топлива,baseline_hgb_v2
2023-12-01 04:00:00,1,Татнефть-АЗС-002,2.0,10,0,1,0,4,4,2.484815470984791,total_fuel_sales,Продажи топлива,baseline_hgb_v2
2023-12-01 04:00:00,2,Татнефть-АЗС-003,5.0,28,0,0,1,4,4,5.993521381475257,total_fuel_sales,Продажи топлива,baseline_hgb_v2
2023-12-01 04:00:00,3,Татнефть-АЗС-004,8.0,28,1,0,0,4,4,5.603903420122607,total_fuel_sales,Продажи топлива,baseline_hgb_v2
2023-12-01 04:00:00,4,Татнефть-АЗС-005,2.0,10,0,0,1,4,4,2.062362509743441,total_fuel_sales,Продажи топлива,baseline_hgb_v2
2023-12-01 05:00:00,0,Татнефть-АЗС-001,4.0,24,0,1,0,5,4,3.3787140807981735,total_fuel_sales,Продажи топлива,baseline_hgb_v2
2023-12-01 05:00:00,1,Татнефть-АЗС-002,2.0,14,0,1,0,5,4,3.395622462790008,total_fuel_sales,Продажи топлива,baseline_hgb_v2
2023-12-01 05:00:00,2,Татнефть-АЗС-003,2.0,20,1,0,1,5,4,2.54903639068585,total_fuel_sales,Продажи топлива,baseline_hgb_v2
2023-12-01 05:00:00,3,Татнефть-АЗС-004,8.0,29,0,0,0,5,4,6.297858300789561,total_fuel_sales,Продажи топлива,baseline_hgb_v2
2023-12-01 05:00:00,4,Татнефть-АЗС-005,2.0,14,0,0,1,5,4,2.7765181693314824,total_fuel_sales,Продажи топлива,baseline_hgb_v2
2023-12-01 06:00:00,0,Татнефть-АЗС-001,30.0,124,1,1,0,6,4,28.791094767350007,total_fuel_sales,Продажи топлива,baseline_hgb_v2
2023-12-01 06:00:00,1,Татнефть-АЗС-002,19.0,71,0,1,0,6,4,19.029313926399375,total_fuel_sales,Продажи топлива,baseline_hgb_v2
2023-12-01 06:00:00,2,Татнефть-АЗС-003,32.0,147,0,0,1,6,4,34.12459959931178,total_fuel_sales,Продажи топлива,baseline_hgb_v2
2023-12-01 06:00:00,3,Татнефть-АЗС-004,56.0,240,0,0,0,6,4,56.32687853779354,total_fuel_sales,Продажи топлива,baseline_hgb_v2
2023-12-01 06:00:00,4,Татнефть-АЗС-005,11.0,71,0,0,1,6,4,17.104814070848892,total_fuel_sales,Продажи топлива,baseline_hgb_v2
2023-12-01 07:00:00,0,Татнефть-АЗС-001,97.0,264,1,1,0,7,4,106.73730067541037,total_fuel_sales,Продажи топлива,baseline_hgb_v2
2023-12-01 07:00:00,1,Татнефть-АЗС-002,97.0,179,1,1,0,7,4,89.19805852851307,total_fuel_sales,Продажи топлива,baseline_hgb_v2
2023-12-01 07:00:00,2,Татнефть-АЗС-003,161.0,395,0,0,1,7,4,189.6609766645882,total_fuel_sales,Продажи топлива,baseline_hgb_v2
2023-12-01 07:00:00,3,Татнефть-АЗС-004,249.0,537,0,0,0,7,4,264.1261257842458,total_fuel_sales,Продажи топлива,baseline_hgb_v2
2023-12-01 07:00:00,4,Татнефть-АЗС-005,64.0,188,0,0,1,7,4,72.4203311180569,total_fuel_sales,Продажи топлива,baseline_hgb_v2
2023-12-01 08:00:00,0,Татнефть-АЗС-001,159.0,365,0,1,0,8,4,187.33826476954485,total_fuel_sales,Продажи топлива,baseline_hgb_v2
2023-12-01 08:00:00,1,Татнефть-АЗС-002,43.0,126,0,1,0,8,4,50.33165332105,total_fuel_sales,Продажи топлива,baseline_hgb_v2
2023-12-01 08:00:00,2,Татнефть-АЗС-003,173.0,396,0,0,1,8,4,182.72311469801457,total_fuel_sales,Продажи топлива,baseline_hgb_v2
2023-12-01 08:00:00,3,Татнефть-АЗС-004,128.0,370,0,0,0,8,4,139.87887452197342,total_fuel_sales,Продажи топлива,baseline_hgb_v2
2023-12-01 08:00:00,4,Татнефть-АЗС-005,135.0,272,0,0,1,8,4,132.1780479216111,total_fuel_sales,Продажи топлива,baseline_hgb_v2
2023-12-01 09:00:00,0,Татнефть-АЗС-001,110.0,253,0,1,0,9,4,98.25001637877094,total_fuel_sales,Продажи топлива,baseline_hgb_v2
2023-12-01 09:00:00,1,Татнефть-АЗС-002,82.0,191,1,1,0,9,4,97.48583911664032,total_fuel_sales,Продажи топлива,baseline_hgb_v2
2023-12-01 09:00:00,2,Татнефть-АЗС-003,165.0,341,1,0,1,9,4,154.03380852760966,total_fuel_sales,Продажи топлива,baseline_hgb_v2
2023-12-01 09:00:00,3,Татнефть-АЗС-004,130.0,393,0,0,0,9,4,148.25650817087396,total_fuel_sales,Продажи топлива,baseline_hgb_v2
2023-12-01 09:00:00,4,Татнефть-АЗС-005,144.0,299,0,0,1,9,4,146.01362287388937,total_fuel_sales,Продажи топлива,baseline_hgb_v2
2023-12-01 10:00:00,0,Татнефть-АЗС-001,19.0,102,0,1,0,10,4,21.90556303419124,total_fuel_sales,Продажи топлива,baseline_hgb_v2
2023-12-01 10:00:00,1,Татнефть-АЗС-002,19.0,63,1,1,0,10,4,14.412048709945399,total_fuel_sales,Продажи топлива,baseline_hgb_v2
2023-12-01 10:00:00,2,Татнефть-АЗС-003,20.0,108,1,0,1,10,4,21.69965311957817,total_fuel_sales,Продажи топлива,baseline_hgb_v2
2023-12-01 10:00:00,3,Татнефть-АЗС-004,23.0,147,0,0,0,10,4,29.387812335122653,total_fuel_sales,Продажи топлива,baseline_hgb_v2
2023-12-01 10:00:00,4,Татнефть-АЗС-005,12.0,68,0,0,1,10,4,14.75840215002806,total_fuel_sales,Продажи топлива,baseline_hgb_v2
2023-12-01 11:00:00,0,Татнефть-АЗС-001,35.0,134,1,1,0,11,4,32.14576696652161,total_fuel_sales,Продажи топлива,baseline_hgb_v2
2023-12-01 11:00:00,1,Татнефть-АЗС-002,8.0,46,0,1,0,11,4,10.040513204194673,total_fuel_sales,Продажи топлива,baseline_hgb_v2
2023-12-01 11:00:00,2,Татнефть-АЗС-003,19.0,103,1,0,1,11,4,21.251683693512625,total_fuel_sales,Продажи топлива,baseline_hgb_v2
2023-12-01 11:00:00,3,Татнефть-АЗС-004,14.0,98,0,0,0,11,4,19.08105633780026,total_fuel_sales,Продажи топлива,baseline_hgb_v2
2023-12-01 11:00:00,4,Татнефть-АЗС-005,8.0,44,0,0,1,11,4,9.473397790537772,total_fuel_sales,Продажи топлива,baseline_hgb_v2
2023-12-01 12:00:00,0,Татнефть-АЗС-001,60.0,144,0,1,0,12,4,56.65078826508434,total_fuel_sales,Продажи топлива,baseline_hgb_v2
2023-12-01 12:00:00,1,Татнефть-АЗС-002,14.0,44,0,1,0,12,4,14.372779158845148,total_fuel_sales,Продажи топлива,baseline_hgb_v2
2023-12-01 12:00:00,2,Татнефть-АЗС-003,50.0,136,1,0,1,12,4,48.594376055318925,total_fuel_sales,Продажи топлива,baseline_hgb_v2
2023-12-01 12:00:00,3,Татнефть-АЗС-004,29.0,102,0,0,0,12,4,32.655450688548676,total_fuel_sales,Продажи топлива,baseline_hgb_v2
2023-12-01 12:00:00,4,Татнефть-АЗС-005,30.0,71,0,0,1,12,4,29.122948590137508,total_fuel_sales,Продажи топлива,baseline_hgb_v2
2023-12-01 13:00:00,0,Татнефть-АЗС-001,35.0,108,0,1,0,13,4,35.53130275580469,total_fuel_sales,Продажи топлива,baseline_hgb_v2
2023-12-01 13:00:00,1,Татнефть-АЗС-002,35.0,75,0,1,0,13,4,32.523114630139105,total_fuel_sales,Продажи топлива,baseline_hgb_v2
2023-12-01 13:00:00,2,Татнефть-АЗС-003,33.0,108,0,0,1,13,4,33.106454836798605,total_fuel_sales,Продажи топлива,baseline_hgb_v2
2023-12-01 13:00:00,3,Татнефть-АЗС-004,53.0,145,0,0,0,13,4,55.462055511644365,total_fuel_sales,Продажи топлива,baseline_hgb_v2
2023-12-01 13:00:00,4,Татнефть-АЗС-005,16.0,47,1,0,1,13,4,15.349874723012551,total_fuel_sales,Продажи топлива,baseline_hgb_v2
2023-12-01 14:00:00,0,Татнефть-АЗС-001,44.0,119,0,1,0,14,4,42.12519429312167,total_fuel_sales,Продажи топлива,baseline_hgb_v2
2023-12-01 14:00:00,1,Татнефть-АЗС-002,34.0,72,1,1,0,14,4,30.2282578988472,total_fuel_sales,Продажи топлива,baseline_hgb_v2
2023-12-01 14:00:00,2,Татнефть-АЗС-003,64.0,158,0,0,1,14,4,63.72077287289261,total_fuel_sales,Продажи топлива,baseline_hgb_v2
2023-12-01 14:00:00,3,Татнефть-АЗС-004,58.0,139,0,0,0,14,4,51.980654514865,total_fuel_sales,Продажи топлива,baseline_hgb_v2
2023-12-01 14:00:00,4,Татнефть-АЗС-005,28.0,76,1,0,1,14,4,30.385236985922244,total_fuel_sales,Продажи топлива,baseline_hgb_v2
2023-12-01 15:00:00,0,Татнефть-АЗС-001,41.0,149,1,1,0,15,4,35.908901514577266,total_fuel_sales,Продажи топлива,baseline_hgb_v2
2023-12-01 15:00:00,1,Татнефть-АЗС-002,18.0,62,0,1,0,15,4,13.817410484884755,total_fuel_sales,Продажи топлива,baseline_hgb_v2
2023-12-01 15:00:00,2,Татнефть-АЗС-003,18.0,102,1,0,1,15,4,20.95654098801479,total_fuel_sales,Продажи топлива,baseline_hgb_v2
2023-12-01 15:00:00,3,Татнефть-АЗС-004,20.0,108,0,0,0,15,4,21.36348770890788,total_fuel_sales,Продажи топлива,baseline_hgb_v2
2023-12-01 15:00:00,4,Татнефть-АЗС-005,19.0,75,0,0,1,15,4,19.245070798492883,total_fuel_sales,Продажи топлива,baseline_hgb_v2
2023-12-01 16:00:00,0,Татнефть-АЗС-001,33.0,122,0,1,0,16,4,27.024386331092842,total_fuel_sales,Продажи топлива,baseline_hgb_v2
2023-12-01 16:00:00,1,Татнефть-АЗС-002,13.0,75,0,1,0,16,4,18.4656831116236,total_fuel_sales,Продажи топлива,baseline_hgb_v2
2023-12-01 16:00:00,2,Татнефть-АЗС-003,55.0,224,0,0,1,16,4,56.07675971228569,total_fuel_sales,Продажи топлива,baseline_hgb_v2
2023-12-01 16:00:00,3,Татнефть-АЗС-004,19.0,95,1,0,0,16,4,18.798344689818574,total_fuel_sales,Продажи топлива,baseline_hgb_v2
2023-12-01 16:00:00,4,Татнефть-АЗС-005,17.0,76,0,0,1,16,4,19.245070798492883,total_fuel_sales,Продажи топлива,baseline_hgb_v2
2023-12-01 17:00:00,0,Татнефть-АЗС-001,227.0,405,0,1,0,17,4,205.85092036287904,total_fuel_sales,Продажи топлива,baseline_hgb_v2
2023-12-01 17:00:00,1,Татнефть-АЗС-002,70.0,183,0,1,0,17,4,69.90008578491269,total_fuel_sales,Продажи топлива,baseline_hgb_v2
2023-12-01 17:00:00,2,Татнефть-АЗС-003,270.0,692,0,0,1,17,4,326.99806601884785,total_fuel_sales,Продажи топлива,baseline_hgb_v2
2023-12-01 17:00:00,3,Татнефть-АЗС-004,136.0,352,0,0,0,17,4,156.39099843846844,total_fuel_sales,Продажи топлива,baseline_hgb_v2
2023-12-01 17:00:00,4,Татнефть-АЗС-005,96.0,224,0,0,1,17,4,106.38048482702736,total_fuel_sales,Продажи топлива,baseline_hgb_v2
2023-12-01 18:00:00,0,Татнефть-АЗС-001,229.0,414,1,1,0,18,4,208.10602905029282,total_fuel_sales,Продажи топлива,baseline_hgb_v2
2023-12-01 18:00:00,1,Татнефть-АЗС-002,171.0,326,1,1,0,18,4,167.95812514785166,total_fuel_sales,Продажи топлива,baseline_hgb_v2
2023-12-01 18:00:00,2,Татнефть-АЗС-003,227.0,533,0,0,1,18,4,267.06192926255443,total_fuel_sales,Продажи топлива,baseline_hgb_v2
2023-12-01 18:00:00,3,Татнефть-АЗС-004,167.0,410,0,0,0,18,4,180.80187036347994,total_fuel_sales,Продажи топлива,baseline_hgb_v2
2023-12-01 18:00:00,4,Татнефть-АЗС-005,91.0,226,0,0,1,18,4,110.79161050943776,total_fuel_sales,Продажи топлива,baseline_hgb_v2
2023-12-01 19:00:00,0,Татнефть-АЗС-001,225.0,410,0,1,0,19,4,208.49697685092508,total_fuel_sales,Продажи топлива,baseline_hgb_v2
2023-12-01 19:00:00,1,Татнефть-АЗС-002,163.0,305,0,1,0,19,4,153.18205728780185,total_fuel_sales,Продажи топлива,baseline_hgb_v2
2023-12-01 19:00:00,2,Татнефть-АЗС-003,348.0,694,0,0,1,19,4,321.17027142134447,total_fuel_sales,Продажи топлива,baseline_hgb_v2
2023-12-01 19:00:00,3,Татнефть-АЗС-004,185.0,403,0,0,0,19,4,181.53991870702978,total_fuel_sales,Продажи топлива,baseline_hgb_v2
2023-12-01 19:00:00,4,Татнефть-АЗС-005,44.0,130,1,0,1,19,4,47.748400123729105,total_fuel_sales,Продажи топлива,baseline_hgb_v2
2023-12-01 20:00:00,0,Татнефть-АЗС-001,21.0,102,0,1,0,20,4,21.424801360124498,total_fuel_sales,Продажи топлива,baseline_hgb_v2
2023-12-01 20:00:00,1,Татнефть-АЗС-002,21.0,88,1,1,0,20,4,22.221036464813285,total_fuel_sales,Продажи топлива,baseline_hgb_v2
2023-12-01 20:00:00,2,Татнефть-АЗС-003,44.0,233,0,0,1,20,4,58.22818715112619,total_fuel_sales,Продажи топлива,baseline_hgb_v2
2023-12-01 20:00:00,3,Татнефть-АЗС-004,17.0,96,0,0,0,20,4,18.798344689818574,total_fuel_sales,Продажи топлива,baseline_hgb_v2
2023-12-01 20:00:00,4,Татнефть-АЗС-005,13.0,67,0,0,1,20,4,15.91549494681192,total_fuel_sales,Продажи топлива,baseline_hgb_v2
2023-12-01 21:00:00,0,Татнефть-АЗС-001,21.0,101,0,1,0,21,4,20.148125841015442,total_fuel_sales,Продажи топлива,baseline_hgb_v2
2023-12-01 21:00:00,1,Татнефть-АЗС-002,9.0,49,1,1,0,21,4,10.887826526310329,total_fuel_sales,Продажи топлива,baseline_hgb_v2
2023-12-01 21:00:00,2,Татнефть-АЗС-003,21.0,107,1,0,1,21,4,21.366522431092278,total_fuel_sales,Продажи топлива,baseline_hgb_v2
2023-12-01 21:00:00,3,Татнефть-АЗС-004,17.0,104,0,0,0,21,4,21.260037144118694,total_fuel_sales,Продажи топлива,baseline_hgb_v2
2023-12-01 21:00:00,4,Татнефть-АЗС-005,8.0,48,0,0,1,21,4,11.091484016598484,total_fuel_sales,Продажи топлива,baseline_hgb_v2
2023-12-01 22:00:00,0,Татнефть-АЗС-001,8.0,29,0,1,0,22,4,6.846618901734436,total_fuel_sales,Продажи топлива,baseline_hgb_v2
2023-12-01 22:00:00,1,Татнефть-АЗС-002,2.0,12,1,1,0,22,4,2.855822090949347,total_fuel_sales,Продажи топлива,baseline_hgb_v2
2023-12-01 22:00:00,2,Татнефть-АЗС-003,2.0,20,0,0,1,22,4,2.317638351293285,total_fuel_sales,Продажи топлива,baseline_hgb_v2
2023-12-01 22:00:00,3,Татнефть-АЗС-004,2.0,23,0,0,0,22,4,2.787636290348153,total_fuel_sales,Продажи топлива,baseline_hgb_v2
2023-12-01 22:00:00,4,Татнефть-АЗС-005,2.0,11,0,0,1,22,4,2.0683402334707095,total_fuel_sales,Продажи топлива,baseline_hgb_v2
2023-12-01 23:00:00,0,Татнефть-АЗС-001,3.0,20,0,1,0,23,4,2.547133435026854,total_fuel_sales,Продажи топлива,baseline_hgb_v2
2023-12-01 23:00:00,1,Татнефть-АЗС-002,2.0,13,1,1,0,23,4,2.0851084825481827,total_fuel_sales,Продажи топлива,baseline_hgb_v2
2023-12-01 23:00:00,2,Татнефть-АЗС-003,8.0,29,0,0,1,23,4,6.452242557239942,total_fuel_sales,Продажи топлива,baseline_hgb_v2
2023-12-01 23:00:00,3,Татнефть-АЗС-004,3.0,22,0,0,0,23,4,2.185915727594915,total_fuel_sales,Продажи топлива,baseline_hgb_v2
2023-12-01 23:00:00,4,Татнефть-АЗС-005,1.0,8,0,0,1,23,4,2.0683402334707095,total_fuel_sales,Продажи топлива,baseline_hgb_v2
2023-12-02 00:00:00,0,Татнефть-АЗС-001,4.0,26,1,1,0,0,5,3.879704010186912,total_fuel_sales,Продажи топлива,baseline_hgb_v2
2023-12-02 00:00:00,1,Татнефть-АЗС-002,2.0,11,1,1,0,0,5,3.0769741823124077,total_fuel_sales,Продажи топлива,baseline_hgb_v2
2023-12-02 00:00:00,2,Татнефть-АЗС-003,4.0,25,0,0,1,0,5,3.673901026284918,total_fuel_sales,Продажи топлива,baseline_hgb_v2
2023-12-02 00:00:00,3,Татнефть-АЗС-004,8.0,37,0,0,0,0,5,8.312260619685851,total_fuel_sales,Продажи топлива,baseline_hgb_v2
2023-12-02 00:00:00,4,Татнефть-АЗС-005,2.0,9,0,0,1,0,5,1.6462853409911455,total_fuel_sales,Продажи топлива,baseline_hgb_v2
2023-12-02 01:00:00,0,Татнефть-АЗС-001,8.0,33,0,1,0,1,5,7.715764833234679,total_fuel_sales,Продажи топлива,baseline_hgb_v2
2023-12-02 01:00:00,1,Татнефть-АЗС-002,2.0,13,0,1,0,1,5,3.0769741823124077,total_fuel_sales,Продажи топлива,baseline_hgb_v2
2023-12-02 01:00:00,2,Татнефть-АЗС-003,4.0,27,0,0,1,1,5,4.545290626705891,total_fuel_sales,Продажи топлива,baseline_hgb_v2
2023-12-02 01:00:00,3,Татнефть-АЗС-004,8.0,33,0,0,0,1,5,6.148897336617812,total_fuel_sales,Продажи топлива,baseline_hgb_v2
2023-12-02 01:00:00,4,Татнефть-АЗС-005,2.0,12,1,0,1,1,5,2.522642304558978,total_fuel_sales,Продажи топлива,baseline_hgb_v2
2023-12-02 02:00:00,0,Татнефть-АЗС-001,12.0,39,0,1,0,2,5,10.086718505497151,total_fuel_sales,Продажи топлива,baseline_hgb_v2
2023-12-02 02:00:00,1,Татнефть-АЗС-002,2.0,11,0,1,0,2,5,3.0769741823124077,total_fuel_sales,Продажи топлива,baseline_hgb_v2
2023-12-02 02:00:00,2,Татнефть-АЗС-003,8.0,34,1,0,1,2,5,7.847266654103357,total_fuel_sales,Продажи топлива,baseline_hgb_v2
2023-12-02 02:00:00,3,Татнефть-АЗС-004,2.0,23,0,0,0,2,5,2.4471198679236164,total_fuel_sales,Продажи топлива,baseline_hgb_v2
2023-12-02 02:00:00,4,Татнефть-АЗС-005,2.0,11,0,0,1,2,5,2.522642304558978,total_fuel_sales,Продажи топлива,baseline_hgb_v2
2023-12-02 03:00:00,0,Татнефть-АЗС-001,5.0,26,0,1,0,3,5,3.879704010186912,total_fuel_sales,Продажи топлива,baseline_hgb_v2
2023-12-02 03:00:00,1,Татнефть-АЗС-002,2.0,12,0,1,0,3,5,3.0769741823124077,total_fuel_sales,Продажи топлива,baseline_hgb_v2
2023-12-02 03:00:00,2,Татнефть-АЗС-003,3.0,27,1,0,1,3,5,4.673978528219869,total_fuel_sales,Продажи топлива,baseline_hgb_v2
2023-12-02 03:00:00,3,Татнефть-АЗС-004,3.0,26,1,0,0,3,5,3.3843364781234477,total_fuel_sales,Продажи топлива,baseline_hgb_v2
2023-12-02 03:00:00,4,Татнефть-АЗС-005,1.0,8,1,0,1,3,5,1.517597439477168,total_fuel_sales,Продажи топлива,baseline_hgb_v2
2023-12-02 04:00:00,0,Татнефть-АЗС-001,8.0,36,0,1,0,4,5,8.697493803646068,total_fuel_sales,Продажи топлива,baseline_hgb_v2
2023-12-02 04:00:00,1,Татнефть-АЗС-002,2.0,9,1,1,0,4,5,2.0252309040824827,total_fuel_sales,Продажи топлива,baseline_hgb_v2
2023-12-02 04:00:00,2,Татнефть-АЗС-003,3.0,27,1,0,1,4,5,4.545290626705891,total_fuel_sales,Продажи топлива,baseline_hgb_v2
2023-12-02 04:00:00,3,Татнефть-АЗС-004,8.0,36,0,0,0,4,5,7.590190524307474,total_fuel_sales,Продажи топлива,baseline_hgb_v2
2023-12-02 04:00:00,4,Татнефть-АЗС-005,0.0,7,0,0,1,4,5,1.6462853409911455,total_fuel_sales,Продажи топлива,baseline_hgb_v2
2023-12-02 05:00:00,0,Татнефть-АЗС-001,4.0,24,0,1,0,5,5,2.9424873999870806,total_fuel_sales,Продажи топлива,baseline_hgb_v2
2023-12-02 05:00:00,1,Татнефть-АЗС-002,1.0,8,0,1,0,5,5,2.0252309040824827,total_fuel_sales,Продажи топлива,baseline_hgb_v2
2023-12-02 05:00:00,2,Татнефть-АЗС-003,8.0,41,0,0,1,5,5,10.565602598603332,total_fuel_sales,Продажи топлива,baseline_hgb_v2
2023-12-02 05:00:00,3,Татнефть-АЗС-004,12.0,40,0,0,0,5,5,9.567791931122372,total_fuel_sales,Продажи топлива,baseline_hgb_v2
2023-12-02 05:00:00,4,Татнефть-АЗС-005,2.0,10,0,0,1,5,5,2.522642304558978,total_fuel_sales,Продажи топлива,baseline_hgb_v2
2023-12-02 06:00:00,0,Татнефть-АЗС-001,29.0,130,0,1,0,6,5,28.729980488262168,total_fuel_sales,Продажи топлива,baseline_hgb_v2
2023-12-02 06:00:00,1,Татнефть-АЗС-002,8.0,42,0,1,0,6,5,9.219651325217729,total_fuel_sales,Продажи топлива,baseline_hgb_v2
2023-12-02 06:00:00,2,Татнефть-АЗС-003,39.0,169,0,0,1,6,5,39.36606861191627,total_fuel_sales,Продажи топлива,baseline_hgb_v2
2023-12-02 06:00:00,3,Татнефть-АЗС-004,60.0,264,0,0,0,6,5,62.26239485868942,total_fuel_sales,Продажи топлива,baseline_hgb_v2
2023-12-02 06:00:00,4,Татнефть-АЗС-005,11.0,63,0,0,1,6,5,12.134591821108035,total_fuel_sales,Продажи топлива,baseline_hgb_v2
2023-12-02 07:00:00,0,Татнефть-АЗС-001,132.0,300,0,1,0,7,5,123.803107701874,total_fuel_sales,Продажи топлива,baseline_hgb_v2
2023-12-02 07:00:00,1,Татнефть-АЗС-002,39.0,100,0,1,0,7,5,36.84417657076377,total_fuel_sales,Продажи топлива,baseline_hgb_v2
2023-12-02 07:00:00,2,Татнефть-АЗС-003,204.0,506,1,0,1,7,5,253.97840824391147,total_fuel_sales,Продажи топлива,baseline_hgb_v2
2023-12-02 07:00:00,3,Татнефть-АЗС-004,167.0,437,0,0,0,7,5,167.15715998084704,total_fuel_sales,Продажи топлива,baseline_hgb_v2
2023-12-02 07:00:00,4,Татнефть-АЗС-005,79.0,216,0,0,1,7,5,92.8547197900817,total_fuel_sales,Продажи топлива,baseline_hgb_v2
2023-12-02 08:00:00,0,Татнефть-АЗС-001,229.0,469,1,1,0,8,5,254.0279826870518,total_fuel_sales,Продажи топлива,baseline_hgb_v2
2023-12-02 08:00:00,1,Татнефть-АЗС-002,54.0,125,0,1,0,8,5,45.89831963403145,total_fuel_sales,Продажи топлива,baseline_hgb_v2
2023-12-02 08:00:00,2,Татнефть-АЗС-003,167.0,384,0,0,1,8,5,181.59440474530862,total_fuel_sales,Продажи топлива,baseline_hgb_v2
2023-12-02 08:00:00,3,Татнефть-АЗС-004,185.0,469,0,0,0,8,5,174.28070101701744,total_fuel_sales,Продажи топлива,baseline_hgb_v2
2023-12-02 08:00:00,4,Татнефть-АЗС-005,87.0,224,0,0,1,8,5,99.41394481916515,total_fuel_sales,Продажи топлива,baseline_hgb_v2
2023-12-02 09:00:00,0,Татнефть-АЗС-001,256.0,537,1,1,0,9,5,295.4737223152808,total_fuel_sales,Продажи топлива,baseline_hgb_v2
2023-12-02 09:00:00,1,Татнефть-АЗС-002,35.0,97,1,1,0,9,5,35.60722309443697,total_fuel_sales,Продажи топлива,baseline_hgb_v2
2023-12-02 09:00:00,2,Татнефть-АЗС-003,116.0,317,0,0,1,9,5,114.13581927633027,total_fuel_sales,Продажи топлива,baseline_hgb_v2
2023-12-02 09:00:00,3,Татнефть-АЗС-004,359.0,763,1,0,0,9,5,382.35254848829726,total_fuel_sales,Продажи топлива,baseline_hgb_v2
2023-12-02 09:00:00,4,Татнефть-АЗС-005,91.0,228,0,0,1,9,5,100.88853409195951,total_fuel_sales,Продажи топлива,baseline_hgb_v2
2023-12-02 10:00:00,0,Татнефть-АЗС-001,21.0,111,0,1,0,10,5,22.696347636189444,total_fuel_sales,Продажи топлива,baseline_hgb_v2
2023-12-02 10:00:00,1,Татнефть-АЗС-002,8.0,46,1,1,0,10,5,9.580928637292363,total_fuel_sales,Продажи топлива,baseline_hgb_v2
2023-12-02 10:00:00,2,Татнефть-АЗС-003,34.0,168,0,0,1,10,5,39.338574337721084,total_fuel_sales,Продажи топлива,baseline_hgb_v2
2023-12-02 10:00:00,3,Татнефть-АЗС-004,32.0,199,0,0,0,10,5,41.556200316907095,total_fuel_sales,Продажи топлива,baseline_hgb_v2
2023-12-02 10:00:00,4,Татнефть-АЗС-005,8.0,55,0,0,1,10,5,10.938123314984265,total_fuel_sales,Продажи топлива,baseline_hgb_v2
2023-12-02 11:00:00,0,Татнефть-АЗС-001,28.0,126,0,1,0,11,5,27.64302243333612,total_fuel_sales,Продажи топлива,baseline_hgb_v2
2023-12-02 11:00:00,1,Татнефть-АЗС-002,8.0,44,0,1,0,11,5,9.580928637292363,total_fuel_sales,Продажи топлива,baseline_hgb_v2
2023-12-02 11:00:00,2,Татнефть-АЗС-003,23.0,129,0,0,1,11,5,25.361477281571496,total_fuel_sales,Продажи топлива,baseline_hgb_v2
2023-12-02 11:00:00,3,Татнефть-АЗС-004,34.0,174,0,0,0,11,5,38.94771017019747,total_fuel_sales,Продажи топлива,baseline_hgb_v2
2023-12-02 11:00:00,4,Татнефть-АЗС-005,13.0,64,1,0,1,11,5,14.18442157884479,total_fuel_sales,Продажи топлива,baseline_hgb_v2
2023-12-02 12:00:00,0,Татнефть-АЗС-001,82.0,180,1,1,0,12,5,81.651441983536,total_fuel_sales,Продажи топлива,baseline_hgb_v2
2023-12-02 12:00:00,1,Татнефть-АЗС-002,21.0,54,0,1,0,12,5,18.03357827237846,total_fuel_sales,Продажи топлива,baseline_hgb_v2
2023-12-02 12:00:00,2,Татнефть-АЗС-003,29.0,107,1,0,1,12,5,32.20253951257648,total_fuel_sales,Продажи топлива,baseline_hgb_v2
2023-12-02 12:00:00,3,Татнефть-АЗС-004,62.0,188,0,0,0,12,5,77.30254050990357,total_fuel_sales,Продажи топлива,baseline_hgb_v2
2023-12-02 12:00:00,4,Татнефть-АЗС-005,21.0,67,0,0,1,12,5,24.859922482311074,total_fuel_sales,Продажи топлива,baseline_hgb_v2
2023-12-02 13:00:00,0,Татнефть-АЗС-001,41.0,125,1,1,0,13,5,44.49700560926084,total_fuel_sales,Продажи топлива,baseline_hgb_v2
2023-12-02 13:00:00,1,Татнефть-АЗС-002,19.0,53,0,1,0,13,5,18.03357827237846,total_fuel_sales,Продажи топлива,baseline_hgb_v2
2023-12-02 13:00:00,2,Татнефть-АЗС-003,56.0,171,1,0,1,13,5,70.01235949379881,total_fuel_sales,Продажи топлива,baseline_hgb_v2
2023-12-02 13:00:00,3,Татнефть-АЗС-004,38.0,114,1,0,0,13,5,34.634114807180104,total_fuel_sales,Продажи топлива,baseline_hgb_v2
2023-12-02 13:00:00,4,Татнефть-АЗС-005,21.0,63,0,0,1,13,5,22.22672330872078,total_fuel_sales,Продажи топлива,baseline_hgb_v2
2023-12-02 14:00:00,0,Татнефть-АЗС-001,44.0,125,0,1,0,14,5,44.49700560926084,total_fuel_sales,Продажи топлива,baseline_hgb_v2
2023-12-02 14:00:00,1,Татнефть-АЗС-002,13.0,41,1,1,0,14,5,12.96114436887235,total_fuel_sales,Продажи топлива,baseline_hgb_v2
2023-12-02 14:00:00,2,Татнефть-АЗС-003,71.0,198,0,0,1,14,5,83.34083843733166,total_fuel_sales,Продажи топлива,baseline_hgb_v2
2023-12-02 14:00:00,3,Татнефть-АЗС-004,35.0,133,0,0,0,14,5,41.11516129522423,total_fuel_sales,Продажи топлива,baseline_hgb_v2
2023-12-02 14:00:00,4,Татнефть-АЗС-005,23.0,61,1,0,1,14,5,21.195733952365327,total_fuel_sales,Продажи топлива,baseline_hgb_v2
2023-12-02 15:00:00,0,Татнефть-АЗС-001,32.0,147,0,1,0,15,5,32.228121989645075,total_fuel_sales,Продажи топлива,baseline_hgb_v2
2023-12-02 15:00:00,1,Татнефть-АЗС-002,7.0,38,0,1,0,15,5,7.075096446886302,total_fuel_sales,Продажи топлива,baseline_hgb_v2
2023-12-02 15:00:00,2,Татнефть-АЗС-003,17.0,102,1,0,1,15,5,20.26318752455031,total_fuel_sales,Продажи топлива,baseline_hgb_v2
2023-12-02 15:00:00,3,Татнефть-АЗС-004,33.0,173,0,0,0,15,5,39.57011432929574,total_fuel_sales,Продажи топлива,baseline_hgb_v2
2023-12-02 15:00:00,4,Татнефть-АЗС-005,6.0,41,0,0,1,15,5,8.824956357096879,total_fuel_sales,Продажи топлива,baseline_hgb_v2
2023-12-02 16:00:00,0,Татнефть-АЗС-001,44.0,177,0,1,0,16,5,44.604408508661976,total_fuel_sales,Продажи топлива,baseline_hgb_v2
2023-12-02 16:00:00,1,Татнефть-АЗС-002,13.0,71,0,1,0,16,5,17.890676712458237,total_fuel_sales,Продажи топлива,baseline_hgb_v2
2023-12-02 16:00:00,2,Татнефть-АЗС-003,28.0,183,0,0,1,16,5,37.60770593865359,total_fuel_sales,Продажи топлива,baseline_hgb_v2
2023-12-02 16:00:00,3,Татнефть-АЗС-004,21.0,111,1,0,0,16,5,21.093762802624678,total_fuel_sales,Продажи топлива,baseline_hgb_v2
2023-12-02 16:00:00,4,Татнефть-АЗС-005,7.0,41,0,0,1,16,5,8.824956357096879,total_fuel_sales,Продажи топлива,baseline_hgb_v2
2023-12-02 17:00:00,0,Татнефть-АЗС-001,235.0,474,0,1,0,17,5,242.02762869420704,total_fuel_sales,Продажи топлива,baseline_hgb_v2
2023-12-02 17:00:00,1,Татнефть-АЗС-002,114.0,234,0,1,0,17,5,106.54488246630497,total_fuel_sales,Продажи топлива,baseline_hgb_v2
2023-12-02 17:00:00,2,Татнефть-АЗС-003,300.0,745,1,0,1,17,5,351.55726593291075,total_fuel_sales,Продажи топлива,baseline_hgb_v2
2023-12-02 17:00:00,3,Татнефть-АЗС-004,122.0,363,0,0,0,17,5,130.96882451517249,total_fuel_sales,Продажи топлива,baseline_hgb_v2
2023-12-02 17:00:00,4,Татнефть-АЗС-005,69.0,174,0,0,1,17,5,75.41227229173938,total_fuel_sales,Продажи топлива,baseline_hgb_v2
2023-12-02 18:00:00,0,Татнефть-АЗС-001,255.0,561,1,1,0,18,5,303.75058455913995,total_fuel_sales,Продажи топлива,baseline_hgb_v2
2023-12-02 18:00:00,1,Татнефть-АЗС-002,96.0,237,1,1,0,18,5,110.49652969124169,total_fuel_sales,Продажи топлива,baseline_hgb_v2
2023-12-02 18:00:00,2,Татнефть-АЗС-003,424.0,881,0,0,1,18,5,474.4716324186617,total_fuel_sales,Продажи топлива,baseline_hgb_v2
2023-12-02 18:00:00,3,Татнефть-АЗС-004,202.0,479,0,0,0,18,5,230.29656205924599,total_fuel_sales,Продажи топлива,baseline_hgb_v2
2023-12-02 18:00:00,4,Татнефть-АЗС-005,62.0,160,0,0,1,18,5,65.29036530687048,total_fuel_sales,Продажи топлива,baseline_hgb_v2
2023-12-02 19:00:00,0,Татнефть-АЗС-001,203.0,438,0,1,0,19,5,231.37671054205344,total_fuel_sales,Продажи топлива,baseline_hgb_v2
2023-12-02 19:00:00,1,Татнефть-АЗС-002,95.0,245,0,1,0,19,5,112.90879856954237,total_fuel_sales,Продажи топлива,baseline_hgb_v2
2023-12-02 19:00:00,2,Татнефть-АЗС-003,152.0,456,0,0,1,19,5,177.0589774293979,total_fuel_sales,Продажи топлива,baseline_hgb_v2
2023-12-02 19:00:00,3,Татнефть-АЗС-004,225.0,460,1,0,0,19,5,220.99291238738175,total_fuel_sales,Продажи топлива,baseline_hgb_v2
2023-12-02 19:00:00,4,Татнефть-АЗС-005,62.0,162,0,0,1,19,5,68.89023142385392,total_fuel_sales,Продажи топлива,baseline_hgb_v2
2023-12-02 20:00:00,0,Татнефть-АЗС-001,41.0,161,0,1,0,20,5,36.96139542023369,total_fuel_sales,Продажи топлива,baseline_hgb_v2
2023-12-02 20:00:00,1,Татнефть-АЗС-002,19.0,79,0,1,0,20,5,19.820821567409787,total_fuel_sales,Продажи топлива,baseline_hgb_v2
2023-12-02 20:00:00,2,Татнефть-АЗС-003,56.0,274,0,0,1,20,5,64.45515881506176,total_fuel_sales,Продажи топлива,baseline_hgb_v2
2023-12-02 20:00:00,3,Татнефть-АЗС-004,39.0,179,1,0,0,20,5,41.503547933277375,total_fuel_sales,Продажи топлива,baseline_hgb_v2
2023-12-02 20:00:00,4,Татнефть-АЗС-005,9.0,55,0,0,1,20,5,12.214352382757053,total_fuel_sales,Продажи топлива,baseline_hgb_v2
2023-12-02 21:00:00,0,Татнефть-АЗС-001,33.0,158,1,1,0,21,5,37.22394245183995,total_fuel_sales,Продажи топлива,baseline_hgb_v2
2023-12-02 21:00:00,1,Татнефть-АЗС-002,9.0,50,0,1,0,21,5,11.597818096226074,total_fuel_sales,Продажи топлива,baseline_hgb_v2
2023-12-02 21:00:00,2,Татнефть-АЗС-003,23.0,124,0,0,1,21,5,24.289873942388112,total_fuel_sales,Продажи топлива,baseline_hgb_v2
2023-12-02 21:00:00,3,Татнефть-АЗС-004,39.0,160,0,0,0,21,5,35.586597100378306,total_fuel_sales,Продажи топлива,baseline_hgb_v2
2023-12-02 21:00:00,4,Татнефть-АЗС-005,11.0,61,1,0,1,21,5,13.12364682469029,total_fuel_sales,Продажи топлива,baseline_hgb_v2
2023-12-02 22:00:00,0,Татнефть-АЗС-001,4.0,29,1,1,0,22,5,5.193461279499978,total_fuel_sales,Продажи топлива,baseline_hgb_v2
2023-12-02 22:00:00,1,Татнефть-АЗС-002,0.0,7,1,1,0,22,5,1.3833710475234613,total_fuel_sales,Продажи топлива,baseline_hgb_v2
2023-12-02 22:00:00,2,Татнефть-АЗС-003,8.0,33,1,0,1,22,5,6.949296312356561,total_fuel_sales,Продажи топлива,baseline_hgb_v2
2023-12-02 22:00:00,3,Татнефть-АЗС-004,8.0,35,0,0,0,22,5,7.359058107301539,total_fuel_sales,Продажи топлива,baseline_hgb_v2
2023-12-02 22:00:00,4,Татнефть-АЗС-005,0.0,8,0,0,1,22,5,1.6305359359616327,total_fuel_sales,Продажи топлива,baseline_hgb_v2
2023-12-02 23:00:00,0,Татнефть-АЗС-001,4.0,28,0,1,0,23,5,4.499506398833024,total_fuel_sales,Продажи топлива,baseline_hgb_v2
2023-12-02 23:00:00,1,Татнефть-АЗС-002,1.0,8,0,1,0,23,5,1.3833710475234613,total_fuel_sales,Продажи топлива,baseline_hgb_v2
2023-12-02 23:00:00,2,Татнефть-АЗС-003,3.0,28,0,0,1,23,5,4.292165458556544,total_fuel_sales,Продажи топлива,baseline_hgb_v2
2023-12-02 23:00:00,3,Татнефть-АЗС-004,8.0,35,0,0,0,23,5,7.437694727933301,total_fuel_sales,Продажи топлива,baseline_hgb_v2
2023-12-02 23:00:00,4,Татнефть-АЗС-005,2.0,11,0,0,1,23,5,1.7631589798968994,total_fuel_sales,Продажи топлива,baseline_hgb_v2
2023-12-03 00:00:00,0,Татнефть-АЗС-001,3.0,27,1,1,0,0,6,4.879781512121864,total_fuel_sales,Продажи топлива,baseline_hgb_v2
2023-12-03 00:00:00,1,Татнефть-АЗС-002,2.0,12,0,1,0,0,6,3.0769741823124077,total_fuel_sales,Продажи топлива,baseline_hgb_v2
2023-12-03 00:00:00,2,Татнефть-АЗС-003,4.0,28,1,0,1,0,6,4.673978528219869,total_fuel_sales,Продажи топлива,baseline_hgb_v2
2023-12-03 00:00:00,3,Татнефть-АЗС-004,8.0,42,0,0,0,0,6,10.079876969888275,total_fuel_sales,Продажи топлива,baseline_hgb_v2
2023-12-03 00:00:00,4,Татнефть-АЗС-005,2.0,12,0,0,1,0,6,2.4726020068861994,total_fuel_sales,Продажи топлива,baseline_hgb_v2
2023-12-03 01:00:00,0,Татнефть-АЗС-001,8.0,36,1,1,0,1,6,7.934365823176685,total_fuel_sales,Продажи топлива,baseline_hgb_v2
2023-12-03 01:00:00,1,Татнефть-АЗС-002,1.0,7,0,1,0,1,6,2.0252309040824827,total_fuel_sales,Продажи топлива,baseline_hgb_v2
2023-12-03 01:00:00,2,Татнефть-АЗС-003,8.0,34,0,0,1,1,6,7.860742226456367,total_fuel_sales,Продажи топлива,baseline_hgb_v2
2023-12-03 01:00:00,3,Татнефть-АЗС-004,8.0,41,0,0,0,1,6,10.318148111117665,total_fuel_sales,Продажи топлива,baseline_hgb_v2
2023-12-03 01:00:00,4,Татнефть-АЗС-005,2.0,9,0,0,1,1,6,1.6462853409911455,total_fuel_sales,Продажи топлива,baseline_hgb_v2
2023-12-03 02:00:00,0,Татнефть-АЗС-001,8.0,30,0,1,0,2,6,6.125573089249117,total_fuel_sales,Продажи топлива,baseline_hgb_v2
2023-12-03 02:00:00,1,Татнефть-АЗС-002,1.0,7,0,1,0,2,6,2.0252309040824827,total_fuel_sales,Продажи топлива,baseline_hgb_v2
2023-12-03 02:00:00,2,Татнефть-АЗС-003,3.0,27,0,0,1,2,6,4.662909219001794,total_fuel_sales,Продажи топлива,baseline_hgb_v2
2023-12-03 02:00:00,3,Татнефть-АЗС-004,8.0,39,0,0,0,2,6,9.094627555319523,total_fuel_sales,Продажи топлива,baseline_hgb_v2
2023-12-03 02:00:00,4,Татнефть-АЗС-005,2.0,14,1,0,1,2,6,2.522642304558978,total_fuel_sales,Продажи топлива,baseline_hgb_v2
2023-12-03 03:00:00,0,Татнефть-АЗС-001,12.0,42,0,1,0,3,6,11.058492347712896,total_fuel_sales,Продажи топлива,baseline_hgb_v2
2023-12-03 03:00:00,1,Татнефть-АЗС-002,2.0,11,0,1,0,3,6,3.0769741823124077,total_fuel_sales,Продажи топлива,baseline_hgb_v2
2023-12-03 03:00:00,2,Татнефть-АЗС-003,3.0,27,0,0,1,3,6,4.673978528219869,total_fuel_sales,Продажи топлива,baseline_hgb_v2
2023-12-03 03:00:00,3,Татнефть-АЗС-004,8.0,38,0,0,0,3,6,8.772766324089602,total_fuel_sales,Продажи топлива,baseline_hgb_v2
2023-12-03 03:00:00,4,Татнефть-АЗС-005,2.0,11,0,0,1,3,6,2.3939544030450004,total_fuel_sales,Продажи топлива,baseline_hgb_v2
2023-12-03 04:00:00,0,Татнефть-АЗС-001,3.0,24,0,1,0,4,6,2.9424873999870806,total_fuel_sales,Продажи топлива,baseline_hgb_v2
2023-12-03 04:00:00,1,Татнефть-АЗС-002,2.0,8,0,1,0,4,6,2.0252309040824827,total_fuel_sales,Продажи топлива,baseline_hgb_v2
2023-12-03 04:00:00,2,Татнефть-АЗС-003,8.0,36,0,0,1,4,6,8.108496387174101,total_fuel_sales,Продажи топлива,baseline_hgb_v2
2023-12-03 04:00:00,3,Татнефть-АЗС-004,8.0,31,0,0,0,4,6,6.861590504792645,total_fuel_sales,Продажи топлива,baseline_hgb_v2
2023-12-03 04:00:00,4,Татнефть-АЗС-005,2.0,12,0,0,1,4,6,2.522642304558978,total_fuel_sales,Продажи топлива,baseline_hgb_v2
2023-12-03 05:00:00,0,Татнефть-АЗС-001,8.0,41,1,1,0,5,6,11.296763488942284,total_fuel_sales,Продажи топлива,baseline_hgb_v2
2023-12-03 05:00:00,1,Татнефть-АЗС-002,2.0,13,0,1,0,5,6,3.0769741823124077,total_fuel_sales,Продажи топлива,baseline_hgb_v2
2023-12-03 05:00:00,2,Татнефть-АЗС-003,8.0,38,1,0,1,5,6,9.148908713089243,total_fuel_sales,Продажи топлива,baseline_hgb_v2
2023-12-03 05:00:00,3,Татнефть-АЗС-004,8.0,32,0,0,0,5,6,6.875066077145655,total_fuel_sales,Продажи топлива,baseline_hgb_v2
2023-12-03 05:00:00,4,Татнефть-АЗС-005,2.0,12,0,0,1,5,6,2.3697397767236206,total_fuel_sales,Продажи топлива,baseline_hgb_v2
2023-12-03 06:00:00,0,Татнефть-АЗС-001,54.0,192,0,1,0,6,6,50.39769557692995,total_fuel_sales,Продажи топлива,baseline_hgb_v2
2023-12-03 06:00:00,1,Татнефть-АЗС-002,13.0,54,0,1,0,6,6,12.788724903405193,total_fuel_sales,Продажи топлива,baseline_hgb_v2
2023-12-03 06:00:00,2,Татнефть-АЗС-003,19.0,112,0,0,1,6,6,21.590949587117894,total_fuel_sales,Продажи топлива,baseline_hgb_v2
2023-12-03 06:00:00,3,Татнефть-АЗС-004,61.0,287,0,0,0,6,6,68.67296895281251,total_fuel_sales,Продажи топлива,baseline_hgb_v2
2023-12-03 06:00:00,4,Татнефть-АЗС-005,14.0,89,0,0,1,6,6,21.914785635642627,total_fuel_sales,Продажи топлива,baseline_hgb_v2
2023-12-03 07:00:00,0,Татнефть-АЗС-001,111.0,307,0,1,0,7,6,127.73319704267202,total_fuel_sales,Продажи топлива,baseline_hgb_v2
2023-12-03 07:00:00,1,Татнефть-АЗС-002,37.0,104,0,1,0,7,6,36.84417657076377,total_fuel_sales,Продажи топлива,baseline_hgb_v2
2023-12-03 07:00:00,2,Татнефть-АЗС-003,204.0,445,1,0,1,7,6,220.96835134111325,total_fuel_sales,Продажи топлива,baseline_hgb_v2
2023-12-03 07:00:00,3,Татнефть-АЗС-004,320.0,668,0,0,0,7,6,318.6521731287993,total_fuel_sales,Продажи топлива,baseline_hgb_v2
2023-12-03 07:00:00,4,Татнефть-АЗС-005,92.0,208,1,0,1,7,6,91.59213368901139,total_fuel_sales,Продажи топлива,baseline_hgb_v2
2023-12-03 08:00:00,0,Татнефть-АЗС-001,112.0,312,0,1,0,8,6,127.49365053480626,total_fuel_sales,Продажи топлива,baseline_hgb_v2
2023-12-03 08:00:00,1,Татнефть-АЗС-002,64.0,165,1,1,0,8,6,79.5133396457515,total_fuel_sales,Продажи топлива,baseline_hgb_v2
2023-12-03 08:00:00,2,Татнефть-АЗС-003,122.0,306,0,0,1,8,6,107.44940387141997,total_fuel_sales,Продажи топлива,baseline_hgb_v2
2023-12-03 08:00:00,3,Татнефть-АЗС-004,169.0,488,1,0,0,8,6,192.35172553566989,total_fuel_sales,Продажи топлива,baseline_hgb_v2
2023-12-03 08:00:00,4,Татнефть-АЗС-005,105.0,247,0,0,1,8,6,110.04834764410161,total_fuel_sales,Продажи топлива,baseline_hgb_v2
2023-12-03 09:00:00,0,Татнефть-АЗС-001,115.0,337,0,1,0,9,6,137.69695189604872,total_fuel_sales,Продажи топлива,baseline_hgb_v2
2023-12-03 09:00:00,1,Татнефть-АЗС-002,62.0,153,1,1,0,9,6,68.82725277715618,total_fuel_sales,Продажи топлива,baseline_hgb_v2
2023-12-03 09:00:00,2,Татнефть-АЗС-003,192.0,464,1,0,1,9,6,232.47508494606214,total_fuel_sales,Продажи топлива,baseline_hgb_v2
2023-12-03 09:00:00,3,Татнефть-АЗС-004,268.0,706,0,0,0,9,6,334.6793627766004,total_fuel_sales,Продажи топлива,baseline_hgb_v2
2023-12-03 09:00:00,4,Татнефть-АЗС-005,80.0,197,0,0,1,9,6,87.13186975011826,total_fuel_sales,Продажи топлива,baseline_hgb_v2
2023-12-03 10:00:00,0,Татнефть-АЗС-001,23.0,125,0,1,0,10,6,27.262755988583287,total_fuel_sales,Продажи топлива,baseline_hgb_v2
2023-12-03 10:00:00,1,Татнефть-АЗС-002,8.0,39,0,1,0,10,6,7.989172971562822,total_fuel_sales,Продажи топлива,baseline_hgb_v2
2023-12-03 10:00:00,2,Татнефть-АЗС-003,21.0,125,0,0,1,10,6,24.427513235650224,total_fuel_sales,Продажи топлива,baseline_hgb_v2
2023-12-03 10:00:00,3,Татнефть-АЗС-004,35.0,179,0,0,0,10,6,35.236291279743114,total_fuel_sales,Продажи топлива,baseline_hgb_v2
2023-12-03 10:00:00,4,Татнефть-АЗС-005,9.0,59,0,0,1,10,6,11.540093885325726,total_fuel_sales,Продажи топлива,baseline_hgb_v2
2023-12-03 11:00:00,0,Татнефть-АЗС-001,41.0,175,0,1,0,11,6,44.946529089735705,total_fuel_sales,Продажи топлива,baseline_hgb_v2
2023-12-03 11:00:00,1,Татнефть-АЗС-002,7.0,43,0,1,0,11,6,9.580928637292363,total_fuel_sales,Продажи топлива,baseline_hgb_v2
2023-12-03 11:00:00,2,Татнефть-АЗС-003,19.0,113,0,0,1,11,6,22.091243875041663,total_fuel_sales,Продажи топлива,baseline_hgb_v2
2023-12-03 11:00:00,3,Татнефть-АЗС-004,23.0,124,0,0,0,11,6,24.28172666468239,total_fuel_sales,Продажи топлива,baseline_hgb_v2
2023-12-03 11:00:00,4,Татнефть-АЗС-005,11.0,51,0,0,1,11,6,11.833519114792866,total_fuel_sales,Продажи топлива,baseline_hgb_v2
2023-12-03 12:00:00,0,Татнефть-АЗС-001,64.0,155,1,1,0,12,6,68.72875971700876,total_fuel_sales,Продажи топлива,baseline_hgb_v2
2023-12-03 12:00:00,1,Татнефть-АЗС-002,12.0,38,1,1,0,12,6,11.45844934709994,total_fuel_sales,Продажи топлива,baseline_hgb_v2
2023-12-03 12:00:00,2,Татнефть-АЗС-003,41.0,126,0,0,1,12,6,40.52761753602285,total_fuel_sales,Продажи топлива,baseline_hgb_v2
2023-12-03 12:00:00,3,Татнефть-АЗС-004,64.0,192,0,0,0,12,6,78.40927253888869,total_fuel_sales,Продажи топлива,baseline_hgb_v2
2023-12-03 12:00:00,4,Татнефть-АЗС-005,11.0,39,0,0,1,12,6,10.89261864875272,total_fuel_sales,Продажи топлива,baseline_hgb_v2
2023-12-03 13:00:00,0,Татнефть-АЗС-001,68.0,178,0,1,0,13,6,78.76298198752461,total_fuel_sales,Продажи топлива,baseline_hgb_v2
2023-12-03 13:00:00,1,Татнефть-АЗС-002,21.0,53,0,1,0,13,6,18.03357827237846,total_fuel_sales,Продажи топлива,baseline_hgb_v2
2023-12-03 13:00:00,2,Татнефть-АЗС-003,60.0,168,0,0,1,13,6,65.63876391113273,total_fuel_sales,Продажи топлива,baseline_hgb_v2
2023-12-03 13:00:00,3,Татнефть-АЗС-004,60.0,168,0,0,0,13,6,65.88618991724508,total_fuel_sales,Продажи топлива,baseline_hgb_v2
2023-12-03 13:00:00,4,Татнефть-АЗС-005,21.0,63,0,0,1,13,6,22.250937935042156,total_fuel_sales,Продажи топлива,baseline_hgb_v2
2023-12-03 14:00:00,0,Татнефть-АЗС-001,45.0,124,0,1,0,14,6,44.49700560926084,total_fuel_sales,Продажи топлива,baseline_hgb_v2
2023-12-03 14:00:00,1,Татнефть-АЗС-002,14.0,42,0,1,0,14,6,12.96114436887235,total_fuel_sales,Продажи топлива,baseline_hgb_v2
2023-12-03 14:00:00,2,Татнефть-АЗС-003,39.0,140,0,0,1,14,6,44.751635669536356,total_fuel_sales,Продажи топлива,baseline_hgb_v2
2023-12-03 14:00:00,3,Татнефть-АЗС-004,60.0,157,0,0,0,14,6,55.84987486639755,total_fuel_sales,Продажи топлива,baseline_hgb_v2
2023-12-03 14:00:00,4,Татнефть-АЗС-005,19.0,60,0,0,1,14,6,21.195733952365327,total_fuel_sales,Продажи топлива,baseline_hgb_v2
2023-12-03 15:00:00,0,Татнефть-АЗС-001,27.0,135,1,1,0,15,6,28.682190368584134,total_fuel_sales,Продажи топлива,baseline_hgb_v2
2023-12-03 15:00:00,1,Татнефть-АЗС-002,12.0,60,0,1,0,15,6,13.215231677958823,total_fuel_sales,Продажи топлива,baseline_hgb_v2
2023-12-03 15:00:00,2,Татнефть-АЗС-003,21.0,122,0,0,1,15,6,23.43648758450481,total_fuel_sales,Продажи топлива,baseline_hgb_v2
2023-12-03 15:00:00,3,Татнефть-АЗС-004,33.0,167,0,0,0,15,6,36.647601912295485,total_fuel_sales,Продажи топлива,baseline_hgb_v2
2023-12-03 15:00:00,4,Татнефть-АЗС-005,12.0,57,0,0,1,15,6,12.681627888618735,total_fuel_sales,Продажи топлива,baseline_hgb_v2
2023-12-03 16:00:00,0,Татнефть-АЗС-001,43.0,181,1,1,0,16,6,46.549097944992695,total_fuel_sales,Продажи топлива,baseline_hgb_v2
2023-12-03 16:00:00,1,Татнефть-АЗС-002,9.0,60,1,1,0,16,6,11.999713786062605,total_fuel_sales,Продажи топлива,baseline_hgb_v2
2023-12-03 16:00:00,2,Татнефть-АЗС-003,55.0,272,0,0,1,16,6,64.72342466580463,total_fuel_sales,Продажи топлива,baseline_hgb_v2
2023-12-03 16:00:00,3,Татнефть-АЗС-004,38.0,162,0,0,0,16,6,36.426267075147464,total_fuel_sales,Продажи топлива,baseline_hgb_v2
2023-12-03 16:00:00,4,Татнефть-АЗС-005,12.0,55,0,0,1,16,6,12.214352382757053,total_fuel_sales,Продажи топлива,baseline_hgb_v2
2023-12-03 17:00:00,0,Татнефть-АЗС-001,157.0,396,0,1,0,17,6,168.77291069337025,total_fuel_sales,Продажи топлива,baseline_hgb_v2
2023-12-03 17:00:00,1,Татнефть-АЗС-002,126.0,259,0,1,0,17,6,121.88511601887848,total_fuel_sales,Продажи топлива,baseline_hgb_v2
2023-12-03 17:00:00,2,Татнефть-АЗС-003,349.0,726,1,0,1,17,6,350.4459172322147,total_fuel_sales,Продажи топлива,baseline_hgb_v2
2023-12-03 17:00:00,3,Татнефть-АЗС-004,255.0,533,1,0,0,17,6,262.2698769482621,total_fuel_sales,Продажи топлива,baseline_hgb_v2
2023-12-03 17:00:00,4,Татнефть-АЗС-005,68.0,163,0,0,1,17,6,67.9022164299389,total_fuel_sales,Продажи топлива,baseline_hgb_v2
2023-12-03 18:00:00,0,Татнефть-АЗС-001,103.0,299,1,1,0,18,6,115.9338312485306,total_fuel_sales,Продажи топлива,baseline_hgb_v2
2023-12-03 18:00:00,1,Татнефть-АЗС-002,101.0,261,1,1,0,18,6,122.41312997651266,total_fuel_sales,Продажи топлива,baseline_hgb_v2
2023-12-03 18:00:00,2,Татнефть-АЗС-003,280.0,694,0,0,1,18,6,319.28915856408224,total_fuel_sales,Продажи топлива,baseline_hgb_v2
2023-12-03 18:00:00,3,Татнефть-АЗС-004,210.0,501,1,0,0,18,6,251.08125700267433,total_fuel_sales,Продажи топлива,baseline_hgb_v2
2023-12-03 18:00:00,4,Татнефть-АЗС-005,69.0,167,1,0,1,18,6,68.67351373562923,total_fuel_sales,Продажи топлива,baseline_hgb_v2
2023-12-03 19:00:00,0,Татнефть-АЗС-001,130.0,350,1,1,0,19,6,149.31453057672502,total_fuel_sales,Продажи топлива,baseline_hgb_v2
2023-12-03 19:00:00,1,Татнефть-АЗС-002,60.0,177,0,1,0,19,6,68.52165553856408,total_fuel_sales,Продажи топлива,baseline_hgb_v2
2023-12-03 19:00:00,2,Татнефть-АЗС-003,167.0,499,0,0,1,19,6,199.24283530426897,total_fuel_sales,Продажи топлива,baseline_hgb_v2
2023-12-03 19:00:00,3,Татнефть-АЗС-004,172.0,398,1,0,0,19,6,175.22461025043103,total_fuel_sales,Продажи топлива,baseline_hgb_v2
2023-12-03 19:00:00,4,Татнефть-АЗС-005,41.0,121,1,0,1,19,6,36.405153598078584,total_fuel_sales,Продажи топлива,baseline_hgb_v2
2023-12-03 20:00:00,0,Татнефть-АЗС-001,43.0,176,1,1,0,20,6,42.00959640193838,total_fuel_sales,Продажи топлива,baseline_hgb_v2
2023-12-03 20:00:00,1,Татнефть-АЗС-002,9.0,55,0,1,0,20,6,10.952502722393772,total_fuel_sales,Продажи топлива,baseline_hgb_v2
2023-12-03 20:00:00,2,Татнефть-АЗС-003,50.0,264,0,0,1,20,6,63.63186029684975,total_fuel_sales,Продажи топлива,baseline_hgb_v2
2023-12-03 20:00:00,3,Татнефть-АЗС-004,27.0,140,0,0,0,20,6,27.21981874551772,total_fuel_sales,Продажи топлива,baseline_hgb_v2
2023-12-03 20:00:00,4,Татнефть-АЗС-005,6.0,40,0,0,1,20,6,8.245974843871211,total_fuel_sales,Продажи топлива,baseline_hgb_v2
2023-12-03 21:00:00,0,Татнефть-АЗС-001,24.0,116,1,1,0,21,6,23.889825871139976,total_fuel_sales,Продажи топлива,baseline_hgb_v2
2023-12-03 21:00:00,1,Татнефть-АЗС-002,11.0,49,0,1,0,21,6,11.599699733567114,total_fuel_sales,Продажи топлива,baseline_hgb_v2
2023-12-03 21:00:00,2,Татнефть-АЗС-003,38.0,173,0,0,1,21,6,39.127252992096324,total_fuel_sales,Продажи топлива,baseline_hgb_v2
2023-12-03 21:00:00,3,Татнефть-АЗС-004,38.0,180,0,0,0,21,6,42.599923547794695,total_fuel_sales,Продажи топлива,baseline_hgb_v2
2023-12-03 21:00:00,4,Татнефть-АЗС-005,9.0,50,0,0,1,21,6,10.78630276302467,total_fuel_sales,Продажи топлива,baseline_hgb_v2
2023-12-03 22:00:00,0,Татнефть-АЗС-001,8.0,28,0,1,0,22,6,4.499506398833024,total_fuel_sales,Продажи топлива,baseline_hgb_v2
2023-12-03 22:00:00,1,Татнефть-АЗС-002,2.0,13,0,1,0,22,6,2.5154466817149643,total_fuel_sales,Продажи топлива,baseline_hgb_v2
2023-12-03 22:00:00,2,Татнефть-АЗС-003,8.0,38,1,0,1,22,6,8.871211185621895,total_fuel_sales,Продажи топлива,baseline_hgb_v2
2023-12-03 22:00:00,3,Татнефть-АЗС-004,3.0,27,0,0,0,22,6,4.181707852413255,total_fuel_sales,Продажи топлива,baseline_hgb_v2
2023-12-03 22:00:00,4,Татнефть-АЗС-005,2.0,13,0,0,1,22,6,2.645220707886748,total_fuel_sales,Продажи топлива,baseline_hgb_v2
2023-12-03 23:00:00,0,Татнефть-АЗС-001,4.0,25,1,1,0,23,6,3.4994288968980736,total_fuel_sales,Продажи топлива,baseline_hgb_v2
2023-12-03 23:00:00,1,Татнефть-АЗС-002,1.0,8,1,1,0,23,6,1.6144129518409012,total_fuel_sales,Продажи топлива,baseline_hgb_v2
2023-12-03 23:00:00,2,Татнефть-АЗС-003,8.0,37,0,0,1,23,6,8.410705481218145,total_fuel_sales,Продажи топлива,baseline_hgb_v2
2023-12-03 23:00:00,3,Татнефть-АЗС-004,8.0,38,0,0,0,23,6,8.660700166287421,total_fuel_sales,Продажи топлива,baseline_hgb_v2
2023-12-03 23:00:00,4,Татнефть-АЗС-005,2.0,12,0,0,1,23,6,2.645220707886748,total_fuel_sales,Продажи топлива,baseline_hgb_v2
2023-12-04 00:00:00,0,Татнефть-АЗС-001,3.0,23,0,1,0,0,0,3.3787140807981735,total_fuel_sales,Продажи топлива,baseline_hgb_v2
2023-12-04 00:00:00,1,Татнефть-АЗС-002,4.0,17,0,1,0,0,0,3.868655124029272,total_fuel_sales,Продажи топлива,baseline_hgb_v2
2023-12-04 00:00:00,2,Татнефть-АЗС-003,3.0,22,0,0,1,0,0,2.6777242921998274,total_fuel_sales,Продажи топлива,baseline_hgb_v2
2023-12-04 00:00:00,3,Татнефть-АЗС-004,8.0,34,0,0,0,0,0,7.814256741600096,total_fuel_sales,Продажи топлива,baseline_hgb_v2
2023-12-04 00:00:00,4,Татнефть-АЗС-005,2.0,10,1,0,1,0,0,2.062362509743441,total_fuel_sales,Продажи топлива,baseline_hgb_v2
2023-12-04 01:00:00,0,Татнефть-АЗС-001,3.0,22,0,1,0,1,0,2.905681419558912,total_fuel_sales,Продажи топлива,baseline_hgb_v2
2023-12-04 01:00:00,1,Татнефть-АЗС-002,2.0,11,0,1,0,1,0,2.484815470984791,total_fuel_sales,Продажи топлива,baseline_hgb_v2
2023-12-04 01:00:00,2,Татнефть-АЗС-003,8.0,29,0,0,1,1,0,6.6740006897892,total_fuel_sales,Продажи топлива,baseline_hgb_v2
2023-12-04 01:00:00,3,Татнефть-АЗС-004,8.0,34,0,0,0,1,0,7.814256741600096,total_fuel_sales,Продажи топлива,baseline_hgb_v2
2023-12-04 01:00:00,4,Татнефть-АЗС-005,2.0,16,1,0,1,1,0,2.90520607084546,total_fuel_sales,Продажи топлива,baseline_hgb_v2
2023-12-04 02:00:00,0,Татнефть-АЗС-001,8.0,26,1,1,0,2,0,5.372806695307306,total_fuel_sales,Продажи топлива,baseline_hgb_v2
2023-12-04 02:00:00,1,Татнефть-АЗС-002,2.0,10,0,1,0,2,0,2.484815470984791,total_fuel_sales,Продажи топлива,baseline_hgb_v2
2023-12-04 02:00:00,2,Татнефть-АЗС-003,8.0,36,0,0,1,2,0,8.451628863670477,total_fuel_sales,Продажи топлива,baseline_hgb_v2
2023-12-04 02:00:00,3,Татнефть-АЗС-004,3.0,22,0,0,0,2,0,2.6653909755620058,total_fuel_sales,Продажи топлива,baseline_hgb_v2
2023-12-04 02:00:00,4,Татнефть-АЗС-005,2.0,15,0,0,1,2,0,2.90520607084546,total_fuel_sales,Продажи топлива,baseline_hgb_v2
2023-12-04 03:00:00,0,Татнефть-АЗС-001,8.0,29,0,1,0,3,0,7.06683907790921,total_fuel_sales,Продажи топлива,baseline_hgb_v2
2023-12-04 03:00:00,1,Татнефть-АЗС-002,2.0,10,1,1,0,3,0,2.484815470984791,total_fuel_sales,Продажи топлива,baseline_hgb_v2
2023-12-04 03:00:00,2,Татнефть-АЗС-003,8.0,29,0,0,1,3,0,6.68747626214221,total_fuel_sales,Продажи топлива,baseline_hgb_v2
2023-12-04 03:00:00,3,Татнефть-АЗС-004,8.0,27,0,0,0,3,0,5.590427847769597,total_fuel_sales,Продажи топлива,baseline_hgb_v2
2023-12-04 03:00:00,4,Татнефть-АЗС-005,2.0,14,0,0,1,3,0,2.90520607084546,total_fuel_sales,Продажи топлива,baseline_hgb_v2
2023-12-04 04:00:00,0,Татнефть-АЗС-001,8.0,32,0,1,0,4,0,7.987179330761677,total_fuel_sales,Продажи топлива,baseline_hgb_v2
2023-12-04 04:00:00,1,Татнефть-АЗС-002,3.0,17,0,1,0,4,0,3.868655124029272,total_fuel_sales,Продажи топлива,baseline_hgb_v2
2023-12-04 04:00:00,2,Татнефть-АЗС-003,8.0,35,0,0,1,4,0,8.203874702952744,total_fuel_sales,Продажи топлива,baseline_hgb_v2
2023-12-04 04:00:00,3,Татнефть-АЗС-004,8.0,33,0,0,0,4,0,7.204722981289021,total_fuel_sales,Продажи топлива,baseline_hgb_v2
2023-12-04 04:00:00,4,Татнефть-АЗС-005,2.0,13,0,0,1,4,0,2.7765181693314824,total_fuel_sales,Продажи топлива,baseline_hgb_v2
2023-12-04 05:00:00,0,Татнефть-АЗС-001,3.0,21,0,1,0,5,0,2.905681419558912,total_fuel_sales,Продажи топлива,baseline_hgb_v2
2023-12-04 05:00:00,1,Татнефть-АЗС-002,2.0,10,0,1,0,5,0,2.484815470984791,total_fuel_sales,Продажи топлива,baseline_hgb_v2
2023-12-04 05:00:00,2,Татнефть-АЗС-003,8.0,32,0,0,1,5,0,7.479128613480701,total_fuel_sales,Продажи топлива,baseline_hgb_v2
2023-12-04 05:00:00,3,Татнефть-АЗС-004,8.0,35,0,0,0,5,0,7.685568840086119,total_fuel_sales,Продажи топлива,baseline_hgb_v2
2023-12-04 05:00:00,4,Татнефть-АЗС-005,2.0,11,0,0,1,5,0,1.9336746082294638,total_fuel_sales,Продажи топлива,baseline_hgb_v2
2023-12-04 06:00:00,0,Татнефть-АЗС-001,21.0,94,0,1,0,6,0,19.197260100381914,total_fuel_sales,Продажи топлива,baseline_hgb_v2
2023-12-04 06:00:00,1,Татнефть-АЗС-002,12.0,54,1,1,0,6,0,12.113123934372863,total_fuel_sales,Продажи топлива,baseline_hgb_v2
2023-12-04 06:00:00,2,Татнефть-АЗС-003,16.0,95,0,0,1,6,0,19.197630235954286,total_fuel_sales,Продажи топлива,baseline_hgb_v2
2023-12-04 06:00:00,3,Татнефть-АЗС-004,43.0,191,1,0,0,6,0,45.64496436203908,total_fuel_sales,Продажи топлива,baseline_hgb_v2
2023-12-04 06:00:00,4,Татнефть-АЗС-005,23.0,100,1,0,1,6,0,25.81846684983145,total_fuel_sales,Продажи топлива,baseline_hgb_v2
2023-12-04 07:00:00,0,Татнефть-АЗС-001,218.0,420,0,1,0,7,0,222.21913472483757,total_fuel_sales,Продажи топлива,baseline_hgb_v2
2023-12-04 07:00:00,1,Татнефть-АЗС-002,94.0,177,1,1,0,7,0,89.79822373168327,total_fuel_sales,Продажи топлива,baseline_hgb_v2
2023-12-04 07:00:00,2,Татнефть-АЗС-003,101.0,289,0,0,1,7,0,107.50225436511136,total_fuel_sales,Продажи топлива,baseline_hgb_v2
2023-12-04 07:00:00,3,Татнефть-АЗС-004,185.0,475,1,0,0,7,0,185.83169769680043,total_fuel_sales,Продажи топлива,baseline_hgb_v2
2023-12-04 07:00:00,4,Татнефть-АЗС-005,142.0,281,0,0,1,7,0,133.76614724870115,total_fuel_sales,Продажи топлива,baseline_hgb_v2
2023-12-04 08:00:00,0,Татнефть-АЗС-001,212.0,422,1,1,0,8,0,218.23909211111177,total_fuel_sales,Продажи топлива,baseline_hgb_v2
2023-12-04 08:00:00,1,Татнефть-АЗС-002,41.0,121,1,1,0,8,0,48.05011872759447,total_fuel_sales,Продажи топлива,baseline_hgb_v2
2023-12-04 08:00:00,2,Татнефть-АЗС-003,101.0,274,0,0,1,8,0,100.92601240122453,total_fuel_sales,Продажи топлива,baseline_hgb_v2
2023-12-04 08:00:00,3,Татнефть-АЗС-004,144.0,397,1,0,0,8,0,153.01473775616276,total_fuel_sales,Продажи топлива,baseline_hgb_v2
2023-12-04 08:00:00,4,Татнефть-АЗС-005,130.0,257,1,0,1,8,0,123.19494469851377,total_fuel_sales,Продажи топлива,baseline_hgb_v2
2023-12-04 09:00:00,0,Татнефть-АЗС-001,190.0,383,1,1,0,9,0,206.21189707896528,total_fuel_sales,Продажи топлива,baseline_hgb_v2
2023-12-04 09:00:00,1,Татнефть-АЗС-002,92.0,171,0,1,0,9,0,88.57918833493149,total_fuel_sales,Продажи топлива,baseline_hgb_v2
2023-12-04 09:00:00,2,Татнефть-АЗС-003,86.0,260,0,0,1,9,0,97.92769080130861,total_fuel_sales,Продажи топлива,baseline_hgb_v2
2023-12-04 09:00:00,3,Татнефть-АЗС-004,262.0,534,1,0,0,9,0,264.1736310509059,total_fuel_sales,Продажи топлива,baseline_hgb_v2
2023-12-04 09:00:00,4,Татнефть-АЗС-005,68.0,169,1,0,1,9,0,66.93841529703195,total_fuel_sales,Продажи топлива,baseline_hgb_v2
2023-12-04 10:00:00,0,Татнефть-АЗС-001,21.0,98,1,1,0,10,0,19.917077342681456,total_fuel_sales,Продажи топлива,baseline_hgb_v2
2023-12-04 10:00:00,1,Татнефть-АЗС-002,8.0,43,0,1,0,10,0,10.040513204194673,total_fuel_sales,Продажи топлива,baseline_hgb_v2
2023-12-04 10:00:00,2,Татнефть-АЗС-003,29.0,149,1,0,1,10,0,34.061479463846354,total_fuel_sales,Продажи топлива,baseline_hgb_v2
2023-12-04 10:00:00,3,Татнефть-АЗС-004,48.0,206,0,0,0,10,0,49.38526042120486,total_fuel_sales,Продажи топлива,baseline_hgb_v2
2023-12-04 10:00:00,4,Татнефть-АЗС-005,12.0,77,1,0,1,10,0,18.235858501065117,total_fuel_sales,Продажи топлива,baseline_hgb_v2
2023-12-04 11:00:00,0,Татнефть-АЗС-001,27.0,125,0,1,0,11,0,27.76060760732964,total_fuel_sales,Продажи топлива,baseline_hgb_v2
2023-12-04 11:00:00,1,Татнефть-АЗС-002,16.0,64,0,1,0,11,0,15.552110970445653,total_fuel_sales,Продажи топлива,baseline_hgb_v2
2023-12-04 11:00:00,2,Татнефть-АЗС-003,33.0,152,1,0,1,11,0,34.83999498542331,total_fuel_sales,Продажи топлива,baseline_hgb_v2
2023-12-04 11:00:00,3,Татнефть-АЗС-004,21.0,115,0,0,0,11,0,23.15685241939549,total_fuel_sales,Продажи топлива,baseline_hgb_v2
2023-12-04 11:00:00,4,Татнефть-АЗС-005,8.0,56,0,0,1,11,0,11.354200483736564,total_fuel_sales,Продажи топлива,baseline_hgb_v2
2023-12-04 12:00:00,0,Татнефть-АЗС-001,66.0,142,1,1,0,12,0,56.65078826508434,total_fuel_sales,Продажи топлива,baseline_hgb_v2
2023-12-04 12:00:00,1,Татнефть-АЗС-002,30.0,75,0,1,0,12,0,32.523114630139105,total_fuel_sales,Продажи топлива,baseline_hgb_v2
2023-12-04 12:00:00,2,Татнефть-АЗС-003,58.0,132,1,0,1,12,0,46.39677584847074,total_fuel_sales,Продажи топлива,baseline_hgb_v2
2023-12-04 12:00:00,3,Татнефть-АЗС-004,33.0,97,1,0,0,12,0,30.538277095524926,total_fuel_sales,Продажи топлива,baseline_hgb_v2
2023-12-04 12:00:00,4,Татнефть-АЗС-005,29.0,72,0,0,1,12,0,29.122948590137508,total_fuel_sales,Продажи топлива,baseline_hgb_v2
2023-12-04 13:00:00,0,Татнефть-АЗС-001,65.0,141,0,1,0,13,0,56.65078826508434,total_fuel_sales,Продажи топлива,baseline_hgb_v2
2023-12-04 13:00:00,1,Татнефть-АЗС-002,29.0,64,0,1,0,13,0,25.96987586835287,total_fuel_sales,Продажи топлива,baseline_hgb_v2
2023-12-04 13:00:00,2,Татнефть-АЗС-003,43.0,121,0,0,1,13,0,40.738562295888926,total_fuel_sales,Продажи топлива,baseline_hgb_v2
2023-12-04 13:00:00,3,Татнефть-АЗС-004,47.0,142,0,0,0,13,0,51.851966613351024,total_fuel_sales,Продажи топлива,baseline_hgb_v2
2023-12-04 13:00:00,4,Татнефть-АЗС-005,29.0,72,0,0,1,13,0,28.99426068862353,total_fuel_sales,Продажи топлива,baseline_hgb_v2
2023-12-04 14:00:00,0,Татнефть-АЗС-001,62.0,140,1,1,0,14,0,56.65078826508434,total_fuel_sales,Продажи топлива,baseline_hgb_v2
2023-12-04 14:00:00,1,Татнефть-АЗС-002,20.0,58,0,1,0,14,0,20.538322826886457,total_fuel_sales,Продажи топлива,baseline_hgb_v2
2023-12-04 14:00:00,2,Татнефть-АЗС-003,23.0,87,1,0,1,14,0,27.51323483826263,total_fuel_sales,Продажи топлива,baseline_hgb_v2
2023-12-04 14:00:00,3,Татнефть-АЗС-004,62.0,147,0,0,0,14,0,58.394575829481525,total_fuel_sales,Продажи топлива,baseline_hgb_v2
2023-12-04 14:00:00,4,Татнефть-АЗС-005,14.0,46,0,0,1,14,0,13.556792160278967,total_fuel_sales,Продажи топлива,baseline_hgb_v2
2023-12-04 15:00:00,0,Татнефть-АЗС-001,19.0,97,1,1,0,15,0,19.436315668614714,total_fuel_sales,Продажи топлива,baseline_hgb_v2
2023-12-04 15:00:00,1,Татнефть-АЗС-002,8.0,48,0,1,0,15,0,10.887826526310329,total_fuel_sales,Продажи топлива,baseline_hgb_v2
2023-12-04 15:00:00,2,Татнефть-АЗС-003,34.0,151,1,0,1,15,0,34.18569836858325,total_fuel_sales,Продажи топлива,baseline_hgb_v2
2023-12-04 15:00:00,3,Татнефть-АЗС-004,34.0,146,1,0,0,15,0,33.00697939104778,total_fuel_sales,Продажи топлива,baseline_hgb_v2
2023-12-04 15:00:00,4,Татнефть-АЗС-005,13.0,72,0,0,1,15,0,18.294260667084643,total_fuel_sales,Продажи топлива,baseline_hgb_v2
2023-12-04 16:00:00,0,Татнефть-АЗС-001,21.0,103,0,1,0,16,0,21.424801360124498,total_fuel_sales,Продажи топлива,baseline_hgb_v2
2023-12-04 16:00:00,1,Татнефть-АЗС-002,23.0,101,1,1,0,16,0,28.05207722968454,total_fuel_sales,Продажи топлива,baseline_hgb_v2
2023-12-04 16:00:00,2,Татнефть-АЗС-003,27.0,152,1,0,1,16,0,29.61677296503668,total_fuel_sales,Продажи топлива,baseline_hgb_v2
2023-12-04 16:00:00,3,Татнефть-АЗС-004,33.0,134,0,0,0,16,0,29.280742717766874,total_fuel_sales,Продажи топлива,baseline_hgb_v2
2023-12-04 16:00:00,4,Татнефть-АЗС-005,14.0,65,0,0,1,16,0,14.881234580813114,total_fuel_sales,Продажи топлива,baseline_hgb_v2
2023-12-04 17:00:00,0,Татнефть-АЗС-001,234.0,432,0,1,0,17,0,238.1230784318609,total_fuel_sales,Продажи топлива,baseline_hgb_v2
2023-12-04 17:00:00,1,Татнефть-АЗС-002,92.0,230,1,1,0,17,0,104.12334186862476,total_fuel_sales,Продажи топлива,baseline_hgb_v2
2023-12-04 17:00:00,2,Татнефть-АЗС-003,317.0,641,0,0,1,17,0,309.72218261037466,total_fuel_sales,Продажи топлива,baseline_hgb_v2
2023-12-04 17:00:00,3,Татнефть-АЗС-004,195.0,455,1,0,0,17,0,215.89587631714753,total_fuel_sales,Продажи топлива,baseline_hgb_v2
2023-12-04 17:00:00,4,Татнефть-АЗС-005,101.0,207,1,0,1,17,0,96.07213077579438,total_fuel_sales,Продажи топлива,baseline_hgb_v2
2023-12-04 18:00:00,0,Татнефть-АЗС-001,212.0,477,0,1,0,18,0,254.91102507401496,total_fuel_sales,Продажи топлива,baseline_hgb_v2
2023-12-04 18:00:00,1,Татнефть-АЗС-002,150.0,290,0,1,0,18,0,147.8194021293239,total_fuel_sales,Продажи топлива,baseline_hgb_v2
2023-12-04 18:00:00,2,Татнефть-АЗС-003,379.0,761,0,0,1,18,0,363.91474442011514,total_fuel_sales,Продажи топлива,baseline_hgb_v2
2023-12-04 18:00:00,3,Татнефть-АЗС-004,187.0,452,1,0,0,18,0,216.49322187682404,total_fuel_sales,Продажи топлива,baseline_hgb_v2
2023-12-04 18:00:00,4,Татнефть-АЗС-005,73.0,181,1,0,1,18,0,84.59132696757116,total_fuel_sales,Продажи топлива,baseline_hgb_v2
2023-12-04 19:00:00,0,Татнефть-АЗС-001,142.0,356,0,1,0,19,0,175.80366219668042,total_fuel_sales,Продажи топлива,baseline_hgb_v2
2023-12-04 19:00:00,1,Татнефть-АЗС-002,87.0,196,0,1,0,19,0,79.46834963103865,total_fuel_sales,Продажи топлива,baseline_hgb_v2
2023-12-04 19:00:00,2,Татнефть-АЗС-003,309.0,640,0,0,1,19,0,307.47930540345254,total_fuel_sales,Продажи топлива,baseline_hgb_v2
2023-12-04 19:00:00,3,Татнефть-АЗС-004,163.0,410,0,0,0,19,0,177.00652702126672,total_fuel_sales,Продажи топлива,baseline_hgb_v2
2023-12-04 19:00:00,4,Татнефть-АЗС-005,91.0,219,0,0,1,19,0,104.73890184708952,total_fuel_sales,Продажи топлива,baseline_hgb_v2
2023-12-04 20:00:00,0,Татнефть-АЗС-001,32.0,137,1,1,0,20,0,33.46170305966768,total_fuel_sales,Продажи топлива,baseline_hgb_v2
2023-12-04 20:00:00,1,Татнефть-АЗС-002,13.0,69,0,1,0,20,0,15.927766342104746,total_fuel_sales,Продажи топлива,baseline_hgb_v2
2023-12-04 20:00:00,2,Татнефть-АЗС-003,32.0,163,0,0,1,20,0,32.45433643329823,total_fuel_sales,Продажи топлива,baseline_hgb_v2
2023-12-04 20:00:00,3,Татнефть-АЗС-004,33.0,156,0,0,0,20,0,34.40131054438835,total_fuel_sales,Продажи топлива,baseline_hgb_v2
2023-12-04 20:00:00,4,Татнефть-АЗС-005,19.0,70,0,0,1,20,0,17.315278604270844,total_fuel_sales,Продажи топлива,baseline_hgb_v2
2023-12-04 21:00:00,0,Татнефть-АЗС-001,43.0,156,0,1,0,21,0,35.777621191153756,total_fuel_sales,Продажи топлива,baseline_hgb_v2
2023-12-04 21:00:00,1,Татнефть-АЗС-002,8.0,44,0,1,0,21,0,9.483500611857862,total_fuel_sales,Продажи топлива,baseline_hgb_v2
2023-12-04 21:00:00,2,Татнефть-АЗС-003,29.0,124,0,0,1,21,0,26.18102157354791,total_fuel_sales,Продажи топлива,baseline_hgb_v2
2023-12-04 21:00:00,3,Татнефть-АЗС-004,29.0,144,0,0,0,21,0,31.684914934224555,total_fuel_sales,Продажи топлива,baseline_hgb_v2
2023-12-04 21:00:00,4,Татнефть-АЗС-005,14.0,66,0,0,1,21,0,15.91549494681192,total_fuel_sales,Продажи топлива,baseline_hgb_v2
2023-12-04 22:00:00,0,Татнефть-АЗС-001,8.0,29,0,1,0,22,0,5.871840828433486,total_fuel_sales,Продажи топлива,baseline_hgb_v2
2023-12-04 22:00:00,1,Татнефть-АЗС-002,2.0,14,0,1,0,22,0,2.855822090949347,total_fuel_sales,Продажи топлива,baseline_hgb_v2
2023-12-04 22:00:00,2,Татнефть-АЗС-003,8.0,33,0,0,1,22,0,7.338370543931101,total_fuel_sales,Продажи топлива,baseline_hgb_v2
2023-12-04 22:00:00,3,Татнефть-АЗС-004,2.0,23,0,0,0,22,0,2.787636290348153,total_fuel_sales,Продажи топлива,baseline_hgb_v2
2023-12-04 22:00:00,4,Татнефть-АЗС-005,2.0,13,1,0,1,22,0,3.049511602930012,total_fuel_sales,Продажи топлива,baseline_hgb_v2
2023-12-04 23:00:00,0,Татнефть-АЗС-001,3.0,22,0,1,0,23,0,2.547133435026854,total_fuel_sales,Продажи топлива,baseline_hgb_v2
2023-12-04 23:00:00,1,Татнефть-АЗС-002,2.0,9,0,1,0,23,0,1.8646827431825512,total_fuel_sales,Продажи топлива,baseline_hgb_v2
2023-12-04 23:00:00,2,Татнефть-АЗС-003,2.0,23,0,0,1,23,0,2.790671012532546,total_fuel_sales,Продажи топлива,baseline_hgb_v2
2023-12-04 23:00:00,3,Татнефть-АЗС-004,5.0,30,0,0,0,23,0,6.807043806718783,total_fuel_sales,Продажи топлива,baseline_hgb_v2
2023-12-04 23:00:00,4,Татнефть-АЗС-005,2.0,11,1,0,1,23,0,2.0683402334707095,total_fuel_sales,Продажи топлива,baseline_hgb_v2
2023-12-05 00:00:00,0,Татнефть-АЗС-001,3.0,21,0,1,0,0,1,2.905681419558912,total_fuel_sales,Продажи топлива,baseline_hgb_v2
2023-12-05 00:00:00,1,Татнефть-АЗС-002,2.0,15,1,1,0,0,1,3.395622462790008,total_fuel_sales,Продажи топлива,baseline_hgb_v2
2023-12-05 00:00:00,2,Татнефть-АЗС-003,5.0,30,1,0,1,0,1,7.2393129586025085,total_fuel_sales,Продажи топлива,baseline_hgb_v2
2023-12-05 00:00:00,3,Татнефть-АЗС-004,8.0,30,0,0,0,0,1,6.836219424896851,total_fuel_sales,Продажи топлива,baseline_hgb_v2
2023-12-05 00:00:00,4,Татнефть-АЗС-005,2.0,11,0,0,1,0,1,2.062362509743441,total_fuel_sales,Продажи топлива,baseline_hgb_v2
2023-12-05 01:00:00,0,Татнефть-АЗС-001,8.0,28,0,1,0,1,1,6.372884197242256,total_fuel_sales,Продажи топлива,baseline_hgb_v2
2023-12-05 01:00:00,1,Татнефть-АЗС-002,2.0,14,1,1,0,1,1,3.395622462790008,total_fuel_sales,Продажи топлива,baseline_hgb_v2
2023-12-05 01:00:00,2,Татнефть-АЗС-003,5.0,26,0,0,1,1,1,4.33821519987009,total_fuel_sales,Продажи топлива,baseline_hgb_v2
2023-12-05 01:00:00,3,Татнефть-АЗС-004,3.0,23,1,0,0,1,1,2.9686152892365136,total_fuel_sales,Продажи топлива,baseline_hgb_v2
2023-12-05 01:00:00,4,Татнефть-АЗС-005,1.0,9,0,0,1,1,1,2.062362509743441,total_fuel_sales,Продажи топлива,baseline_hgb_v2
2023-12-05 02:00:00,0,Татнефть-АЗС-001,3.0,24,0,1,0,2,1,3.3787140807981735,total_fuel_sales,Продажи топлива,baseline_hgb_v2
2023-12-05 02:00:00,1,Татнефть-АЗС-002,2.0,15,0,1,0,2,1,3.395622462790008,total_fuel_sales,Продажи топлива,baseline_hgb_v2
2023-12-05 02:00:00,2,Татнефть-АЗС-003,8.0,30,0,0,1,2,1,7.2393129586025085,total_fuel_sales,Продажи топлива,baseline_hgb_v2
2023-12-05 02:00:00,3,Татнефть-АЗС-004,3.0,22,0,0,0,2,1,2.495582627997253,total_fuel_sales,Продажи топлива,baseline_hgb_v2
2023-12-05 02:00:00,4,Татнефть-АЗС-005,1.0,9,0,0,1,2,1,2.062362509743441,total_fuel_sales,Продажи топлива,baseline_hgb_v2
2023-12-05 03:00:00,0,Татнефть-АЗС-001,8.0,31,0,1,0,3,1,7.987179330761677,total_fuel_sales,Продажи топлива,baseline_hgb_v2
2023-12-05 03:00:00,1,Татнефть-АЗС-002,2.0,10,0,1,0,3,1,2.484815470984791,total_fuel_sales,Продажи топлива,baseline_hgb_v2
2023-12-05 03:00:00,2,Татнефть-АЗС-003,3.0,21,0,0,1,3,1,2.6777242921998274,total_fuel_sales,Продажи топлива,baseline_hgb_v2
2023-12-05 03:00:00,3,Татнефть-АЗС-004,8.0,35,0,0,0,3,1,7.814256741600096,total_fuel_sales,Продажи топлива,baseline_hgb_v2
2023-12-05 03:00:00,4,Татнефть-АЗС-005,2.0,13,0,0,1,3,1,2.90520607084546,total_fuel_sales,Продажи топлива,baseline_hgb_v2
2023-12-05 04:00:00,0,Татнефть-АЗС-001,3.0,21,0,1,0,4,1,2.905681419558912,total_fuel_sales,Продажи топлива,baseline_hgb_v2
2023-12-05 04:00:00,1,Татнефть-АЗС-002,2.0,14,0,1,0,4,1,3.395622462790008,total_fuel_sales,Продажи топлива,baseline_hgb_v2
2023-12-05 04:00:00,2,Татнефть-АЗС-003,3.0,20,0,0,1,4,1,2.6777242921998274,total_fuel_sales,Продажи топлива,baseline_hgb_v2
2023-12-05 04:00:00,3,Татнефть-АЗС-004,3.0,22,0,0,0,4,1,2.495582627997253,total_fuel_sales,Продажи топлива,baseline_hgb_v2
2023-12-05 04:00:00,4,Татнефть-АЗС-005,2.0,10,0,0,1,4,1,2.062362509743441,total_fuel_sales,Продажи топлива,baseline_hgb_v2
2023-12-05 05:00:00,0,Татнефть-АЗС-001,3.0,24,1,1,0,5,1,3.3787140807981735,total_fuel_sales,Продажи топлива,baseline_hgb_v2
2023-12-05 05:00:00,1,Татнефть-АЗС-002,3.0,15,0,1,0,5,1,3.395622462790008,total_fuel_sales,Продажи топлива,baseline_hgb_v2
2023-12-05 05:00:00,2,Татнефть-АЗС-003,8.0,32,0,0,1,5,1,7.607816514994679,total_fuel_sales,Продажи топлива,baseline_hgb_v2
2023-12-05 05:00:00,3,Татнефть-АЗС-004,8.0,30,1,0,0,5,1,6.849694997249861,total_fuel_sales,Продажи топлива,baseline_hgb_v2
2023-12-05 05:00:00,4,Татнефть-АЗС-005,2.0,16,1,0,1,5,1,2.7765181693314824,total_fuel_sales,Продажи топлива,baseline_hgb_v2
2023-12-05 06:00:00,0,Татнефть-АЗС-001,24.0,114,0,1,0,6,1,23.907113448065218,total_fuel_sales,Продажи топлива,baseline_hgb_v2
2023-12-05 06:00:00,1,Татнефть-АЗС-002,19.0,80,1,1,0,6,1,22.54206647059246,total_fuel_sales,Продажи топлива,baseline_hgb_v2
2023-12-05 06:00:00,2,Татнефть-АЗС-003,23.0,115,0,0,1,6,1,23.530802120577473,total_fuel_sales,Продажи топлива,baseline_hgb_v2
2023-12-05 06:00:00,3,Татнефть-АЗС-004,24.0,155,0,0,0,6,1,30.075123486772263,total_fuel_sales,Продажи топлива,baseline_hgb_v2
2023-12-05 06:00:00,4,Татнефть-АЗС-005,23.0,109,0,0,1,6,1,26.827486873824206,total_fuel_sales,Продажи топлива,baseline_hgb_v2
2023-12-05 07:00:00,0,Татнефть-АЗС-001,105.0,309,0,1,0,7,1,134.07223445501552,total_fuel_sales,Продажи топлива,baseline_hgb_v2
2023-12-05 07:00:00,1,Татнефть-АЗС-002,48.0,114,0,1,0,7,1,41.695017620785585,total_fuel_sales,Продажи топлива,baseline_hgb_v2
2023-12-05 07:00:00,2,Татнефть-АЗС-003,189.0,396,0,0,1,7,1,187.13348699460082,total_fuel_sales,Продажи топлива,baseline_hgb_v2
2023-12-05 07:00:00,3,Татнефть-АЗС-004,204.0,496,0,0,0,7,1,252.87413472823906,total_fuel_sales,Продажи топлива,baseline_hgb_v2
2023-12-05 07:00:00,4,Татнефть-АЗС-005,103.0,258,0,0,1,7,1,123.81187495350187,total_fuel_sales,Продажи топлива,baseline_hgb_v2
2023-12-05 08:00:00,0,Татнефть-АЗС-001,203.0,399,0,1,0,8,1,209.73113009952849,total_fuel_sales,Продажи топлива,baseline_hgb_v2
2023-12-05 08:00:00,1,Татнефть-АЗС-002,97.0,180,1,1,0,8,1,90.65916364156023,total_fuel_sales,Продажи топлива,baseline_hgb_v2
2023-12-05 08:00:00,2,Татнефть-АЗС-003,165.0,360,0,0,1,8,1,169.15121451286964,total_fuel_sales,Продажи топлива,baseline_hgb_v2
2023-12-05 08:00:00,3,Татнефть-АЗС-004,200.0,508,0,0,0,8,1,251.3502239270108,total_fuel_sales,Продажи топлива,baseline_hgb_v2
2023-12-05 08:00:00,4,Татнефть-АЗС-005,122.0,305,0,0,1,8,1,145.76452980815847,total_fuel_sales,Продажи топлива,baseline_hgb_v2
2023-12-05 09:00:00,0,Татнефть-АЗС-001,91.0,230,0,1,0,9,1,90.89261748191215,total_fuel_sales,Продажи топлива,baseline_hgb_v2
2023-12-05 09:00:00,1,Татнефть-АЗС-002,62.0,154,0,1,0,9,1,70.69872068162357,total_fuel_sales,Продажи топлива,baseline_hgb_v2
2023-12-05 09:00:00,2,Татнефть-АЗС-003,159.0,369,0,0,1,9,1,178.33760821036248,total_fuel_sales,Продажи топлива,baseline_hgb_v2
2023-12-05 09:00:00,3,Татнефть-АЗС-004,214.0,491,0,0,0,9,1,245.6119789940249,total_fuel_sales,Продажи топлива,baseline_hgb_v2
2023-12-05 09:00:00,4,Татнефть-АЗС-005,76.0,217,0,0,1,9,1,83.81582226884719,total_fuel_sales,Продажи топлива,baseline_hgb_v2
2023-12-05 10:00:00,0,Татнефть-АЗС-001,21.0,101,0,1,0,10,1,20.628887515082184,total_fuel_sales,Продажи топлива,baseline_hgb_v2
2023-12-05 10:00:00,1,Татнефть-АЗС-002,21.0,73,1,1,0,10,1,18.966193790933954,total_fuel_sales,Продажи топлива,baseline_hgb_v2
2023-12-05 10:00:00,2,Татнефть-АЗС-003,21.0,99,1,0,1,10,1,19.97500817440357,total_fuel_sales,Продажи топлива,baseline_hgb_v2
2023-12-05 10:00:00,3,Татнефть-АЗС-004,23.0,151,0,0,0,10,1,30.018930878383017,total_fuel_sales,Продажи топлива,baseline_hgb_v2
2023-12-05 10:00:00,4,Татнефть-АЗС-005,13.0,81,0,0,1,10,1,20.49165945864068,total_fuel_sales,Продажи топлива,baseline_hgb_v2
2023-12-05 11:00:00,0,Татнефть-АЗС-001,18.0,91,0,1,0,11,1,19.134139964916493,total_fuel_sales,Продажи топлива,baseline_hgb_v2
2023-12-05 11:00:00,1,Татнефть-АЗС-002,11.0,49,0,1,0,11,1,11.49252695716146,total_fuel_sales,Продажи топлива,baseline_hgb_v2
2023-12-05 11:00:00,2,Татнефть-АЗС-003,30.0,151,1,0,1,11,1,34.94397108796748,total_fuel_sales,Продажи топлива,baseline_hgb_v2
2023-12-05 11:00:00,3,Татнефть-АЗС-004,39.0,157,0,0,0,11,1,35.41832857412341,total_fuel_sales,Продажи топлива,baseline_hgb_v2
2023-12-05 11:00:00,4,Татнефть-АЗС-005,8.0,45,1,0,1,11,1,9.473397790537772,total_fuel_sales,Продажи топлива,baseline_hgb_v2
2023-12-05 12:00:00,0,Татнефть-АЗС-001,82.0,173,1,1,0,12,1,77.56555260846763,total_fuel_sales,Продажи топлива,baseline_hgb_v2
2023-12-05 12:00:00,1,Татнефть-АЗС-002,34.0,80,1,1,0,12,1,35.74880992410502,total_fuel_sales,Продажи топлива,baseline_hgb_v2
2023-12-05 12:00:00,2,Татнефть-АЗС-003,60.0,145,0,0,1,12,1,55.672566530978834,total_fuel_sales,Продажи топлива,baseline_hgb_v2
2023-12-05 12:00:00,3,Татнефть-АЗС-004,49.0,143,1,0,0,12,1,51.980654514865,total_fuel_sales,Продажи топлива,baseline_hgb_v2
2023-12-05 12:00:00,4,Татнефть-АЗС-005,28.0,64,0,0,1,12,1,24.864566559643176,total_fuel_sales,Продажи топлива,baseline_hgb_v2
2023-12-05 13:00:00,0,Татнефть-АЗС-001,60.0,160,0,1,0,13,1,71.00201005629633,total_fuel_sales,Продажи топлива,baseline_hgb_v2
2023-12-05 13:00:00,1,Татнефть-АЗС-002,16.0,44,0,1,0,13,1,14.372779158845148,total_fuel_sales,Продажи топлива,baseline_hgb_v2
2023-12-05 13:00:00,2,Татнефть-АЗС-003,62.0,158,1,0,1,13,1,63.72077287289261,total_fuel_sales,Продажи топлива,baseline_hgb_v2
2023-12-05 13:00:00,3,Татнефть-АЗС-004,39.0,111,0,0,0,13,1,34.803505691262835,total_fuel_sales,Продажи топлива,baseline_hgb_v2
2023-12-05 13:00:00,4,Татнефть-АЗС-005,16.0,54,0,0,1,13,1,16.710741654434724,total_fuel_sales,Продажи топлива,baseline_hgb_v2
2023-12-05 14:00:00,0,Татнефть-АЗС-001,70.0,145,1,1,0,14,1,60.26087716337768,total_fuel_sales,Продажи топлива,baseline_hgb_v2
2023-12-05 14:00:00,1,Татнефть-АЗС-002,18.0,46,0,1,0,14,1,14.372779158845148,total_fuel_sales,Продажи топлива,baseline_hgb_v2
2023-12-05 14:00:00,2,Татнефть-АЗС-003,49.0,141,0,0,1,14,1,52.19116553419947,total_fuel_sales,Продажи топлива,baseline_hgb_v2
2023-12-05 14:00:00,3,Татнефть-АЗС-004,50.0,138,0,0,0,14,1,51.980654514865,total_fuel_sales,Продажи топлива,baseline_hgb_v2
2023-12-05 14:00:00,4,Татнефть-АЗС-005,23.0,70,0,0,1,14,1,28.14396652732371,total_fuel_sales,Продажи топлива,baseline_hgb_v2
2023-12-05 15:00:00,0,Татнефть-АЗС-001,34.0,140,1,1,0,15,1,34.58683705775406,total_fuel_sales,Продажи топлива,baseline_hgb_v2
2023-12-05 15:00:00,1,Татнефть-АЗС-002,9.0,50,0,1,0,15,1,10.887826526310329,total_fuel_sales,Продажи топлива,baseline_hgb_v2
2023-12-05 15:00:00,2,Татнефть-АЗС-003,30.0,141,0,0,1,15,1,31.89542595355904,total_fuel_sales,Продажи топлива,baseline_hgb_v2
2023-12-05 15:00:00,3,Татнефть-АЗС-004,33.0,151,0,0,0,15,1,33.999401975570166,total_fuel_sales,Продажи топлива,baseline_hgb_v2
2023-12-05 15:00:00,4,Татнефть-АЗС-005,14.0,69,1,0,1,15,1,16.974678580116603,total_fuel_sales,Продажи топлива,baseline_hgb_v2
2023-12-05 16:00:00,0,Татнефть-АЗС-001,39.0,162,0,1,0,16,1,41.054799154030356,total_fuel_sales,Продажи топлива,baseline_hgb_v2
2023-12-05 16:00:00,1,Татнефть-АЗС-002,12.0,60,1,1,0,16,1,12.481025481721696,total_fuel_sales,Продажи топлива,baseline_hgb_v2
2023-12-05 16:00:00,2,Татнефть-АЗС-003,41.0,210,0,0,1,16,1,51.745072289441175,total_fuel_sales,Продажи топлива,baseline_hgb_v2
2023-12-05 16:00:00,3,Татнефть-АЗС-004,37.0,156,1,0,0,16,1,34.37241561343615,total_fuel_sales,Продажи топлива,baseline_hgb_v2
2023-12-05 16:00:00,4,Татнефть-АЗС-005,19.0,72,0,0,1,16,1,18.270046040763265,total_fuel_sales,Продажи топлива,baseline_hgb_v2
2023-12-05 17:00:00,0,Татнефть-АЗС-001,101.0,294,0,1,0,17,1,118.0321025022137,total_fuel_sales,Продажи топлива,baseline_hgb_v2
2023-12-05 17:00:00,1,Татнефть-АЗС-002,99.0,236,0,1,0,17,1,105.23056695265694,total_fuel_sales,Продажи топлива,baseline_hgb_v2
2023-12-05 17:00:00,2,Татнефть-АЗС-003,268.0,656,0,0,1,17,1,307.81125693230723,total_fuel_sales,Продажи топлива,baseline_hgb_v2
2023-12-05 17:00:00,3,Татнефть-АЗС-004,185.0,470,0,0,0,17,1,228.0440374142223,total_fuel_sales,Продажи топлива,baseline_hgb_v2
2023-12-05 17:00:00,4,Татнефть-АЗС-005,94.0,195,0,0,1,17,1,91.57326417171576,total_fuel_sales,Продажи топлива,baseline_hgb_v2
2023-12-05 18:00:00,0,Татнефть-АЗС-001,137.0,308,1,1,0,18,1,128.2725523183237,total_fuel_sales,Продажи топлива,baseline_hgb_v2
2023-12-05 18:00:00,1,Татнефть-АЗС-002,105.0,246,0,1,0,18,1,118.03416268221345,total_fuel_sales,Продажи топлива,baseline_hgb_v2
2023-12-05 18:00:00,2,Татнефть-АЗС-003,309.0,704,1,0,1,18,1,329.15515090736596,total_fuel_sales,Продажи топлива,baseline_hgb_v2
2023-12-05 18:00:00,3,Татнефть-АЗС-004,206.0,427,0,0,0,18,1,203.61710167334175,total_fuel_sales,Продажи топлива,baseline_hgb_v2
2023-12-05 18:00:00,4,Татнефть-АЗС-005,47.0,132,0,0,1,18,1,48.03435238526371,total_fuel_sales,Продажи топлива,baseline_hgb_v2
2023-12-05 19:00:00,0,Татнефть-АЗС-001,218.0,453,0,1,0,19,1,241.86834241853572,total_fuel_sales,Продажи топлива,baseline_hgb_v2
2023-12-05 19:00:00,1,Татнефть-АЗС-002,87.0,216,1,1,0,19,1,95.13250536934162,total_fuel_sales,Продажи топлива,baseline_hgb_v2
2023-12-05 19:00:00,2,Татнефть-АЗС-003,217.0,570,0,0,1,19,1,263.3110909055744,total_fuel_sales,Продажи топлива,baseline_hgb_v2
2023-12-05 19:00:00,3,Татнефть-АЗС-004,179.0,435,0,0,0,19,1,207.10445405847642,total_fuel_sales,Продажи топлива,baseline_hgb_v2
2023-12-05 19:00:00,4,Татнефть-АЗС-005,109.0,229,0,0,1,19,1,113.90272228528254,total_fuel_sales,Продажи топлива,baseline_hgb_v2
2023-12-05 20:00:00,0,Татнефть-АЗС-001,29.0,124,0,1,0,20,1,27.618937363895327,total_fuel_sales,Продажи топлива,baseline_hgb_v2
2023-12-05 20:00:00,1,Татнефть-АЗС-002,28.0,100,1,1,0,20,1,28.05207722968454,total_fuel_sales,Продажи топлива,baseline_hgb_v2
2023-12-05 20:00:00,2,Татнефть-АЗС-003,44.0,210,0,0,1,20,1,52.50066883870703,total_fuel_sales,Продажи топлива,baseline_hgb_v2
2023-12-05 20:00:00,3,Татнефть-АЗС-004,33.0,135,0,0,0,20,1,29.30495734408825,total_fuel_sales,Продажи топлива,baseline_hgb_v2
2023-12-05 20:00:00,4,Татнефть-АЗС-005,8.0,49,0,0,1,20,1,11.091484016598484,total_fuel_sales,Продажи топлива,baseline_hgb_v2
2023-12-05 21:00:00,0,Татнефть-АЗС-001,19.0,101,1,1,0,21,1,20.148125841015442,total_fuel_sales,Продажи топлива,baseline_hgb_v2
2023-12-05 21:00:00,1,Татнефть-АЗС-002,9.0,56,1,1,0,21,1,11.433814418052863,total_fuel_sales,Продажи топлива,baseline_hgb_v2
2023-12-05 21:00:00,2,Татнефть-АЗС-003,32.0,139,1,0,1,21,1,31.89542595355904,total_fuel_sales,Продажи топлива,baseline_hgb_v2
2023-12-05 21:00:00,3,Татнефть-АЗС-004,39.0,155,0,0,0,21,1,34.40131054438835,total_fuel_sales,Продажи топлива,baseline_hgb_v2
2023-12-05 21:00:00,4,Татнефть-АЗС-005,8.0,48,0,0,1,21,1,11.091484016598484,total_fuel_sales,Продажи топлива,baseline_hgb_v2
2023-12-05 22:00:00,0,Татнефть-АЗС-001,8.0,28,0,1,0,22,1,6.152664021067482,total_fuel_sales,Продажи топлива,baseline_hgb_v2
2023-12-05 22:00:00,1,Татнефть-АЗС-002,2.0,16,0,1,0,22,1,2.855822090949347,total_fuel_sales,Продажи топлива,baseline_hgb_v2
2023-12-05 22:00:00,2,Татнефть-АЗС-003,5.0,29,0,0,1,22,1,6.465718129592952,total_fuel_sales,Продажи топлива,baseline_hgb_v2
2023-12-05 22:00:00,3,Татнефть-АЗС-004,3.0,21,1,0,0,22,1,2.3146036291088925,total_fuel_sales,Продажи топлива,baseline_hgb_v2
2023-12-05 22:00:00,4,Татнефть-АЗС-005,2.0,14,1,0,1,22,1,3.049511602930012,total_fuel_sales,Продажи топлива,baseline_hgb_v2
2023-12-05 23:00:00,0,Татнефть-АЗС-001,8.0,31,0,1,0,23,1,7.695056689751206,total_fuel_sales,Продажи топлива,baseline_hgb_v2
2023-12-05 23:00:00,1,Татнефть-АЗС-002,2.0,16,0,1,0,23,1,2.9307472118713824,total_fuel_sales,Продажи топлива,baseline_hgb_v2
2023-12-05 23:00:00,2,Татнефть-АЗС-003,3.0,24,0,0,1,23,1,2.790671012532546,total_fuel_sales,Продажи топлива,baseline_hgb_v2
2023-12-05 23:00:00,3,Татнефть-АЗС-004,8.0,32,1,0,0,23,1,7.1278595245966345,total_fuel_sales,Продажи топлива,baseline_hgb_v2
2023-12-05 23:00:00,4,Татнефть-АЗС-005,2.0,15,1,0,1,23,1,3.049511602930012,total_fuel_sales,Продажи топлива,baseline_hgb_v2
2023-12-06 00:00:00,0,Татнефть-АЗС-001,3.0,22,0,1,0,0,2,2.905681419558912,total_fuel_sales,Продажи топлива,baseline_hgb_v2
2023-12-06 00:00:00,1,Татнефть-АЗС-002,3.0,17,0,1,0,0,2,3.868655124029272,total_fuel_sales,Продажи топлива,baseline_hgb_v2
2023-12-06 00:00:00,2,Татнефть-АЗС-003,8.0,32,1,0,1,0,2,7.607816514994679,total_fuel_sales,Продажи топлива,baseline_hgb_v2
2023-12-06 00:00:00,3,Татнефть-АЗС-004,8.0,28,0,1,1,0,2,5.925151401016524,total_fuel_sales,Продажи топлива,baseline_hgb_v2
2023-12-06 00:00:00,4,Татнефть-АЗС-005,2.0,10,1,0,1,0,2,2.062362509743441,total_fuel_sales,Продажи топлива,baseline_hgb_v2
2023-12-06 01:00:00,0,Татнефть-АЗС-001,3.0,19,0,1,0,1,2,2.905681419558912,total_fuel_sales,Продажи топлива,baseline_hgb_v2
2023-12-06 01:00:00,1,Татнефть-АЗС-002,2.0,9,1,1,0,1,2,2.484815470984791,total_fuel_sales,Продажи топлива,baseline_hgb_v2
2023-12-06 01:00:00,2,Татнефть-АЗС-003,8.0,31,0,0,1,1,2,7.594340942641669,total_fuel_sales,Продажи топлива,baseline_hgb_v2
2023-12-06 01:00:00,3,Татнефть-АЗС-004,8.0,34,0,1,1,1,2,8.135504722494009,total_fuel_sales,Продажи топлива,baseline_hgb_v2
2023-12-06 01:00:00,4,Татнефть-АЗС-005,2.0,9,0,0,1,1,2,2.062362509743441,total_fuel_sales,Продажи топлива,baseline_hgb_v2
2023-12-06 02:00:00,0,Татнефть-АЗС-001,4.0,23,1,1,0,2,2,4.379436219519693,total_fuel_sales,Продажи топлива,baseline_hgb_v2
2023-12-06 02:00:00,1,Татнефть-АЗС-002,2.0,13,0,1,0,2,2,3.395622462790008,total_fuel_sales,Продажи топлива,baseline_hgb_v2
2023-12-06 02:00:00,2,Татнефть-АЗС-003,3.0,20,1,0,1,2,2,2.6777242921998274,total_fuel_sales,Продажи топлива,baseline_hgb_v2
2023-12-06 02:00:00,3,Татнефть-АЗС-004,8.0,34,1,1,1,2,2,8.135504722494009,total_fuel_sales,Продажи топлива,baseline_hgb_v2
2023-12-06 02:00:00,4,Татнефть-АЗС-005,2.0,10,0,0,1,2,2,2.062362509743441,total_fuel_sales,Продажи топлива,baseline_hgb_v2
2023-12-06 03:00:00,0,Татнефть-АЗС-001,8.0,31,0,1,0,3,2,7.987179330761677,total_fuel_sales,Продажи топлива,baseline_hgb_v2
2023-12-06 03:00:00,1,Татнефть-АЗС-002,2.0,10,1,1,0,3,2,2.484815470984791,total_fuel_sales,Продажи топлива,baseline_hgb_v2
2023-12-06 03:00:00,2,Татнефть-АЗС-003,8.0,27,0,0,1,3,2,5.993521381475257,total_fuel_sales,Продажи топлива,baseline_hgb_v2
2023-12-06 03:00:00,3,Татнефть-АЗС-004,8.0,29,0,1,1,3,2,6.619106281683479,total_fuel_sales,Продажи топлива,baseline_hgb_v2
2023-12-06 03:00:00,4,Татнефть-АЗС-005,2.0,9,1,0,1,3,2,2.062362509743441,total_fuel_sales,Продажи топлива,baseline_hgb_v2
2023-12-06 04:00:00,0,Татнефть-АЗС-001,8.0,31,1,1,0,4,2,7.987179330761677,total_fuel_sales,Продажи топлива,baseline_hgb_v2
2023-12-06 04:00:00,1,Татнефть-АЗС-002,3.0,16,0,1,0,4,2,3.395622462790008,total_fuel_sales,Продажи топлива,baseline_hgb_v2
2023-12-06 04:00:00,2,Татнефть-АЗС-003,5.0,29,1,0,1,4,2,6.6740006897892,total_fuel_sales,Продажи топлива,baseline_hgb_v2
2023-12-06 04:00:00,3,Татнефть-АЗС-004,3.0,19,0,1,1,4,2,2.450579152565464,total_fuel_sales,Продажи топлива,baseline_hgb_v2
2023-12-06 04:00:00,4,Татнефть-АЗС-005,2.0,14,0,0,1,4,2,2.90520607084546,total_fuel_sales,Продажи топлива,baseline_hgb_v2
2023-12-06 05:00:00,0,Татнефть-АЗС-001,4.0,23,0,1,0,5,2,3.3787140807981735,total_fuel_sales,Продажи топлива,baseline_hgb_v2
2023-12-06 05:00:00,1,Татнефть-АЗС-002,2.0,14,0,1,0,5,2,3.395622462790008,total_fuel_sales,Продажи топлива,baseline_hgb_v2
2023-12-06 05:00:00,2,Татнефть-АЗС-003,3.0,22,1,0,1,5,2,2.6777242921998274,total_fuel_sales,Продажи топлива,baseline_hgb_v2
2023-12-06 05:00:00,3,Татнефть-АЗС-004,3.0,20,0,1,1,5,2,2.450579152565464,total_fuel_sales,Продажи топлива,baseline_hgb_v2
2023-12-06 05:00:00,4,Татнефть-АЗС-005,2.0,15,0,0,1,5,2,2.90520607084546,total_fuel_sales,Продажи топлива,baseline_hgb_v2
2023-12-06 06:00:00,0,Татнефть-АЗС-001,21.0,102,1,1,0,6,2,21.96868316965666,total_fuel_sales,Продажи топлива,baseline_hgb_v2
2023-12-06 06:00:00,1,Татнефть-АЗС-002,21.0,80,1,1,0,6,2,22.54206647059246,total_fuel_sales,Продажи топлива,baseline_hgb_v2
2023-12-06 06:00:00,2,Татнефть-АЗС-003,33.0,151,1,0,1,6,2,35.13013526083307,total_fuel_sales,Продажи топлива,baseline_hgb_v2
2023-12-06 06:00:00,3,Татнефть-АЗС-004,33.0,170,1,1,1,6,2,38.46444092481413,total_fuel_sales,Продажи топлива,baseline_hgb_v2
2023-12-06 06:00:00,4,Татнефть-АЗС-005,23.0,100,1,0,1,6,2,25.68977894831747,total_fuel_sales,Продажи топлива,baseline_hgb_v2
2023-12-06 07:00:00,0,Татнефть-АЗС-001,178.0,394,0,1,0,7,2,207.82027058618587,total_fuel_sales,Продажи топлива,baseline_hgb_v2
2023-12-06 07:00:00,1,Татнефть-АЗС-002,53.0,148,0,1,0,7,2,64.65271768776623,total_fuel_sales,Продажи топлива,baseline_hgb_v2
2023-12-06 07:00:00,2,Татнефть-АЗС-003,107.0,269,0,0,1,7,2,97.34081363448581,total_fuel_sales,Продажи топлива,baseline_hgb_v2
2023-12-06 07:00:00,3,Татнефть-АЗС-004,173.0,412,0,1,1,7,2,169.09064289421525,total_fuel_sales,Продажи топлива,baseline_hgb_v2
2023-12-06 07:00:00,4,Татнефть-АЗС-005,105.0,262,0,0,1,7,2,125.2564949614336,total_fuel_sales,Продажи топлива,baseline_hgb_v2
2023-12-06 08:00:00,0,Татнефть-АЗС-001,125.0,278,0,1,0,8,2,116.37956454971852,total_fuel_sales,Продажи топлива,baseline_hgb_v2
2023-12-06 08:00:00,1,Татнефть-АЗС-002,101.0,179,1,1,0,8,2,89.15063248469433,total_fuel_sales,Продажи топлива,baseline_hgb_v2
2023-12-06 08:00:00,2,Татнефть-АЗС-003,101.0,259,1,0,1,8,2,97.20744060465265,total_fuel_sales,Продажи топлива,baseline_hgb_v2
2023-12-06 08:00:00,3,Татнефть-АЗС-004,306.0,585,0,1,1,8,2,319.3446687713147,total_fuel_sales,Продажи топлива,baseline_hgb_v2
2023-12-06 08:00:00,4,Татнефть-АЗС-005,127.0,276,1,0,1,8,2,133.5888277156382,total_fuel_sales,Продажи топлива,baseline_hgb_v2
2023-12-06 09:00:00,0,Татнефть-АЗС-001,217.0,413,0,1,0,9,2,211.49009981617175,total_fuel_sales,Продажи топлива,baseline_hgb_v2
2023-12-06 09:00:00,1,Татнефть-АЗС-002,41.0,118,0,1,0,9,2,42.44654209677545,total_fuel_sales,Продажи топлива,baseline_hgb_v2
2023-12-06 09:00:00,2,Татнефть-АЗС-003,156.0,362,0,0,1,9,2,166.22111695958552,total_fuel_sales,Продажи топлива,baseline_hgb_v2
2023-12-06 09:00:00,3,Татнефть-АЗС-004,142.0,356,0,1,1,9,2,143.53580424256077,total_fuel_sales,Продажи топлива,baseline_hgb_v2
2023-12-06 09:00:00,4,Татнефть-АЗС-005,126.0,300,1,0,1,9,2,146.52198757151436,total_fuel_sales,Продажи топлива,baseline_hgb_v2
2023-12-06 10:00:00,0,Татнефть-АЗС-001,33.0,140,1,1,0,10,2,35.679972389123904,total_fuel_sales,Продажи топлива,baseline_hgb_v2
2023-12-06 10:00:00,1,Татнефть-АЗС-002,12.0,53,1,1,0,10,2,12.188084853474635,total_fuel_sales,Продажи топлива,baseline_hgb_v2
2023-12-06 10:00:00,2,Татнефть-АЗС-003,21.0,111,1,0,1,10,2,22.032779901858135,total_fuel_sales,Продажи топлива,baseline_hgb_v2
2023-12-06 10:00:00,3,Татнефть-АЗС-004,49.0,209,0,1,1,10,2,57.25412043341295,total_fuel_sales,Продажи топлива,baseline_hgb_v2
2023-12-06 10:00:00,4,Татнефть-АЗС-005,27.0,116,0,0,1,10,2,26.98958530900685,total_fuel_sales,Продажи топлива,baseline_hgb_v2
2023-12-06 11:00:00,0,Татнефть-АЗС-001,23.0,108,1,1,0,11,2,22.79944753472057,total_fuel_sales,Продажи топлива,baseline_hgb_v2
2023-12-06 11:00:00,1,Татнефть-АЗС-002,19.0,73,0,1,0,11,2,18.966193790933954,total_fuel_sales,Продажи топлива,baseline_hgb_v2
2023-12-06 11:00:00,2,Татнефть-АЗС-003,23.0,114,0,0,1,11,2,22.59619432524733,total_fuel_sales,Продажи топлива,baseline_hgb_v2
2023-12-06 11:00:00,3,Татнефть-АЗС-004,23.0,110,0,1,1,11,2,22.677472050007086,total_fuel_sales,Продажи топлива,baseline_hgb_v2
2023-12-06 11:00:00,4,Татнефть-АЗС-005,18.0,77,0,0,1,11,2,19.078702062167125,total_fuel_sales,Продажи топлива,baseline_hgb_v2
2023-12-06 12:00:00,0,Татнефть-АЗС-001,62.0,158,0,1,0,12,2,70.24362834417506,total_fuel_sales,Продажи топлива,baseline_hgb_v2
2023-12-06 12:00:00,1,Татнефть-АЗС-002,17.0,49,0,1,0,12,2,16.294549623092713,total_fuel_sales,Продажи топлива,baseline_hgb_v2
2023-12-06 12:00:00,2,Татнефть-АЗС-003,50.0,143,1,0,1,12,2,52.17768996184646,total_fuel_sales,Продажи топлива,baseline_hgb_v2
2023-12-06 12:00:00,3,Татнефть-АЗС-004,39.0,103,1,1,1,12,2,34.36142293030009,total_fuel_sales,Продажи топлива,baseline_hgb_v2
2023-12-06 12:00:00,4,Татнефть-АЗС-005,12.0,46,1,0,1,12,2,13.42810425876499,total_fuel_sales,Продажи топлива,baseline_hgb_v2
2023-12-06 13:00:00,0,Татнефть-АЗС-001,43.0,116,1,1,0,13,2,40.61590741358417,total_fuel_sales,Продажи топлива,baseline_hgb_v2
2023-12-06 13:00:00,1,Татнефть-АЗС-002,28.0,69,0,1,0,13,2,28.063319867656343,total_fuel_sales,Продажи топлива,baseline_hgb_v2
2023-12-06 13:00:00,2,Татнефть-АЗС-003,48.0,135,1,0,1,13,2,47.505919750074874,total_fuel_sales,Продажи топлива,baseline_hgb_v2
2023-12-06 13:00:00,3,Татнефть-АЗС-004,64.0,153,1,1,1,13,2,64.19747864768642,total_fuel_sales,Продажи топлива,baseline_hgb_v2
2023-12-06 13:00:00,4,Татнефть-АЗС-005,27.0,68,1,0,1,13,2,25.770139024127985,total_fuel_sales,Продажи топлива,baseline_hgb_v2
2023-12-06 14:00:00,0,Татнефть-АЗС-001,41.0,111,1,1,0,14,2,37.10270043093933,total_fuel_sales,Продажи топлива,baseline_hgb_v2
2023-12-06 14:00:00,1,Татнефть-АЗС-002,16.0,52,0,1,0,14,2,17.526728653000905,total_fuel_sales,Продажи топлива,baseline_hgb_v2
2023-12-06 14:00:00,2,Татнефть-АЗС-003,58.0,146,0,0,1,14,2,58.51297465583122,total_fuel_sales,Продажи топлива,baseline_hgb_v2
2023-12-06 14:00:00,3,Татнефть-АЗС-004,32.0,97,0,1,1,14,2,32.37293723879033,total_fuel_sales,Продажи топлива,baseline_hgb_v2
2023-12-06 14:00:00,4,Татнефть-АЗС-005,14.0,47,1,0,1,14,2,15.478562624526525,total_fuel_sales,Продажи топлива,baseline_hgb_v2
2023-12-06 15:00:00,0,Татнефть-АЗС-001,19.0,100,0,1,0,15,2,20.148125841015442,total_fuel_sales,Продажи топлива,baseline_hgb_v2
2023-12-06 15:00:00,1,Татнефть-АЗС-002,19.0,75,1,1,0,15,2,19.540264717095106,total_fuel_sales,Продажи топлива,baseline_hgb_v2
2023-12-06 15:00:00,2,Татнефть-АЗС-003,16.0,85,1,0,1,15,2,16.61865837677909,total_fuel_sales,Продажи топлива,baseline_hgb_v2
2023-12-06 15:00:00,3,Татнефть-АЗС-004,35.0,160,0,1,1,15,2,39.26970485546097,total_fuel_sales,Продажи топлива,baseline_hgb_v2
2023-12-06 15:00:00,4,Татнефть-АЗС-005,8.0,45,0,0,1,15,2,9.687158102146016,total_fuel_sales,Продажи топлива,baseline_hgb_v2
2023-12-06 16:00:00,0,Татнефть-АЗС-001,27.0,118,0,1,0,16,2,25.002067283747653,total_fuel_sales,Продажи топлива,baseline_hgb_v2
2023-12-06 16:00:00,1,Татнефть-АЗС-002,28.0,106,0,1,0,16,2,28.807326890514794,total_fuel_sales,Продажи топлива,baseline_hgb_v2
2023-12-06 16:00:00,2,Татнефть-АЗС-003,30.0,159,1,0,1,16,2,30.33654785783673,total_fuel_sales,Продажи топлива,baseline_hgb_v2
2023-12-06 16:00:00,3,Татнефть-АЗС-004,19.0,97,1,1,1,16,2,19.160320343639448,total_fuel_sales,Продажи топлива,baseline_hgb_v2
2023-12-06 16:00:00,4,Татнефть-АЗС-005,17.0,78,0,0,1,16,2,19.95688097089361,total_fuel_sales,Продажи топлива,baseline_hgb_v2
2023-12-06 17:00:00,0,Татнефть-АЗС-001,183.0,413,1,1,0,17,2,211.35132066521962,total_fuel_sales,Продажи топлива,baseline_hgb_v2
2023-12-06 17:00:00,1,Татнефть-АЗС-002,142.0,297,1,1,0,17,2,154.43266229381658,total_fuel_sales,Продажи топлива,baseline_hgb_v2
2023-12-06 17:00:00,2,Татнефть-АЗС-003,245.0,638,0,0,1,17,2,307.2645933741782,total_fuel_sales,Продажи топлива,baseline_hgb_v2
2023-12-06 17:00:00,3,Татнефть-АЗС-004,132.0,321,0,1,1,17,2,129.15168463879584,total_fuel_sales,Продажи топлива,baseline_hgb_v2
2023-12-06 17:00:00,4,Татнефть-АЗС-005,103.0,210,0,0,1,17,2,101.83394176253012,total_fuel_sales,Продажи топлива,baseline_hgb_v2
2023-12-06 18:00:00,0,Татнефть-АЗС-001,107.0,276,0,1,0,18,2,109.08962795546257,total_fuel_sales,Продажи топлива,baseline_hgb_v2
2023-12-06 18:00:00,1,Татнефть-АЗС-002,97.0,223,0,1,0,18,2,95.22562996064107,total_fuel_sales,Продажи топлива,baseline_hgb_v2
2023-12-06 18:00:00,2,Татнефть-АЗС-003,127.0,402,1,0,1,18,2,161.7893006061918,total_fuel_sales,Продажи топлива,baseline_hgb_v2
2023-12-06 18:00:00,3,Татнефть-АЗС-004,117.0,278,0,1,1,18,2,101.65460653879295,total_fuel_sales,Продажи топлива,baseline_hgb_v2
2023-12-06 18:00:00,4,Татнефть-АЗС-005,89.0,201,0,0,1,18,2,93.70302755227371,total_fuel_sales,Продажи топлива,baseline_hgb_v2
2023-12-06 19:00:00,0,Татнефть-АЗС-001,262.0,501,0,1,0,19,2,276.7140586836299,total_fuel_sales,Продажи топлива,baseline_hgb_v2
2023-12-06 19:00:00,1,Татнефть-АЗС-002,130.0,300,0,1,0,19,2,144.47009135242342,total_fuel_sales,Продажи топлива,baseline_hgb_v2
2023-12-06 19:00:00,2,Татнефть-АЗС-003,152.0,451,0,0,1,19,2,176.26663730335466,total_fuel_sales,Продажи топлива,baseline_hgb_v2
2023-12-06 19:00:00,3,Татнефть-АЗС-004,240.0,451,0,1,1,19,2,232.81630548737206,total_fuel_sales,Продажи топлива,baseline_hgb_v2
2023-12-06 19:00:00,4,Татнефть-АЗС-005,53.0,144,1,0,1,19,2,55.544660772947545,total_fuel_sales,Продажи топлива,baseline_hgb_v2
2023-12-06 20:00:00,0,Татнефть-АЗС-001,21.0,109,0,1,0,20,2,22.31868586065383,total_fuel_sales,Продажи топлива,baseline_hgb_v2
2023-12-06 20:00:00,1,Татнефть-АЗС-002,12.0,73,0,1,0,20,2,17.24734842907278,total_fuel_sales,Продажи топлива,baseline_hgb_v2
2023-12-06 20:00:00,2,Татнефть-АЗС-003,62.0,264,1,0,1,20,2,64.41993100489387,total_fuel_sales,Продажи топлива,baseline_hgb_v2
2023-12-06 20:00:00,3,Татнефть-АЗС-004,41.0,153,0,1,1,20,2,37.215930735025935,total_fuel_sales,Продажи топлива,baseline_hgb_v2
2023-12-06 20:00:00,4,Татнефть-АЗС-005,14.0,65,0,0,1,20,2,14.881234580813114,total_fuel_sales,Продажи топлива,baseline_hgb_v2
2023-12-06 21:00:00,0,Татнефть-АЗС-001,41.0,146,1,1,0,21,2,35.908901514577266,total_fuel_sales,Продажи топлива,baseline_hgb_v2
2023-12-06 21:00:00,1,Татнефть-АЗС-002,16.0,66,1,1,0,21,2,15.943164314271565,total_fuel_sales,Продажи топлива,baseline_hgb_v2
2023-12-06 21:00:00,2,Татнефть-АЗС-003,35.0,140,0,0,1,21,2,31.871211327237663,total_fuel_sales,Продажи топлива,baseline_hgb_v2
2023-12-06 21:00:00,3,Татнефть-АЗС-004,18.0,99,0,1,1,21,2,19.872130516040176,total_fuel_sales,Продажи топлива,baseline_hgb_v2
2023-12-06 21:00:00,4,Татнефть-АЗС-005,12.0,52,0,0,1,21,2,12.618643277800317,total_fuel_sales,Продажи топлива,baseline_hgb_v2
2023-12-06 22:00:00,0,Татнефть-АЗС-001,8.0,35,0,1,0,22,2,8.453246125766242,total_fuel_sales,Продажи топлива,baseline_hgb_v2
2023-12-06 22:00:00,1,Татнефть-АЗС-002,2.0,14,0,1,0,22,2,2.855822090949347,total_fuel_sales,Продажи топлива,baseline_hgb_v2
2023-12-06 22:00:00,2,Татнефть-АЗС-003,8.0,34,1,0,1,22,2,7.9102141055677855,total_fuel_sales,Продажи топлива,baseline_hgb_v2
2023-12-06 22:00:00,3,Татнефть-АЗС-004,8.0,35,0,1,1,22,2,8.18462027155869,total_fuel_sales,Продажи топлива,baseline_hgb_v2
2023-12-06 22:00:00,4,Татнефть-АЗС-005,2.0,10,1,0,1,22,2,2.0683402334707095,total_fuel_sales,Продажи топлива,baseline_hgb_v2
2023-12-06 23:00:00,0,Татнефть-АЗС-001,8.0,34,1,1,0,23,2,8.315329504030649,total_fuel_sales,Продажи топлива,baseline_hgb_v2
2023-12-06 23:00:00,1,Татнефть-АЗС-002,2.0,11,1,1,0,23,2,1.8646827431825512,total_fuel_sales,Продажи топлива,baseline_hgb_v2
2023-12-06 23:00:00,2,Татнефть-АЗС-003,8.0,29,0,0,1,23,2,6.465718129592952,total_fuel_sales,Продажи топлива,baseline_hgb_v2
2023-12-06 23:00:00,3,Татнефть-АЗС-004,3.0,21,0,1,1,23,2,2.271138110051588,total_fuel_sales,Продажи топлива,baseline_hgb_v2
2023-12-06 23:00:00,4,Татнефть-АЗС-005,2.0,15,0,0,1,23,2,3.049511602930012,total_fuel_sales,Продажи топлива,baseline_hgb_v2
2023-12-07 00:00:00,0,Татнефть-АЗС-001,3.0,21,0,1,0,0,3,2.905681419558912,total_fuel_sales,Продажи топлива,baseline_hgb_v2
2023-12-07 00:00:00,1,Татнефть-АЗС-002,2.0,10,0,1,0,0,3,2.484815470984791,total_fuel_sales,Продажи топлива,baseline_hgb_v2
2023-12-07 00:00:00,2,Татнефть-АЗС-003,5.0,28,1,0,1,0,3,5.993521381475257,total_fuel_sales,Продажи топлива,baseline_hgb_v2
2023-12-07 00:00:00,3,Татнефть-АЗС-004,3.0,24,0,1,1,0,3,2.9236118138047256,total_fuel_sales,Продажи топлива,baseline_hgb_v2
2023-12-07 00:00:00,4,Татнефть-АЗС-005,2.0,11,0,0,1,0,3,2.062362509743441,total_fuel_sales,Продажи топлива,baseline_hgb_v2
2023-12-07 01:00:00,0,Татнефть-АЗС-001,4.0,23,0,1,0,1,3,3.3787140807981735,total_fuel_sales,Продажи топлива,baseline_hgb_v2
2023-12-07 01:00:00,1,Татнефть-АЗС-002,2.0,14,0,1,0,1,3,3.395622462790008,total_fuel_sales,Продажи топлива,baseline_hgb_v2
2023-12-07 01:00:00,2,Татнефть-АЗС-003,8.0,32,1,0,1,1,3,7.479128613480701,total_fuel_sales,Продажи топлива,baseline_hgb_v2
2023-12-07 01:00:00,3,Татнефть-АЗС-004,8.0,27,0,1,1,1,3,5.911675828663514,total_fuel_sales,Продажи топлива,baseline_hgb_v2
2023-12-07 01:00:00,4,Татнефть-АЗС-005,2.0,15,1,0,1,1,3,2.90520607084546,total_fuel_sales,Продажи топлива,baseline_hgb_v2
2023-12-07 02:00:00,0,Татнефть-АЗС-001,8.0,29,0,1,0,2,3,7.06683907790921,total_fuel_sales,Продажи топлива,baseline_hgb_v2
2023-12-07 02:00:00,1,Татнефть-АЗС-002,3.0,15,1,1,0,2,3,3.395622462790008,total_fuel_sales,Продажи топлива,baseline_hgb_v2
2023-12-07 02:00:00,2,Татнефть-АЗС-003,8.0,37,0,0,1,2,3,9.045011057534877,total_fuel_sales,Продажи топлива,baseline_hgb_v2
2023-12-07 02:00:00,3,Татнефть-АЗС-004,3.0,22,0,1,1,2,3,2.450579152565464,total_fuel_sales,Продажи топлива,baseline_hgb_v2
2023-12-07 02:00:00,4,Татнефть-АЗС-005,2.0,15,0,0,1,2,3,2.90520607084546,total_fuel_sales,Продажи топлива,baseline_hgb_v2
2023-12-07 03:00:00,0,Татнефть-АЗС-001,8.0,29,0,1,0,3,3,7.06683907790921,total_fuel_sales,Продажи топлива,baseline_hgb_v2
2023-12-07 03:00:00,1,Татнефть-АЗС-002,2.0,14,0,1,0,3,3,3.395622462790008,total_fuel_sales,Продажи топлива,baseline_hgb_v2
2023-12-07 03:00:00,2,Татнефть-АЗС-003,8.0,32,0,0,1,3,3,7.607816514994679,total_fuel_sales,Продажи топлива,baseline_hgb_v2
2023-12-07 03:00:00,3,Татнефть-АЗС-004,3.0,21,0,1,1,3,3,2.450579152565464,total_fuel_sales,Продажи топлива,baseline_hgb_v2
2023-12-07 03:00:00,4,Татнефть-АЗС-005,2.0,14,1,0,1,3,3,2.7765181693314824,total_fuel_sales,Продажи топлива,baseline_hgb_v2
2023-12-07 04:00:00,0,Татнефть-АЗС-001,8.0,30,1,1,0,4,3,7.618675774369507,total_fuel_sales,Продажи топлива,baseline_hgb_v2
2023-12-07 04:00:00,1,Татнефть-АЗС-002,2.0,10,0,1,0,4,3,2.484815470984791,total_fuel_sales,Продажи топлива,baseline_hgb_v2
2023-12-07 04:00:00,2,Татнефть-АЗС-003,8.0,29,0,0,1,4,3,6.68747626214221,total_fuel_sales,Продажи топлива,baseline_hgb_v2
2023-12-07 04:00:00,3,Татнефть-АЗС-004,6.0,23,1,1,1,4,3,3.144037553170357,total_fuel_sales,Продажи топлива,baseline_hgb_v2
2023-12-07 04:00:00,4,Татнефть-АЗС-005,2.0,14,1,0,1,4,3,2.90520607084546,total_fuel_sales,Продажи топлива,baseline_hgb_v2
2023-12-07 05:00:00,0,Татнефть-АЗС-001,8.0,31,0,1,0,5,3,7.987179330761677,total_fuel_sales,Продажи топлива,baseline_hgb_v2
2023-12-07 05:00:00,1,Татнефть-АЗС-002,2.0,11,0,1,0,5,3,2.622896525551987,total_fuel_sales,Продажи топлива,baseline_hgb_v2
2023-12-07 05:00:00,2,Татнефть-АЗС-003,5.0,28,0,0,1,5,3,5.993521381475257,total_fuel_sales,Продажи топлива,baseline_hgb_v2
2023-12-07 05:00:00,3,Татнефть-АЗС-004,8.0,30,0,1,1,5,3,7.170942978143778,total_fuel_sales,Продажи топлива,baseline_hgb_v2
2023-12-07 05:00:00,4,Татнефть-АЗС-005,2.0,11,0,0,1,5,3,2.062362509743441,total_fuel_sales,Продажи топлива,baseline_hgb_v2
2023-12-07 06:00:00,0,Татнефть-АЗС-001,34.0,143,1,1,0,6,3,35.74309252458933,total_fuel_sales,Продажи топлива,baseline_hgb_v2
2023-12-07 06:00:00,1,Татнефть-АЗС-002,8.0,50,0,1,0,6,3,11.555647092626883,total_fuel_sales,Продажи топлива,baseline_hgb_v2
2023-12-07 06:00:00,2,Татнефть-АЗС-003,13.0,83,0,0,1,6,3,17.142540368027607,total_fuel_sales,Продажи топлива,baseline_hgb_v2
2023-12-07 06:00:00,3,Татнефть-АЗС-004,35.0,163,0,1,1,6,3,37.33718417723331,total_fuel_sales,Продажи топлива,baseline_hgb_v2
2023-12-07 06:00:00,4,Татнефть-АЗС-005,24.0,106,0,0,1,6,3,26.23359417573149,total_fuel_sales,Продажи топлива,baseline_hgb_v2
2023-12-07 07:00:00,0,Татнефть-АЗС-001,177.0,326,0,1,0,7,3,149.8513559716042,total_fuel_sales,Продажи топлива,baseline_hgb_v2
2023-12-07 07:00:00,1,Татнефть-АЗС-002,96.0,193,0,1,0,7,3,99.15690977362902,total_fuel_sales,Продажи топлива,baseline_hgb_v2
2023-12-07 07:00:00,2,Татнефть-АЗС-003,185.0,375,1,0,1,7,3,174.77992788146992,total_fuel_sales,Продажи топлива,baseline_hgb_v2
2023-12-07 07:00:00,3,Татнефть-АЗС-004,301.0,600,1,1,1,7,3,329.97222841482045,total_fuel_sales,Продажи топлива,baseline_hgb_v2
2023-12-07 07:00:00,4,Татнефть-АЗС-005,124.0,300,0,0,1,7,3,145.28296914735245,total_fuel_sales,Продажи топлива,baseline_hgb_v2
2023-12-07 08:00:00,0,Татнефть-АЗС-001,183.0,357,1,1,0,8,3,187.9261094113865,total_fuel_sales,Продажи топлива,baseline_hgb_v2
2023-12-07 08:00:00,1,Татнефть-АЗС-002,106.0,201,0,1,0,8,3,100.89184191546903,total_fuel_sales,Продажи топлива,baseline_hgb_v2
2023-12-07 08:00:00,2,Татнефть-АЗС-003,105.0,300,0,0,1,8,3,109.6518764669109,total_fuel_sales,Продажи топлива,baseline_hgb_v2
2023-12-07 08:00:00,3,Татнефть-АЗС-004,185.0,458,1,1,1,8,3,182.45942872326074,total_fuel_sales,Продажи топлива,baseline_hgb_v2
2023-12-07 08:00:00,4,Татнефть-АЗС-005,130.0,296,0,0,1,8,3,141.86059906164212,total_fuel_sales,Продажи топлива,baseline_hgb_v2
2023-12-07 09:00:00,0,Татнефть-АЗС-001,101.0,245,0,1,0,9,3,98.35863936712532,total_fuel_sales,Продажи топлива,baseline_hgb_v2
2023-12-07 09:00:00,1,Татнефть-АЗС-002,92.0,170,1,1,0,9,3,88.72458881792954,total_fuel_sales,Продажи топлива,baseline_hgb_v2
2023-12-07 09:00:00,2,Татнефть-АЗС-003,102.0,275,1,0,1,9,3,99.757015557112,total_fuel_sales,Продажи топлива,baseline_hgb_v2
2023-12-07 09:00:00,3,Татнефть-АЗС-004,212.0,477,0,1,1,9,3,253.90960797969012,total_fuel_sales,Продажи топлива,baseline_hgb_v2
2023-12-07 09:00:00,4,Татнефть-АЗС-005,64.0,181,0,0,1,9,3,67.51563177913899,total_fuel_sales,Продажи топлива,baseline_hgb_v2
2023-12-07 10:00:00,0,Татнефть-АЗС-001,38.0,156,0,1,0,10,3,39.55834552642363,total_fuel_sales,Продажи топлива,baseline_hgb_v2
2023-12-07 10:00:00,1,Татнефть-АЗС-002,9.0,55,0,1,0,10,3,12.05000379890744,total_fuel_sales,Продажи топлива,baseline_hgb_v2
2023-12-07 10:00:00,2,Татнефть-АЗС-003,21.0,111,0,0,1,10,3,22.032779901858135,total_fuel_sales,Продажи топлива,baseline_hgb_v2
2023-12-07 10:00:00,3,Татнефть-АЗС-004,29.0,163,0,1,1,10,3,37.274064041767886,total_fuel_sales,Продажи топлива,baseline_hgb_v2
2023-12-07 10:00:00,4,Татнефть-АЗС-005,21.0,109,0,0,1,10,3,26.86089740749287,total_fuel_sales,Продажи топлива,baseline_hgb_v2
2023-12-07 11:00:00,0,Татнефть-АЗС-001,23.0,120,0,1,0,11,3,26.355712601902585,total_fuel_sales,Продажи топлива,baseline_hgb_v2
2023-12-07 11:00:00,1,Татнефть-АЗС-002,9.0,47,0,1,0,11,3,11.49252695716146,total_fuel_sales,Продажи топлива,baseline_hgb_v2
2023-12-07 11:00:00,2,Татнефть-АЗС-003,30.0,151,0,0,1,11,3,35.05918341712845,total_fuel_sales,Продажи топлива,baseline_hgb_v2
2023-12-07 11:00:00,3,Татнефть-АЗС-004,41.0,153,1,1,1,11,3,38.01067965026194,total_fuel_sales,Продажи топлива,baseline_hgb_v2
2023-12-07 11:00:00,4,Татнефть-АЗС-005,7.0,42,1,0,1,11,3,9.049000342997717,total_fuel_sales,Продажи топлива,baseline_hgb_v2
2023-12-07 12:00:00,0,Татнефть-АЗС-001,62.0,151,0,1,0,12,3,66.29975575341254,total_fuel_sales,Продажи топлива,baseline_hgb_v2
2023-12-07 12:00:00,1,Татнефть-АЗС-002,17.0,45,0,1,0,12,3,14.372779158845148,total_fuel_sales,Продажи топлива,baseline_hgb_v2
2023-12-07 12:00:00,2,Татнефть-АЗС-003,50.0,146,0,0,1,12,3,58.51297465583122,total_fuel_sales,Продажи топлива,baseline_hgb_v2
2023-12-07 12:00:00,3,Татнефть-АЗС-004,68.0,156,1,1,1,12,3,68.667070171364,total_fuel_sales,Продажи топлива,baseline_hgb_v2
2023-12-07 12:00:00,4,Татнефть-АЗС-005,32.0,77,0,0,1,12,3,30.256549084408267,total_fuel_sales,Продажи топлива,baseline_hgb_v2
2023-12-07 13:00:00,0,Татнефть-АЗС-001,30.0,88,0,1,0,13,3,30.680039217623587,total_fuel_sales,Продажи топлива,baseline_hgb_v2
2023-12-07 13:00:00,1,Татнефть-АЗС-002,14.0,43,1,1,0,13,3,14.372779158845148,total_fuel_sales,Продажи топлива,baseline_hgb_v2
2023-12-07 13:00:00,2,Татнефть-АЗС-003,33.0,99,0,0,1,13,3,31.381809891624023,total_fuel_sales,Продажи топлива,baseline_hgb_v2
2023-12-07 13:00:00,3,Татнефть-АЗС-004,34.0,112,0,1,1,13,3,36.82670510596406,total_fuel_sales,Продажи топлива,baseline_hgb_v2
2023-12-07 13:00:00,4,Татнефть-АЗС-005,23.0,67,1,0,1,13,3,25.898826925641963,total_fuel_sales,Продажи топлива,baseline_hgb_v2
2023-12-07 14:00:00,0,Татнефть-АЗС-001,35.0,104,0,1,0,14,3,35.11062501806569,total_fuel_sales,Продажи топлива,baseline_hgb_v2
2023-12-07 14:00:00,1,Татнефть-АЗС-002,20.0,54,1,1,0,14,3,17.526728653000905,total_fuel_sales,Продажи топлива,baseline_hgb_v2
2023-12-07 14:00:00,2,Татнефть-АЗС-003,60.0,157,0,0,1,14,3,63.605560543731656,total_fuel_sales,Продажи топлива,baseline_hgb_v2
2023-12-07 14:00:00,3,Татнефть-АЗС-004,56.0,151,0,1,1,14,3,66.01765432685198,total_fuel_sales,Продажи топлива,baseline_hgb_v2
2023-12-07 14:00:00,4,Татнефть-АЗС-005,23.0,63,0,0,1,14,3,23.16115447685907,total_fuel_sales,Продажи топлива,baseline_hgb_v2
2023-12-07 15:00:00,0,Татнефть-АЗС-001,24.0,117,1,1,0,15,3,25.002067283747653,total_fuel_sales,Продажи топлива,baseline_hgb_v2
2023-12-07 15:00:00,1,Татнефть-АЗС-002,8.0,46,0,1,0,15,3,9.762104243907523,total_fuel_sales,Продажи топлива,baseline_hgb_v2
2023-12-07 15:00:00,2,Татнефть-АЗС-003,30.0,149,0,0,1,15,3,33.21749041038225,total_fuel_sales,Продажи топлива,baseline_hgb_v2
2023-12-07 15:00:00,3,Татнефть-АЗС-004,19.0,100,0,1,1,15,3,19.872130516040176,total_fuel_sales,Продажи топлива,baseline_hgb_v2
2023-12-07 15:00:00,4,Татнефть-АЗС-005,9.0,51,0,0,1,15,3,11.410623891557277,total_fuel_sales,Продажи топлива,baseline_hgb_v2
2023-12-07 16:00:00,0,Татнефть-АЗС-001,21.0,99,0,1,0,16,3,20.148125841015442,total_fuel_sales,Продажи топлива,baseline_hgb_v2
2023-12-07 16:00:00,1,Татнефть-АЗС-002,19.0,81,0,1,0,16,3,20.74235066828019,total_fuel_sales,Продажи топлива,baseline_hgb_v2
2023-12-07 16:00:00,2,Татнефть-АЗС-003,33.0,161,0,0,1,16,3,31.715493217950403,total_fuel_sales,Продажи топлива,baseline_hgb_v2
2023-12-07 16:00:00,3,Татнефть-АЗС-004,34.0,133,1,1,1,16,3,31.719632996482964,total_fuel_sales,Продажи топлива,baseline_hgb_v2
2023-12-07 16:00:00,4,Татнефть-АЗС-005,8.0,49,0,0,1,16,3,11.091484016598484,total_fuel_sales,Продажи топлива,baseline_hgb_v2
2023-12-07 17:00:00,0,Татнефть-АЗС-001,131.0,290,1,1,0,17,3,118.79576531011074,total_fuel_sales,Продажи топлива,baseline_hgb_v2
2023-12-07 17:00:00,1,Татнефть-АЗС-002,158.0,284,1,1,0,17,3,148.17363869073094,total_fuel_sales,Продажи топлива,baseline_hgb_v2
2023-12-07 17:00:00,2,Татнефть-АЗС-003,146.0,479,1,0,1,17,3,189.03351865118327,total_fuel_sales,Продажи топлива,baseline_hgb_v2
2023-12-07 17:00:00,3,Татнефть-АЗС-004,103.0,289,1,1,1,17,3,111.14856977267428,total_fuel_sales,Продажи топлива,baseline_hgb_v2
2023-12-07 17:00:00,4,Татнефть-АЗС-005,73.0,169,1,0,1,17,3,81.7406641359731,total_fuel_sales,Продажи топлива,baseline_hgb_v2
2023-12-07 18:00:00,0,Татнефть-АЗС-001,197.0,391,1,1,0,18,3,194.1875676886055,total_fuel_sales,Продажи топлива,baseline_hgb_v2
2023-12-07 18:00:00,1,Татнефть-АЗС-002,124.0,276,1,1,0,18,3,131.7566101358206,total_fuel_sales,Продажи топлива,baseline_hgb_v2
2023-12-07 18:00:00,2,Татнефть-АЗС-003,161.0,433,0,0,1,18,3,172.62638159738512,total_fuel_sales,Продажи топлива,baseline_hgb_v2
2023-12-07 18:00:00,3,Татнефть-АЗС-004,153.0,347,1,1,1,18,3,163.85827382930745,total_fuel_sales,Продажи топлива,baseline_hgb_v2
2023-12-07 18:00:00,4,Татнефть-АЗС-005,97.0,197,1,0,1,18,3,91.669449246472,total_fuel_sales,Продажи топлива,baseline_hgb_v2
2023-12-07 19:00:00,0,Татнефть-АЗС-001,206.0,407,0,1,0,19,3,204.01929087625967,total_fuel_sales,Продажи топлива,baseline_hgb_v2
2023-12-07 19:00:00,1,Татнефть-АЗС-002,97.0,239,0,1,0,19,3,112.98658826511677,total_fuel_sales,Продажи топлива,baseline_hgb_v2
2023-12-07 19:00:00,2,Татнефть-АЗС-003,297.0,669,1,0,1,19,3,307.37262243399414,total_fuel_sales,Продажи топлива,baseline_hgb_v2
2023-12-07 19:00:00,3,Татнефть-АЗС-004,178.0,380,1,1,1,19,3,190.99201350278466,total_fuel_sales,Продажи топлива,baseline_hgb_v2
2023-12-07 19:00:00,4,Татнефть-АЗС-005,78.0,172,1,0,1,19,3,69.7684326212901,total_fuel_sales,Продажи топлива,baseline_hgb_v2
2023-12-07 20:00:00,0,Татнефть-АЗС-001,43.0,162,0,1,0,20,3,40.945944859510575,total_fuel_sales,Продажи топлива,baseline_hgb_v2
2023-12-07 20:00:00,1,Татнефть-АЗС-002,28.0,112,1,1,0,20,3,29.82002842410579,total_fuel_sales,Продажи топлива,baseline_hgb_v2
2023-12-07 20:00:00,2,Татнефть-АЗС-003,39.0,203,0,0,1,20,3,49.70029808298458,total_fuel_sales,Продажи топлива,baseline_hgb_v2
2023-12-07 20:00:00,3,Татнефть-АЗС-004,21.0,102,1,1,1,20,3,21.14880603514923,total_fuel_sales,Продажи топлива,baseline_hgb_v2
2023-12-07 20:00:00,4,Татнефть-АЗС-005,14.0,66,0,0,1,20,3,15.91549494681192,total_fuel_sales,Продажи топлива,baseline_hgb_v2
2023-12-07 21:00:00,0,Татнефть-АЗС-001,37.0,136,1,1,0,21,3,32.3529233281582,total_fuel_sales,Продажи топлива,baseline_hgb_v2
2023-12-07 21:00:00,1,Татнефть-АЗС-002,19.0,78,0,1,0,21,3,20.252074889495834,total_fuel_sales,Продажи топлива,baseline_hgb_v2
2023-12-07 21:00:00,2,Татнефть-АЗС-003,17.0,93,0,0,1,21,3,18.018442034238017,total_fuel_sales,Продажи топлива,baseline_hgb_v2
2023-12-07 21:00:00,3,Татнефть-АЗС-004,35.0,150,1,1,1,21,3,36.90066876607186,total_fuel_sales,Продажи топлива,baseline_hgb_v2
2023-12-07 21:00:00,4,Татнефть-АЗС-005,8.0,50,0,0,1,21,3,11.091484016598484,total_fuel_sales,Продажи топлива,baseline_hgb_v2
2023-12-07 22:00:00,0,Татнефть-АЗС-001,8.0,35,0,1,0,22,3,8.453246125766242,total_fuel_sales,Продажи топлива,baseline_hgb_v2
2023-12-07 22:00:00,1,Татнефть-АЗС-002,2.0,12,0,1,0,22,3,2.831607464627967,total_fuel_sales,Продажи топлива,baseline_hgb_v2
2023-12-07 22:00:00,2,Татнефть-АЗС-003,8.0,33,0,0,1,22,3,7.338370543931101,total_fuel_sales,Продажи топлива,baseline_hgb_v2
2023-12-07 22:00:00,3,Татнефть-АЗС-004,8.0,32,0,1,1,22,3,7.437169889512025,total_fuel_sales,Продажи топлива,baseline_hgb_v2
2023-12-07 22:00:00,4,Татнефть-АЗС-005,3.0,17,1,0,1,22,3,3.5225442641692744,total_fuel_sales,Продажи топлива,baseline_hgb_v2
2023-12-07 23:00:00,0,Татнефть-АЗС-001,3.0,22,0,1,0,23,3,2.547133435026854,total_fuel_sales,Продажи топлива,baseline_hgb_v2
2023-12-07 23:00:00,1,Татнефть-АЗС-002,2.0,10,0,1,0,23,3,1.8646827431825512,total_fuel_sales,Продажи топлива,baseline_hgb_v2
2023-12-07 23:00:00,2,Татнефть-АЗС-003,8.0,33,0,0,1,23,3,7.338370543931101,total_fuel_sales,Продажи топлива,baseline_hgb_v2
2023-12-07 23:00:00,3,Татнефть-АЗС-004,8.0,26,0,1,1,23,3,4.88396066492498,total_fuel_sales,Продажи топлива,baseline_hgb_v2
2023-12-07 23:00:00,4,Татнефть-АЗС-005,2.0,16,0,0,1,23,3,3.049511602930012,total_fuel_sales,Продажи топлива,baseline_hgb_v2
2023-12-08 00:00:00,0,Татнефть-АЗС-001,8.0,31,0,1,0,0,4,7.962964704440297,total_fuel_sales,Продажи топлива,baseline_hgb_v2
2023-12-08 00:00:00,1,Татнефть-АЗС-002,2.0,14,0,1,0,0,4,3.395622462790008,total_fuel_sales,Продажи топлива,baseline_hgb_v2
2023-12-08 00:00:00,2,Татнефть-АЗС-003,8.0,31,1,0,1,0,4,7.607816514994679,total_fuel_sales,Продажи топлива,baseline_hgb_v2
2023-12-08 00:00:00,3,Татнефть-АЗС-004,3.0,23,0,1,1,0,4,2.9236118138047256,total_fuel_sales,Продажи топлива,baseline_hgb_v2
2023-12-08 00:00:00,4,Татнефть-АЗС-005,2.0,9,0,0,1,0,4,2.062362509743441,total_fuel_sales,Продажи топлива,baseline_hgb_v2
2023-12-08 01:00:00,0,Татнефть-АЗС-001,8.0,33,0,1,0,1,4,7.987179330761677,total_fuel_sales,Продажи топлива,baseline_hgb_v2
2023-12-08 01:00:00,1,Татнефть-АЗС-002,2.0,10,0,1,0,1,4,2.484815470984791,total_fuel_sales,Продажи топлива,baseline_hgb_v2
2023-12-08 01:00:00,2,Татнефть-АЗС-003,3.0,22,1,0,1,1,4,2.6777242921998274,total_fuel_sales,Продажи топлива,baseline_hgb_v2
2023-12-08 01:00:00,3,Татнефть-АЗС-004,3.0,22,0,1,1,1,4,2.450579152565464,total_fuel_sales,Продажи топлива,baseline_hgb_v2
2023-12-08 01:00:00,4,Татнефть-АЗС-005,2.0,12,0,0,1,1,4,2.1949855536787077,total_fuel_sales,Продажи топлива,baseline_hgb_v2
2023-12-08 02:00:00,0,Татнефть-АЗС-001,4.0,23,0,1,0,2,4,3.3787140807981735,total_fuel_sales,Продажи топлива,baseline_hgb_v2
2023-12-08 02:00:00,1,Татнефть-АЗС-002,3.0,16,0,1,0,2,4,3.395622462790008,total_fuel_sales,Продажи топлива,baseline_hgb_v2
2023-12-08 02:00:00,2,Татнефть-АЗС-003,3.0,22,0,0,1,2,4,2.6777242921998274,total_fuel_sales,Продажи топлива,baseline_hgb_v2
2023-12-08 02:00:00,3,Татнефть-АЗС-004,4.0,23,1,1,1,2,4,2.9236118138047256,total_fuel_sales,Продажи топлива,baseline_hgb_v2
2023-12-08 02:00:00,4,Татнефть-АЗС-005,2.0,10,0,0,1,2,4,2.062362509743441,total_fuel_sales,Продажи топлива,baseline_hgb_v2
2023-12-08 03:00:00,0,Татнефть-АЗС-001,3.0,19,0,1,0,3,4,2.905681419558912,total_fuel_sales,Продажи топлива,baseline_hgb_v2
2023-12-08 03:00:00,1,Татнефть-АЗС-002,2.0,10,0,1,0,3,4,2.484815470984791,total_fuel_sales,Продажи топлива,baseline_hgb_v2
2023-12-08 03:00:00,2,Татнефть-АЗС-003,3.0,22,0,0,1,3,4,2.6777242921998274,total_fuel_sales,Продажи топлива,baseline_hgb_v2
2023-12-08 03:00:00,3,Татнефть-АЗС-004,4.0,25,1,1,1,3,4,3.860828424004557,total_fuel_sales,Продажи топлива,baseline_hgb_v2
2023-12-08 03:00:00,4,Татнефть-АЗС-005,2.0,10,0,0,1,3,4,1.9336746082294638,total_fuel_sales,Продажи топлива,baseline_hgb_v2
2023-12-08 04:00:00,0,Татнефть-АЗС-001,8.0,34,0,1,0,4,4,8.58323751871974,total_fuel_sales,Продажи топлива,baseline_hgb_v2
2023-12-08 04:00:00,1,Татнефть-АЗС-002,2.0,10,0,1,0,4,4,2.484815470984791,total_fuel_sales,Продажи топлива,baseline_hgb_v2
2023-12-08 04:00:00,2,Татнефть-АЗС-003,2.0,16,1,0,1,4,4,2.6777242921998274,total_fuel_sales,Продажи топлива,baseline_hgb_v2
2023-12-08 04:00:00,3,Татнефть-АЗС-004,3.0,23,1,1,1,4,4,2.9236118138047256,total_fuel_sales,Продажи топлива,baseline_hgb_v2
2023-12-08 04:00:00,4,Татнефть-АЗС-005,1.0,9,0,0,1,4,4,1.9336746082294638,total_fuel_sales,Продажи топлива,baseline_hgb_v2
2023-12-08 05:00:00,0,Татнефть-АЗС-001,4.0,24,0,1,0,5,4,3.6168485485565514,total_fuel_sales,Продажи топлива,baseline_hgb_v2
2023-12-08 05:00:00,1,Татнефть-АЗС-002,2.0,11,1,1,0,5,4,2.622896525551987,total_fuel_sales,Продажи топлива,baseline_hgb_v2
2023-12-08 05:00:00,2,Татнефть-АЗС-003,3.0,26,0,0,1,5,4,4.08797356363892,total_fuel_sales,Продажи топлива,baseline_hgb_v2
2023-12-08 05:00:00,3,Татнефть-АЗС-004,3.0,22,1,1,1,5,4,2.450579152565464,total_fuel_sales,Продажи топлива,baseline_hgb_v2
2023-12-08 05:00:00,4,Татнефть-АЗС-005,2.0,14,0,0,1,5,4,2.90520607084546,total_fuel_sales,Продажи топлива,baseline_hgb_v2
2023-12-08 06:00:00,0,Татнефть-АЗС-001,21.0,103,1,1,0,6,4,21.96868316965666,total_fuel_sales,Продажи топлива,baseline_hgb_v2
2023-12-08 06:00:00,1,Татнефть-АЗС-002,8.0,49,1,1,0,6,4,11.555647092626883,total_fuel_sales,Продажи топлива,baseline_hgb_v2
2023-12-08 06:00:00,2,Татнефть-АЗС-003,33.0,136,1,0,1,6,4,30.121310479145695,total_fuel_sales,Продажи топлива,baseline_hgb_v2
2023-12-08 06:00:00,3,Татнефть-АЗС-004,30.0,160,0,1,1,6,4,36.209777999121684,total_fuel_sales,Продажи топлива,baseline_hgb_v2
2023-12-08 06:00:00,4,Татнефть-АЗС-005,11.0,60,1,0,1,6,4,12.25897815006125,total_fuel_sales,Продажи топлива,baseline_hgb_v2
2023-12-08 07:00:00,0,Татнефть-АЗС-001,192.0,370,1,1,0,7,4,192.01041554401573,total_fuel_sales,Продажи топлива,baseline_hgb_v2
2023-12-08 07:00:00,1,Татнефть-АЗС-002,95.0,190,0,1,0,7,4,94.88528718533068,total_fuel_sales,Продажи топлива,baseline_hgb_v2
2023-12-08 07:00:00,2,Татнефть-АЗС-003,167.0,340,0,0,1,7,4,155.075356570454,total_fuel_sales,Продажи топлива,baseline_hgb_v2
2023-12-08 07:00:00,3,Татнефть-АЗС-004,146.0,379,0,1,1,7,4,157.13367794206997,total_fuel_sales,Продажи топлива,baseline_hgb_v2
2023-12-08 07:00:00,4,Татнефть-АЗС-005,64.0,206,0,0,1,7,4,83.70730102351466,total_fuel_sales,Продажи топлива,baseline_hgb_v2
2023-12-08 08:00:00,0,Татнефть-АЗС-001,124.0,277,1,1,0,8,4,116.50389333116158,total_fuel_sales,Продажи топлива,baseline_hgb_v2
2023-12-08 08:00:00,1,Татнефть-АЗС-002,94.0,201,0,1,0,8,4,101.06539286638656,total_fuel_sales,Продажи топлива,baseline_hgb_v2
2023-12-08 08:00:00,2,Татнефть-АЗС-003,109.0,284,0,0,1,8,4,103.48852077003515,total_fuel_sales,Продажи топлива,baseline_hgb_v2
2023-12-08 08:00:00,3,Татнефть-АЗС-004,315.0,586,0,1,1,8,4,317.88967035965277,total_fuel_sales,Продажи топлива,baseline_hgb_v2
2023-12-08 08:00:00,4,Татнефть-АЗС-005,114.0,267,0,0,1,8,4,127.50810523742209,total_fuel_sales,Продажи топлива,baseline_hgb_v2
2023-12-08 09:00:00,0,Татнефть-АЗС-001,176.0,364,0,1,0,9,4,186.93955280099638,total_fuel_sales,Продажи топлива,baseline_hgb_v2
2023-12-08 09:00:00,1,Татнефть-АЗС-002,95.0,203,0,1,0,9,4,104.26199581776474,total_fuel_sales,Продажи топлива,baseline_hgb_v2
2023-12-08 09:00:00,2,Татнефть-АЗС-003,97.0,275,0,0,1,9,4,100.77862104170347,total_fuel_sales,Продажи топлива,baseline_hgb_v2
2023-12-08 09:00:00,3,Татнефть-АЗС-004,296.0,615,0,1,1,9,4,326.23220868949,total_fuel_sales,Продажи топлива,baseline_hgb_v2
2023-12-08 09:00:00,4,Татнефть-АЗС-005,115.0,284,0,0,1,9,4,135.33710718153284,total_fuel_sales,Продажи топлива,baseline_hgb_v2
2023-12-08 10:00:00,0,Татнефть-АЗС-001,39.0,155,0,1,0,10,4,39.55834552642363,total_fuel_sales,Продажи топлива,baseline_hgb_v2
2023-12-08 10:00:00,1,Татнефть-АЗС-002,16.0,74,0,1,0,10,4,19.440207999786512,total_fuel_sales,Продажи топлива,baseline_hgb_v2
2023-12-08 10:00:00,2,Татнефть-АЗС-003,19.0,100,0,0,1,10,4,19.846320272889592,total_fuel_sales,Продажи топлива,baseline_hgb_v2
2023-12-08 10:00:00,3,Татнефть-АЗС-004,32.0,143,0,1,1,10,4,31.925661885621743,total_fuel_sales,Продажи топлива,baseline_hgb_v2
2023-12-08 10:00:00,4,Татнефть-АЗС-005,23.0,100,0,0,1,10,4,25.808806860994487,total_fuel_sales,Продажи топлива,baseline_hgb_v2
2023-12-08 11:00:00,0,Татнефть-АЗС-001,19.0,90,1,1,0,11,4,19.134139964916493,total_fuel_sales,Продажи топлива,baseline_hgb_v2
2023-12-08 11:00:00,1,Татнефть-АЗС-002,21.0,85,0,1,0,11,4,23.37283083565637,total_fuel_sales,Продажи топлива,baseline_hgb_v2
2023-12-08 11:00:00,2,Татнефть-АЗС-003,39.0,162,0,0,1,11,4,38.1249208669096,total_fuel_sales,Продажи топлива,baseline_hgb_v2
2023-12-08 11:00:00,3,Татнефть-АЗС-004,39.0,149,1,1,1,11,4,36.46339038673562,total_fuel_sales,Продажи топлива,baseline_hgb_v2
2023-12-08 11:00:00,4,Татнефть-АЗС-005,8.0,50,0,0,1,11,4,10.925411543504561,total_fuel_sales,Продажи топлива,baseline_hgb_v2
2023-12-08 12:00:00,0,Татнефть-АЗС-001,41.0,114,0,1,0,12,4,38.97788712133392,total_fuel_sales,Продажи топлива,baseline_hgb_v2
2023-12-08 12:00:00,1,Татнефть-АЗС-002,35.0,76,0,1,0,12,4,32.523114630139105,total_fuel_sales,Продажи топлива,baseline_hgb_v2
2023-12-08 12:00:00,2,Татнефть-АЗС-003,49.0,131,0,0,1,12,4,46.387476327701336,total_fuel_sales,Продажи топлива,baseline_hgb_v2
2023-12-08 12:00:00,3,Татнефть-АЗС-004,43.0,113,0,1,1,12,4,38.70189179635865,total_fuel_sales,Продажи топлива,baseline_hgb_v2
2023-12-08 12:00:00,4,Татнефть-АЗС-005,16.0,46,1,0,1,12,4,13.556792160278967,total_fuel_sales,Продажи топлива,baseline_hgb_v2
2023-12-08 13:00:00,0,Татнефть-АЗС-001,37.0,102,0,1,0,13,4,34.78408743775741,total_fuel_sales,Продажи топлива,baseline_hgb_v2
2023-12-08 13:00:00,1,Татнефть-АЗС-002,16.0,49,0,1,0,13,4,16.294549623092713,total_fuel_sales,Продажи топлива,baseline_hgb_v2
2023-12-08 13:00:00,2,Татнефть-АЗС-003,32.0,99,1,0,1,13,4,31.381809891624023,total_fuel_sales,Продажи топлива,baseline_hgb_v2
2023-12-08 13:00:00,3,Татнефть-АЗС-004,29.0,98,0,1,1,13,4,32.37293723879033,total_fuel_sales,Продажи топлива,baseline_hgb_v2
2023-12-08 13:00:00,4,Татнефть-АЗС-005,29.0,77,0,0,1,13,4,30.256549084408267,total_fuel_sales,Продажи топлива,baseline_hgb_v2
2023-12-08 14:00:00,0,Татнефть-АЗС-001,64.0,149,1,1,0,14,4,62.77122395816994,total_fuel_sales,Продажи топлива,baseline_hgb_v2
2023-12-08 14:00:00,1,Татнефть-АЗС-002,17.0,44,0,1,0,14,4,14.372779158845148,total_fuel_sales,Продажи топлива,baseline_hgb_v2
2023-12-08 14:00:00,2,Татнефть-АЗС-003,50.0,128,0,0,1,14,4,44.90518113645251,total_fuel_sales,Продажи топлива,baseline_hgb_v2
2023-12-08 14:00:00,3,Татнефть-АЗС-004,28.0,93,0,1,1,14,4,31.58999986102538,total_fuel_sales,Продажи топлива,baseline_hgb_v2
2023-12-08 14:00:00,4,Татнефть-АЗС-005,19.0,52,0,0,1,14,4,16.710741654434724,total_fuel_sales,Продажи топлива,baseline_hgb_v2
2023-12-08 15:00:00,0,Татнефть-АЗС-001,23.0,119,0,1,0,15,4,25.91869149818061,total_fuel_sales,Продажи топлива,baseline_hgb_v2
2023-12-08 15:00:00,1,Татнефть-АЗС-002,18.0,66,1,1,0,15,4,15.943164314271565,total_fuel_sales,Продажи топлива,baseline_hgb_v2
2023-12-08 15:00:00,2,Татнефть-АЗС-003,34.0,152,1,0,1,15,4,34.001463617167865,total_fuel_sales,Продажи топлива,baseline_hgb_v2
2023-12-08 15:00:00,3,Татнефть-АЗС-004,33.0,132,0,1,1,15,4,30.739176996392814,total_fuel_sales,Продажи топлива,baseline_hgb_v2
2023-12-08 15:00:00,4,Татнефть-АЗС-005,9.0,55,1,0,1,15,4,11.637471908341018,total_fuel_sales,Продажи топлива,baseline_hgb_v2
2023-12-08 16:00:00,0,Татнефть-АЗС-001,19.0,101,1,1,0,16,4,20.148125841015442,total_fuel_sales,Продажи топлива,baseline_hgb_v2
2023-12-08 16:00:00,1,Татнефть-АЗС-002,12.0,68,0,1,0,16,4,14.868582708800055,total_fuel_sales,Продажи топлива,baseline_hgb_v2
2023-12-08 16:00:00,2,Татнефть-АЗС-003,49.0,225,1,0,1,16,4,56.68915613738932,total_fuel_sales,Продажи топлива,baseline_hgb_v2
2023-12-08 16:00:00,3,Татнефть-АЗС-004,39.0,164,0,1,1,16,4,40.82464848447112,total_fuel_sales,Продажи топлива,baseline_hgb_v2
2023-12-08 16:00:00,4,Татнефть-АЗС-005,11.0,52,0,0,1,16,4,11.637471908341018,total_fuel_sales,Продажи топлива,baseline_hgb_v2
2023-12-08 17:00:00,0,Татнефть-АЗС-001,198.0,454,1,1,0,17,4,240.36937766238697,total_fuel_sales,Продажи топлива,baseline_hgb_v2
2023-12-08 17:00:00,1,Татнефть-АЗС-002,82.0,221,0,1,0,17,4,101.17471322627901,total_fuel_sales,Продажи топлива,baseline_hgb_v2
2023-12-08 17:00:00,2,Татнефть-АЗС-003,303.0,692,0,0,1,17,4,318.61731297931533,total_fuel_sales,Продажи топлива,baseline_hgb_v2
2023-12-08 17:00:00,3,Татнефть-АЗС-004,239.0,431,0,1,1,17,4,227.86192923147627,total_fuel_sales,Продажи топлива,baseline_hgb_v2
2023-12-08 17:00:00,4,Татнефть-АЗС-005,53.0,135,0,0,1,17,4,49.12345696028495,total_fuel_sales,Продажи топлива,baseline_hgb_v2
2023-12-08 18:00:00,0,Татнефть-АЗС-001,204.0,450,1,1,0,18,4,238.3309149321089,total_fuel_sales,Продажи топлива,baseline_hgb_v2
2023-12-08 18:00:00,1,Татнефть-АЗС-002,169.0,305,0,1,0,18,4,153.76474617867964,total_fuel_sales,Продажи топлива,baseline_hgb_v2
2023-12-08 18:00:00,2,Татнефть-АЗС-003,235.0,546,0,0,1,18,4,274.0854633376794,total_fuel_sales,Продажи топлива,baseline_hgb_v2
2023-12-08 18:00:00,3,Татнефть-АЗС-004,105.0,291,0,1,1,18,4,109.60386141040625,total_fuel_sales,Продажи топлива,baseline_hgb_v2
2023-12-08 18:00:00,4,Татнефть-АЗС-005,101.0,202,0,0,1,18,4,95.69065392385845,total_fuel_sales,Продажи топлива,baseline_hgb_v2
2023-12-08 19:00:00,0,Татнефть-АЗС-001,111.0,320,0,1,0,19,4,134.62576912837724,total_fuel_sales,Продажи топлива,baseline_hgb_v2
2023-12-08 19:00:00,1,Татнефть-АЗС-002,144.0,308,0,1,0,19,4,161.00242001035022,total_fuel_sales,Продажи топлива,baseline_hgb_v2
2023-12-08 19:00:00,2,Татнефть-АЗС-003,266.0,604,0,0,1,19,4,292.3966546236246,total_fuel_sales,Продажи топлива,baseline_hgb_v2
2023-12-08 19:00:00,3,Татнефть-АЗС-004,265.0,470,0,1,1,19,4,239.9577598407502,total_fuel_sales,Продажи топлива,baseline_hgb_v2
2023-12-08 19:00:00,4,Татнефть-АЗС-005,60.0,152,0,0,1,19,4,58.49832601120873,total_fuel_sales,Продажи топлива,baseline_hgb_v2
2023-12-08 20:00:00,0,Татнефть-АЗС-001,21.0,102,0,1,0,20,4,21.424801360124498,total_fuel_sales,Продажи топлива,baseline_hgb_v2
2023-12-08 20:00:00,1,Татнефть-АЗС-002,20.0,84,0,1,0,20,4,22.197027548529423,total_fuel_sales,Продажи топлива,baseline_hgb_v2
2023-12-08 20:00:00,2,Татнефть-АЗС-003,54.0,247,0,0,1,20,4,56.036131412961645,total_fuel_sales,Продажи топлива,baseline_hgb_v2
2023-12-08 20:00:00,3,Татнефть-АЗС-004,39.0,153,0,1,1,20,4,37.215930735025935,total_fuel_sales,Продажи топлива,baseline_hgb_v2
2023-12-08 20:00:00,4,Татнефть-АЗС-005,9.0,52,0,0,1,20,4,11.637471908341018,total_fuel_sales,Продажи топлива,baseline_hgb_v2
2023-12-08 21:00:00,0,Татнефть-АЗС-001,23.0,103,0,1,0,21,4,21.424801360124498,total_fuel_sales,Продажи топлива,baseline_hgb_v2
2023-12-08 21:00:00,1,Татнефть-АЗС-002,12.0,55,1,1,0,21,4,11.433814418052863,total_fuel_sales,Продажи топлива,baseline_hgb_v2
2023-12-08 21:00:00,2,Татнефть-АЗС-003,20.0,107,0,0,1,21,4,21.366522431092278,total_fuel_sales,Продажи топлива,baseline_hgb_v2
2023-12-08 21:00:00,3,Татнефть-АЗС-004,37.0,166,0,1,1,21,4,40.99956994589947,total_fuel_sales,Продажи топлива,baseline_hgb_v2
2023-12-08 21:00:00,4,Татнефть-АЗС-005,8.0,45,0,0,1,21,4,9.687158102146016,total_fuel_sales,Продажи топлива,baseline_hgb_v2
2023-12-08 22:00:00,0,Татнефть-АЗС-001,3.0,24,0,1,0,22,4,3.0201660962661157,total_fuel_sales,Продажи топлива,baseline_hgb_v2
2023-12-08 22:00:00,1,Татнефть-АЗС-002,2.0,10,0,1,0,22,4,1.8646827431825512,total_fuel_sales,Продажи топлива,baseline_hgb_v2
2023-12-08 22:00:00,2,Татнефть-АЗС-003,3.0,18,1,0,1,22,4,2.317638351293285,total_fuel_sales,Продажи топлива,baseline_hgb_v2
2023-12-08 22:00:00,3,Татнефть-АЗС-004,8.0,32,0,1,1,22,4,7.437169889512025,total_fuel_sales,Продажи топлива,baseline_hgb_v2
2023-12-08 22:00:00,4,Татнефть-АЗС-005,2.0,9,1,0,1,22,4,2.0683402334707095,total_fuel_sales,Продажи топлива,baseline_hgb_v2
2023-12-08 23:00:00,0,Татнефть-АЗС-001,8.0,33,1,1,0,23,4,7.719271316072586,total_fuel_sales,Продажи топлива,baseline_hgb_v2
2023-12-08 23:00:00,1,Татнефть-АЗС-002,2.0,14,0,1,0,23,4,2.855822090949347,total_fuel_sales,Продажи топлива,baseline_hgb_v2
2023-12-08 23:00:00,2,Татнефть-АЗС-003,4.0,26,0,0,1,23,4,3.8605106666676465,total_fuel_sales,Продажи топлива,baseline_hgb_v2
2023-12-08 23:00:00,3,Татнефть-АЗС-004,8.0,31,0,1,1,23,4,6.468497917796371,total_fuel_sales,Продажи топлива,baseline_hgb_v2
2023-12-08 23:00:00,4,Татнефть-АЗС-005,2.0,13,0,0,1,23,4,3.049511602930012,total_fuel_sales,Продажи топлива,baseline_hgb_v2
2023-12-09 00:00:00,0,Татнефть-АЗС-001,5.0,28,0,1,0,0,5,5.170005609411746,total_fuel_sales,Продажи топлива,baseline_hgb_v2
2023-12-09 00:00:00,1,Татнефть-АЗС-002,2.0,11,0,1,0,0,5,2.245656643448114,total_fuel_sales,Продажи топлива,baseline_hgb_v2
2023-12-09 00:00:00,2,Татнефть-АЗС-003,8.0,41,0,0,1,0,5,10.579078170956342,total_fuel_sales,Продажи топлива,baseline_hgb_v2
2023-12-09 00:00:00,3,Татнефть-АЗС-004,8.0,35,0,1,1,0,5,7.99420435354211,total_fuel_sales,Продажи топлива,baseline_hgb_v2
2023-12-09 00:00:00,4,Татнефть-АЗС-005,0.0,8,0,0,1,0,5,1.6462853409911455,total_fuel_sales,Продажи топлива,baseline_hgb_v2
2023-12-09 01:00:00,0,Татнефть-АЗС-001,12.0,40,0,1,0,1,5,10.675095210460967,total_fuel_sales,Продажи топлива,baseline_hgb_v2
2023-12-09 01:00:00,1,Татнефть-АЗС-002,2.0,9,0,1,0,1,5,2.0252309040824827,total_fuel_sales,Продажи топлива,baseline_hgb_v2
2023-12-09 01:00:00,2,Татнефть-АЗС-003,4.0,25,0,0,1,1,5,3.673901026284918,total_fuel_sales,Продажи топлива,baseline_hgb_v2
2023-12-09 01:00:00,3,Татнефть-АЗС-004,8.0,27,0,1,1,1,5,4.510748874394388,total_fuel_sales,Продажи топлива,baseline_hgb_v2
2023-12-09 01:00:00,4,Татнефть-АЗС-005,2.0,9,0,0,1,1,5,1.6462853409911455,total_fuel_sales,Продажи топлива,baseline_hgb_v2
2023-12-09 02:00:00,0,Татнефть-АЗС-001,8.0,33,1,1,0,2,5,7.715764833234679,total_fuel_sales,Продажи топлива,baseline_hgb_v2
2023-12-09 02:00:00,1,Татнефть-АЗС-002,2.0,8,1,1,0,2,5,2.0252309040824827,total_fuel_sales,Продажи топлива,baseline_hgb_v2
2023-12-09 02:00:00,2,Татнефть-АЗС-003,3.0,24,1,0,1,2,5,2.736684416085086,total_fuel_sales,Продажи топлива,baseline_hgb_v2
2023-12-09 02:00:00,3,Татнефть-АЗС-004,8.0,41,0,1,1,2,5,10.841228199556058,total_fuel_sales,Продажи топлива,baseline_hgb_v2
2023-12-09 02:00:00,4,Татнефть-АЗС-005,2.0,10,0,0,1,2,5,2.522642304558978,total_fuel_sales,Продажи топлива,baseline_hgb_v2
2023-12-09 03:00:00,0,Татнефть-АЗС-001,12.0,43,0,1,0,3,5,11.72311724200433,total_fuel_sales,Продажи топлива,baseline_hgb_v2
2023-12-09 03:00:00,1,Татнефть-АЗС-002,0.0,8,0,1,0,3,5,2.0252309040824827,total_fuel_sales,Продажи топлива,baseline_hgb_v2
2023-12-09 03:00:00,2,Татнефть-АЗС-003,3.0,22,1,0,1,3,5,2.2636517548458253,total_fuel_sales,Продажи топлива,baseline_hgb_v2
2023-12-09 03:00:00,3,Татнефть-АЗС-004,8.0,29,0,1,1,3,5,5.204703755061342,total_fuel_sales,Продажи топлива,baseline_hgb_v2
2023-12-09 03:00:00,4,Татнефть-АЗС-005,2.0,13,0,0,1,3,5,2.3939544030450004,total_fuel_sales,Продажи топлива,baseline_hgb_v2
2023-12-09 04:00:00,0,Татнефть-АЗС-001,4.0,27,0,1,0,4,5,4.879781512121864,total_fuel_sales,Продажи топлива,baseline_hgb_v2
2023-12-09 04:00:00,1,Татнефть-АЗС-002,2.0,9,0,1,0,4,5,2.0252309040824827,total_fuel_sales,Продажи топлива,baseline_hgb_v2
2023-12-09 04:00:00,2,Татнефть-АЗС-003,8.0,31,0,0,1,4,5,7.264684038498302,total_fuel_sales,Продажи топлива,baseline_hgb_v2
2023-12-09 04:00:00,3,Татнефть-АЗС-004,3.0,26,0,1,1,4,5,3.5106713724594374,total_fuel_sales,Продажи топлива,baseline_hgb_v2
2023-12-09 04:00:00,4,Татнефть-АЗС-005,2.0,14,0,0,1,4,5,2.3939544030450004,total_fuel_sales,Продажи топлива,baseline_hgb_v2
2023-12-09 05:00:00,0,Татнефть-АЗС-001,12.0,38,0,1,0,5,5,9.751381701914221,total_fuel_sales,Продажи топлива,baseline_hgb_v2
2023-12-09 05:00:00,1,Татнефть-АЗС-002,2.0,11,0,1,0,5,5,3.0769741823124077,total_fuel_sales,Продажи топлива,baseline_hgb_v2
2023-12-09 05:00:00,2,Татнефть-АЗС-003,3.0,25,0,0,1,5,5,3.673901026284918,total_fuel_sales,Продажи топлива,baseline_hgb_v2
2023-12-09 05:00:00,3,Татнефть-АЗС-004,8.0,35,0,1,1,5,5,7.99420435354211,total_fuel_sales,Продажи топлива,baseline_hgb_v2
2023-12-09 05:00:00,4,Татнефть-АЗС-005,2.0,10,0,0,1,5,5,2.522642304558978,total_fuel_sales,Продажи топлива,baseline_hgb_v2
2023-12-09 06:00:00,0,Татнефть-АЗС-001,41.0,184,1,1,0,6,5,47.45156261964784,total_fuel_sales,Продажи топлива,baseline_hgb_v2
2023-12-09 06:00:00,1,Татнефть-АЗС-002,14.0,61,0,1,0,6,5,13.86482972513414,total_fuel_sales,Продажи топлива,baseline_hgb_v2
2023-12-09 06:00:00,2,Татнефть-АЗС-003,43.0,190,0,0,1,6,5,45.51886839612035,total_fuel_sales,Продажи топлива,baseline_hgb_v2
2023-12-09 06:00:00,3,Татнефть-АЗС-004,37.0,198,1,1,1,6,5,47.99658353485797,total_fuel_sales,Продажи топлива,baseline_hgb_v2
2023-12-09 06:00:00,4,Татнефть-АЗС-005,14.0,74,1,0,1,6,5,17.531536668567394,total_fuel_sales,Продажи топлива,baseline_hgb_v2
2023-12-09 07:00:00,0,Татнефть-АЗС-001,246.0,437,1,1,0,7,5,232.03146872504004,total_fuel_sales,Продажи топлива,baseline_hgb_v2
2023-12-09 07:00:00,1,Татнефть-АЗС-002,33.0,98,0,1,0,7,5,35.60722309443697,total_fuel_sales,Продажи топлива,baseline_hgb_v2
2023-12-09 07:00:00,2,Татнефть-АЗС-003,200.0,459,0,0,1,7,5,229.89661481904824,total_fuel_sales,Продажи топлива,baseline_hgb_v2
2023-12-09 07:00:00,3,Татнефть-АЗС-004,300.0,650,0,1,1,7,5,347.312891600322,total_fuel_sales,Продажи топлива,baseline_hgb_v2
2023-12-09 07:00:00,4,Татнефть-АЗС-005,45.0,136,1,0,1,7,5,50.08985074475706,total_fuel_sales,Продажи топлива,baseline_hgb_v2
2023-12-09 08:00:00,0,Татнефть-АЗС-001,215.0,486,1,1,0,8,5,272.26031846584704,total_fuel_sales,Продажи топлива,baseline_hgb_v2
2023-12-09 08:00:00,1,Татнефть-АЗС-002,66.0,155,0,1,0,8,5,72.57931936140898,total_fuel_sales,Продажи топлива,baseline_hgb_v2
2023-12-09 08:00:00,2,Татнефть-АЗС-003,217.0,449,1,0,1,8,5,222.0785861022434,total_fuel_sales,Продажи топлива,baseline_hgb_v2
2023-12-09 08:00:00,3,Татнефть-АЗС-004,194.0,478,0,1,1,8,5,185.8533059316636,total_fuel_sales,Продажи топлива,baseline_hgb_v2
2023-12-09 08:00:00,4,Татнефть-АЗС-005,53.0,161,0,0,1,8,5,60.41223768267484,total_fuel_sales,Продажи топлива,baseline_hgb_v2
2023-12-09 09:00:00,0,Татнефть-АЗС-001,146.0,336,0,1,0,9,5,137.73683666983533,total_fuel_sales,Продажи топлива,baseline_hgb_v2
2023-12-09 09:00:00,1,Татнефть-АЗС-002,64.0,141,0,1,0,9,5,58.54886518394594,total_fuel_sales,Продажи топлива,baseline_hgb_v2
2023-12-09 09:00:00,2,Татнефть-АЗС-003,227.0,505,0,0,1,9,5,262.3637881758507,total_fuel_sales,Продажи топлива,baseline_hgb_v2
2023-12-09 09:00:00,3,Татнефть-АЗС-004,188.0,466,0,1,1,9,5,192.21754201859457,total_fuel_sales,Продажи топлива,baseline_hgb_v2
2023-12-09 09:00:00,4,Татнефть-АЗС-005,54.0,160,0,0,1,9,5,59.897607060239075,total_fuel_sales,Продажи топлива,baseline_hgb_v2
2023-12-09 10:00:00,0,Татнефть-АЗС-001,23.0,133,1,1,0,10,5,29.039563784661457,total_fuel_sales,Продажи топлива,baseline_hgb_v2
2023-12-09 10:00:00,1,Татнефть-АЗС-002,13.0,57,1,1,0,10,5,13.336804058502846,total_fuel_sales,Продажи топлива,baseline_hgb_v2
2023-12-09 10:00:00,2,Татнефть-АЗС-003,23.0,128,0,0,1,10,5,25.361477281571496,total_fuel_sales,Продажи топлива,baseline_hgb_v2
2023-12-09 10:00:00,3,Татнефть-АЗС-004,29.0,149,1,1,1,10,5,32.49391144507298,total_fuel_sales,Продажи топлива,baseline_hgb_v2
2023-12-09 10:00:00,4,Татнефть-АЗС-005,9.0,61,1,0,1,10,5,12.004999416491595,total_fuel_sales,Продажи топлива,baseline_hgb_v2
2023-12-09 11:00:00,0,Татнефть-АЗС-001,43.0,174,0,1,0,11,5,43.85626799416132,total_fuel_sales,Продажи топлива,baseline_hgb_v2
2023-12-09 11:00:00,1,Татнефть-АЗС-002,8.0,45,0,1,0,11,5,9.580928637292363,total_fuel_sales,Продажи топлива,baseline_hgb_v2
2023-12-09 11:00:00,2,Татнефть-АЗС-003,23.0,131,1,0,1,11,5,24.127681011638877,total_fuel_sales,Продажи топлива,baseline_hgb_v2
2023-12-09 11:00:00,3,Татнефть-АЗС-004,27.0,121,1,1,1,11,5,25.35841892801306,total_fuel_sales,Продажи топлива,baseline_hgb_v2
2023-12-09 11:00:00,4,Татнефть-АЗС-005,6.0,41,0,0,1,11,5,8.632923174245418,total_fuel_sales,Продажи топлива,baseline_hgb_v2
2023-12-09 12:00:00,0,Татнефть-АЗС-001,86.0,179,1,1,0,12,5,79.94067384157289,total_fuel_sales,Продажи топлива,baseline_hgb_v2
2023-12-09 12:00:00,1,Татнефть-АЗС-002,21.0,57,0,1,0,12,5,21.045172446264008,total_fuel_sales,Продажи топлива,baseline_hgb_v2
2023-12-09 12:00:00,2,Татнефть-АЗС-003,34.0,121,0,0,1,12,5,37.97713742324341,total_fuel_sales,Продажи топлива,baseline_hgb_v2
2023-12-09 12:00:00,3,Татнефть-АЗС-004,43.0,138,1,1,1,12,5,49.26176477652111,total_fuel_sales,Продажи топлива,baseline_hgb_v2
2023-12-09 12:00:00,4,Татнефть-АЗС-005,23.0,62,0,0,1,12,5,22.250937935042156,total_fuel_sales,Продажи топлива,baseline_hgb_v2
2023-12-09 13:00:00,0,Татнефть-АЗС-001,62.0,158,1,1,0,13,5,69.6166766858694,total_fuel_sales,Продажи топлива,baseline_hgb_v2
2023-12-09 13:00:00,1,Татнефть-АЗС-002,9.0,33,0,1,0,13,5,9.4228422982384,total_fuel_sales,Продажи топлива,baseline_hgb_v2
2023-12-09 13:00:00,2,Татнефть-АЗС-003,39.0,137,1,0,1,13,5,42.57339004130042,total_fuel_sales,Продажи топлива,baseline_hgb_v2
2023-12-09 13:00:00,3,Татнефть-АЗС-004,79.0,168,0,1,1,13,5,72.13056462653537,total_fuel_sales,Продажи топлива,baseline_hgb_v2
2023-12-09 13:00:00,4,Татнефть-АЗС-005,9.0,37,0,0,1,13,5,10.225464042280016,total_fuel_sales,Продажи топлива,baseline_hgb_v2
2023-12-09 14:00:00,0,Татнефть-АЗС-001,43.0,120,0,1,0,14,5,42.23961006258735,total_fuel_sales,Продажи топлива,baseline_hgb_v2
2023-12-09 14:00:00,1,Татнефть-АЗС-002,11.0,40,0,1,0,14,5,12.520243910213878,total_fuel_sales,Продажи топлива,baseline_hgb_v2
2023-12-09 14:00:00,2,Татнефть-АЗС-003,70.0,193,1,0,1,14,5,81.27211767798691,total_fuel_sales,Продажи топлива,baseline_hgb_v2
2023-12-09 14:00:00,3,Татнефть-АЗС-004,76.0,201,0,1,1,14,5,88.30648408117396,total_fuel_sales,Продажи топлива,baseline_hgb_v2
2023-12-09 14:00:00,4,Татнефть-АЗС-005,19.0,58,0,0,1,14,5,19.875947651745438,total_fuel_sales,Продажи топлива,baseline_hgb_v2
2023-12-09 15:00:00,0,Татнефть-АЗС-001,28.0,132,0,1,0,15,5,27.701734368493984,total_fuel_sales,Продажи топлива,baseline_hgb_v2
2023-12-09 15:00:00,1,Татнефть-АЗС-002,13.0,57,1,1,0,15,5,12.773212741887265,total_fuel_sales,Продажи топлива,baseline_hgb_v2
2023-12-09 15:00:00,2,Татнефть-АЗС-003,38.0,178,1,0,1,15,5,41.24974488043443,total_fuel_sales,Продажи топлива,baseline_hgb_v2
2023-12-09 15:00:00,3,Татнефть-АЗС-004,41.0,150,0,1,1,15,5,36.50503570067984,total_fuel_sales,Продажи топлива,baseline_hgb_v2
2023-12-09 15:00:00,4,Татнефть-АЗС-005,11.0,54,0,0,1,15,5,12.214352382757053,total_fuel_sales,Продажи топлива,baseline_hgb_v2
2023-12-09 16:00:00,0,Татнефть-АЗС-001,39.0,168,0,1,0,16,5,42.42984793501828,total_fuel_sales,Продажи топлива,baseline_hgb_v2
2023-12-09 16:00:00,1,Татнефть-АЗС-002,9.0,54,0,1,0,16,5,10.952502722393772,total_fuel_sales,Продажи топлива,baseline_hgb_v2
2023-12-09 16:00:00,2,Татнефть-АЗС-003,30.0,155,1,0,1,16,5,29.561560304299935,total_fuel_sales,Продажи топлива,baseline_hgb_v2
2023-12-09 16:00:00,3,Татнефть-АЗС-004,41.0,164,0,1,1,16,5,38.299703587613934,total_fuel_sales,Продажи топлива,baseline_hgb_v2
2023-12-09 16:00:00,4,Татнефть-АЗС-005,12.0,57,1,0,1,16,5,12.681627888618735,total_fuel_sales,Продажи топлива,baseline_hgb_v2
2023-12-09 17:00:00,0,Татнефть-АЗС-001,157.0,371,0,1,0,17,5,155.09323048826153,total_fuel_sales,Продажи топлива,baseline_hgb_v2
2023-12-09 17:00:00,1,Татнефть-АЗС-002,114.0,229,1,1,0,17,5,108.73542145104875,total_fuel_sales,Продажи топлива,baseline_hgb_v2
2023-12-09 17:00:00,2,Татнефть-АЗС-003,204.0,555,0,0,1,17,5,228.29176868165456,total_fuel_sales,Продажи топлива,baseline_hgb_v2
2023-12-09 17:00:00,3,Татнефть-АЗС-004,247.0,473,0,1,1,17,5,244.5605817663838,total_fuel_sales,Продажи топлива,baseline_hgb_v2
2023-12-09 17:00:00,4,Татнефть-АЗС-005,39.0,113,0,0,1,17,5,33.84077123054789,total_fuel_sales,Продажи топлива,baseline_hgb_v2
2023-12-09 18:00:00,0,Татнефть-АЗС-001,217.0,441,0,1,0,18,5,241.38833076873092,total_fuel_sales,Продажи топлива,baseline_hgb_v2
2023-12-09 18:00:00,1,Татнефть-АЗС-002,82.0,197,0,1,0,18,5,75.64534719005283,total_fuel_sales,Продажи топлива,baseline_hgb_v2
2023-12-09 18:00:00,2,Татнефть-АЗС-003,272.0,774,0,0,1,18,5,361.14581888765025,total_fuel_sales,Продажи топлива,baseline_hgb_v2
2023-12-09 18:00:00,3,Татнефть-АЗС-004,266.0,554,0,1,1,18,5,291.76460389445464,total_fuel_sales,Продажи топлива,baseline_hgb_v2
2023-12-09 18:00:00,4,Татнефть-АЗС-005,33.0,100,0,0,1,18,5,34.2415742324811,total_fuel_sales,Продажи топлива,baseline_hgb_v2
2023-12-09 19:00:00,0,Татнефть-АЗС-001,266.0,548,0,1,0,19,5,303.7041826465801,total_fuel_sales,Продажи топлива,baseline_hgb_v2
2023-12-09 19:00:00,1,Татнефть-АЗС-002,62.0,158,0,1,0,19,5,59.38450064499912,total_fuel_sales,Продажи топлива,baseline_hgb_v2
2023-12-09 19:00:00,2,Татнефть-АЗС-003,279.0,721,0,0,1,19,5,352.58595023179333,total_fuel_sales,Продажи топлива,baseline_hgb_v2
2023-12-09 19:00:00,3,Татнефть-АЗС-004,264.0,510,1,1,1,19,5,269.5781683141347,total_fuel_sales,Продажи топлива,baseline_hgb_v2
2023-12-09 19:00:00,4,Татнефть-АЗС-005,33.0,112,1,0,1,19,5,35.22526142324559,total_fuel_sales,Продажи топлива,baseline_hgb_v2
2023-12-09 20:00:00,0,Татнефть-АЗС-001,56.0,198,0,1,0,20,5,51.69068361537356,total_fuel_sales,Продажи топлива,baseline_hgb_v2
2023-12-09 20:00:00,1,Татнефть-АЗС-002,21.0,87,1,1,0,20,5,22.744855112281538,total_fuel_sales,Продажи топлива,baseline_hgb_v2
2023-12-09 20:00:00,2,Татнефть-АЗС-003,64.0,286,0,0,1,20,5,65.00654033663733,total_fuel_sales,Продажи топлива,baseline_hgb_v2
2023-12-09 20:00:00,3,Татнефть-АЗС-004,23.0,108,0,1,1,20,5,21.579928442525,total_fuel_sales,Продажи топлива,baseline_hgb_v2
2023-12-09 20:00:00,4,Татнефть-АЗС-005,7.0,40,0,0,1,20,5,8.245974843871211,total_fuel_sales,Продажи топлива,baseline_hgb_v2
2023-12-09 21:00:00,0,Татнефть-АЗС-001,43.0,204,0,1,0,21,5,54.11736078059541,total_fuel_sales,Продажи топлива,baseline_hgb_v2
2023-12-09 21:00:00,1,Татнефть-АЗС-002,11.0,52,1,1,0,21,5,12.16802061428999,total_fuel_sales,Продажи топлива,baseline_hgb_v2
2023-12-09 21:00:00,2,Татнефть-АЗС-003,39.0,178,0,0,1,21,5,40.32178289922237,total_fuel_sales,Продажи топлива,baseline_hgb_v2
2023-12-09 21:00:00,3,Татнефть-АЗС-004,23.0,117,0,1,1,21,5,23.999914007045763,total_fuel_sales,Продажи топлива,baseline_hgb_v2
2023-12-09 21:00:00,4,Татнефть-АЗС-005,9.0,52,1,0,1,21,5,12.214352382757053,total_fuel_sales,Продажи топлива,baseline_hgb_v2
2023-12-09 22:00:00,0,Татнефть-АЗС-001,8.0,39,1,1,0,22,5,9.797083362051278,total_fuel_sales,Продажи топлива,baseline_hgb_v2
2023-12-09 22:00:00,1,Татнефть-АЗС-002,2.0,12,0,1,0,22,5,1.6037967868890923,total_fuel_sales,Продажи топлива,baseline_hgb_v2
2023-12-09 22:00:00,2,Татнефть-АЗС-003,3.0,27,0,0,1,22,5,4.292165458556544,total_fuel_sales,Продажи топлива,baseline_hgb_v2
2023-12-09 22:00:00,3,Татнефть-АЗС-004,4.0,26,0,1,1,22,5,3.3095032011887797,total_fuel_sales,Продажи топлива,baseline_hgb_v2
2023-12-09 22:00:00,4,Татнефть-АЗС-005,2.0,10,0,0,1,22,5,2.645220707886748,total_fuel_sales,Продажи топлива,baseline_hgb_v2
2023-12-09 23:00:00,0,Татнефть-АЗС-001,8.0,30,0,1,0,23,5,5.745297975960277,total_fuel_sales,Продажи топлива,baseline_hgb_v2
2023-12-09 23:00:00,1,Татнефть-АЗС-002,2.0,9,0,1,0,23,5,1.3833710475234613,total_fuel_sales,Продажи топлива,baseline_hgb_v2
2023-12-09 23:00:00,2,Татнефть-АЗС-003,8.0,34,0,0,1,23,5,7.569569126636006,total_fuel_sales,Продажи топлива,baseline_hgb_v2
2023-12-09 23:00:00,3,Татнефть-АЗС-004,8.0,31,0,1,1,23,5,7.149701342420758,total_fuel_sales,Продажи топлива,baseline_hgb_v2
2023-12-09 23:00:00,4,Татнефть-АЗС-005,2.0,13,1,0,1,23,5,2.645220707886748,total_fuel_sales,Продажи топлива,baseline_hgb_v2
2023-12-10 00:00:00,0,Татнефть-АЗС-001,5.0,27,0,1,0,0,6,4.879781512121864,total_fuel_sales,Продажи топлива,baseline_hgb_v2
2023-12-10 00:00:00,1,Татнефть-АЗС-002,2.0,12,0,1,0,0,6,3.0769741823124077,total_fuel_sales,Продажи топлива,baseline_hgb_v2
2023-12-10 00:00:00,2,Татнефть-АЗС-003,8.0,43,0,0,1,0,6,10.880416806427979,total_fuel_sales,Продажи топлива,baseline_hgb_v2
2023-12-10 00:00:00,3,Татнефть-АЗС-004,4.0,30,1,1,1,0,6,5.756540451521643,total_fuel_sales,Продажи топлива,baseline_hgb_v2
2023-12-10 00:00:00,4,Татнефть-АЗС-005,2.0,9,0,0,1,0,6,1.9500601998134535,total_fuel_sales,Продажи топлива,baseline_hgb_v2
2023-12-10 01:00:00,0,Татнефть-АЗС-001,8.0,35,0,1,0,1,6,8.449739642928336,total_fuel_sales,Продажи топлива,baseline_hgb_v2
2023-12-10 01:00:00,1,Татнефть-АЗС-002,2.0,12,1,1,0,1,6,3.0778932295158943,total_fuel_sales,Продажи топлива,baseline_hgb_v2
2023-12-10 01:00:00,2,Татнефть-АЗС-003,8.0,35,0,0,1,1,6,7.860742226456367,total_fuel_sales,Продажи топлива,baseline_hgb_v2
2023-12-10 01:00:00,3,Татнефть-АЗС-004,8.0,32,0,1,1,1,6,6.345469747279445,total_fuel_sales,Продажи топлива,baseline_hgb_v2
2023-12-10 01:00:00,4,Татнефть-АЗС-005,1.0,8,0,0,1,1,6,1.517597439477168,total_fuel_sales,Продажи топлива,baseline_hgb_v2
2023-12-10 02:00:00,0,Татнефть-АЗС-001,3.0,26,0,1,0,2,6,3.879704010186912,total_fuel_sales,Продажи топлива,baseline_hgb_v2
2023-12-10 02:00:00,1,Татнефть-АЗС-002,1.0,8,1,1,0,2,6,2.0252309040824827,total_fuel_sales,Продажи топлива,baseline_hgb_v2
2023-12-10 02:00:00,2,Татнефть-АЗС-003,4.0,26,0,0,1,2,6,3.673901026284918,total_fuel_sales,Продажи топлива,baseline_hgb_v2
2023-12-10 02:00:00,3,Татнефть-АЗС-004,8.0,28,0,1,1,2,6,4.510748874394388,total_fuel_sales,Продажи топлива,baseline_hgb_v2
2023-12-10 02:00:00,4,Татнефть-АЗС-005,1.0,8,1,0,1,2,6,1.6462853409911455,total_fuel_sales,Продажи топлива,baseline_hgb_v2
2023-12-10 03:00:00,0,Татнефть-АЗС-001,3.0,24,0,1,0,3,6,2.9424873999870806,total_fuel_sales,Продажи топлива,baseline_hgb_v2
2023-12-10 03:00:00,1,Татнефть-АЗС-002,1.0,8,0,1,0,3,6,2.0252309040824827,total_fuel_sales,Продажи топлива,baseline_hgb_v2
2023-12-10 03:00:00,2,Татнефть-АЗС-003,4.0,29,0,0,1,3,6,5.367933408886821,total_fuel_sales,Продажи топлива,baseline_hgb_v2
2023-12-10 03:00:00,3,Татнефть-АЗС-004,3.0,28,0,1,1,3,6,4.510748874394388,total_fuel_sales,Продажи топлива,baseline_hgb_v2
2023-12-10 03:00:00,4,Татнефть-АЗС-005,0.0,7,0,0,1,3,6,1.6462853409911455,total_fuel_sales,Продажи топлива,baseline_hgb_v2
2023-12-10 04:00:00,0,Татнефть-АЗС-001,12.0,43,0,1,0,4,6,11.482889795252955,total_fuel_sales,Продажи топлива,baseline_hgb_v2
2023-12-10 04:00:00,1,Татнефть-АЗС-002,2.0,11,0,1,0,4,6,3.0769741823124077,total_fuel_sales,Продажи топлива,baseline_hgb_v2
2023-12-10 04:00:00,2,Татнефть-АЗС-003,8.0,37,0,0,1,4,6,8.701878581038502,total_fuel_sales,Продажи топлива,baseline_hgb_v2
2023-12-10 04:00:00,3,Татнефть-АЗС-004,8.0,35,0,1,1,4,6,7.99420435354211,total_fuel_sales,Продажи топлива,baseline_hgb_v2
2023-12-10 04:00:00,4,Татнефть-АЗС-005,0.0,8,1,0,1,4,6,1.5351626185818916,total_fuel_sales,Продажи топлива,baseline_hgb_v2
2023-12-10 05:00:00,0,Татнефть-АЗС-001,5.0,27,0,1,0,5,6,4.879781512121864,total_fuel_sales,Продажи топлива,baseline_hgb_v2
2023-12-10 05:00:00,1,Татнефть-АЗС-002,2.0,9,0,1,0,5,6,2.0252309040824827,total_fuel_sales,Продажи топлива,baseline_hgb_v2
2023-12-10 05:00:00,2,Татнефть-АЗС-003,3.0,28,0,0,1,5,6,4.673978528219869,total_fuel_sales,Продажи топлива,baseline_hgb_v2
2023-12-10 05:00:00,3,Татнефть-АЗС-004,8.0,37,0,1,1,5,6,8.835340708124244,total_fuel_sales,Продажи топлива,baseline_hgb_v2
2023-12-10 05:00:00,4,Татнефть-АЗС-005,2.0,12,0,0,1,5,6,2.3939544030450004,total_fuel_sales,Продажи топлива,baseline_hgb_v2
2023-12-10 06:00:00,0,Татнефть-АЗС-001,48.0,180,0,1,0,6,6,47.21133517289646,total_fuel_sales,Продажи топлива,baseline_hgb_v2
2023-12-10 06:00:00,1,Татнефть-АЗС-002,12.0,54,0,1,0,6,6,12.788724903405193,total_fuel_sales,Продажи топлива,baseline_hgb_v2
2023-12-10 06:00:00,2,Татнефть-АЗС-003,21.0,116,1,0,1,6,6,22.471892785485128,total_fuel_sales,Продажи топлива,baseline_hgb_v2
2023-12-10 06:00:00,3,Татнефть-АЗС-004,63.0,287,1,1,1,6,6,73.44453506785466,total_fuel_sales,Продажи топлива,baseline_hgb_v2
2023-12-10 06:00:00,4,Татнефть-АЗС-005,16.0,74,0,0,1,6,6,17.660224570081372,total_fuel_sales,Продажи топлива,baseline_hgb_v2
2023-12-10 07:00:00,0,Татнефть-АЗС-001,148.0,342,0,1,0,7,6,145.68260080739248,total_fuel_sales,Продажи топлива,baseline_hgb_v2
2023-12-10 07:00:00,1,Татнефть-АЗС-002,41.0,104,1,1,0,7,6,36.84417657076377,total_fuel_sales,Продажи топлива,baseline_hgb_v2
2023-12-10 07:00:00,2,Татнефть-АЗС-003,82.0,264,0,0,1,7,6,93.33260014648631,total_fuel_sales,Продажи топлива,baseline_hgb_v2
2023-12-10 07:00:00,3,Татнефть-АЗС-004,325.0,708,1,1,1,7,6,376.80633526151985,total_fuel_sales,Продажи топлива,baseline_hgb_v2
2023-12-10 07:00:00,4,Татнефть-АЗС-005,91.0,254,0,0,1,7,6,110.64583588219129,total_fuel_sales,Продажи топлива,baseline_hgb_v2
2023-12-10 08:00:00,0,Татнефть-АЗС-001,150.0,342,0,1,0,8,6,145.67234171969426,total_fuel_sales,Продажи топлива,baseline_hgb_v2
2023-12-10 08:00:00,1,Татнефть-АЗС-002,37.0,104,0,1,0,8,6,36.84417657076377,total_fuel_sales,Продажи топлива,baseline_hgb_v2
2023-12-10 08:00:00,2,Татнефть-АЗС-003,115.0,332,0,0,1,8,6,121.12113694372967,total_fuel_sales,Продажи топлива,baseline_hgb_v2
2023-12-10 08:00:00,3,Татнефть-АЗС-004,385.0,802,0,1,1,8,6,400.6478869774162,total_fuel_sales,Продажи топлива,baseline_hgb_v2
2023-12-10 08:00:00,4,Татнефть-АЗС-005,78.0,201,0,0,1,8,6,85.75055278257392,total_fuel_sales,Продажи топлива,baseline_hgb_v2
2023-12-10 09:00:00,0,Татнефть-АЗС-001,209.0,482,0,1,0,9,6,264.5168488896048,total_fuel_sales,Продажи топлива,baseline_hgb_v2
2023-12-10 09:00:00,1,Татнефть-АЗС-002,58.0,136,0,1,0,9,6,57.32569370105009,total_fuel_sales,Продажи топлива,baseline_hgb_v2
2023-12-10 09:00:00,2,Татнефть-АЗС-003,131.0,357,1,0,1,9,6,140.73231422328698,total_fuel_sales,Продажи топлива,baseline_hgb_v2
2023-12-10 09:00:00,3,Татнефть-АЗС-004,401.0,748,0,1,1,9,6,387.1662255395751,total_fuel_sales,Продажи топлива,baseline_hgb_v2
2023-12-10 09:00:00,4,Татнефть-АЗС-005,47.0,154,0,0,1,9,6,57.88265878783401,total_fuel_sales,Продажи топлива,baseline_hgb_v2
2023-12-10 10:00:00,0,Татнефть-АЗС-001,21.0,125,1,1,0,10,6,27.262755988583287,total_fuel_sales,Продажи топлива,baseline_hgb_v2
2023-12-10 10:00:00,1,Татнефть-АЗС-002,7.0,37,0,1,0,10,6,7.193330463576145,total_fuel_sales,Продажи топлива,baseline_hgb_v2
2023-12-10 10:00:00,2,Татнефть-АЗС-003,33.0,165,1,0,1,10,6,38.286331242513,total_fuel_sales,Продажи топлива,baseline_hgb_v2
2023-12-10 10:00:00,3,Татнефть-АЗС-004,74.0,272,0,1,1,10,6,69.11360296233087,total_fuel_sales,Продажи топлива,baseline_hgb_v2
2023-12-10 10:00:00,4,Татнефть-АЗС-005,13.0,67,0,0,1,10,6,15.323155220036183,total_fuel_sales,Продажи топлива,baseline_hgb_v2
2023-12-10 11:00:00,0,Татнефть-АЗС-001,49.0,185,0,1,0,11,6,47.14821503743104,total_fuel_sales,Продажи топлива,baseline_hgb_v2
2023-12-10 11:00:00,1,Татнефть-АЗС-002,7.0,45,0,1,0,11,6,9.580928637292363,total_fuel_sales,Продажи топлива,baseline_hgb_v2
2023-12-10 11:00:00,2,Татнефть-АЗС-003,40.0,178,1,0,1,11,6,40.872530003059886,total_fuel_sales,Продажи топлива,baseline_hgb_v2
2023-12-10 11:00:00,3,Татнефть-АЗС-004,48.0,183,0,1,1,11,6,46.39535601114939,total_fuel_sales,Продажи топлива,baseline_hgb_v2
2023-12-10 11:00:00,4,Татнефть-АЗС-005,13.0,64,1,0,1,11,6,14.18442157884479,total_fuel_sales,Продажи топлива,baseline_hgb_v2
2023-12-10 12:00:00,0,Татнефть-АЗС-001,49.0,130,1,1,0,12,6,46.64848655176782,total_fuel_sales,Продажи топлива,baseline_hgb_v2
2023-12-10 12:00:00,1,Татнефть-АЗС-002,21.0,59,0,1,0,12,6,21.045172446264008,total_fuel_sales,Продажи топлива,baseline_hgb_v2
2023-12-10 12:00:00,2,Татнефть-АЗС-003,63.0,161,1,0,1,12,6,63.65735541364419,total_fuel_sales,Продажи топлива,baseline_hgb_v2
2023-12-10 12:00:00,3,Татнефть-АЗС-004,41.0,134,1,1,1,12,6,45.34632459502273,total_fuel_sales,Продажи топлива,baseline_hgb_v2
2023-12-10 12:00:00,4,Татнефть-АЗС-005,21.0,52,1,0,1,12,6,16.873582198081504,total_fuel_sales,Продажи топлива,baseline_hgb_v2
2023-12-10 13:00:00,0,Татнефть-АЗС-001,42.0,130,1,1,0,13,6,46.64848655176782,total_fuel_sales,Продажи топлива,baseline_hgb_v2
2023-12-10 13:00:00,1,Татнефть-АЗС-002,25.0,61,0,1,0,13,6,22.364958746883904,total_fuel_sales,Продажи топлива,baseline_hgb_v2
2023-12-10 13:00:00,2,Татнефть-АЗС-003,74.0,179,1,0,1,13,6,73.51315207987619,total_fuel_sales,Продажи топлива,baseline_hgb_v2
2023-12-10 13:00:00,3,Татнефть-АЗС-004,74.0,175,1,1,1,13,6,78.63928930553406,total_fuel_sales,Продажи топлива,baseline_hgb_v2
2023-12-10 13:00:00,4,Татнефть-АЗС-005,11.0,40,0,0,1,13,6,11.609683255230511,total_fuel_sales,Продажи топлива,baseline_hgb_v2
2023-12-10 14:00:00,0,Татнефть-АЗС-001,43.0,122,0,1,0,14,6,42.23961006258735,total_fuel_sales,Продажи топлива,baseline_hgb_v2
2023-12-10 14:00:00,1,Татнефть-АЗС-002,19.0,53,1,1,0,14,6,18.03357827237846,total_fuel_sales,Продажи топлива,baseline_hgb_v2
2023-12-10 14:00:00,2,Татнефть-АЗС-003,75.0,199,0,0,1,14,6,83.3666518252956,total_fuel_sales,Продажи топлива,baseline_hgb_v2
2023-12-10 14:00:00,3,Татнефть-АЗС-004,64.0,159,0,1,1,14,6,68.8026971548546,total_fuel_sales,Продажи топлива,baseline_hgb_v2
2023-12-10 14:00:00,4,Татнефть-АЗС-005,19.0,51,0,0,1,14,6,16.089230944646076,total_fuel_sales,Продажи топлива,baseline_hgb_v2
2023-12-10 15:00:00,0,Татнефть-АЗС-001,47.0,181,1,1,0,15,6,46.549097944992695,total_fuel_sales,Продажи топлива,baseline_hgb_v2
2023-12-10 15:00:00,1,Татнефть-АЗС-002,6.0,37,0,1,0,15,6,6.614590742482546,total_fuel_sales,Продажи топлива,baseline_hgb_v2
2023-12-10 15:00:00,2,Татнефть-АЗС-003,45.0,198,0,0,1,15,6,45.00839958292542,total_fuel_sales,Продажи топлива,baseline_hgb_v2
2023-12-10 15:00:00,3,Татнефть-АЗС-004,25.0,120,0,1,1,15,6,24.769753172358744,total_fuel_sales,Продажи топлива,baseline_hgb_v2
2023-12-10 15:00:00,4,Татнефть-АЗС-005,9.0,49,0,0,1,15,6,11.668364491014518,total_fuel_sales,Продажи топлива,baseline_hgb_v2
2023-12-10 16:00:00,0,Татнефть-АЗС-001,21.0,114,0,1,0,16,6,22.917093437816824,total_fuel_sales,Продажи топлива,baseline_hgb_v2
2023-12-10 16:00:00,1,Татнефть-АЗС-002,19.0,93,1,1,0,16,6,25.879569089721763,total_fuel_sales,Продажи топлива,baseline_hgb_v2
2023-12-10 16:00:00,2,Татнефть-АЗС-003,53.0,247,1,0,1,16,6,58.74870422578321,total_fuel_sales,Продажи топлива,baseline_hgb_v2
2023-12-10 16:00:00,3,Татнефть-АЗС-004,29.0,125,0,1,1,16,6,26.174648177785794,total_fuel_sales,Продажи топлива,baseline_hgb_v2
2023-12-10 16:00:00,4,Татнефть-АЗС-005,12.0,58,1,0,1,16,6,12.681627888618735,total_fuel_sales,Продажи топлива,baseline_hgb_v2
2023-12-10 17:00:00,0,Татнефть-АЗС-001,288.0,511,0,1,0,17,6,277.21827589436987,total_fuel_sales,Продажи топлива,baseline_hgb_v2
2023-12-10 17:00:00,1,Татнефть-АЗС-002,106.0,258,1,1,0,17,6,118.47584637636722,total_fuel_sales,Продажи топлива,baseline_hgb_v2
2023-12-10 17:00:00,2,Татнефть-АЗС-003,159.0,490,1,0,1,17,6,201.14149096106573,total_fuel_sales,Продажи топлива,baseline_hgb_v2
2023-12-10 17:00:00,3,Татнефть-АЗС-004,238.0,512,0,1,1,17,6,264.12350575549937,total_fuel_sales,Продажи топлива,baseline_hgb_v2
2023-12-10 17:00:00,4,Татнефть-АЗС-005,74.0,168,1,0,1,17,6,65.72018079028567,total_fuel_sales,Продажи топлива,baseline_hgb_v2
2023-12-10 18:00:00,0,Татнефть-АЗС-001,208.0,492,0,1,0,18,6,262.50955053824737,total_fuel_sales,Продажи топлива,baseline_hgb_v2
2023-12-10 18:00:00,1,Татнефть-АЗС-002,132.0,263,1,1,0,18,6,120.97996947142956,total_fuel_sales,Продажи топлива,baseline_hgb_v2
2023-12-10 18:00:00,2,Татнефть-АЗС-003,307.0,690,0,0,1,18,6,314.8300333299374,total_fuel_sales,Продажи топлива,baseline_hgb_v2
2023-12-10 18:00:00,3,Татнефть-АЗС-004,167.0,416,0,1,1,18,6,162.3494157216122,total_fuel_sales,Продажи топлива,baseline_hgb_v2
2023-12-10 18:00:00,4,Татнефть-АЗС-005,62.0,152,0,0,1,18,6,57.47665776996535,total_fuel_sales,Продажи топлива,baseline_hgb_v2
2023-12-10 19:00:00,0,Татнефть-АЗС-001,174.0,387,0,1,0,19,6,182.4686160055397,total_fuel_sales,Продажи топлива,baseline_hgb_v2
2023-12-10 19:00:00,1,Татнефть-АЗС-002,124.0,254,0,1,0,19,6,120.47109533266921,total_fuel_sales,Продажи топлива,baseline_hgb_v2
2023-12-10 19:00:00,2,Татнефть-АЗС-003,325.0,728,0,0,1,19,6,346.4834530734622,total_fuel_sales,Продажи топлива,baseline_hgb_v2
2023-12-10 19:00:00,3,Татнефть-АЗС-004,225.0,512,0,1,1,19,6,265.55135884956434,total_fuel_sales,Продажи топлива,baseline_hgb_v2
2023-12-10 19:00:00,4,Татнефть-АЗС-005,39.0,128,1,0,1,19,6,41.59484282695945,total_fuel_sales,Продажи топлива,baseline_hgb_v2
2023-12-10 20:00:00,0,Татнефть-АЗС-001,24.0,119,0,1,0,20,6,25.399112750677475,total_fuel_sales,Продажи топлива,baseline_hgb_v2
2023-12-10 20:00:00,1,Татнефть-АЗС-002,19.0,88,0,1,0,20,6,22.643939008833115,total_fuel_sales,Продажи топлива,baseline_hgb_v2
2023-12-10 20:00:00,2,Татнефть-АЗС-003,56.0,263,0,0,1,20,6,64.65797521773445,total_fuel_sales,Продажи топлива,baseline_hgb_v2
2023-12-10 20:00:00,3,Татнефть-АЗС-004,42.0,196,0,1,1,20,6,50.763054921082094,total_fuel_sales,Продажи топлива,baseline_hgb_v2
2023-12-10 20:00:00,4,Татнефть-АЗС-005,11.0,61,1,0,1,20,6,13.12364682469029,total_fuel_sales,Продажи топлива,baseline_hgb_v2
2023-12-10 21:00:00,0,Татнефть-АЗС-001,43.0,176,0,1,0,21,6,44.18663016881906,total_fuel_sales,Продажи топлива,baseline_hgb_v2
2023-12-10 21:00:00,1,Татнефть-АЗС-002,12.0,59,0,1,0,21,6,12.773212741887265,total_fuel_sales,Продажи топлива,baseline_hgb_v2
2023-12-10 21:00:00,2,Татнефть-АЗС-003,33.0,159,0,0,1,21,6,32.87103829387117,total_fuel_sales,Продажи топлива,baseline_hgb_v2
2023-12-10 21:00:00,3,Татнефть-АЗС-004,41.0,159,0,1,1,21,6,38.17841691011687,total_fuel_sales,Продажи топлива,baseline_hgb_v2
2023-12-10 21:00:00,4,Татнефть-АЗС-005,12.0,56,0,0,1,21,6,12.214352382757053,total_fuel_sales,Продажи топлива,baseline_hgb_v2
2023-12-10 22:00:00,0,Татнефть-АЗС-001,12.0,41,0,1,0,22,6,10.958559548384166,total_fuel_sales,Продажи топлива,baseline_hgb_v2
2023-12-10 22:00:00,1,Татнефть-АЗС-002,1.0,8,0,1,0,22,6,1.3833710475234613,total_fuel_sales,Продажи топлива,baseline_hgb_v2
2023-12-10 22:00:00,2,Татнефть-АЗС-003,8.0,35,1,0,1,22,6,7.569569126636006,total_fuel_sales,Продажи топлива,baseline_hgb_v2
2023-12-10 22:00:00,3,Татнефть-АЗС-004,3.0,26,0,1,1,22,6,3.3095032011887797,total_fuel_sales,Продажи топлива,baseline_hgb_v2
2023-12-10 22:00:00,4,Татнефть-АЗС-005,2.0,12,1,0,1,22,6,2.645220707886748,total_fuel_sales,Продажи топлива,baseline_hgb_v2
2023-12-10 23:00:00,0,Татнефть-АЗС-001,3.0,21,0,1,0,23,6,2.08917962545898,total_fuel_sales,Продажи топлива,baseline_hgb_v2
2023-12-10 23:00:00,1,Татнефть-АЗС-002,2.0,12,1,1,0,23,6,2.5154466817149643,total_fuel_sales,Продажи топлива,baseline_hgb_v2
2023-12-10 23:00:00,2,Татнефть-АЗС-003,8.0,41,1,0,1,23,6,10.368024175537712,total_fuel_sales,Продажи топлива,baseline_hgb_v2
2023-12-10 23:00:00,3,Татнефть-АЗС-004,8.0,28,1,1,1,23,6,4.309580703123729,total_fuel_sales,Продажи топлива,baseline_hgb_v2
2023-12-10 23:00:00,4,Татнефть-АЗС-005,0.0,7,1,0,1,23,6,1.6305359359616327,total_fuel_sales,Продажи топлива,baseline_hgb_v2
2023-12-11 00:00:00,0,Татнефть-АЗС-001,3.0,21,0,1,0,0,0,2.905681419558912,total_fuel_sales,Продажи топлива,baseline_hgb_v2
2023-12-11 00:00:00,1,Татнефть-АЗС-002,2.0,9,1,1,0,0,0,2.484815470984791,total_fuel_sales,Продажи топлива,baseline_hgb_v2
2023-12-11 00:00:00,2,Татнефть-АЗС-003,8.0,31,1,0,1,0,0,7.607816514994679,total_fuel_sales,Продажи топлива,baseline_hgb_v2
2023-12-11 00:00:00,3,Татнефть-АЗС-004,8.0,33,1,1,1,0,0,7.539446534535947,total_fuel_sales,Продажи топлива,baseline_hgb_v2
2023-12-11 00:00:00,4,Татнефть-АЗС-005,3.0,16,0,0,1,0,0,2.90520607084546,total_fuel_sales,Продажи топлива,baseline_hgb_v2
2023-12-11 01:00:00,0,Татнефть-АЗС-001,3.0,18,0,1,0,1,0,2.905681419558912,total_fuel_sales,Продажи топлива,baseline_hgb_v2
2023-12-11 01:00:00,1,Татнефть-АЗС-002,2.0,15,0,1,0,1,0,3.395622462790008,total_fuel_sales,Продажи топлива,baseline_hgb_v2
2023-12-11 01:00:00,2,Татнефть-АЗС-003,8.0,33,0,0,1,1,0,7.607816514994679,total_fuel_sales,Продажи топлива,baseline_hgb_v2
2023-12-11 01:00:00,3,Татнефть-АЗС-004,8.0,31,0,1,1,1,0,7.539446534535947,total_fuel_sales,Продажи топлива,baseline_hgb_v2
2023-12-11 01:00:00,4,Татнефть-АЗС-005,2.0,11,0,0,1,1,0,2.062362509743441,total_fuel_sales,Продажи топлива,baseline_hgb_v2
2023-12-11 02:00:00,0,Татнефть-АЗС-001,3.0,21,0,1,0,2,0,2.905681419558912,total_fuel_sales,Продажи топлива,baseline_hgb_v2
2023-12-11 02:00:00,1,Татнефть-АЗС-002,2.0,10,0,1,0,2,0,2.484815470984791,total_fuel_sales,Продажи топлива,baseline_hgb_v2
2023-12-11 02:00:00,2,Татнефть-АЗС-003,8.0,35,0,0,1,2,0,8.190399130599735,total_fuel_sales,Продажи топлива,baseline_hgb_v2
2023-12-11 02:00:00,3,Татнефть-АЗС-004,5.0,27,0,1,1,2,0,5.900936774695143,total_fuel_sales,Продажи топлива,baseline_hgb_v2
2023-12-11 02:00:00,4,Татнефть-АЗС-005,2.0,15,0,0,1,2,0,2.90520607084546,total_fuel_sales,Продажи топлива,baseline_hgb_v2
2023-12-11 03:00:00,0,Татнефть-АЗС-001,8.0,33,0,1,0,3,0,7.987179330761677,total_fuel_sales,Продажи топлива,baseline_hgb_v2
2023-12-11 03:00:00,1,Татнефть-АЗС-002,2.0,10,0,1,0,3,0,2.484815470984791,total_fuel_sales,Продажи топлива,baseline_hgb_v2
2023-12-11 03:00:00,2,Татнефть-АЗС-003,5.0,26,0,0,1,3,0,4.993443879540306,total_fuel_sales,Продажи топлива,baseline_hgb_v2
2023-12-11 03:00:00,3,Татнефть-АЗС-004,3.0,22,0,1,1,3,0,2.450579152565464,total_fuel_sales,Продажи топлива,baseline_hgb_v2
2023-12-11 03:00:00,4,Татнефть-АЗС-005,2.0,14,0,0,1,3,0,2.90520607084546,total_fuel_sales,Продажи топлива,baseline_hgb_v2
2023-12-11 04:00:00,0,Татнефть-АЗС-001,3.0,21,0,1,0,4,0,2.905681419558912,total_fuel_sales,Продажи топлива,baseline_hgb_v2
2023-12-11 04:00:00,1,Татнефть-АЗС-002,2.0,12,0,1,0,4,0,3.395622462790008,total_fuel_sales,Продажи топлива,baseline_hgb_v2
2023-12-11 04:00:00,2,Татнефть-АЗС-003,3.0,25,0,0,1,4,0,4.08797356363892,total_fuel_sales,Продажи топлива,baseline_hgb_v2
2023-12-11 04:00:00,3,Татнефть-АЗС-004,3.0,21,0,1,1,4,0,2.450579152565464,total_fuel_sales,Продажи топлива,baseline_hgb_v2
2023-12-11 04:00:00,4,Татнефть-АЗС-005,2.0,15,0,0,1,4,0,2.7765181693314824,total_fuel_sales,Продажи топлива,baseline_hgb_v2
2023-12-11 05:00:00,0,Татнефть-АЗС-001,8.0,34,1,1,0,5,0,8.58323751871974,total_fuel_sales,Продажи топлива,baseline_hgb_v2
2023-12-11 05:00:00,1,Татнефть-АЗС-002,2.0,14,0,1,0,5,0,3.395622462790008,total_fuel_sales,Продажи топлива,baseline_hgb_v2
2023-12-11 05:00:00,2,Татнефть-АЗС-003,6.0,25,0,0,1,5,0,4.993443879540306,total_fuel_sales,Продажи топлива,baseline_hgb_v2
2023-12-11 05:00:00,3,Татнефть-АЗС-004,6.0,25,0,1,1,5,0,3.860828424004557,total_fuel_sales,Продажи топлива,baseline_hgb_v2
2023-12-11 05:00:00,4,Татнефть-АЗС-005,2.0,10,0,0,1,5,0,1.9336746082294638,total_fuel_sales,Продажи топлива,baseline_hgb_v2
2023-12-11 06:00:00,0,Татнефть-АЗС-001,21.0,109,1,1,0,6,0,22.862567670185992,total_fuel_sales,Продажи топлива,baseline_hgb_v2
2023-12-11 06:00:00,1,Татнефть-АЗС-002,18.0,79,1,1,0,6,0,20.998075685417625,total_fuel_sales,Продажи топлива,baseline_hgb_v2
2023-12-11 06:00:00,2,Татнефть-АЗС-003,35.0,145,0,0,1,6,0,33.583813437100915,total_fuel_sales,Продажи топлива,baseline_hgb_v2
2023-12-11 06:00:00,3,Татнефть-АЗС-004,33.0,164,0,1,1,6,0,37.66018999055283,total_fuel_sales,Продажи топлива,baseline_hgb_v2
2023-12-11 06:00:00,4,Татнефть-АЗС-005,14.0,76,1,0,1,6,0,18.073760065882475,total_fuel_sales,Продажи топлива,baseline_hgb_v2
2023-12-11 07:00:00,0,Татнефть-АЗС-001,185.0,370,0,1,0,7,0,193.01460747106057,total_fuel_sales,Продажи топлива,baseline_hgb_v2
2023-12-11 07:00:00,1,Татнефть-АЗС-002,62.0,147,1,1,0,7,0,64.0199447208829,total_fuel_sales,Продажи топлива,baseline_hgb_v2
2023-12-11 07:00:00,2,Татнефть-АЗС-003,103.0,269,0,0,1,7,0,98.16515013904488,total_fuel_sales,Продажи топлива,baseline_hgb_v2
2023-12-11 07:00:00,3,Татнефть-АЗС-004,169.0,390,0,1,1,7,0,163.48564733158838,total_fuel_sales,Продажи топлива,baseline_hgb_v2
2023-12-11 07:00:00,4,Татнефть-АЗС-005,147.0,326,0,0,1,7,0,158.91334851489123,total_fuel_sales,Продажи топлива,baseline_hgb_v2
2023-12-11 08:00:00,0,Татнефть-АЗС-001,212.0,427,0,1,0,8,0,231.63199380654405,total_fuel_sales,Продажи топлива,baseline_hgb_v2
2023-12-11 08:00:00,1,Татнефть-АЗС-002,100.0,189,0,1,0,8,0,96.5063583880634,total_fuel_sales,Продажи топлива,baseline_hgb_v2
2023-12-11 08:00:00,2,Татнефть-АЗС-003,100.0,271,1,0,1,8,0,94.68881986194044,total_fuel_sales,Продажи топлива,baseline_hgb_v2
2023-12-11 08:00:00,3,Татнефть-АЗС-004,323.0,597,0,1,1,8,0,323.92531743407136,total_fuel_sales,Продажи топлива,baseline_hgb_v2
2023-12-11 08:00:00,4,Татнефть-АЗС-005,70.0,211,0,0,1,8,0,83.5488938269264,total_fuel_sales,Продажи топлива,baseline_hgb_v2
2023-12-11 09:00:00,0,Татнефть-АЗС-001,185.0,358,0,1,0,9,0,185.81022787213996,total_fuel_sales,Продажи топлива,baseline_hgb_v2
2023-12-11 09:00:00,1,Татнефть-АЗС-002,95.0,193,1,1,0,9,0,100.02681013108989,total_fuel_sales,Продажи топлива,baseline_hgb_v2
2023-12-11 09:00:00,2,Татнефть-АЗС-003,136.0,290,0,0,1,9,0,116.1313942600336,total_fuel_sales,Продажи топлива,baseline_hgb_v2
2023-12-11 09:00:00,3,Татнефть-АЗС-004,133.0,392,1,1,1,9,0,165.1092720380366,total_fuel_sales,Продажи топлива,baseline_hgb_v2
2023-12-11 09:00:00,4,Татнефть-АЗС-005,70.0,173,1,0,1,9,0,67.62555422437035,total_fuel_sales,Продажи топлива,baseline_hgb_v2
2023-12-11 10:00:00,0,Татнефть-АЗС-001,23.0,109,0,1,0,10,0,22.79944753472057,total_fuel_sales,Продажи топлива,baseline_hgb_v2
2023-12-11 10:00:00,1,Татнефть-АЗС-002,8.0,51,1,1,0,10,0,11.94035473363423,total_fuel_sales,Продажи топлива,baseline_hgb_v2
2023-12-11 10:00:00,2,Татнефть-АЗС-003,28.0,137,0,0,1,10,0,30.65208304177299,total_fuel_sales,Продажи топлива,baseline_hgb_v2
2023-12-11 10:00:00,3,Татнефть-АЗС-004,68.0,239,0,1,1,10,0,61.725856331188524,total_fuel_sales,Продажи топлива,baseline_hgb_v2
2023-12-11 10:00:00,4,Татнефть-АЗС-005,21.0,101,0,0,1,10,0,25.98056528501409,total_fuel_sales,Продажи топлива,baseline_hgb_v2
2023-12-11 11:00:00,0,Татнефть-АЗС-001,18.0,93,1,1,0,11,0,19.134139964916493,total_fuel_sales,Продажи топлива,baseline_hgb_v2
2023-12-11 11:00:00,1,Татнефть-АЗС-002,9.0,45,1,1,0,11,0,10.040513204194673,total_fuel_sales,Продажи топлива,baseline_hgb_v2
2023-12-11 11:00:00,2,Татнефть-АЗС-003,14.0,97,0,0,1,11,0,19.134510100488864,total_fuel_sales,Продажи топлива,baseline_hgb_v2
2023-12-11 11:00:00,3,Татнефть-АЗС-004,16.0,92,1,1,1,11,0,18.679037697923043,total_fuel_sales,Продажи топлива,baseline_hgb_v2
2023-12-11 11:00:00,4,Татнефть-АЗС-005,17.0,73,1,0,1,11,0,17.981068165619565,total_fuel_sales,Продажи топлива,baseline_hgb_v2
2023-12-11 12:00:00,0,Татнефть-АЗС-001,33.0,110,0,1,0,12,0,37.10270043093933,total_fuel_sales,Продажи топлива,baseline_hgb_v2
2023-12-11 12:00:00,1,Татнефть-АЗС-002,29.0,64,0,1,0,12,0,25.96987586835287,total_fuel_sales,Продажи топлива,baseline_hgb_v2
2023-12-11 12:00:00,2,Татнефть-АЗС-003,53.0,146,1,0,1,12,0,58.384286754317245,total_fuel_sales,Продажи топлива,baseline_hgb_v2
2023-12-11 12:00:00,3,Татнефть-АЗС-004,49.0,137,1,1,1,12,0,54.203916782640846,total_fuel_sales,Продажи топлива,baseline_hgb_v2
2023-12-11 12:00:00,4,Татнефть-АЗС-005,25.0,72,0,0,1,12,0,29.122948590137508,total_fuel_sales,Продажи топлива,baseline_hgb_v2
2023-12-11 13:00:00,0,Татнефть-АЗС-001,33.0,110,0,1,0,13,0,37.10270043093933,total_fuel_sales,Продажи топлива,baseline_hgb_v2
2023-12-11 13:00:00,1,Татнефть-АЗС-002,38.0,78,0,1,0,13,0,33.23492480253982,total_fuel_sales,Продажи топлива,baseline_hgb_v2
2023-12-11 13:00:00,2,Татнефть-АЗС-003,64.0,157,0,0,1,13,0,63.72077287289261,total_fuel_sales,Продажи топлива,baseline_hgb_v2
2023-12-11 13:00:00,3,Татнефть-АЗС-004,29.0,94,0,1,1,13,0,31.58999986102538,total_fuel_sales,Продажи топлива,baseline_hgb_v2
2023-12-11 13:00:00,4,Татнефть-АЗС-005,17.0,50,0,0,1,13,0,15.478562624526525,total_fuel_sales,Продажи топлива,baseline_hgb_v2
2023-12-11 14:00:00,0,Татнефть-АЗС-001,62.0,130,0,1,0,14,0,49.26683133590277,total_fuel_sales,Продажи топлива,baseline_hgb_v2
2023-12-11 14:00:00,1,Татнефть-АЗС-002,29.0,64,0,1,0,14,0,25.73107578141491,total_fuel_sales,Продажи топлива,baseline_hgb_v2
2023-12-11 14:00:00,2,Татнефть-АЗС-003,56.0,134,0,0,1,14,0,47.36375627620789,total_fuel_sales,Продажи топлива,baseline_hgb_v2
2023-12-11 14:00:00,3,Татнефть-АЗС-004,34.0,97,1,1,1,14,0,32.37293723879033,total_fuel_sales,Продажи топлива,baseline_hgb_v2
2023-12-11 14:00:00,4,Татнефть-АЗС-005,25.0,65,0,0,1,14,0,24.864566559643176,total_fuel_sales,Продажи топлива,baseline_hgb_v2
2023-12-11 15:00:00,0,Татнефть-АЗС-001,39.0,154,0,1,0,15,0,38.43997629310034,total_fuel_sales,Продажи топлива,baseline_hgb_v2
2023-12-11 15:00:00,1,Татнефть-АЗС-002,12.0,61,0,1,0,15,0,13.555607087193206,total_fuel_sales,Продажи топлива,baseline_hgb_v2
2023-12-11 15:00:00,2,Татнефть-АЗС-003,30.0,142,0,0,1,15,0,31.87723935646125,total_fuel_sales,Продажи топлива,baseline_hgb_v2
2023-12-11 15:00:00,3,Татнефть-АЗС-004,32.0,142,0,1,1,15,0,34.318211203546504,total_fuel_sales,Продажи топлива,baseline_hgb_v2
2023-12-11 15:00:00,4,Татнефть-АЗС-005,9.0,53,0,0,1,15,0,11.637471908341018,total_fuel_sales,Продажи топлива,baseline_hgb_v2
2023-12-11 16:00:00,0,Татнефть-АЗС-001,38.0,142,0,1,0,16,0,34.58683705775406,total_fuel_sales,Продажи топлива,baseline_hgb_v2
2023-12-11 16:00:00,1,Татнефть-АЗС-002,18.0,87,1,1,0,16,0,22.000610725447654,total_fuel_sales,Продажи топлива,baseline_hgb_v2
2023-12-11 16:00:00,2,Татнефть-АЗС-003,53.0,226,0,0,1,16,0,56.4346984454301,total_fuel_sales,Продажи топлива,baseline_hgb_v2
2023-12-11 16:00:00,3,Татнефть-АЗС-004,35.0,153,0,1,1,16,0,37.16282117775235,total_fuel_sales,Продажи топлива,baseline_hgb_v2
2023-12-11 16:00:00,4,Татнефть-АЗС-005,9.0,50,1,0,1,16,0,11.091484016598484,total_fuel_sales,Продажи топлива,baseline_hgb_v2
2023-12-11 17:00:00,0,Татнефть-АЗС-001,122.0,309,1,1,0,17,0,128.9244034053185,total_fuel_sales,Продажи топлива,baseline_hgb_v2
2023-12-11 17:00:00,1,Татнефть-АЗС-002,146.0,281,0,1,0,17,0,148.29321401942587,total_fuel_sales,Продажи топлива,baseline_hgb_v2
2023-12-11 17:00:00,2,Татнефть-АЗС-003,266.0,561,0,0,1,17,0,269.4637407515426,total_fuel_sales,Продажи топлива,baseline_hgb_v2
2023-12-11 17:00:00,3,Татнефть-АЗС-004,182.0,388,0,1,1,17,0,196.18824084145774,total_fuel_sales,Продажи топлива,baseline_hgb_v2
2023-12-11 17:00:00,4,Татнефть-АЗС-005,48.0,133,0,0,1,17,0,45.49381553869553,total_fuel_sales,Продажи топлива,baseline_hgb_v2
2023-12-11 18:00:00,0,Татнефть-АЗС-001,235.0,428,1,1,0,18,0,232.9811706552414,total_fuel_sales,Продажи топлива,baseline_hgb_v2
2023-12-11 18:00:00,1,Татнефть-АЗС-002,136.0,278,1,1,0,18,0,143.8436836379505,total_fuel_sales,Продажи топлива,baseline_hgb_v2
2023-12-11 18:00:00,2,Татнефть-АЗС-003,286.0,629,0,0,1,18,0,310.65402594048993,total_fuel_sales,Продажи топлива,baseline_hgb_v2
2023-12-11 18:00:00,3,Татнефть-АЗС-004,114.0,309,1,1,1,18,0,123.52816569257071,total_fuel_sales,Продажи топлива,baseline_hgb_v2
2023-12-11 18:00:00,4,Татнефть-АЗС-005,65.0,170,1,0,1,18,0,74.73799024819888,total_fuel_sales,Продажи топлива,baseline_hgb_v2
2023-12-11 19:00:00,0,Татнефть-АЗС-001,193.0,429,0,1,0,19,0,234.8688491938141,total_fuel_sales,Продажи топлива,baseline_hgb_v2
2023-12-11 19:00:00,1,Татнефть-АЗС-002,144.0,266,0,1,0,19,0,140.0748347741564,total_fuel_sales,Продажи топлива,baseline_hgb_v2
2023-12-11 19:00:00,2,Татнефть-АЗС-003,256.0,559,1,0,1,19,0,281.16179920733686,total_fuel_sales,Продажи топлива,baseline_hgb_v2
2023-12-11 19:00:00,3,Татнефть-АЗС-004,110.0,305,0,1,1,19,0,118.13715104417169,total_fuel_sales,Продажи топлива,baseline_hgb_v2
2023-12-11 19:00:00,4,Татнефть-АЗС-005,83.0,216,0,0,1,19,0,104.73511331268223,total_fuel_sales,Продажи топлива,baseline_hgb_v2
2023-12-11 20:00:00,0,Татнефть-АЗС-001,32.0,138,1,1,0,20,0,34.58683705775406,total_fuel_sales,Продажи топлива,baseline_hgb_v2
2023-12-11 20:00:00,1,Татнефть-АЗС-002,23.0,107,0,1,0,20,0,28.807326890514794,total_fuel_sales,Продажи топлива,baseline_hgb_v2
2023-12-11 20:00:00,2,Татнефть-АЗС-003,41.0,197,0,0,1,20,0,43.09597395429013,total_fuel_sales,Продажи топлива,baseline_hgb_v2
2023-12-11 20:00:00,3,Татнефть-АЗС-004,24.0,114,0,1,1,20,0,24.27374116402464,total_fuel_sales,Продажи топлива,baseline_hgb_v2
2023-12-11 20:00:00,4,Татнефть-АЗС-005,13.0,56,1,0,1,20,0,12.618643277800317,total_fuel_sales,Продажи топлива,baseline_hgb_v2
2023-12-11 21:00:00,0,Татнефть-АЗС-001,43.0,164,1,1,0,21,0,41.26819580010702,total_fuel_sales,Продажи топлива,baseline_hgb_v2
2023-12-11 21:00:00,1,Татнефть-АЗС-002,14.0,67,0,1,0,21,0,15.943164314271565,total_fuel_sales,Продажи топлива,baseline_hgb_v2
2023-12-11 21:00:00,2,Татнефть-АЗС-003,19.0,101,0,0,1,21,0,19.5131895844037,total_fuel_sales,Продажи топлива,baseline_hgb_v2
2023-12-11 21:00:00,3,Татнефть-АЗС-004,35.0,130,1,1,1,21,0,29.85941548563218,total_fuel_sales,Продажи топлива,baseline_hgb_v2
2023-12-11 21:00:00,4,Татнефть-АЗС-005,12.0,61,0,0,1,21,0,12.67938939420952,total_fuel_sales,Продажи топлива,baseline_hgb_v2
2023-12-11 22:00:00,0,Татнефть-АЗС-001,3.0,20,0,1,0,22,0,2.547133435026854,total_fuel_sales,Продажи топлива,baseline_hgb_v2
2023-12-11 22:00:00,1,Татнефть-АЗС-002,2.0,10,0,1,0,22,0,1.8646827431825512,total_fuel_sales,Продажи топлива,baseline_hgb_v2
2023-12-11 22:00:00,2,Татнефть-АЗС-003,3.0,21,0,0,1,22,0,2.317638351293285,total_fuel_sales,Продажи топлива,baseline_hgb_v2
2023-12-11 22:00:00,3,Татнефть-АЗС-004,8.0,30,0,1,1,22,0,7.116354171634174,total_fuel_sales,Продажи топлива,baseline_hgb_v2
2023-12-11 22:00:00,4,Татнефть-АЗС-005,2.0,13,0,0,1,22,0,2.200963277405976,total_fuel_sales,Продажи топлива,baseline_hgb_v2
2023-12-11 23:00:00,0,Татнефть-АЗС-001,2.0,20,1,1,0,23,0,2.9257904802676964,total_fuel_sales,Продажи топлива,baseline_hgb_v2
2023-12-11 23:00:00,1,Татнефть-АЗС-002,2.0,10,1,1,0,23,0,1.8646827431825512,total_fuel_sales,Продажи топлива,baseline_hgb_v2
2023-12-11 23:00:00,2,Татнефть-АЗС-003,2.0,20,0,0,1,23,0,2.317638351293285,total_fuel_sales,Продажи топлива,baseline_hgb_v2
2023-12-11 23:00:00,3,Татнефть-АЗС-004,3.0,21,0,1,1,23,0,2.271138110051588,total_fuel_sales,Продажи топлива,baseline_hgb_v2
2023-12-11 23:00:00,4,Татнефть-АЗС-005,2.0,9,0,0,1,23,0,2.0683402334707095,total_fuel_sales,Продажи топлива,baseline_hgb_v2
2023-12-12 00:00:00,0,Татнефть-АЗС-001,8.0,31,1,1,0,0,1,7.987179330761677,total_fuel_sales,Продажи топлива,baseline_hgb_v2
2023-12-12 00:00:00,1,Татнефть-АЗС-002,2.0,14,0,1,0,0,1,3.395622462790008,total_fuel_sales,Продажи топлива,baseline_hgb_v2
2023-12-12 00:00:00,2,Татнефть-АЗС-003,8.0,31,0,0,1,0,1,7.594340942641669,total_fuel_sales,Продажи топлива,baseline_hgb_v2
2023-12-12 00:00:00,3,Татнефть-АЗС-004,3.0,20,0,1,1,0,1,2.450579152565464,total_fuel_sales,Продажи топлива,baseline_hgb_v2
2023-12-12 00:00:00,4,Татнефть-АЗС-005,2.0,13,1,0,1,0,1,2.90520607084546,total_fuel_sales,Продажи топлива,baseline_hgb_v2
2023-12-12 01:00:00,0,Татнефть-АЗС-001,3.0,20,1,1,0,1,1,2.905681419558912,total_fuel_sales,Продажи топлива,baseline_hgb_v2
2023-12-12 01:00:00,1,Татнефть-АЗС-002,2.0,10,0,1,0,1,1,2.484815470984791,total_fuel_sales,Продажи топлива,baseline_hgb_v2
2023-12-12 01:00:00,2,Татнефть-АЗС-003,8.0,30,0,0,1,1,1,7.2393129586025085,total_fuel_sales,Продажи топлива,baseline_hgb_v2
2023-12-12 01:00:00,3,Татнефть-АЗС-004,6.0,25,0,1,1,1,1,3.860828424004557,total_fuel_sales,Продажи топлива,baseline_hgb_v2
2023-12-12 01:00:00,4,Татнефть-АЗС-005,2.0,12,0,0,1,1,1,2.90520607084546,total_fuel_sales,Продажи топлива,baseline_hgb_v2
2023-12-12 02:00:00,0,Татнефть-АЗС-001,8.0,26,0,1,0,2,1,5.372806695307306,total_fuel_sales,Продажи топлива,baseline_hgb_v2
2023-12-12 02:00:00,1,Татнефть-АЗС-002,2.0,10,0,1,0,2,1,2.484815470984791,total_fuel_sales,Продажи топлива,baseline_hgb_v2
2023-12-12 02:00:00,2,Татнефть-АЗС-003,8.0,31,1,0,1,2,1,7.465653041127691,total_fuel_sales,Продажи топлива,baseline_hgb_v2
2023-12-12 02:00:00,3,Татнефть-АЗС-004,3.0,20,1,1,1,2,1,2.450579152565464,total_fuel_sales,Продажи топлива,baseline_hgb_v2
2023-12-12 02:00:00,4,Татнефть-АЗС-005,2.0,11,0,0,1,2,1,2.062362509743441,total_fuel_sales,Продажи топлива,baseline_hgb_v2
2023-12-12 03:00:00,0,Татнефть-АЗС-001,3.0,22,1,1,0,3,1,2.905681419558912,total_fuel_sales,Продажи топлива,baseline_hgb_v2
2023-12-12 03:00:00,1,Татнефть-АЗС-002,2.0,14,1,1,0,3,1,3.395622462790008,total_fuel_sales,Продажи топлива,baseline_hgb_v2
2023-12-12 03:00:00,2,Татнефть-АЗС-003,3.0,19,0,0,1,3,1,2.54903639068585,total_fuel_sales,Продажи топлива,baseline_hgb_v2
2023-12-12 03:00:00,3,Татнефть-АЗС-004,3.0,23,0,1,1,3,1,2.9236118138047256,total_fuel_sales,Продажи топлива,baseline_hgb_v2
2023-12-12 03:00:00,4,Татнефть-АЗС-005,2.0,15,0,0,1,3,1,2.90520607084546,total_fuel_sales,Продажи топлива,baseline_hgb_v2
2023-12-12 04:00:00,0,Татнефть-АЗС-001,8.0,30,0,1,0,4,1,7.618675774369507,total_fuel_sales,Продажи топлива,baseline_hgb_v2
2023-12-12 04:00:00,1,Татнефть-АЗС-002,2.0,11,0,1,0,4,1,2.484815470984791,total_fuel_sales,Продажи топлива,baseline_hgb_v2
2023-12-12 04:00:00,2,Татнефть-АЗС-003,2.0,23,0,0,1,4,1,3.0220690519251097,total_fuel_sales,Продажи топлива,baseline_hgb_v2
2023-12-12 04:00:00,3,Татнефть-АЗС-004,4.0,23,0,1,1,4,1,2.9236118138047256,total_fuel_sales,Продажи топлива,baseline_hgb_v2
2023-12-12 04:00:00,4,Татнефть-АЗС-005,2.0,10,0,0,1,4,1,2.062362509743441,total_fuel_sales,Продажи топлива,baseline_hgb_v2
2023-12-12 05:00:00,0,Татнефть-АЗС-001,4.0,23,1,1,0,5,1,3.3787140807981735,total_fuel_sales,Продажи топлива,baseline_hgb_v2
2023-12-12 05:00:00,1,Татнефть-АЗС-002,2.0,11,0,1,0,5,1,2.484815470984791,total_fuel_sales,Продажи топлива,baseline_hgb_v2
2023-12-12 05:00:00,2,Татнефть-АЗС-003,3.0,24,0,0,1,5,1,3.150756953439087,total_fuel_sales,Продажи топлива,baseline_hgb_v2
2023-12-12 05:00:00,3,Татнефть-АЗС-004,8.0,34,0,1,1,5,1,8.135504722494009,total_fuel_sales,Продажи топлива,baseline_hgb_v2
2023-12-12 05:00:00,4,Татнефть-АЗС-005,2.0,10,0,0,1,5,1,2.062362509743441,total_fuel_sales,Продажи топлива,baseline_hgb_v2
2023-12-12 06:00:00,0,Татнефть-АЗС-001,23.0,114,0,1,0,6,1,23.907113448065218,total_fuel_sales,Продажи топлива,baseline_hgb_v2
2023-12-12 06:00:00,1,Татнефть-АЗС-002,11.0,54,0,1,0,6,1,12.113123934372863,total_fuel_sales,Продажи топлива,baseline_hgb_v2
2023-12-12 06:00:00,2,Татнефть-АЗС-003,16.0,91,0,0,1,6,1,18.5433807597033,total_fuel_sales,Продажи топлива,baseline_hgb_v2
2023-12-12 06:00:00,3,Татнефть-АЗС-004,41.0,190,0,1,1,6,1,49.96376172968334,total_fuel_sales,Продажи топлива,baseline_hgb_v2
2023-12-12 06:00:00,4,Татнефть-АЗС-005,23.0,92,0,0,1,6,1,23.490347840353767,total_fuel_sales,Продажи топлива,baseline_hgb_v2
2023-12-12 07:00:00,0,Татнефть-АЗС-001,114.0,300,0,1,0,7,1,127.16741145504209,total_fuel_sales,Продажи топлива,baseline_hgb_v2
2023-12-12 07:00:00,1,Татнефть-АЗС-002,105.0,187,1,1,0,7,1,96.59128239980608,total_fuel_sales,Продажи топлива,baseline_hgb_v2
2023-12-12 07:00:00,2,Татнефть-АЗС-003,166.0,377,0,0,1,7,1,177.81501749444357,total_fuel_sales,Продажи топлива,baseline_hgb_v2
2023-12-12 07:00:00,3,Татнефть-АЗС-004,142.0,382,0,1,1,7,1,169.10740040350817,total_fuel_sales,Продажи топлива,baseline_hgb_v2
2023-12-12 07:00:00,4,Татнефть-АЗС-005,68.0,192,0,0,1,7,1,73.67313414222595,total_fuel_sales,Продажи топлива,baseline_hgb_v2
2023-12-12 08:00:00,0,Татнефть-АЗС-001,101.0,271,0,1,0,8,1,107.54000011477045,total_fuel_sales,Продажи топлива,baseline_hgb_v2
2023-12-12 08:00:00,1,Татнефть-АЗС-002,107.0,195,0,1,0,8,1,98.827061286345,total_fuel_sales,Продажи топлива,baseline_hgb_v2
2023-12-12 08:00:00,2,Татнефть-АЗС-003,97.0,253,0,0,1,8,1,87.98493968957324,total_fuel_sales,Продажи топлива,baseline_hgb_v2
2023-12-12 08:00:00,3,Татнефть-АЗС-004,178.0,434,0,1,1,8,1,170.22100309065246,total_fuel_sales,Продажи топлива,baseline_hgb_v2
2023-12-12 08:00:00,4,Татнефть-АЗС-005,69.0,223,0,0,1,8,1,98.55112455678425,total_fuel_sales,Продажи топлива,baseline_hgb_v2
2023-12-12 09:00:00,0,Татнефть-АЗС-001,177.0,363,0,1,0,9,1,188.06887807857223,total_fuel_sales,Продажи топлива,baseline_hgb_v2
2023-12-12 09:00:00,1,Татнефть-АЗС-002,68.0,143,0,1,0,9,1,65.84531369113354,total_fuel_sales,Продажи топлива,baseline_hgb_v2
2023-12-12 09:00:00,2,Татнефть-АЗС-003,82.0,266,0,0,1,9,1,97.30482833428935,total_fuel_sales,Продажи топлива,baseline_hgb_v2
2023-12-12 09:00:00,3,Татнефть-АЗС-004,172.0,393,1,1,1,9,1,166.55373627772607,total_fuel_sales,Продажи топлива,baseline_hgb_v2
2023-12-12 09:00:00,4,Татнефть-АЗС-005,70.0,181,0,0,1,9,1,70.55104189849034,total_fuel_sales,Продажи топлива,baseline_hgb_v2
2023-12-12 10:00:00,0,Татнефть-АЗС-001,41.0,175,0,1,0,10,1,45.2860554192623,total_fuel_sales,Продажи топлива,baseline_hgb_v2
2023-12-12 10:00:00,1,Татнефть-АЗС-002,17.0,74,1,1,0,10,1,19.440207999786512,total_fuel_sales,Продажи топлива,baseline_hgb_v2
2023-12-12 10:00:00,2,Татнефть-АЗС-003,14.0,95,0,0,1,10,1,19.26319800200284,total_fuel_sales,Продажи топлива,baseline_hgb_v2
2023-12-12 10:00:00,3,Татнефть-АЗС-004,34.0,160,0,1,1,10,1,36.14665786365626,total_fuel_sales,Продажи топлива,baseline_hgb_v2
2023-12-12 10:00:00,4,Татнефть-АЗС-005,14.0,75,0,0,1,10,1,18.235858501065117,total_fuel_sales,Продажи топлива,baseline_hgb_v2
2023-12-12 11:00:00,0,Татнефть-АЗС-001,43.0,154,0,1,0,11,1,39.55834552642363,total_fuel_sales,Продажи топлива,baseline_hgb_v2
2023-12-12 11:00:00,1,Татнефть-АЗС-002,11.0,50,0,1,0,11,1,11.49252695716146,total_fuel_sales,Продажи топлива,baseline_hgb_v2
2023-12-12 11:00:00,2,Татнефть-АЗС-003,21.0,109,0,0,1,11,1,21.69965311957817,total_fuel_sales,Продажи топлива,baseline_hgb_v2
2023-12-12 11:00:00,3,Татнефть-АЗС-004,33.0,151,0,1,1,11,1,37.74254043355049,total_fuel_sales,Продажи топлива,baseline_hgb_v2
2023-12-12 11:00:00,4,Татнефть-АЗС-005,7.0,46,0,0,1,11,1,9.473397790537772,total_fuel_sales,Продажи топлива,baseline_hgb_v2
2023-12-12 12:00:00,0,Татнефть-АЗС-001,30.0,90,1,1,0,12,1,31.865995186000646,total_fuel_sales,Продажи топлива,baseline_hgb_v2
2023-12-12 12:00:00,1,Татнефть-АЗС-002,19.0,53,0,1,0,12,1,17.526728653000905,total_fuel_sales,Продажи топлива,baseline_hgb_v2
2023-12-12 12:00:00,2,Татнефть-АЗС-003,28.0,98,0,0,1,12,1,30.69615302624287,total_fuel_sales,Продажи топлива,baseline_hgb_v2
2023-12-12 12:00:00,3,Татнефть-АЗС-004,33.0,107,0,1,1,12,1,35.301923200120285,total_fuel_sales,Продажи топлива,baseline_hgb_v2
2023-12-12 12:00:00,4,Татнефть-АЗС-005,32.0,78,0,0,1,12,1,31.09704715832296,total_fuel_sales,Продажи топлива,baseline_hgb_v2
2023-12-12 13:00:00,0,Татнефть-АЗС-001,60.0,157,1,1,0,13,1,70.24362834417506,total_fuel_sales,Продажи топлива,baseline_hgb_v2
2023-12-12 13:00:00,1,Татнефть-АЗС-002,19.0,52,0,1,0,13,1,17.526728653000905,total_fuel_sales,Продажи топлива,baseline_hgb_v2
2023-12-12 13:00:00,2,Татнефть-АЗС-003,63.0,156,1,0,1,13,1,63.71645038928024,total_fuel_sales,Продажи топлива,baseline_hgb_v2
2023-12-12 13:00:00,3,Татнефть-АЗС-004,39.0,108,0,1,1,13,1,35.25530743082942,total_fuel_sales,Продажи топлива,baseline_hgb_v2
2023-12-12 13:00:00,4,Татнефть-АЗС-005,12.0,43,1,0,1,13,1,13.556792160278967,total_fuel_sales,Продажи топлива,baseline_hgb_v2
2023-12-12 14:00:00,0,Татнефть-АЗС-001,39.0,107,0,1,0,14,1,35.53130275580469,total_fuel_sales,Продажи топлива,baseline_hgb_v2
2023-12-12 14:00:00,1,Татнефть-АЗС-002,19.0,54,0,1,0,14,1,17.526728653000905,total_fuel_sales,Продажи топлива,baseline_hgb_v2
2023-12-12 14:00:00,2,Татнефть-АЗС-003,60.0,142,1,0,1,14,1,52.06247763268549,total_fuel_sales,Продажи топлива,baseline_hgb_v2
2023-12-12 14:00:00,3,Татнефть-АЗС-004,41.0,114,1,1,1,14,1,38.70189179635865,total_fuel_sales,Продажи топлива,baseline_hgb_v2
2023-12-12 14:00:00,4,Татнефть-АЗС-005,27.0,73,0,0,1,14,1,28.934658504673518,total_fuel_sales,Продажи топлива,baseline_hgb_v2
2023-12-12 15:00:00,0,Татнефть-АЗС-001,39.0,159,0,1,0,15,1,39.084527521711514,total_fuel_sales,Продажи топлива,baseline_hgb_v2
2023-12-12 15:00:00,1,Татнефть-АЗС-002,11.0,51,0,1,0,15,1,11.3356543027831,total_fuel_sales,Продажи топлива,baseline_hgb_v2
2023-12-12 15:00:00,2,Татнефть-АЗС-003,20.0,106,1,0,1,15,1,21.366522431092278,total_fuel_sales,Продажи топлива,baseline_hgb_v2
2023-12-12 15:00:00,3,Татнефть-АЗС-004,19.0,91,0,1,1,15,1,18.377382965874492,total_fuel_sales,Продажи топлива,baseline_hgb_v2
2023-12-12 15:00:00,4,Татнефть-АЗС-005,8.0,48,0,0,1,15,1,11.091484016598484,total_fuel_sales,Продажи топлива,baseline_hgb_v2
2023-12-12 16:00:00,0,Татнефть-АЗС-001,40.0,147,0,1,0,16,1,35.908901514577266,total_fuel_sales,Продажи топлива,baseline_hgb_v2
2023-12-12 16:00:00,1,Татнефть-АЗС-002,29.0,104,1,1,0,16,1,28.807326890514794,total_fuel_sales,Продажи топлива,baseline_hgb_v2
2023-12-12 16:00:00,2,Татнефть-АЗС-003,43.0,183,1,0,1,16,1,43.51458213864283,total_fuel_sales,Продажи топлива,baseline_hgb_v2
2023-12-12 16:00:00,3,Татнефть-АЗС-004,19.0,93,1,1,1,16,1,18.377382965874492,total_fuel_sales,Продажи топлива,baseline_hgb_v2
2023-12-12 16:00:00,4,Татнефть-АЗС-005,8.0,51,0,0,1,16,1,11.539311793071255,total_fuel_sales,Продажи топлива,baseline_hgb_v2
2023-12-12 17:00:00,0,Татнефть-АЗС-001,268.0,485,1,1,0,17,1,268.01673161164473,total_fuel_sales,Продажи топлива,baseline_hgb_v2
2023-12-12 17:00:00,1,Татнефть-АЗС-002,163.0,306,1,1,0,17,1,156.1808417933969,total_fuel_sales,Продажи топлива,baseline_hgb_v2
2023-12-12 17:00:00,2,Татнефть-АЗС-003,239.0,574,1,0,1,17,1,274.3319014604902,total_fuel_sales,Продажи топлива,baseline_hgb_v2
2023-12-12 17:00:00,3,Татнефть-АЗС-004,244.0,431,0,1,1,17,1,228.56721647995673,total_fuel_sales,Продажи топлива,baseline_hgb_v2
2023-12-12 17:00:00,4,Татнефть-АЗС-005,97.0,231,0,0,1,17,1,110.78922394551479,total_fuel_sales,Продажи топлива,baseline_hgb_v2
2023-12-12 18:00:00,0,Татнефть-АЗС-001,194.0,387,0,1,0,18,1,198.26983785597986,total_fuel_sales,Продажи топлива,baseline_hgb_v2
2023-12-12 18:00:00,1,Татнефть-АЗС-002,132.0,261,0,1,0,18,1,124.77392807230167,total_fuel_sales,Продажи топлива,baseline_hgb_v2
2023-12-12 18:00:00,2,Татнефть-АЗС-003,338.0,686,0,0,1,18,1,322.96942465576956,total_fuel_sales,Продажи топлива,baseline_hgb_v2
2023-12-12 18:00:00,3,Татнефть-АЗС-004,206.0,419,0,1,1,18,1,209.8416152044351,total_fuel_sales,Продажи топлива,baseline_hgb_v2
2023-12-12 18:00:00,4,Татнефть-АЗС-005,92.0,210,0,0,1,18,1,100.49413189317366,total_fuel_sales,Продажи топлива,baseline_hgb_v2
2023-12-12 19:00:00,0,Татнефть-АЗС-001,229.0,439,0,1,0,19,1,234.90041798080895,total_fuel_sales,Продажи топлива,baseline_hgb_v2
2023-12-12 19:00:00,1,Татнефть-АЗС-002,99.0,223,0,1,0,19,1,96.64671652241142,total_fuel_sales,Продажи топлива,baseline_hgb_v2
2023-12-12 19:00:00,2,Татнефть-АЗС-003,303.0,690,1,0,1,19,1,322.30163220934867,total_fuel_sales,Продажи топлива,baseline_hgb_v2
2023-12-12 19:00:00,3,Татнефть-АЗС-004,126.0,322,0,1,1,19,1,129.3408479356244,total_fuel_sales,Продажи топлива,baseline_hgb_v2
2023-12-12 19:00:00,4,Татнефть-АЗС-005,85.0,186,0,0,1,19,1,85.05269823410943,total_fuel_sales,Продажи топлива,baseline_hgb_v2
2023-12-12 20:00:00,0,Татнефть-АЗС-001,39.0,142,1,1,0,20,1,34.56262243143268,total_fuel_sales,Продажи топлива,baseline_hgb_v2
2023-12-12 20:00:00,1,Татнефть-АЗС-002,17.0,76,1,1,0,20,1,18.4656831116236,total_fuel_sales,Продажи топлива,baseline_hgb_v2
2023-12-12 20:00:00,2,Татнефть-АЗС-003,23.0,153,0,0,1,20,1,31.4808032534025,total_fuel_sales,Продажи топлива,baseline_hgb_v2
2023-12-12 20:00:00,3,Татнефть-АЗС-004,21.0,104,0,1,1,20,1,21.62201279793957,total_fuel_sales,Продажи топлива,baseline_hgb_v2
2023-12-12 20:00:00,4,Татнефть-АЗС-005,14.0,74,0,0,1,20,1,18.462133420727927,total_fuel_sales,Продажи топлива,baseline_hgb_v2
2023-12-12 21:00:00,0,Татнефть-АЗС-001,32.0,148,0,1,0,21,1,35.908901514577266,total_fuel_sales,Продажи топлива,baseline_hgb_v2
2023-12-12 21:00:00,1,Татнефть-АЗС-002,16.0,67,0,1,0,21,1,15.943164314271565,total_fuel_sales,Продажи топлива,baseline_hgb_v2
2023-12-12 21:00:00,2,Татнефть-АЗС-003,35.0,142,1,0,1,21,1,31.89542595355904,total_fuel_sales,Продажи топлива,baseline_hgb_v2
2023-12-12 21:00:00,3,Татнефть-АЗС-004,23.0,110,0,1,1,21,1,22.594204439090024,total_fuel_sales,Продажи топлива,baseline_hgb_v2
2023-12-12 21:00:00,4,Татнефть-АЗС-005,19.0,74,1,0,1,21,1,18.462133420727927,total_fuel_sales,Продажи топлива,baseline_hgb_v2
2023-12-12 22:00:00,0,Татнефть-АЗС-001,8.0,33,0,1,0,22,1,7.719271316072586,total_fuel_sales,Продажи топлива,baseline_hgb_v2
2023-12-12 22:00:00,1,Татнефть-АЗС-002,2.0,12,1,1,0,22,1,2.0851084825481827,total_fuel_sales,Продажи топлива,baseline_hgb_v2
2023-12-12 22:00:00,2,Татнефть-АЗС-003,8.0,31,0,0,1,22,1,7.324894971578091,total_fuel_sales,Продажи топлива,baseline_hgb_v2
2023-12-12 22:00:00,3,Татнефть-АЗС-004,8.0,27,0,1,1,22,1,5.884038166859931,total_fuel_sales,Продажи топлива,baseline_hgb_v2
2023-12-12 22:00:00,4,Татнефть-АЗС-005,2.0,13,0,0,1,22,1,3.049511602930012,total_fuel_sales,Продажи топлива,baseline_hgb_v2
2023-12-12 23:00:00,0,Татнефть-АЗС-001,8.0,32,0,1,0,23,1,7.719271316072586,total_fuel_sales,Продажи топлива,baseline_hgb_v2
2023-12-12 23:00:00,1,Татнефть-АЗС-002,3.0,17,0,1,0,23,1,3.304640125867232,total_fuel_sales,Продажи топлива,baseline_hgb_v2
2023-12-12 23:00:00,2,Татнефть-АЗС-003,8.0,34,1,0,1,23,1,7.934428731889166,total_fuel_sales,Продажи топлива,baseline_hgb_v2
2023-12-12 23:00:00,3,Татнефть-АЗС-004,8.0,31,1,1,1,23,1,7.450645461865035,total_fuel_sales,Продажи топлива,baseline_hgb_v2
2023-12-12 23:00:00,4,Татнефть-АЗС-005,3.0,16,0,0,1,23,1,3.049511602930012,total_fuel_sales,Продажи топлива,baseline_hgb_v2
2023-12-13 00:00:00,0,Татнефть-АЗС-001,8.0,30,0,1,0,0,2,7.618675774369507,total_fuel_sales,Продажи топлива,baseline_hgb_v2
2023-12-13 00:00:00,1,Татнефть-АЗС-002,2.0,15,1,1,0,0,2,3.371407836468628,total_fuel_sales,Продажи топлива,baseline_hgb_v2
2023-12-13 00:00:00,2,Татнефть-АЗС-003,8.0,31,1,0,1,0,2,7.607816514994679,total_fuel_sales,Продажи топлива,baseline_hgb_v2
2023-12-13 00:00:00,3,Татнефть-АЗС-004,4.0,24,0,1,1,0,2,2.9236118138047256,total_fuel_sales,Продажи топлива,baseline_hgb_v2
2023-12-13 00:00:00,4,Татнефть-АЗС-005,2.0,10,1,0,1,0,2,2.062362509743441,total_fuel_sales,Продажи топлива,baseline_hgb_v2
2023-12-13 01:00:00,0,Татнефть-АЗС-001,8.0,37,0,1,0,1,2,9.562290495037468,total_fuel_sales,Продажи топлива,baseline_hgb_v2
2023-12-13 01:00:00,1,Татнефть-АЗС-002,2.0,13,0,1,0,1,2,3.395622462790008,total_fuel_sales,Продажи топлива,baseline_hgb_v2
2023-12-13 01:00:00,2,Татнефть-АЗС-003,2.0,20,1,0,1,1,2,2.6777242921998274,total_fuel_sales,Продажи топлива,baseline_hgb_v2
2023-12-13 01:00:00,3,Татнефть-АЗС-004,8.0,33,0,1,1,1,2,7.539446534535947,total_fuel_sales,Продажи топлива,baseline_hgb_v2
2023-12-13 01:00:00,4,Татнефть-АЗС-005,2.0,9,0,0,1,1,2,2.062362509743441,total_fuel_sales,Продажи топлива,baseline_hgb_v2
2023-12-13 02:00:00,0,Татнефть-АЗС-001,8.0,33,0,1,0,2,2,7.987179330761677,total_fuel_sales,Продажи топлива,baseline_hgb_v2
2023-12-13 02:00:00,1,Татнефть-АЗС-002,2.0,10,1,1,0,2,2,2.484815470984791,total_fuel_sales,Продажи топлива,baseline_hgb_v2
2023-12-13 02:00:00,2,Татнефть-АЗС-003,8.0,31,1,0,1,2,2,7.607816514994679,total_fuel_sales,Продажи топлива,baseline_hgb_v2
2023-12-13 02:00:00,3,Татнефть-АЗС-004,2.0,20,0,1,1,2,2,2.450579152565464,total_fuel_sales,Продажи топлива,baseline_hgb_v2
2023-12-13 02:00:00,4,Татнефть-АЗС-005,2.0,9,1,0,1,2,2,2.079927688848164,total_fuel_sales,Продажи топлива,baseline_hgb_v2
2023-12-13 03:00:00,0,Татнефть-АЗС-001,8.0,30,1,1,0,3,2,7.618675774369507,total_fuel_sales,Продажи топлива,baseline_hgb_v2
2023-12-13 03:00:00,1,Татнефть-АЗС-002,2.0,11,0,1,0,3,2,2.484815470984791,total_fuel_sales,Продажи топлива,baseline_hgb_v2
2023-12-13 03:00:00,2,Татнефть-АЗС-003,2.0,20,1,0,1,3,2,2.954955523723476,total_fuel_sales,Продажи топлива,baseline_hgb_v2
2023-12-13 03:00:00,3,Татнефть-АЗС-004,2.0,20,1,1,1,3,2,2.450579152565464,total_fuel_sales,Продажи топлива,baseline_hgb_v2
2023-12-13 03:00:00,4,Татнефть-АЗС-005,2.0,10,1,0,1,3,2,1.9336746082294638,total_fuel_sales,Продажи топлива,baseline_hgb_v2
2023-12-13 04:00:00,0,Татнефть-АЗС-001,3.0,22,0,1,0,4,2,2.905681419558912,total_fuel_sales,Продажи топлива,baseline_hgb_v2
2023-12-13 04:00:00,1,Татнефть-АЗС-002,2.0,10,0,1,0,4,2,2.484815470984791,total_fuel_sales,Продажи топлива,baseline_hgb_v2
2023-12-13 04:00:00,2,Татнефть-АЗС-003,3.0,21,0,0,1,4,2,2.54903639068585,total_fuel_sales,Продажи топлива,baseline_hgb_v2
2023-12-13 04:00:00,3,Татнефть-АЗС-004,3.0,21,1,1,1,4,2,2.450579152565464,total_fuel_sales,Продажи топлива,baseline_hgb_v2
2023-12-13 04:00:00,4,Татнефть-АЗС-005,2.0,11,0,0,1,4,2,2.2109058397531114,total_fuel_sales,Продажи топлива,baseline_hgb_v2
2023-12-13 05:00:00,0,Татнефть-АЗС-001,3.0,19,0,1,0,5,2,2.905681419558912,total_fuel_sales,Продажи топлива,baseline_hgb_v2
2023-12-13 05:00:00,1,Татнефть-АЗС-002,2.0,10,0,1,0,5,2,2.484815470984791,total_fuel_sales,Продажи топлива,baseline_hgb_v2
2023-12-13 05:00:00,2,Татнефть-АЗС-003,8.0,31,0,0,1,5,2,7.594340942641669,total_fuel_sales,Продажи топлива,baseline_hgb_v2
2023-12-13 05:00:00,3,Татнефть-АЗС-004,8.0,31,1,1,1,5,2,7.539446534535947,total_fuel_sales,Продажи топлива,baseline_hgb_v2
2023-12-13 05:00:00,4,Татнефть-АЗС-005,2.0,13,0,0,1,5,2,1.9336746082294638,total_fuel_sales,Продажи топлива,baseline_hgb_v2
2023-12-13 06:00:00,0,Татнефть-АЗС-001,21.0,115,1,1,0,6,2,24.909545857830516,total_fuel_sales,Продажи топлива,baseline_hgb_v2
2023-12-13 06:00:00,1,Татнефть-АЗС-002,11.0,56,0,1,0,6,2,12.113123934372863,total_fuel_sales,Продажи топлива,baseline_hgb_v2
2023-12-13 06:00:00,2,Татнефть-АЗС-003,19.0,112,0,0,1,6,2,22.224587938837534,total_fuel_sales,Продажи топлива,baseline_hgb_v2
2023-12-13 06:00:00,3,Татнефть-АЗС-004,64.0,247,0,1,1,6,2,64.03069094831137,total_fuel_sales,Продажи топлива,baseline_hgb_v2
2023-12-13 06:00:00,4,Татнефть-АЗС-005,12.0,82,0,0,1,6,2,20.674079884734397,total_fuel_sales,Продажи топлива,baseline_hgb_v2
2023-12-13 07:00:00,0,Татнефть-АЗС-001,173.0,378,0,1,0,7,2,196.76508597095716,total_fuel_sales,Продажи топлива,baseline_hgb_v2
2023-12-13 07:00:00,1,Татнефть-АЗС-002,84.0,180,1,1,0,7,2,91.45027853751414,total_fuel_sales,Продажи топлива,baseline_hgb_v2
2023-12-13 07:00:00,2,Татнефть-АЗС-003,212.0,434,1,0,1,7,2,215.12536106202154,total_fuel_sales,Продажи топлива,baseline_hgb_v2
2023-12-13 07:00:00,3,Татнефть-АЗС-004,281.0,576,0,1,1,7,2,305.61647083241917,total_fuel_sales,Продажи топлива,baseline_hgb_v2
2023-12-13 07:00:00,4,Татнефть-АЗС-005,131.0,283,1,0,1,7,2,134.5673302672544,total_fuel_sales,Продажи топлива,baseline_hgb_v2
2023-12-13 08:00:00,0,Татнефть-АЗС-001,182.0,378,0,1,0,8,2,196.9129177303865,total_fuel_sales,Продажи топлива,baseline_hgb_v2
2023-12-13 08:00:00,1,Татнефть-АЗС-002,59.0,133,0,1,0,8,2,57.39912778389554,total_fuel_sales,Продажи топлива,baseline_hgb_v2
2023-12-13 08:00:00,2,Татнефть-АЗС-003,82.0,245,0,0,1,8,2,89.06393032537117,total_fuel_sales,Продажи топлива,baseline_hgb_v2
2023-12-13 08:00:00,3,Татнефть-АЗС-004,173.0,438,0,1,1,8,2,179.07724274830966,total_fuel_sales,Продажи топлива,baseline_hgb_v2
2023-12-13 08:00:00,4,Татнефть-АЗС-005,95.0,252,1,0,1,8,2,122.18625758923646,total_fuel_sales,Продажи топлива,baseline_hgb_v2
2023-12-13 09:00:00,0,Татнефть-АЗС-001,208.0,394,1,1,0,9,2,206.2294128085111,total_fuel_sales,Продажи топлива,baseline_hgb_v2
2023-12-13 09:00:00,1,Татнефть-АЗС-002,54.0,121,0,1,0,9,2,47.56194339384076,total_fuel_sales,Продажи топлива,baseline_hgb_v2
2023-12-13 09:00:00,2,Татнефть-АЗС-003,94.0,274,0,0,1,9,2,98.63398825228717,total_fuel_sales,Продажи топлива,baseline_hgb_v2
2023-12-13 09:00:00,3,Татнефть-АЗС-004,272.0,617,0,1,1,9,2,331.6401810987408,total_fuel_sales,Продажи топлива,baseline_hgb_v2
2023-12-13 09:00:00,4,Татнефть-АЗС-005,115.0,285,0,0,1,9,2,133.07946344101734,total_fuel_sales,Продажи топлива,baseline_hgb_v2
2023-12-13 10:00:00,0,Татнефть-АЗС-001,19.0,98,0,1,0,10,2,19.917077342681456,total_fuel_sales,Продажи топлива,baseline_hgb_v2
2023-12-13 10:00:00,1,Татнефть-АЗС-002,12.0,57,0,1,0,10,2,12.661203089470517,total_fuel_sales,Продажи топлива,baseline_hgb_v2
2023-12-13 10:00:00,2,Татнефть-АЗС-003,21.0,98,1,0,1,10,2,19.26319800200284,total_fuel_sales,Продажи топлива,baseline_hgb_v2
2023-12-13 10:00:00,3,Татнефть-АЗС-004,54.0,196,0,1,1,10,2,52.601698351665846,total_fuel_sales,Продажи топлива,baseline_hgb_v2
2023-12-13 10:00:00,4,Татнефть-АЗС-005,14.0,82,0,0,1,10,2,20.964866221431016,total_fuel_sales,Продажи топлива,baseline_hgb_v2
2023-12-13 11:00:00,0,Татнефть-АЗС-001,34.0,155,1,1,0,11,2,39.55834552642363,total_fuel_sales,Продажи топлива,baseline_hgb_v2
2023-12-13 11:00:00,1,Татнефть-АЗС-002,19.0,78,0,1,0,11,2,20.934955549952203,total_fuel_sales,Продажи топлива,baseline_hgb_v2
2023-12-13 11:00:00,2,Татнефть-АЗС-003,14.0,89,0,0,1,11,2,18.13860386586687,total_fuel_sales,Продажи топлива,baseline_hgb_v2
2023-12-13 11:00:00,3,Татнефть-АЗС-004,21.0,104,1,1,1,11,2,21.923667529988126,total_fuel_sales,Продажи топлива,baseline_hgb_v2
2023-12-13 11:00:00,4,Татнефть-АЗС-005,7.0,47,0,0,1,11,2,10.796723641990583,total_fuel_sales,Продажи топлива,baseline_hgb_v2
2023-12-13 12:00:00,0,Татнефть-АЗС-001,42.0,113,0,1,0,12,2,38.97788712133392,total_fuel_sales,Продажи топлива,baseline_hgb_v2
2023-12-13 12:00:00,1,Татнефть-АЗС-002,32.0,75,1,1,0,12,2,32.523114630139105,total_fuel_sales,Продажи топлива,baseline_hgb_v2
2023-12-13 12:00:00,2,Татнефть-АЗС-003,30.0,108,0,0,1,12,2,33.23514273831258,total_fuel_sales,Продажи топлива,baseline_hgb_v2
2023-12-13 12:00:00,3,Татнефть-АЗС-004,53.0,141,0,1,1,12,2,56.18078898233063,total_fuel_sales,Продажи топлива,baseline_hgb_v2
2023-12-13 12:00:00,4,Татнефть-АЗС-005,14.0,50,0,0,1,12,2,15.478562624526525,total_fuel_sales,Продажи топлива,baseline_hgb_v2
2023-12-13 13:00:00,0,Татнефть-АЗС-001,30.0,101,0,1,0,13,2,33.3607427361663,total_fuel_sales,Продажи топлива,baseline_hgb_v2
2023-12-13 13:00:00,1,Татнефть-АЗС-002,19.0,50,0,1,0,13,2,16.294549623092713,total_fuel_sales,Продажи топлива,baseline_hgb_v2
2023-12-13 13:00:00,2,Татнефть-АЗС-003,28.0,89,0,0,1,13,2,28.70110637308129,total_fuel_sales,Продажи топлива,baseline_hgb_v2
2023-12-13 13:00:00,3,Татнефть-АЗС-004,53.0,134,0,1,1,13,2,51.30749321342264,total_fuel_sales,Продажи топлива,baseline_hgb_v2
2023-12-13 13:00:00,4,Татнефть-АЗС-005,13.0,52,0,0,1,13,2,16.710741654434724,total_fuel_sales,Продажи топлива,baseline_hgb_v2
2023-12-13 14:00:00,0,Татнефть-АЗС-001,63.0,168,0,1,0,14,2,73.33126836910448,total_fuel_sales,Продажи топлива,baseline_hgb_v2
2023-12-13 14:00:00,1,Татнефть-АЗС-002,14.0,45,1,1,0,14,2,14.372779158845148,total_fuel_sales,Продажи топлива,baseline_hgb_v2
2023-12-13 14:00:00,2,Татнефть-АЗС-003,62.0,159,1,0,1,14,2,63.734248445245626,total_fuel_sales,Продажи топлива,baseline_hgb_v2
2023-12-13 14:00:00,3,Татнефть-АЗС-004,33.0,95,0,1,1,14,2,32.37293723879033,total_fuel_sales,Продажи топлива,baseline_hgb_v2
2023-12-13 14:00:00,4,Татнефть-АЗС-005,13.0,43,0,0,1,14,2,13.42810425876499,total_fuel_sales,Продажи топлива,baseline_hgb_v2
2023-12-13 15:00:00,0,Татнефть-АЗС-001,16.0,92,0,1,0,15,2,18.65337829084976,total_fuel_sales,Продажи топлива,baseline_hgb_v2
2023-12-13 15:00:00,1,Татнефть-АЗС-002,16.0,66,0,1,0,15,2,15.943164314271565,total_fuel_sales,Продажи топлива,baseline_hgb_v2
2023-12-13 15:00:00,2,Татнефть-АЗС-003,37.0,150,0,0,1,15,2,34.209912994904634,total_fuel_sales,Продажи топлива,baseline_hgb_v2
2023-12-13 15:00:00,3,Татнефть-АЗС-004,40.0,142,1,1,1,15,2,34.318211203546504,total_fuel_sales,Продажи топлива,baseline_hgb_v2
2023-12-13 15:00:00,4,Татнефть-АЗС-005,8.0,48,0,0,1,15,2,11.091484016598484,total_fuel_sales,Продажи топлива,baseline_hgb_v2
2023-12-13 16:00:00,0,Татнефть-АЗС-001,23.0,117,0,1,0,16,2,25.002067283747653,total_fuel_sales,Продажи топлива,baseline_hgb_v2
2023-12-13 16:00:00,1,Татнефть-АЗС-002,17.0,77,0,1,0,16,2,18.4656831116236,total_fuel_sales,Продажи топлива,baseline_hgb_v2
2023-12-13 16:00:00,2,Татнефть-АЗС-003,47.0,230,0,0,1,16,2,57.60476971599604,total_fuel_sales,Продажи топлива,baseline_hgb_v2
2023-12-13 16:00:00,3,Татнефть-АЗС-004,27.0,117,1,1,1,16,2,24.946497698138018,total_fuel_sales,Продажи топлива,baseline_hgb_v2
2023-12-13 16:00:00,4,Татнефть-АЗС-005,9.0,50,0,0,1,16,2,11.091484016598484,total_fuel_sales,Продажи топлива,baseline_hgb_v2
2023-12-13 17:00:00,0,Татнефть-АЗС-001,219.0,428,0,1,0,17,2,238.4651521045702,total_fuel_sales,Продажи топлива,baseline_hgb_v2
2023-12-13 17:00:00,1,Татнефть-АЗС-002,97.0,227,0,1,0,17,2,100.46797231724946,total_fuel_sales,Продажи топлива,baseline_hgb_v2
2023-12-13 17:00:00,2,Татнефть-АЗС-003,141.0,458,0,0,1,17,2,191.5436958589992,total_fuel_sales,Продажи топлива,baseline_hgb_v2
2023-12-13 17:00:00,3,Татнефть-АЗС-004,195.0,427,0,1,1,17,2,228.39402517668617,total_fuel_sales,Продажи топлива,baseline_hgb_v2
2023-12-13 17:00:00,4,Татнефть-АЗС-005,80.0,203,0,0,1,17,2,95.99270199172139,total_fuel_sales,Продажи топлива,baseline_hgb_v2
2023-12-13 18:00:00,0,Татнефть-АЗС-001,219.0,424,0,1,0,18,2,235.6312789891223,total_fuel_sales,Продажи топлива,baseline_hgb_v2
2023-12-13 18:00:00,1,Татнефть-АЗС-002,147.0,310,1,1,0,18,2,161.3845349180949,total_fuel_sales,Продажи топлива,baseline_hgb_v2
2023-12-13 18:00:00,2,Татнефть-АЗС-003,277.0,653,0,0,1,18,2,311.08979812973143,total_fuel_sales,Продажи топлива,baseline_hgb_v2
2023-12-13 18:00:00,3,Татнефть-АЗС-004,116.0,280,1,1,1,18,2,104.5569345213575,total_fuel_sales,Продажи топлива,baseline_hgb_v2
2023-12-13 18:00:00,4,Татнефть-АЗС-005,54.0,146,0,0,1,18,2,57.01986899524211,total_fuel_sales,Продажи топлива,baseline_hgb_v2
2023-12-13 19:00:00,0,Татнефть-АЗС-001,114.0,308,1,1,0,19,2,128.99368485004064,total_fuel_sales,Продажи топлива,baseline_hgb_v2
2023-12-13 19:00:00,1,Татнефть-АЗС-002,152.0,304,0,1,0,19,2,155.95934890680758,total_fuel_sales,Продажи топлива,baseline_hgb_v2
2023-12-13 19:00:00,2,Татнефть-АЗС-003,171.0,463,1,0,1,19,2,184.50998830767773,total_fuel_sales,Продажи топлива,baseline_hgb_v2
2023-12-13 19:00:00,3,Татнефть-АЗС-004,119.0,266,1,1,1,19,2,101.88509058246133,total_fuel_sales,Продажи топлива,baseline_hgb_v2
2023-12-13 19:00:00,4,Татнефть-АЗС-005,80.0,179,0,0,1,19,2,82.1151638266927,total_fuel_sales,Продажи топлива,baseline_hgb_v2
2023-12-13 20:00:00,0,Татнефть-АЗС-001,29.0,123,0,1,0,20,2,26.19106685520759,total_fuel_sales,Продажи топлива,baseline_hgb_v2
2023-12-13 20:00:00,1,Татнефть-АЗС-002,23.0,93,0,1,0,20,2,25.456666545701932,total_fuel_sales,Продажи топлива,baseline_hgb_v2
2023-12-13 20:00:00,2,Татнефть-АЗС-003,41.0,184,1,0,1,20,2,38.43908751762174,total_fuel_sales,Продажи топлива,baseline_hgb_v2
2023-12-13 20:00:00,3,Татнефть-АЗС-004,30.0,130,1,1,1,20,2,29.84593991327917,total_fuel_sales,Продажи топлива,baseline_hgb_v2
2023-12-13 20:00:00,4,Татнефть-АЗС-005,19.0,76,1,0,1,20,2,19.245070798492883,total_fuel_sales,Продажи топлива,baseline_hgb_v2
2023-12-13 21:00:00,0,Татнефть-АЗС-001,33.0,145,0,1,0,21,2,35.385245152723044,total_fuel_sales,Продажи топлива,baseline_hgb_v2
2023-12-13 21:00:00,1,Татнефть-АЗС-002,13.0,56,1,1,0,21,2,11.654240157418496,total_fuel_sales,Продажи топлива,baseline_hgb_v2
2023-12-13 21:00:00,2,Татнефть-АЗС-003,32.0,157,1,0,1,21,2,35.162908230018516,total_fuel_sales,Продажи топлива,baseline_hgb_v2
2023-12-13 21:00:00,3,Татнефть-АЗС-004,29.0,133,1,1,1,21,2,30.77827969856761,total_fuel_sales,Продажи топлива,baseline_hgb_v2
2023-12-13 21:00:00,4,Татнефть-АЗС-005,16.0,65,0,0,1,21,2,14.881234580813114,total_fuel_sales,Продажи топлива,baseline_hgb_v2
2023-12-13 22:00:00,0,Татнефть-АЗС-001,8.0,28,0,1,0,22,2,6.152664021067482,total_fuel_sales,Продажи топлива,baseline_hgb_v2
2023-12-13 22:00:00,1,Татнефть-АЗС-002,2.0,15,1,1,0,22,2,2.855822090949347,total_fuel_sales,Продажи топлива,baseline_hgb_v2
2023-12-13 22:00:00,2,Татнефть-АЗС-003,8.0,32,0,0,1,22,2,7.324894971578091,total_fuel_sales,Продажи топлива,baseline_hgb_v2
2023-12-13 22:00:00,3,Татнефть-АЗС-004,3.0,24,0,1,1,22,2,2.7441707712908494,total_fuel_sales,Продажи топлива,baseline_hgb_v2
2023-12-13 22:00:00,4,Татнефть-АЗС-005,2.0,13,0,0,1,22,2,2.200963277405976,total_fuel_sales,Продажи топлива,baseline_hgb_v2
2023-12-13 23:00:00,0,Татнефть-АЗС-001,8.0,30,0,1,0,23,2,7.398455598194735,total_fuel_sales,Продажи топлива,baseline_hgb_v2
2023-12-13 23:00:00,1,Татнефть-АЗС-002,2.0,12,1,1,0,23,2,1.8646827431825512,total_fuel_sales,Продажи топлива,baseline_hgb_v2
2023-12-13 23:00:00,2,Татнефть-АЗС-003,8.0,26,0,0,1,23,2,4.771685746991047,total_fuel_sales,Продажи топлива,baseline_hgb_v2
2023-12-13 23:00:00,3,Татнефть-АЗС-004,2.0,16,0,1,1,23,2,2.271138110051588,total_fuel_sales,Продажи топлива,baseline_hgb_v2
2023-12-13 23:00:00,4,Татнефть-АЗС-005,2.0,15,0,0,1,23,2,3.049511602930012,total_fuel_sales,Продажи топлива,baseline_hgb_v2
2023-12-14 00:00:00,0,Татнефть-АЗС-001,3.0,23,0,1,0,0,3,3.3787140807981735,total_fuel_sales,Продажи топлива,baseline_hgb_v2
2023-12-14 00:00:00,1,Татнефть-АЗС-002,2.0,13,0,1,0,0,3,3.395622462790008,total_fuel_sales,Продажи топлива,baseline_hgb_v2
2023-12-14 00:00:00,2,Татнефть-АЗС-003,4.0,25,0,0,1,0,3,4.220596607574188,total_fuel_sales,Продажи топлива,baseline_hgb_v2
2023-12-14 00:00:00,3,Татнефть-АЗС-004,8.0,35,0,1,1,0,3,8.273421344229602,total_fuel_sales,Продажи топлива,baseline_hgb_v2
2023-12-14 00:00:00,4,Татнефть-АЗС-005,2.0,11,0,0,1,0,3,1.9336746082294638,total_fuel_sales,Продажи топлива,baseline_hgb_v2
2023-12-14 01:00:00,0,Татнефть-АЗС-001,3.0,24,0,1,0,1,3,3.3787140807981735,total_fuel_sales,Продажи топлива,baseline_hgb_v2
2023-12-14 01:00:00,1,Татнефть-АЗС-002,2.0,14,0,1,0,1,3,3.395622462790008,total_fuel_sales,Продажи топлива,baseline_hgb_v2
2023-12-14 01:00:00,2,Татнефть-АЗС-003,8.0,33,0,0,1,1,3,7.607816514994679,total_fuel_sales,Продажи топлива,baseline_hgb_v2
2023-12-14 01:00:00,3,Татнефть-АЗС-004,8.0,35,0,1,1,1,3,8.273421344229602,total_fuel_sales,Продажи топлива,baseline_hgb_v2
2023-12-14 01:00:00,4,Татнефть-АЗС-005,2.0,15,1,0,1,1,3,2.90520607084546,total_fuel_sales,Продажи топлива,baseline_hgb_v2
2023-12-14 02:00:00,0,Татнефть-АЗС-001,8.0,31,0,1,0,2,3,7.987179330761677,total_fuel_sales,Продажи топлива,baseline_hgb_v2
2023-12-14 02:00:00,1,Татнефть-АЗС-002,2.0,15,0,1,0,2,3,3.395622462790008,total_fuel_sales,Продажи топлива,baseline_hgb_v2
2023-12-14 02:00:00,2,Татнефть-АЗС-003,8.0,27,1,0,1,2,3,5.993521381475257,total_fuel_sales,Продажи топлива,baseline_hgb_v2
2023-12-14 02:00:00,3,Татнефть-АЗС-004,8.0,32,0,1,1,2,3,7.539446534535947,total_fuel_sales,Продажи топлива,baseline_hgb_v2
2023-12-14 02:00:00,4,Татнефть-АЗС-005,2.0,10,1,0,1,2,3,2.062362509743441,total_fuel_sales,Продажи топлива,baseline_hgb_v2
2023-12-14 03:00:00,0,Татнефть-АЗС-001,8.0,31,0,1,0,3,3,7.987179330761677,total_fuel_sales,Продажи топлива,baseline_hgb_v2
2023-12-14 03:00:00,1,Татнефть-АЗС-002,3.0,14,0,1,0,3,3,3.395622462790008,total_fuel_sales,Продажи топлива,baseline_hgb_v2
2023-12-14 03:00:00,2,Татнефть-АЗС-003,8.0,29,1,0,1,3,3,6.68747626214221,total_fuel_sales,Продажи топлива,baseline_hgb_v2
2023-12-14 03:00:00,3,Татнефть-АЗС-004,4.0,23,0,1,1,3,3,3.2008430453283743,total_fuel_sales,Продажи топлива,baseline_hgb_v2
2023-12-14 03:00:00,4,Татнефть-АЗС-005,2.0,15,1,0,1,3,3,2.90520607084546,total_fuel_sales,Продажи топлива,baseline_hgb_v2
2023-12-14 04:00:00,0,Татнефть-АЗС-001,4.0,25,0,1,0,4,3,4.315930690998006,total_fuel_sales,Продажи топлива,baseline_hgb_v2
2023-12-14 04:00:00,1,Татнефть-АЗС-002,2.0,10,0,1,0,4,3,2.484815470984791,total_fuel_sales,Продажи топлива,baseline_hgb_v2
2023-12-14 04:00:00,2,Татнефть-АЗС-003,8.0,34,0,0,1,4,3,8.075186801438766,total_fuel_sales,Продажи топлива,baseline_hgb_v2
2023-12-14 04:00:00,3,Татнефть-АЗС-004,3.0,21,0,1,1,4,3,2.450579152565464,total_fuel_sales,Продажи топлива,baseline_hgb_v2
2023-12-14 04:00:00,4,Татнефть-АЗС-005,2.0,15,1,0,1,4,3,2.90520607084546,total_fuel_sales,Продажи топлива,baseline_hgb_v2
2023-12-14 05:00:00,0,Татнефть-АЗС-001,8.0,31,0,1,0,5,3,7.987179330761677,total_fuel_sales,Продажи топлива,baseline_hgb_v2
2023-12-14 05:00:00,1,Татнефть-АЗС-002,2.0,11,0,1,0,5,3,2.484815470984791,total_fuel_sales,Продажи топлива,baseline_hgb_v2
2023-12-14 05:00:00,2,Татнефть-АЗС-003,8.0,35,1,0,1,5,3,8.050972175117385,total_fuel_sales,Продажи топлива,baseline_hgb_v2
2023-12-14 05:00:00,3,Татнефть-АЗС-004,3.0,20,0,1,1,5,3,2.5886602071326603,total_fuel_sales,Продажи топлива,baseline_hgb_v2
2023-12-14 05:00:00,4,Татнефть-АЗС-005,2.0,15,0,0,1,5,3,2.90520607084546,total_fuel_sales,Продажи топлива,baseline_hgb_v2
2023-12-14 06:00:00,0,Татнефть-АЗС-001,18.0,98,0,1,0,6,3,19.980197478146877,total_fuel_sales,Продажи топлива,baseline_hgb_v2
2023-12-14 06:00:00,1,Татнефть-АЗС-002,14.0,68,0,1,0,6,3,16.649491471909883,total_fuel_sales,Продажи топлива,baseline_hgb_v2
2023-12-14 06:00:00,2,Татнефть-АЗС-003,32.0,141,0,0,1,6,3,32.76476090396035,total_fuel_sales,Продажи топлива,baseline_hgb_v2
2023-12-14 06:00:00,3,Татнефть-АЗС-004,30.0,148,0,1,1,6,3,33.280658960278224,total_fuel_sales,Продажи топлива,baseline_hgb_v2
2023-12-14 06:00:00,4,Татнефть-АЗС-005,24.0,113,0,0,1,6,3,26.827486873824206,total_fuel_sales,Продажи топлива,baseline_hgb_v2
2023-12-14 07:00:00,0,Татнефть-АЗС-001,131.0,291,0,1,0,7,3,119.58742372963684,total_fuel_sales,Продажи топлива,baseline_hgb_v2
2023-12-14 07:00:00,1,Татнефть-АЗС-002,82.0,175,0,1,0,7,3,86.95811713219877,total_fuel_sales,Продажи топлива,baseline_hgb_v2
2023-12-14 07:00:00,2,Татнефть-АЗС-003,198.0,398,0,0,1,7,3,190.70787978780785,total_fuel_sales,Продажи топлива,baseline_hgb_v2
2023-12-14 07:00:00,3,Татнефть-АЗС-004,218.0,475,0,1,1,7,3,251.55455903535517,total_fuel_sales,Продажи топлива,baseline_hgb_v2
2023-12-14 07:00:00,4,Татнефть-АЗС-005,124.0,290,0,0,1,7,3,140.20397798372295,total_fuel_sales,Продажи топлива,baseline_hgb_v2
2023-12-14 08:00:00,0,Татнефть-АЗС-001,136.0,309,0,1,0,8,3,133.03145670846064,total_fuel_sales,Продажи топлива,baseline_hgb_v2
2023-12-14 08:00:00,1,Татнефть-АЗС-002,89.0,206,0,1,0,8,3,109.55771007258436,total_fuel_sales,Продажи топлива,baseline_hgb_v2
2023-12-14 08:00:00,2,Татнефть-АЗС-003,105.0,268,0,0,1,8,3,97.34081363448581,total_fuel_sales,Продажи топлива,baseline_hgb_v2
2023-12-14 08:00:00,3,Татнефть-АЗС-004,249.0,581,0,1,1,8,3,317.424719688994,total_fuel_sales,Продажи топлива,baseline_hgb_v2
2023-12-14 08:00:00,4,Татнефть-АЗС-005,128.0,313,0,0,1,8,3,150.9086373649484,total_fuel_sales,Продажи топлива,baseline_hgb_v2
2023-12-14 09:00:00,0,Татнефть-АЗС-001,241.0,485,0,1,0,9,3,270.1395465761773,total_fuel_sales,Продажи топлива,baseline_hgb_v2
2023-12-14 09:00:00,1,Татнефть-АЗС-002,55.0,137,0,1,0,9,3,59.06916223086274,total_fuel_sales,Продажи топлива,baseline_hgb_v2
2023-12-14 09:00:00,2,Татнефть-АЗС-003,153.0,363,0,0,1,9,3,169.36603284603922,total_fuel_sales,Продажи топлива,baseline_hgb_v2
2023-12-14 09:00:00,3,Татнефть-АЗС-004,363.0,659,0,1,1,9,3,354.5250059657425,total_fuel_sales,Продажи топлива,baseline_hgb_v2
2023-12-14 09:00:00,4,Татнефть-АЗС-005,99.0,246,1,0,1,9,3,121.29982597114714,total_fuel_sales,Продажи топлива,baseline_hgb_v2
2023-12-14 10:00:00,0,Татнефть-АЗС-001,39.0,139,1,1,0,10,3,35.679972389123904,total_fuel_sales,Продажи топлива,baseline_hgb_v2
2023-12-14 10:00:00,1,Татнефть-АЗС-002,21.0,76,0,1,0,10,3,20.223145377551475,total_fuel_sales,Продажи топлива,baseline_hgb_v2
2023-12-14 10:00:00,2,Татнефть-АЗС-003,19.0,100,0,0,1,10,3,19.846320272889592,total_fuel_sales,Продажи топлива,baseline_hgb_v2
2023-12-14 10:00:00,3,Татнефть-АЗС-004,54.0,194,1,1,1,10,3,51.75392015090525,total_fuel_sales,Продажи топлива,baseline_hgb_v2
2023-12-14 10:00:00,4,Татнефть-АЗС-005,9.0,61,0,0,1,10,3,12.421076585243894,total_fuel_sales,Продажи топлива,baseline_hgb_v2
2023-12-14 11:00:00,0,Татнефть-АЗС-001,32.0,141,1,1,0,11,3,35.679972389123904,total_fuel_sales,Продажи топлива,baseline_hgb_v2
2023-12-14 11:00:00,1,Татнефть-АЗС-002,18.0,64,0,1,0,11,3,15.552110970445653,total_fuel_sales,Продажи топлива,baseline_hgb_v2
2023-12-14 11:00:00,2,Татнефть-АЗС-003,18.0,105,0,0,1,11,3,21.724890456302962,total_fuel_sales,Продажи топлива,baseline_hgb_v2
2023-12-14 11:00:00,3,Татнефть-АЗС-004,21.0,98,0,1,1,11,3,19.461975075688006,total_fuel_sales,Продажи топлива,baseline_hgb_v2
2023-12-14 11:00:00,4,Татнефть-АЗС-005,19.0,75,0,0,1,11,3,19.078702062167125,total_fuel_sales,Продажи топлива,baseline_hgb_v2
2023-12-14 12:00:00,0,Татнефть-АЗС-001,62.0,131,0,1,0,12,3,50.471151217609666,total_fuel_sales,Продажи топлива,baseline_hgb_v2
2023-12-14 12:00:00,1,Татнефть-АЗС-002,29.0,67,0,1,0,12,3,27.004136234351655,total_fuel_sales,Продажи топлива,baseline_hgb_v2
2023-12-14 12:00:00,2,Татнефть-АЗС-003,32.0,105,0,0,1,12,3,33.1316921735234,total_fuel_sales,Продажи топлива,baseline_hgb_v2
2023-12-14 12:00:00,3,Татнефть-АЗС-004,32.0,100,1,1,1,12,3,33.08474741119103,total_fuel_sales,Продажи топлива,baseline_hgb_v2
2023-12-14 12:00:00,4,Татнефть-АЗС-005,27.0,71,0,0,1,12,3,28.99426068862353,total_fuel_sales,Продажи топлива,baseline_hgb_v2
2023-12-14 13:00:00,0,Татнефть-АЗС-001,39.0,105,0,1,0,13,3,35.11062501806569,total_fuel_sales,Продажи топлива,baseline_hgb_v2
2023-12-14 13:00:00,1,Татнефть-АЗС-002,32.0,83,0,1,0,13,3,36.64269442463435,total_fuel_sales,Продажи топлива,baseline_hgb_v2
2023-12-14 13:00:00,2,Татнефть-АЗС-003,29.0,95,0,0,1,13,3,30.669999719223302,total_fuel_sales,Продажи топлива,baseline_hgb_v2
2023-12-14 13:00:00,3,Татнефть-АЗС-004,60.0,134,0,1,1,13,3,51.30749321342264,total_fuel_sales,Продажи топлива,baseline_hgb_v2
2023-12-14 13:00:00,4,Татнефть-АЗС-005,23.0,72,1,0,1,13,3,29.122948590137508,total_fuel_sales,Продажи топлива,baseline_hgb_v2
2023-12-14 14:00:00,0,Татнефть-АЗС-001,34.0,117,0,1,0,14,3,41.208570078688716,total_fuel_sales,Продажи топлива,baseline_hgb_v2
2023-12-14 14:00:00,1,Татнефть-АЗС-002,19.0,49,0,1,0,14,3,16.294549623092713,total_fuel_sales,Продажи топлива,baseline_hgb_v2
2023-12-14 14:00:00,2,Татнефть-АЗС-003,60.0,138,0,0,1,14,3,52.17768996184646,total_fuel_sales,Продажи топлива,baseline_hgb_v2
2023-12-14 14:00:00,3,Татнефть-АЗС-004,33.0,114,0,1,1,14,3,38.70189179635865,total_fuel_sales,Продажи топлива,baseline_hgb_v2
2023-12-14 14:00:00,4,Татнефть-АЗС-005,23.0,71,1,0,1,14,3,29.122948590137508,total_fuel_sales,Продажи топлива,baseline_hgb_v2
2023-12-14 15:00:00,0,Татнефть-АЗС-001,32.0,149,0,1,0,15,3,35.908901514577266,total_fuel_sales,Продажи топлива,baseline_hgb_v2
2023-12-14 15:00:00,1,Татнефть-АЗС-002,7.0,38,0,1,0,15,3,7.556408142545389,total_fuel_sales,Продажи топлива,baseline_hgb_v2
2023-12-14 15:00:00,2,Татнефть-АЗС-003,37.0,153,0,0,1,15,3,34.68925028459724,total_fuel_sales,Продажи топлива,baseline_hgb_v2
2023-12-14 15:00:00,3,Татнефть-АЗС-004,21.0,104,0,1,1,15,3,21.62201279793957,total_fuel_sales,Продажи топлива,baseline_hgb_v2
2023-12-14 15:00:00,4,Татнефть-АЗС-005,12.0,66,1,0,1,15,3,15.066946621287881,total_fuel_sales,Продажи топлива,baseline_hgb_v2
2023-12-14 16:00:00,0,Татнефть-АЗС-001,29.0,132,0,1,0,16,3,31.007802850600367,total_fuel_sales,Продажи топлива,baseline_hgb_v2
2023-12-14 16:00:00,1,Татнефть-АЗС-002,14.0,79,1,1,0,16,3,19.17749328402433,total_fuel_sales,Продажи топлива,baseline_hgb_v2
2023-12-14 16:00:00,2,Татнефть-АЗС-003,38.0,177,1,0,1,16,3,40.64692880525454,total_fuel_sales,Продажи топлива,baseline_hgb_v2
2023-12-14 16:00:00,3,Татнефть-АЗС-004,41.0,154,0,1,1,16,3,37.81887808437289,total_fuel_sales,Продажи топлива,baseline_hgb_v2
2023-12-14 16:00:00,4,Татнефть-АЗС-005,21.0,77,0,0,1,16,3,19.245070798492883,total_fuel_sales,Продажи топлива,baseline_hgb_v2
2023-12-14 17:00:00,0,Татнефть-АЗС-001,177.0,397,1,1,0,17,3,203.7709938666688,total_fuel_sales,Продажи топлива,baseline_hgb_v2
2023-12-14 17:00:00,1,Татнефть-АЗС-002,80.0,230,1,1,0,17,3,103.25928459436766,total_fuel_sales,Продажи топлива,baseline_hgb_v2
2023-12-14 17:00:00,2,Татнефть-АЗС-003,146.0,436,0,0,1,17,3,174.17602501892023,total_fuel_sales,Продажи топлива,baseline_hgb_v2
2023-12-14 17:00:00,3,Татнефть-АЗС-004,227.0,476,1,1,1,17,3,247.44789812932072,total_fuel_sales,Продажи топлива,baseline_hgb_v2
2023-12-14 17:00:00,4,Татнефть-АЗС-005,80.0,188,0,0,1,17,3,87.43548640640425,total_fuel_sales,Продажи топлива,baseline_hgb_v2
2023-12-14 18:00:00,0,Татнефть-АЗС-001,116.0,302,1,1,0,18,3,122.64713738216771,total_fuel_sales,Продажи топлива,baseline_hgb_v2
2023-12-14 18:00:00,1,Татнефть-АЗС-002,84.0,226,0,1,0,18,3,100.03000353376365,total_fuel_sales,Продажи топлива,baseline_hgb_v2
2023-12-14 18:00:00,2,Татнефть-АЗС-003,270.0,578,1,0,1,18,3,274.5188450897566,total_fuel_sales,Продажи топлива,baseline_hgb_v2
2023-12-14 18:00:00,3,Татнефть-АЗС-004,95.0,276,0,1,1,18,3,101.17942676311228,total_fuel_sales,Продажи топлива,baseline_hgb_v2
2023-12-14 18:00:00,4,Татнефть-АЗС-005,95.0,238,0,0,1,18,3,109.97868490684287,total_fuel_sales,Продажи топлива,baseline_hgb_v2
2023-12-14 19:00:00,0,Татнефть-АЗС-001,132.0,299,1,1,0,19,3,120.5510601752204,total_fuel_sales,Продажи топлива,baseline_hgb_v2
2023-12-14 19:00:00,1,Татнефть-АЗС-002,158.0,325,1,1,0,19,3,168.24864933608058,total_fuel_sales,Продажи топлива,baseline_hgb_v2
2023-12-14 19:00:00,2,Татнефть-АЗС-003,300.0,661,0,0,1,19,3,312.7734989506367,total_fuel_sales,Продажи топлива,baseline_hgb_v2
2023-12-14 19:00:00,3,Татнефть-АЗС-004,111.0,310,0,1,1,19,3,123.26702451867882,total_fuel_sales,Продажи топлива,baseline_hgb_v2
2023-12-14 19:00:00,4,Татнефть-АЗС-005,73.0,179,0,0,1,19,3,77.49535833030863,total_fuel_sales,Продажи топлива,baseline_hgb_v2
2023-12-14 20:00:00,0,Татнефть-АЗС-001,32.0,128,1,1,0,20,3,30.128041339839733,total_fuel_sales,Продажи топлива,baseline_hgb_v2
2023-12-14 20:00:00,1,Татнефть-АЗС-002,25.0,110,1,1,0,20,3,29.82002842410579,total_fuel_sales,Продажи топлива,baseline_hgb_v2
2023-12-14 20:00:00,2,Татнефть-АЗС-003,44.0,190,0,0,1,20,3,45.406016071437485,total_fuel_sales,Продажи топлива,baseline_hgb_v2
2023-12-14 20:00:00,3,Татнефть-АЗС-004,39.0,154,0,1,1,20,3,37.99379954580124,total_fuel_sales,Продажи топлива,baseline_hgb_v2
2023-12-14 20:00:00,4,Татнефть-АЗС-005,13.0,62,1,0,1,20,3,13.789741117425105,total_fuel_sales,Продажи топлива,baseline_hgb_v2
2023-12-14 21:00:00,0,Татнефть-АЗС-001,35.0,157,0,1,0,21,3,39.25360497216412,total_fuel_sales,Продажи топлива,baseline_hgb_v2
2023-12-14 21:00:00,1,Татнефть-АЗС-002,11.0,49,1,1,0,21,3,10.887826526310329,total_fuel_sales,Продажи топлива,baseline_hgb_v2
2023-12-14 21:00:00,2,Татнефть-АЗС-003,16.0,96,0,0,1,21,3,18.801379412002973,total_fuel_sales,Продажи топлива,baseline_hgb_v2
2023-12-14 21:00:00,3,Татнефть-АЗС-004,43.0,159,0,1,1,21,3,39.009193744277944,total_fuel_sales,Продажи топлива,baseline_hgb_v2
2023-12-14 21:00:00,4,Татнефть-АЗС-005,19.0,74,0,0,1,21,3,18.462133420727927,total_fuel_sales,Продажи топлива,baseline_hgb_v2
2023-12-14 22:00:00,0,Татнефть-АЗС-001,8.0,31,0,1,0,22,3,7.719271316072586,total_fuel_sales,Продажи топлива,baseline_hgb_v2
2023-12-14 22:00:00,1,Татнефть-АЗС-002,2.0,14,0,1,0,22,3,2.855822090949347,total_fuel_sales,Продажи топлива,baseline_hgb_v2
2023-12-14 22:00:00,2,Татнефть-АЗС-003,3.0,19,0,0,1,22,3,2.317638351293285,total_fuel_sales,Продажи топлива,baseline_hgb_v2
2023-12-14 22:00:00,3,Татнефть-АЗС-004,6.0,23,1,1,1,22,3,2.9645965106564818,total_fuel_sales,Продажи топлива,baseline_hgb_v2
2023-12-14 22:00:00,4,Татнефть-АЗС-005,2.0,12,0,0,1,22,3,2.0683402334707095,total_fuel_sales,Продажи топлива,baseline_hgb_v2
2023-12-14 23:00:00,0,Татнефть-АЗС-001,8.0,29,0,1,0,23,3,6.846618901734436,total_fuel_sales,Продажи топлива,baseline_hgb_v2
2023-12-14 23:00:00,1,Татнефть-АЗС-002,2.0,14,1,1,0,23,3,2.855822090949347,total_fuel_sales,Продажи топлива,baseline_hgb_v2
2023-12-14 23:00:00,2,Татнефть-АЗС-003,4.0,23,0,0,1,23,3,2.9232940564678125,total_fuel_sales,Продажи топлива,baseline_hgb_v2
2023-12-14 23:00:00,3,Татнефть-АЗС-004,8.0,28,0,1,1,23,3,5.884038166859931,total_fuel_sales,Продажи топлива,baseline_hgb_v2
2023-12-14 23:00:00,4,Татнефть-АЗС-005,2.0,13,0,0,1,23,3,2.200963277405976,total_fuel_sales,Продажи топлива,baseline_hgb_v2
2023-12-15 00:00:00,0,Татнефть-АЗС-001,8.0,31,0,1,0,0,4,7.987179330761677,total_fuel_sales,Продажи топлива,baseline_hgb_v2
2023-12-15 00:00:00,1,Татнефть-АЗС-002,2.0,14,0,1,0,0,4,3.3854841965151268,total_fuel_sales,Продажи топлива,baseline_hgb_v2
2023-12-15 00:00:00,2,Татнефть-АЗС-003,8.0,29,1,0,1,0,4,6.68747626214221,total_fuel_sales,Продажи топлива,baseline_hgb_v2
2023-12-15 00:00:00,3,Татнефть-АЗС-004,8.0,28,0,1,1,0,4,5.925151401016524,total_fuel_sales,Продажи топлива,baseline_hgb_v2
2023-12-15 00:00:00,4,Татнефть-АЗС-005,2.0,14,0,0,1,0,4,2.90520607084546,total_fuel_sales,Продажи топлива,baseline_hgb_v2
2023-12-15 01:00:00,0,Татнефть-АЗС-001,8.0,29,1,1,0,1,4,7.06683907790921,total_fuel_sales,Продажи топлива,baseline_hgb_v2
2023-12-15 01:00:00,1,Татнефть-АЗС-002,4.0,16,0,1,0,1,4,3.395622462790008,total_fuel_sales,Продажи топлива,baseline_hgb_v2
2023-12-15 01:00:00,2,Татнефть-АЗС-003,8.0,28,0,0,1,1,4,5.993521381475257,total_fuel_sales,Продажи топлива,baseline_hgb_v2
2023-12-15 01:00:00,3,Татнефть-АЗС-004,3.0,19,1,1,1,1,4,3.2382450226890644,total_fuel_sales,Продажи топлива,baseline_hgb_v2
2023-12-15 01:00:00,4,Татнефть-АЗС-005,3.0,17,0,0,1,1,4,3.249550830570743,total_fuel_sales,Продажи топлива,baseline_hgb_v2
2023-12-15 02:00:00,0,Татнефть-АЗС-001,8.0,34,1,1,0,2,4,8.58323751871974,total_fuel_sales,Продажи топлива,baseline_hgb_v2
2023-12-15 02:00:00,1,Татнефть-АЗС-002,2.0,11,0,1,0,2,4,2.484815470984791,total_fuel_sales,Продажи топлива,baseline_hgb_v2
2023-12-15 02:00:00,2,Татнефть-АЗС-003,8.0,31,1,0,1,2,4,7.607816514994679,total_fuel_sales,Продажи топлива,baseline_hgb_v2
2023-12-15 02:00:00,3,Татнефть-АЗС-004,4.0,23,1,1,1,2,4,2.9236118138047256,total_fuel_sales,Продажи топлива,baseline_hgb_v2
2023-12-15 02:00:00,4,Татнефть-АЗС-005,2.0,10,1,0,1,2,4,1.9336746082294638,total_fuel_sales,Продажи топлива,baseline_hgb_v2
2023-12-15 03:00:00,0,Татнефть-АЗС-001,3.0,21,1,1,0,3,4,2.905681419558912,total_fuel_sales,Продажи топлива,baseline_hgb_v2
2023-12-15 03:00:00,1,Татнефть-АЗС-002,2.0,15,0,1,0,3,4,3.395622462790008,total_fuel_sales,Продажи топлива,baseline_hgb_v2
2023-12-15 03:00:00,2,Татнефть-АЗС-003,3.0,23,0,0,1,3,4,3.150756953439087,total_fuel_sales,Продажи топлива,baseline_hgb_v2
2023-12-15 03:00:00,3,Татнефть-АЗС-004,3.0,22,0,1,1,3,4,2.450579152565464,total_fuel_sales,Продажи топлива,baseline_hgb_v2
2023-12-15 03:00:00,4,Татнефть-АЗС-005,2.0,9,1,0,1,3,4,2.062362509743441,total_fuel_sales,Продажи топлива,baseline_hgb_v2
2023-12-15 04:00:00,0,Татнефть-АЗС-001,3.0,24,0,1,0,4,4,3.3787140807981735,total_fuel_sales,Продажи топлива,baseline_hgb_v2
2023-12-15 04:00:00,1,Татнефть-АЗС-002,2.0,16,1,1,0,4,4,3.395622462790008,total_fuel_sales,Продажи топлива,baseline_hgb_v2
2023-12-15 04:00:00,2,Татнефть-АЗС-003,8.0,32,1,0,1,4,4,7.583601888673298,total_fuel_sales,Продажи топлива,baseline_hgb_v2
2023-12-15 04:00:00,3,Татнефть-АЗС-004,3.0,25,1,1,1,4,4,3.860828424004557,total_fuel_sales,Продажи топлива,baseline_hgb_v2
2023-12-15 04:00:00,4,Татнефть-АЗС-005,1.0,9,0,0,1,4,4,1.9336746082294638,total_fuel_sales,Продажи топлива,baseline_hgb_v2
2023-12-15 05:00:00,0,Татнефть-АЗС-001,3.0,24,1,1,0,5,4,3.3787140807981735,total_fuel_sales,Продажи топлива,baseline_hgb_v2
2023-12-15 05:00:00,1,Татнефть-АЗС-002,2.0,15,0,1,0,5,4,3.395622462790008,total_fuel_sales,Продажи топлива,baseline_hgb_v2
2023-12-15 05:00:00,2,Татнефть-АЗС-003,3.0,22,1,0,1,5,4,2.6777242921998274,total_fuel_sales,Продажи топлива,baseline_hgb_v2
2023-12-15 05:00:00,3,Татнефть-АЗС-004,3.0,20,1,1,1,5,4,2.450579152565464,total_fuel_sales,Продажи топлива,baseline_hgb_v2
2023-12-15 05:00:00,4,Татнефть-АЗС-005,2.0,13,1,0,1,5,4,2.7765181693314824,total_fuel_sales,Продажи топлива,baseline_hgb_v2
2023-12-15 06:00:00,0,Татнефть-АЗС-001,21.0,110,1,1,0,6,4,23.195694452465958,total_fuel_sales,Продажи топлива,baseline_hgb_v2
2023-12-15 06:00:00,1,Татнефть-АЗС-002,9.0,50,1,1,0,6,4,11.555647092626883,total_fuel_sales,Продажи топлива,baseline_hgb_v2
2023-12-15 06:00:00,2,Татнефть-АЗС-003,29.0,145,0,0,1,6,4,33.583813437100915,total_fuel_sales,Продажи топлива,baseline_hgb_v2
2023-12-15 06:00:00,3,Татнефть-АЗС-004,60.0,223,1,1,1,6,4,59.26338367499316,total_fuel_sales,Продажи топлива,baseline_hgb_v2
2023-12-15 06:00:00,4,Татнефть-АЗС-005,12.0,72,0,0,1,6,4,16.976126169334915,total_fuel_sales,Продажи топлива,baseline_hgb_v2
2023-12-15 07:00:00,0,Татнефть-АЗС-001,209.0,387,0,1,0,7,4,204.67392331655546,total_fuel_sales,Продажи топлива,baseline_hgb_v2
2023-12-15 07:00:00,1,Татнефть-АЗС-002,54.0,123,0,1,0,7,4,48.348196158950884,total_fuel_sales,Продажи топлива,baseline_hgb_v2
2023-12-15 07:00:00,2,Татнефть-АЗС-003,192.0,429,0,0,1,7,4,212.96222925405206,total_fuel_sales,Продажи топлива,baseline_hgb_v2
2023-12-15 07:00:00,3,Татнефть-АЗС-004,152.0,390,0,1,1,7,4,165.01699998073414,total_fuel_sales,Продажи топлива,baseline_hgb_v2
2023-12-15 07:00:00,4,Татнефть-АЗС-005,117.0,273,1,0,1,7,4,133.17347361757672,total_fuel_sales,Продажи топлива,baseline_hgb_v2
2023-12-15 08:00:00,0,Татнефть-АЗС-001,110.0,276,0,1,0,8,4,112.99404627508282,total_fuel_sales,Продажи топлива,baseline_hgb_v2
2023-12-15 08:00:00,1,Татнефть-АЗС-002,97.0,194,0,1,0,8,4,98.87448733016375,total_fuel_sales,Продажи топлива,baseline_hgb_v2
2023-12-15 08:00:00,2,Татнефть-АЗС-003,95.0,245,0,0,1,8,4,90.0045547956159,total_fuel_sales,Продажи топлива,baseline_hgb_v2
2023-12-15 08:00:00,3,Татнефть-АЗС-004,247.0,580,0,1,1,8,4,312.21754064133745,total_fuel_sales,Продажи топлива,baseline_hgb_v2
2023-12-15 08:00:00,4,Татнефть-АЗС-005,64.0,203,1,0,1,8,4,83.15044773322764,total_fuel_sales,Продажи топлива,baseline_hgb_v2
2023-12-15 09:00:00,0,Татнефть-АЗС-001,200.0,381,0,1,0,9,4,195.08166807024585,total_fuel_sales,Продажи топлива,baseline_hgb_v2
2023-12-15 09:00:00,1,Татнефть-АЗС-002,50.0,127,1,1,0,9,4,51.91565690624634,total_fuel_sales,Продажи топлива,baseline_hgb_v2
2023-12-15 09:00:00,2,Татнефть-АЗС-003,204.0,405,0,0,1,9,4,191.67316831161224,total_fuel_sales,Продажи топлива,baseline_hgb_v2
2023-12-15 09:00:00,3,Татнефть-АЗС-004,227.0,468,0,1,1,9,4,248.7598981206566,total_fuel_sales,Продажи топлива,baseline_hgb_v2
2023-12-15 09:00:00,4,Татнефть-АЗС-005,69.0,174,1,0,1,9,4,65.45930177513,total_fuel_sales,Продажи топлива,baseline_hgb_v2
2023-12-15 10:00:00,0,Татнефть-АЗС-001,39.0,142,0,1,0,10,4,35.679972389123904,total_fuel_sales,Продажи топлива,baseline_hgb_v2
2023-12-15 10:00:00,1,Татнефть-АЗС-002,21.0,74,0,1,0,10,4,19.440207999786512,total_fuel_sales,Продажи топлива,baseline_hgb_v2
2023-12-15 10:00:00,2,Татнефть-АЗС-003,17.0,106,0,0,1,10,4,21.828341021092147,total_fuel_sales,Продажи топлива,baseline_hgb_v2
2023-12-15 10:00:00,3,Татнефть-АЗС-004,60.0,216,0,1,1,10,4,58.63402261816078,total_fuel_sales,Продажи топлива,baseline_hgb_v2
2023-12-15 10:00:00,4,Татнефть-АЗС-005,14.0,73,0,0,1,10,4,17.138224604517557,total_fuel_sales,Продажи топлива,baseline_hgb_v2
2023-12-15 11:00:00,0,Татнефть-АЗС-001,42.0,158,0,1,0,11,4,40.3098700024135,total_fuel_sales,Продажи топлива,baseline_hgb_v2
2023-12-15 11:00:00,1,Татнефть-АЗС-002,11.0,59,1,1,0,11,4,12.661203089470517,total_fuel_sales,Продажи топлива,baseline_hgb_v2
2023-12-15 11:00:00,2,Татнефть-АЗС-003,35.0,147,1,0,1,11,4,34.061479463846354,total_fuel_sales,Продажи топлива,baseline_hgb_v2
2023-12-15 11:00:00,3,Татнефть-АЗС-004,21.0,117,1,1,1,11,4,24.98398612047619,total_fuel_sales,Продажи топлива,baseline_hgb_v2
2023-12-15 11:00:00,4,Татнефть-АЗС-005,16.0,66,1,0,1,11,4,15.705718986322669,total_fuel_sales,Продажи топлива,baseline_hgb_v2
2023-12-15 12:00:00,0,Татнефть-АЗС-001,30.0,96,0,1,0,12,4,32.648932563765584,total_fuel_sales,Продажи топлива,baseline_hgb_v2
2023-12-15 12:00:00,1,Татнефть-АЗС-002,13.0,45,1,1,0,12,4,14.372779158845148,total_fuel_sales,Продажи топлива,baseline_hgb_v2
2023-12-15 12:00:00,2,Татнефть-АЗС-003,29.0,104,0,0,1,12,4,33.029157579029004,total_fuel_sales,Продажи топлива,baseline_hgb_v2
2023-12-15 12:00:00,3,Татнефть-АЗС-004,33.0,99,0,1,1,12,4,33.08474741119103,total_fuel_sales,Продажи топлива,baseline_hgb_v2
2023-12-15 12:00:00,4,Татнефть-АЗС-005,14.0,47,0,0,1,12,4,15.349874723012551,total_fuel_sales,Продажи топлива,baseline_hgb_v2
2023-12-15 13:00:00,0,Татнефть-АЗС-001,29.0,91,0,1,0,13,4,31.865995186000646,total_fuel_sales,Продажи топлива,baseline_hgb_v2
2023-12-15 13:00:00,1,Татнефть-АЗС-002,21.0,51,1,1,0,13,4,16.74237739956548,total_fuel_sales,Продажи топлива,baseline_hgb_v2
2023-12-15 13:00:00,2,Татнефть-АЗС-003,48.0,134,0,0,1,13,4,47.505919750074874,total_fuel_sales,Продажи топлива,baseline_hgb_v2
2023-12-15 13:00:00,3,Татнефть-АЗС-004,29.0,98,0,1,1,13,4,32.37293723879033,total_fuel_sales,Продажи топлива,baseline_hgb_v2
2023-12-15 13:00:00,4,Татнефть-АЗС-005,23.0,68,0,0,1,13,4,25.898826925641963,total_fuel_sales,Продажи топлива,baseline_hgb_v2
2023-12-15 14:00:00,0,Татнефть-АЗС-001,54.0,136,0,1,0,14,4,52.664575372874246,total_fuel_sales,Продажи топлива,baseline_hgb_v2
2023-12-15 14:00:00,1,Татнефть-АЗС-002,19.0,53,0,1,0,14,4,17.526728653000905,total_fuel_sales,Продажи топлива,baseline_hgb_v2
2023-12-15 14:00:00,2,Татнефть-АЗС-003,23.0,83,1,0,1,14,4,27.641922739776607,total_fuel_sales,Продажи топлива,baseline_hgb_v2
2023-12-15 14:00:00,3,Татнефть-АЗС-004,35.0,114,0,1,1,14,4,38.70189179635865,total_fuel_sales,Продажи топлива,baseline_hgb_v2
2023-12-15 14:00:00,4,Татнефть-АЗС-005,27.0,69,1,0,1,14,4,26.95801055894665,total_fuel_sales,Продажи топлива,baseline_hgb_v2
2023-12-15 15:00:00,0,Татнефть-АЗС-001,23.0,109,0,1,0,15,4,22.31868586065383,total_fuel_sales,Продажи топлива,baseline_hgb_v2
2023-12-15 15:00:00,1,Татнефть-АЗС-002,19.0,75,0,1,0,15,4,19.540264717095106,total_fuel_sales,Продажи топлива,baseline_hgb_v2
2023-12-15 15:00:00,2,Татнефть-АЗС-003,21.0,107,1,0,1,15,4,21.2378345295783,total_fuel_sales,Продажи топлива,baseline_hgb_v2
2023-12-15 15:00:00,3,Татнефть-АЗС-004,39.0,142,1,1,1,15,4,34.318211203546504,total_fuel_sales,Продажи топлива,baseline_hgb_v2
2023-12-15 15:00:00,4,Татнефть-АЗС-005,19.0,77,0,0,1,15,4,19.245070798492883,total_fuel_sales,Продажи топлива,baseline_hgb_v2
2023-12-15 16:00:00,0,Татнефть-АЗС-001,37.0,149,1,1,0,16,4,36.00497971249575,total_fuel_sales,Продажи топлива,baseline_hgb_v2
2023-12-15 16:00:00,1,Татнефть-АЗС-002,28.0,104,0,1,0,16,4,28.807326890514794,total_fuel_sales,Продажи топлива,baseline_hgb_v2
2023-12-15 16:00:00,2,Татнефть-АЗС-003,55.0,229,0,0,1,16,4,57.022140359987375,total_fuel_sales,Продажи топлива,baseline_hgb_v2
2023-12-15 16:00:00,3,Татнефть-АЗС-004,33.0,145,0,1,1,16,4,35.11661929851549,total_fuel_sales,Продажи топлива,baseline_hgb_v2
2023-12-15 16:00:00,4,Татнефть-АЗС-005,9.0,55,1,0,1,16,4,11.795559664928204,total_fuel_sales,Продажи топлива,baseline_hgb_v2
2023-12-15 17:00:00,0,Татнефть-АЗС-001,92.0,269,0,1,0,17,4,107.26883217550248,total_fuel_sales,Продажи топлива,baseline_hgb_v2
2023-12-15 17:00:00,1,Татнефть-АЗС-002,135.0,293,0,1,0,17,4,149.71511559291667,total_fuel_sales,Продажи топлива,baseline_hgb_v2
2023-12-15 17:00:00,2,Татнефть-АЗС-003,177.0,485,1,0,1,17,4,201.5503829414697,total_fuel_sales,Продажи топлива,baseline_hgb_v2
2023-12-15 17:00:00,3,Татнефть-АЗС-004,130.0,302,1,1,1,17,4,116.12374310145695,total_fuel_sales,Продажи топлива,baseline_hgb_v2
2023-12-15 17:00:00,4,Татнефть-АЗС-005,47.0,140,0,0,1,17,4,53.25928586558948,total_fuel_sales,Продажи топлива,baseline_hgb_v2
2023-12-15 18:00:00,0,Татнефть-АЗС-001,187.0,422,1,1,0,18,4,217.91660857056493,total_fuel_sales,Продажи топлива,baseline_hgb_v2
2023-12-15 18:00:00,1,Татнефть-АЗС-002,101.0,263,0,1,0,18,4,120.05233164783512,total_fuel_sales,Продажи топлива,baseline_hgb_v2
2023-12-15 18:00:00,2,Татнефть-АЗС-003,317.0,680,0,0,1,18,4,325.74126468349334,total_fuel_sales,Продажи топлива,baseline_hgb_v2
2023-12-15 18:00:00,3,Татнефть-АЗС-004,158.0,317,0,1,1,18,4,133.87922940632862,total_fuel_sales,Продажи топлива,baseline_hgb_v2
2023-12-15 18:00:00,4,Татнефть-АЗС-005,54.0,145,1,0,1,18,4,55.264296980695455,total_fuel_sales,Продажи топлива,baseline_hgb_v2
2023-12-15 19:00:00,0,Татнефть-АЗС-001,176.0,414,0,1,0,19,4,209.70847520615314,total_fuel_sales,Продажи топлива,baseline_hgb_v2
2023-12-15 19:00:00,1,Татнефть-АЗС-002,145.0,272,0,1,0,19,4,140.51611982651696,total_fuel_sales,Продажи топлива,baseline_hgb_v2
2023-12-15 19:00:00,2,Татнефть-АЗС-003,259.0,602,1,0,1,19,4,290.4255975080365,total_fuel_sales,Продажи топлива,baseline_hgb_v2
2023-12-15 19:00:00,3,Татнефть-АЗС-004,241.0,441,0,1,1,19,4,232.03183063524114,total_fuel_sales,Продажи топлива,baseline_hgb_v2
2023-12-15 19:00:00,4,Татнефть-АЗС-005,50.0,153,0,0,1,19,4,60.36032959014342,total_fuel_sales,Продажи топлива,baseline_hgb_v2
2023-12-15 20:00:00,0,Татнефть-АЗС-001,33.0,156,1,1,0,20,4,35.89403012915729,total_fuel_sales,Продажи топлива,baseline_hgb_v2
2023-12-15 20:00:00,1,Татнефть-АЗС-002,28.0,99,0,1,0,20,4,28.124067561666543,total_fuel_sales,Продажи топлива,baseline_hgb_v2
2023-12-15 20:00:00,2,Татнефть-АЗС-003,43.0,208,0,0,1,20,4,49.617324734268166,total_fuel_sales,Продажи топлива,baseline_hgb_v2
2023-12-15 20:00:00,3,Татнефть-АЗС-004,30.0,132,1,1,1,20,4,29.797823698477465,total_fuel_sales,Продажи топлива,baseline_hgb_v2
2023-12-15 20:00:00,4,Татнефть-АЗС-005,8.0,52,0,0,1,20,4,11.795559664928204,total_fuel_sales,Продажи топлива,baseline_hgb_v2
2023-12-15 21:00:00,0,Татнефть-АЗС-001,38.0,147,0,1,0,21,4,35.908901514577266,total_fuel_sales,Продажи топлива,baseline_hgb_v2
2023-12-15 21:00:00,1,Татнефть-АЗС-002,11.0,52,1,1,0,21,4,11.433814418052863,total_fuel_sales,Продажи топлива,baseline_hgb_v2
2023-12-15 21:00:00,2,Татнефть-АЗС-003,39.0,157,0,0,1,21,4,35.162908230018516,total_fuel_sales,Продажи топлива,baseline_hgb_v2
2023-12-15 21:00:00,3,Татнефть-АЗС-004,39.0,151,0,1,1,21,4,36.91414433842487,total_fuel_sales,Продажи топлива,baseline_hgb_v2
2023-12-15 21:00:00,4,Татнефть-АЗС-005,8.0,44,1,0,1,21,4,9.687158102146016,total_fuel_sales,Продажи топлива,baseline_hgb_v2
2023-12-15 22:00:00,0,Татнефть-АЗС-001,3.0,23,0,1,0,22,4,3.0201660962661157,total_fuel_sales,Продажи топлива,baseline_hgb_v2
2023-12-15 22:00:00,1,Татнефть-АЗС-002,2.0,9,0,1,0,22,4,1.8646827431825512,total_fuel_sales,Продажи топлива,baseline_hgb_v2
2023-12-15 22:00:00,2,Татнефть-АЗС-003,8.0,32,1,0,1,22,4,7.338370543931101,total_fuel_sales,Продажи топлива,baseline_hgb_v2
2023-12-15 22:00:00,3,Татнефть-АЗС-004,3.0,24,0,1,1,22,4,2.7441707712908494,total_fuel_sales,Продажи топлива,baseline_hgb_v2
2023-12-15 22:00:00,4,Татнефть-АЗС-005,2.0,14,0,0,1,22,4,3.049511602930012,total_fuel_sales,Продажи топлива,baseline_hgb_v2
2023-12-15 23:00:00,0,Татнефть-АЗС-001,3.0,24,1,1,0,23,4,3.0201660962661157,total_fuel_sales,Продажи топлива,baseline_hgb_v2
2023-12-15 23:00:00,1,Татнефть-АЗС-002,2.0,12,0,1,0,23,4,1.8646827431825512,total_fuel_sales,Продажи топлива,baseline_hgb_v2
2023-12-15 23:00:00,2,Татнефть-АЗС-003,8.0,32,0,0,1,23,4,7.338370543931101,total_fuel_sales,Продажи топлива,baseline_hgb_v2
2023-12-15 23:00:00,3,Татнефть-АЗС-004,8.0,28,0,1,1,23,4,5.884038166859931,total_fuel_sales,Продажи топлива,baseline_hgb_v2
2023-12-15 23:00:00,4,Татнефть-АЗС-005,2.0,14,0,0,1,23,4,3.049511602930012,total_fuel_sales,Продажи топлива,baseline_hgb_v2
2023-12-16 00:00:00,0,Татнефть-АЗС-001,8.0,36,1,1,0,0,5,8.697493803646068,total_fuel_sales,Продажи топлива,baseline_hgb_v2
2023-12-16 00:00:00,1,Татнефть-АЗС-002,2.0,11,1,1,0,0,5,3.0769741823124077,total_fuel_sales,Продажи топлива,baseline_hgb_v2
2023-12-16 00:00:00,2,Татнефть-АЗС-003,8.0,33,0,0,1,0,5,7.264684038498302,total_fuel_sales,Продажи топлива,baseline_hgb_v2
2023-12-16 00:00:00,3,Татнефть-АЗС-004,12.0,41,0,1,1,0,5,10.841228199556058,total_fuel_sales,Продажи топлива,baseline_hgb_v2
2023-12-16 00:00:00,4,Татнефть-АЗС-005,2.0,9,0,0,1,0,5,1.6462853409911455,total_fuel_sales,Продажи топлива,baseline_hgb_v2
2023-12-16 01:00:00,0,Татнефть-АЗС-001,8.0,40,0,1,0,1,5,10.675095210460967,total_fuel_sales,Продажи топлива,baseline_hgb_v2
2023-12-16 01:00:00,1,Татнефть-АЗС-002,2.0,11,1,1,0,1,5,3.0769741823124077,total_fuel_sales,Продажи топлива,baseline_hgb_v2
2023-12-16 01:00:00,2,Татнефть-АЗС-003,8.0,39,1,0,1,1,5,9.497721089025182,total_fuel_sales,Продажи топлива,baseline_hgb_v2
2023-12-16 01:00:00,3,Татнефть-АЗС-004,8.0,34,0,1,1,1,5,7.75573743265977,total_fuel_sales,Продажи топлива,baseline_hgb_v2
2023-12-16 01:00:00,4,Татнефть-АЗС-005,0.0,9,1,0,1,1,5,1.6462853409911455,total_fuel_sales,Продажи топлива,baseline_hgb_v2
2023-12-16 02:00:00,0,Татнефть-АЗС-001,3.0,25,0,1,0,2,5,3.879704010186912,total_fuel_sales,Продажи топлива,baseline_hgb_v2
2023-12-16 02:00:00,1,Татнефть-АЗС-002,2.0,11,0,1,0,2,5,3.0769741823124077,total_fuel_sales,Продажи топлива,baseline_hgb_v2
2023-12-16 02:00:00,2,Татнефть-АЗС-003,3.0,26,1,0,1,2,5,3.673901026284918,total_fuel_sales,Продажи топлива,baseline_hgb_v2
2023-12-16 02:00:00,3,Татнефть-АЗС-004,5.0,29,0,1,1,2,5,5.204703755061342,total_fuel_sales,Продажи топлива,baseline_hgb_v2
2023-12-16 02:00:00,4,Татнефть-АЗС-005,0.0,7,0,0,1,2,5,1.6462853409911455,total_fuel_sales,Продажи топлива,baseline_hgb_v2
2023-12-16 03:00:00,0,Татнефть-АЗС-001,8.0,29,1,1,0,3,5,5.573736392788817,total_fuel_sales,Продажи топлива,baseline_hgb_v2
2023-12-16 03:00:00,1,Татнефть-АЗС-002,1.0,8,1,1,0,3,5,2.0252309040824827,total_fuel_sales,Продажи топлива,baseline_hgb_v2
2023-12-16 03:00:00,2,Татнефть-АЗС-003,8.0,36,1,0,1,3,5,8.108496387174101,total_fuel_sales,Продажи топлива,baseline_hgb_v2
2023-12-16 03:00:00,3,Татнефть-АЗС-004,8.0,42,0,1,1,3,5,10.843184505078044,total_fuel_sales,Продажи топлива,baseline_hgb_v2
2023-12-16 03:00:00,4,Татнефть-АЗС-005,2.0,11,0,0,1,3,5,2.522642304558978,total_fuel_sales,Продажи топлива,baseline_hgb_v2
2023-12-16 04:00:00,0,Татнефть-АЗС-001,4.0,26,1,1,0,4,5,3.879704010186912,total_fuel_sales,Продажи топлива,baseline_hgb_v2
2023-12-16 04:00:00,1,Татнефть-АЗС-002,2.0,11,1,1,0,4,5,3.0769741823124077,total_fuel_sales,Продажи топлива,baseline_hgb_v2
2023-12-16 04:00:00,2,Татнефть-АЗС-003,8.0,39,1,0,1,4,5,9.497721089025182,total_fuel_sales,Продажи топлива,baseline_hgb_v2
2023-12-16 04:00:00,3,Татнефть-АЗС-004,8.0,41,0,1,1,4,5,10.841228199556058,total_fuel_sales,Продажи топлива,baseline_hgb_v2
2023-12-16 04:00:00,4,Татнефть-АЗС-005,2.0,11,0,0,1,4,5,2.522642304558978,total_fuel_sales,Продажи топлива,baseline_hgb_v2
2023-12-16 05:00:00,0,Татнефть-АЗС-001,8.0,32,0,1,0,5,5,7.715764833234679,total_fuel_sales,Продажи топлива,baseline_hgb_v2
2023-12-16 05:00:00,1,Татнефть-АЗС-002,1.0,8,0,1,0,5,5,2.0252309040824827,total_fuel_sales,Продажи топлива,baseline_hgb_v2
2023-12-16 05:00:00,2,Татнефть-АЗС-003,8.0,37,0,0,1,5,5,8.701878581038502,total_fuel_sales,Продажи топлива,baseline_hgb_v2
2023-12-16 05:00:00,3,Татнефть-АЗС-004,4.0,25,0,1,1,5,5,3.5106713724594374,total_fuel_sales,Продажи топлива,baseline_hgb_v2
2023-12-16 05:00:00,4,Татнефть-АЗС-005,2.0,13,0,0,1,5,5,2.522642304558978,total_fuel_sales,Продажи топлива,baseline_hgb_v2
2023-12-16 06:00:00,0,Татнефть-АЗС-001,21.0,122,0,1,0,6,5,26.067650301103694,total_fuel_sales,Продажи топлива,baseline_hgb_v2
2023-12-16 06:00:00,1,Татнефть-АЗС-002,11.0,54,0,1,0,6,5,12.788724903405193,total_fuel_sales,Продажи топлива,baseline_hgb_v2
2023-12-16 06:00:00,2,Татнефть-АЗС-003,37.0,163,0,0,1,6,5,37.81287603895978,total_fuel_sales,Продажи топлива,baseline_hgb_v2
2023-12-16 06:00:00,3,Татнефть-АЗС-004,38.0,175,0,1,1,6,5,40.42521622207853,total_fuel_sales,Продажи топлива,baseline_hgb_v2
2023-12-16 06:00:00,4,Татнефть-АЗС-005,17.0,81,1,0,1,6,5,20.57027500390792,total_fuel_sales,Продажи топлива,baseline_hgb_v2
2023-12-16 07:00:00,0,Татнефть-АЗС-001,265.0,541,0,1,0,7,5,299.30110541980645,total_fuel_sales,Продажи топлива,baseline_hgb_v2
2023-12-16 07:00:00,1,Татнефть-АЗС-002,47.0,129,1,1,0,7,5,50.70904478456688,total_fuel_sales,Продажи топлива,baseline_hgb_v2
2023-12-16 07:00:00,2,Татнефть-АЗС-003,203.0,423,0,0,1,7,5,211.82305171282556,total_fuel_sales,Продажи топлива,baseline_hgb_v2
2023-12-16 07:00:00,3,Татнефть-АЗС-004,206.0,550,0,1,1,7,5,226.7976041976902,total_fuel_sales,Продажи топлива,baseline_hgb_v2
2023-12-16 07:00:00,4,Татнефть-АЗС-005,49.0,138,1,0,1,7,5,48.09680932454782,total_fuel_sales,Продажи топлива,baseline_hgb_v2
2023-12-16 08:00:00,0,Татнефть-АЗС-001,116.0,313,0,1,0,8,5,127.49365053480626,total_fuel_sales,Продажи топлива,baseline_hgb_v2
2023-12-16 08:00:00,1,Татнефть-АЗС-002,37.0,96,0,1,0,8,5,35.60722309443697,total_fuel_sales,Продажи топлива,baseline_hgb_v2
2023-12-16 08:00:00,2,Татнефть-АЗС-003,195.0,408,0,0,1,8,5,190.203656132252,total_fuel_sales,Продажи топлива,baseline_hgb_v2
2023-12-16 08:00:00,3,Татнефть-АЗС-004,182.0,449,0,1,1,8,5,180.58006852249002,total_fuel_sales,Продажи топлива,baseline_hgb_v2
2023-12-16 08:00:00,4,Татнефть-АЗС-005,43.0,148,0,0,1,8,5,53.89323288803867,total_fuel_sales,Продажи топлива,baseline_hgb_v2
2023-12-16 09:00:00,0,Татнефть-АЗС-001,241.0,445,1,1,0,9,5,243.04299330467703,total_fuel_sales,Продажи топлива,baseline_hgb_v2
2023-12-16 09:00:00,1,Татнефть-АЗС-002,69.0,145,0,1,0,9,5,59.80885029973952,total_fuel_sales,Продажи топлива,baseline_hgb_v2
2023-12-16 09:00:00,2,Татнефть-АЗС-003,193.0,435,0,0,1,9,5,212.34572300878648,total_fuel_sales,Продажи топлива,baseline_hgb_v2
2023-12-16 09:00:00,3,Татнефть-АЗС-004,169.0,445,0,1,1,9,5,171.8211408236819,total_fuel_sales,Продажи топлива,baseline_hgb_v2
2023-12-16 09:00:00,4,Татнефть-АЗС-005,47.0,135,0,0,1,9,5,46.42443986500709,total_fuel_sales,Продажи топлива,baseline_hgb_v2
2023-12-16 10:00:00,0,Татнефть-АЗС-001,30.0,149,0,1,0,10,5,33.44615594260354,total_fuel_sales,Продажи топлива,baseline_hgb_v2
2023-12-16 10:00:00,1,Татнефть-АЗС-002,7.0,39,0,1,0,10,5,7.989172971562822,total_fuel_sales,Продажи топлива,baseline_hgb_v2
2023-12-16 10:00:00,2,Татнефть-АЗС-003,33.0,170,0,0,1,10,5,39.43949044116951,total_fuel_sales,Продажи топлива,baseline_hgb_v2
2023-12-16 10:00:00,3,Татнефть-АЗС-004,43.0,198,0,1,1,10,5,48.44789568815516,total_fuel_sales,Продажи топлива,baseline_hgb_v2
2023-12-16 10:00:00,4,Татнефть-АЗС-005,14.0,79,0,0,1,10,5,19.188382653915728,total_fuel_sales,Продажи топлива,baseline_hgb_v2
2023-12-16 11:00:00,0,Татнефть-АЗС-001,49.0,174,0,1,0,11,5,43.85626799416132,total_fuel_sales,Продажи топлива,baseline_hgb_v2
2023-12-16 11:00:00,1,Татнефть-АЗС-002,6.0,37,0,1,0,11,5,7.193330463576145,total_fuel_sales,Продажи топлива,baseline_hgb_v2
2023-12-16 11:00:00,2,Татнефть-АЗС-003,27.0,136,1,0,1,11,5,25.254728871675464,total_fuel_sales,Продажи топлива,baseline_hgb_v2
2023-12-16 11:00:00,3,Татнефть-АЗС-004,38.0,166,1,1,1,11,5,41.77603408490498,total_fuel_sales,Продажи топлива,baseline_hgb_v2
2023-12-16 11:00:00,4,Татнефть-АЗС-005,9.0,52,0,0,1,11,5,11.814480278552098,total_fuel_sales,Продажи топлива,baseline_hgb_v2
2023-12-16 12:00:00,0,Татнефть-АЗС-001,39.0,103,1,1,0,12,5,33.673538798933826,total_fuel_sales,Продажи топлива,baseline_hgb_v2
2023-12-16 12:00:00,1,Татнефть-АЗС-002,23.0,60,0,1,0,12,5,22.364958746883904,total_fuel_sales,Продажи топлива,baseline_hgb_v2
2023-12-16 12:00:00,2,Татнефть-АЗС-003,64.0,166,0,0,1,12,5,66.90324754537194,total_fuel_sales,Продажи топлива,baseline_hgb_v2
2023-12-16 12:00:00,3,Татнефть-АЗС-004,41.0,138,0,1,1,12,5,49.26176477652111,total_fuel_sales,Продажи топлива,baseline_hgb_v2
2023-12-16 12:00:00,4,Татнефть-АЗС-005,11.0,37,0,0,1,12,5,10.096776140766039,total_fuel_sales,Продажи топлива,baseline_hgb_v2
2023-12-16 13:00:00,0,Татнефть-АЗС-001,41.0,108,0,1,0,13,5,34.56742329946316,total_fuel_sales,Продажи топлива,baseline_hgb_v2
2023-12-16 13:00:00,1,Татнефть-АЗС-002,21.0,59,1,1,0,13,5,21.045172446264008,total_fuel_sales,Продажи топлива,baseline_hgb_v2
2023-12-16 13:00:00,2,Татнефть-АЗС-003,39.0,126,0,0,1,13,5,40.67139551321649,total_fuel_sales,Продажи топлива,baseline_hgb_v2
2023-12-16 13:00:00,3,Татнефть-АЗС-004,74.0,156,0,1,1,13,5,68.18838074097076,total_fuel_sales,Продажи топлива,baseline_hgb_v2
2023-12-16 13:00:00,4,Татнефть-АЗС-005,12.0,44,0,0,1,13,5,12.613062215996237,total_fuel_sales,Продажи топлива,baseline_hgb_v2
2023-12-16 14:00:00,0,Татнефть-АЗС-001,44.0,124,0,1,0,14,5,44.49700560926084,total_fuel_sales,Продажи топлива,baseline_hgb_v2
2023-12-16 14:00:00,1,Татнефть-АЗС-002,12.0,39,0,1,0,14,5,11.79378615068287,total_fuel_sales,Продажи топлива,baseline_hgb_v2
2023-12-16 14:00:00,2,Татнефть-АЗС-003,64.0,177,0,0,1,14,5,73.0639295110591,total_fuel_sales,Продажи топлива,baseline_hgb_v2
2023-12-16 14:00:00,3,Татнефть-АЗС-004,50.0,131,1,1,1,14,5,44.2413567450022,total_fuel_sales,Продажи топлива,baseline_hgb_v2
2023-12-16 14:00:00,4,Татнефть-АЗС-005,21.0,59,0,0,1,14,5,19.875947651745438,total_fuel_sales,Продажи топлива,baseline_hgb_v2
2023-12-16 15:00:00,0,Татнефть-АЗС-001,21.0,122,0,1,0,15,5,25.399112750677475,total_fuel_sales,Продажи топлива,baseline_hgb_v2
2023-12-16 15:00:00,1,Татнефть-АЗС-002,12.0,55,0,1,0,15,5,12.16802061428999,total_fuel_sales,Продажи топлива,baseline_hgb_v2
2023-12-16 15:00:00,2,Татнефть-АЗС-003,33.0,167,0,0,1,15,5,37.16262272855809,total_fuel_sales,Продажи топлива,baseline_hgb_v2
2023-12-16 15:00:00,3,Татнефть-АЗС-004,47.0,169,1,1,1,15,5,41.85609585075481,total_fuel_sales,Продажи топлива,baseline_hgb_v2
2023-12-16 15:00:00,4,Татнефть-АЗС-005,12.0,61,1,0,1,15,5,13.12364682469029,total_fuel_sales,Продажи топлива,baseline_hgb_v2
2023-12-16 16:00:00,0,Татнефть-АЗС-001,44.0,166,0,1,0,16,5,41.32472068166656,total_fuel_sales,Продажи топлива,baseline_hgb_v2
2023-12-16 16:00:00,1,Татнефть-АЗС-002,19.0,86,0,1,0,16,5,22.643939008833115,total_fuel_sales,Продажи топлива,baseline_hgb_v2
2023-12-16 16:00:00,2,Татнефть-АЗС-003,50.0,252,0,0,1,16,5,61.05661241479747,total_fuel_sales,Продажи топлива,baseline_hgb_v2
2023-12-16 16:00:00,3,Татнефть-АЗС-004,47.0,180,1,1,1,16,5,45.90780286550624,total_fuel_sales,Продажи топлива,baseline_hgb_v2
2023-12-16 16:00:00,4,Татнефть-АЗС-005,12.0,57,0,0,1,16,5,12.681627888618735,total_fuel_sales,Продажи топлива,baseline_hgb_v2
2023-12-16 17:00:00,0,Татнефть-АЗС-001,220.0,513,0,1,0,17,5,281.2954830449067,total_fuel_sales,Продажи топлива,baseline_hgb_v2
2023-12-16 17:00:00,1,Татнефть-АЗС-002,103.0,226,0,1,0,17,5,104.79991318731169,total_fuel_sales,Продажи топлива,baseline_hgb_v2
2023-12-16 17:00:00,2,Татнефть-АЗС-003,337.0,723,0,0,1,17,5,347.39662924739355,total_fuel_sales,Продажи топлива,baseline_hgb_v2
2023-12-16 17:00:00,3,Татнефть-АЗС-004,204.0,401,0,1,1,17,5,190.56608037709682,total_fuel_sales,Продажи топлива,baseline_hgb_v2
2023-12-16 17:00:00,4,Татнефть-АЗС-005,62.0,162,0,0,1,17,5,66.66849617965397,total_fuel_sales,Продажи топлива,baseline_hgb_v2
2023-12-16 18:00:00,0,Татнефть-АЗС-001,138.0,351,0,1,0,18,5,149.22630951158223,total_fuel_sales,Продажи топлива,baseline_hgb_v2
2023-12-16 18:00:00,1,Татнефть-АЗС-002,80.0,195,1,1,0,18,5,77.87701292035092,total_fuel_sales,Продажи топлива,baseline_hgb_v2
2023-12-16 18:00:00,2,Татнефть-АЗС-003,302.0,689,0,0,1,18,5,328.91356347946515,total_fuel_sales,Продажи топлива,baseline_hgb_v2
2023-12-16 18:00:00,3,Татнефть-АЗС-004,163.0,376,0,1,1,18,5,149.56498348175793,total_fuel_sales,Продажи топлива,baseline_hgb_v2
2023-12-16 18:00:00,4,Татнефть-АЗС-005,60.0,165,0,0,1,18,5,68.56228387474906,total_fuel_sales,Продажи топлива,baseline_hgb_v2
2023-12-16 19:00:00,0,Татнефть-АЗС-001,256.0,494,1,1,0,19,5,263.2292374516581,total_fuel_sales,Продажи топлива,baseline_hgb_v2
2023-12-16 19:00:00,1,Татнефть-АЗС-002,101.0,236,0,1,0,19,5,110.27364984801656,total_fuel_sales,Продажи топлива,baseline_hgb_v2
2023-12-16 19:00:00,2,Татнефть-АЗС-003,200.0,583,0,0,1,19,5,236.473701530093,total_fuel_sales,Продажи топлива,baseline_hgb_v2
2023-12-16 19:00:00,3,Татнефть-АЗС-004,198.0,445,0,1,1,19,5,227.81138753151083,total_fuel_sales,Продажи топлива,baseline_hgb_v2
2023-12-16 19:00:00,4,Татнефть-АЗС-005,33.0,109,0,0,1,19,5,35.96588017514071,total_fuel_sales,Продажи топлива,baseline_hgb_v2
2023-12-16 20:00:00,0,Татнефть-АЗС-001,39.0,173,0,1,0,20,5,43.2637372820593,total_fuel_sales,Продажи топлива,baseline_hgb_v2
2023-12-16 20:00:00,1,Татнефть-АЗС-002,12.0,62,1,1,0,20,5,12.261517183754156,total_fuel_sales,Продажи топлива,baseline_hgb_v2
2023-12-16 20:00:00,2,Татнефть-АЗС-003,37.0,209,0,0,1,20,5,45.72954313881272,total_fuel_sales,Продажи топлива,baseline_hgb_v2
2023-12-16 20:00:00,3,Татнефть-АЗС-004,21.0,119,1,1,1,20,5,24.769753172358744,total_fuel_sales,Продажи топлива,baseline_hgb_v2
2023-12-16 20:00:00,4,Татнефть-АЗС-005,13.0,64,1,0,1,20,5,14.476943685769847,total_fuel_sales,Продажи топлива,baseline_hgb_v2
2023-12-16 21:00:00,0,Татнефть-АЗС-001,43.0,183,0,1,0,21,5,46.674847026543695,total_fuel_sales,Продажи топлива,baseline_hgb_v2
2023-12-16 21:00:00,1,Татнефть-АЗС-002,8.0,47,1,1,0,21,5,10.62694057001687,total_fuel_sales,Продажи топлива,baseline_hgb_v2
2023-12-16 21:00:00,2,Татнефть-АЗС-003,21.0,101,1,0,1,21,5,18.986512005441256,total_fuel_sales,Продажи топлива,baseline_hgb_v2
2023-12-16 21:00:00,3,Татнефть-АЗС-004,41.0,170,0,1,1,21,5,42.255833751572546,total_fuel_sales,Продажи топлива,baseline_hgb_v2
2023-12-16 21:00:00,4,Татнефть-АЗС-005,7.0,41,0,0,1,21,5,8.824956357096879,total_fuel_sales,Продажи топлива,baseline_hgb_v2
2023-12-16 22:00:00,0,Татнефть-АЗС-001,8.0,37,0,1,0,22,5,9.001240854064598,total_fuel_sales,Продажи топлива,baseline_hgb_v2
2023-12-16 22:00:00,1,Татнефть-АЗС-002,2.0,10,0,1,0,22,5,2.5154466817149643,total_fuel_sales,Продажи топлива,baseline_hgb_v2
2023-12-16 22:00:00,2,Татнефть-АЗС-003,8.0,33,0,0,1,22,5,6.973510938677942,total_fuel_sales,Продажи топлива,baseline_hgb_v2
2023-12-16 22:00:00,3,Татнефть-АЗС-004,8.0,36,1,1,1,22,5,7.078342707905858,total_fuel_sales,Продажи топлива,baseline_hgb_v2
2023-12-16 22:00:00,4,Татнефть-АЗС-005,2.0,12,0,0,1,22,5,2.645220707886748,total_fuel_sales,Продажи топлива,baseline_hgb_v2
2023-12-16 23:00:00,0,Татнефть-АЗС-001,4.0,26,0,1,0,23,5,3.4994288968980736,total_fuel_sales,Продажи топлива,baseline_hgb_v2
2023-12-16 23:00:00,1,Татнефть-АЗС-002,2.0,13,0,1,0,23,5,2.5154466817149643,total_fuel_sales,Продажи топлива,baseline_hgb_v2
2023-12-16 23:00:00,2,Татнефть-АЗС-003,8.0,37,1,0,1,23,5,8.397229908865135,total_fuel_sales,Продажи топлива,baseline_hgb_v2
2023-12-16 23:00:00,3,Татнефть-АЗС-004,8.0,34,1,1,1,23,5,7.745759530378822,total_fuel_sales,Продажи топлива,baseline_hgb_v2
2023-12-16 23:00:00,4,Татнефть-АЗС-005,0.0,7,0,0,1,23,5,1.6305359359616327,total_fuel_sales,Продажи топлива,baseline_hgb_v2
2023-12-17 00:00:00,0,Татнефть-АЗС-001,5.0,29,0,1,0,0,6,5.573736392788817,total_fuel_sales,Продажи топлива,baseline_hgb_v2
2023-12-17 00:00:00,1,Татнефть-АЗС-002,2.0,13,0,1,0,0,6,3.0769741823124077,total_fuel_sales,Продажи топлива,baseline_hgb_v2
2023-12-17 00:00:00,2,Татнефть-АЗС-003,8.0,31,1,0,1,0,6,6.420896705674559,total_fuel_sales,Продажи топлива,baseline_hgb_v2
2023-12-17 00:00:00,3,Татнефть-АЗС-004,8.0,31,0,1,1,0,6,7.198037073432274,total_fuel_sales,Продажи топлива,baseline_hgb_v2
2023-12-17 00:00:00,4,Татнефть-АЗС-005,2.0,12,1,0,1,0,6,2.522642304558978,total_fuel_sales,Продажи топлива,baseline_hgb_v2
2023-12-17 01:00:00,0,Татнефть-АЗС-001,3.0,28,1,1,0,1,6,4.879781512121864,total_fuel_sales,Продажи топлива,baseline_hgb_v2
2023-12-17 01:00:00,1,Татнефть-АЗС-002,2.0,8,0,1,0,1,6,2.0252309040824827,total_fuel_sales,Продажи топлива,baseline_hgb_v2
2023-12-17 01:00:00,2,Татнефть-АЗС-003,12.0,43,0,0,1,1,6,10.751728904914001,total_fuel_sales,Продажи топлива,baseline_hgb_v2
2023-12-17 01:00:00,3,Татнефть-АЗС-004,8.0,35,0,1,1,1,6,7.99420435354211,total_fuel_sales,Продажи топлива,baseline_hgb_v2
2023-12-17 01:00:00,4,Татнефть-АЗС-005,2.0,14,0,0,1,1,6,2.522642304558978,total_fuel_sales,Продажи топлива,baseline_hgb_v2
2023-12-17 02:00:00,0,Татнефть-АЗС-001,3.0,23,0,1,0,2,6,2.9424873999870806,total_fuel_sales,Продажи топлива,baseline_hgb_v2
2023-12-17 02:00:00,1,Татнефть-АЗС-002,2.0,11,1,1,0,2,6,3.0769741823124077,total_fuel_sales,Продажи топлива,baseline_hgb_v2
2023-12-17 02:00:00,2,Татнефть-АЗС-003,3.0,26,1,0,1,2,6,3.673901026284918,total_fuel_sales,Продажи топлива,baseline_hgb_v2
2023-12-17 02:00:00,3,Татнефть-АЗС-004,3.0,26,0,1,1,2,6,3.5106713724594374,total_fuel_sales,Продажи топлива,baseline_hgb_v2
2023-12-17 02:00:00,4,Татнефть-АЗС-005,2.0,10,0,0,1,2,6,2.3939544030450004,total_fuel_sales,Продажи топлива,baseline_hgb_v2
2023-12-17 03:00:00,0,Татнефть-АЗС-001,3.0,24,1,1,0,3,6,2.9424873999870806,total_fuel_sales,Продажи топлива,baseline_hgb_v2
2023-12-17 03:00:00,1,Татнефть-АЗС-002,2.0,11,0,1,0,3,6,3.0769741823124077,total_fuel_sales,Продажи топлива,baseline_hgb_v2
2023-12-17 03:00:00,2,Татнефть-АЗС-003,4.0,26,0,0,1,3,6,3.673901026284918,total_fuel_sales,Продажи топлива,baseline_hgb_v2
2023-12-17 03:00:00,3,Татнефть-АЗС-004,12.0,38,1,1,1,3,6,9.295846412527995,total_fuel_sales,Продажи топлива,baseline_hgb_v2
2023-12-17 03:00:00,4,Татнефть-АЗС-005,2.0,11,1,0,1,3,6,2.522642304558978,total_fuel_sales,Продажи топлива,baseline_hgb_v2
2023-12-17 04:00:00,0,Татнефть-АЗС-001,8.0,38,0,1,0,4,6,9.751381701914221,total_fuel_sales,Продажи топлива,baseline_hgb_v2
2023-12-17 04:00:00,1,Татнефть-АЗС-002,2.0,13,1,1,0,4,6,3.052759555991028,total_fuel_sales,Продажи топлива,baseline_hgb_v2
2023-12-17 04:00:00,2,Татнефть-АЗС-003,2.0,23,1,0,1,4,6,2.736684416085086,total_fuel_sales,Продажи топлива,baseline_hgb_v2
2023-12-17 04:00:00,3,Татнефть-АЗС-004,4.0,25,1,1,1,4,6,3.5106713724594374,total_fuel_sales,Продажи топлива,baseline_hgb_v2
2023-12-17 04:00:00,4,Татнефть-АЗС-005,2.0,12,0,0,1,4,6,2.498427678237598,total_fuel_sales,Продажи топлива,baseline_hgb_v2
2023-12-17 05:00:00,0,Татнефть-АЗС-001,12.0,37,0,1,0,5,6,9.29087599751047,total_fuel_sales,Продажи топлива,baseline_hgb_v2
2023-12-17 05:00:00,1,Татнефть-АЗС-002,2.0,13,0,1,0,5,6,3.0769741823124077,total_fuel_sales,Продажи топлива,baseline_hgb_v2
2023-12-17 05:00:00,2,Татнефть-АЗС-003,3.0,26,0,0,1,5,6,3.673901026284918,total_fuel_sales,Продажи топлива,baseline_hgb_v2
2023-12-17 05:00:00,3,Татнефть-АЗС-004,8.0,31,1,1,1,5,6,6.125044007913813,total_fuel_sales,Продажи топлива,baseline_hgb_v2
2023-12-17 05:00:00,4,Татнефть-АЗС-005,2.0,13,0,0,1,5,6,2.522642304558978,total_fuel_sales,Продажи топлива,baseline_hgb_v2
2023-12-17 06:00:00,0,Татнефть-АЗС-001,27.0,119,0,1,0,6,6,25.92098111862165,total_fuel_sales,Продажи топлива,baseline_hgb_v2
2023-12-17 06:00:00,1,Татнефть-АЗС-002,8.0,40,0,1,0,6,6,8.64066981199206,total_fuel_sales,Продажи топлива,baseline_hgb_v2
2023-12-17 06:00:00,2,Татнефть-АЗС-003,20.0,122,0,0,1,6,6,23.634239941306024,total_fuel_sales,Продажи топлива,baseline_hgb_v2
2023-12-17 06:00:00,3,Татнефть-АЗС-004,80.0,301,1,1,1,6,6,79.14159808245235,total_fuel_sales,Продажи топлива,baseline_hgb_v2
2023-12-17 06:00:00,4,Татнефть-АЗС-005,21.0,96,0,0,1,6,6,24.040067988245315,total_fuel_sales,Продажи топлива,baseline_hgb_v2
2023-12-17 07:00:00,0,Татнефть-АЗС-001,116.0,308,0,1,0,7,6,128.626484692309,total_fuel_sales,Продажи топлива,baseline_hgb_v2
2023-12-17 07:00:00,1,Татнефть-АЗС-002,70.0,139,0,1,0,7,6,58.87759523085888,total_fuel_sales,Продажи топлива,baseline_hgb_v2
2023-12-17 07:00:00,2,Татнефть-АЗС-003,215.0,477,1,0,1,7,6,235.98506892939162,total_fuel_sales,Продажи топлива,baseline_hgb_v2
2023-12-17 07:00:00,3,Татнефть-АЗС-004,284.0,635,0,1,1,7,6,328.6570498751819,total_fuel_sales,Продажи топлива,baseline_hgb_v2
2023-12-17 07:00:00,4,Татнефть-АЗС-005,41.0,141,0,0,1,7,6,49.443768800284275,total_fuel_sales,Продажи топлива,baseline_hgb_v2
2023-12-17 08:00:00,0,Татнефть-АЗС-001,206.0,441,0,1,0,8,6,239.12594179741097,total_fuel_sales,Продажи топлива,baseline_hgb_v2
2023-12-17 08:00:00,1,Татнефть-АЗС-002,64.0,145,0,1,0,8,6,60.11083537268003,total_fuel_sales,Продажи топлива,baseline_hgb_v2
2023-12-17 08:00:00,2,Татнефть-АЗС-003,183.0,434,0,0,1,8,6,211.01586684431135,total_fuel_sales,Продажи топлива,baseline_hgb_v2
2023-12-17 08:00:00,3,Татнефть-АЗС-004,163.0,459,0,1,1,8,6,184.10202478603784,total_fuel_sales,Продажи топлива,baseline_hgb_v2
2023-12-17 08:00:00,4,Татнефть-АЗС-005,43.0,138,0,0,1,8,6,50.08985074475706,total_fuel_sales,Продажи топлива,baseline_hgb_v2
2023-12-17 09:00:00,0,Татнефть-АЗС-001,206.0,437,0,1,0,9,6,228.6032863386982,total_fuel_sales,Продажи топлива,baseline_hgb_v2
2023-12-17 09:00:00,1,Татнефть-АЗС-002,38.0,95,1,1,0,9,6,34.59810993650666,total_fuel_sales,Продажи топлива,baseline_hgb_v2
2023-12-17 09:00:00,2,Татнефть-АЗС-003,179.0,461,0,0,1,9,6,229.28764011238022,total_fuel_sales,Продажи топлива,baseline_hgb_v2
2023-12-17 09:00:00,3,Татнефть-АЗС-004,172.0,435,0,1,1,9,6,168.7521535049538,total_fuel_sales,Продажи топлива,baseline_hgb_v2
2023-12-17 09:00:00,4,Татнефть-АЗС-005,103.0,248,0,0,1,9,6,110.03503693105554,total_fuel_sales,Продажи топлива,baseline_hgb_v2
2023-12-17 10:00:00,0,Татнефть-АЗС-001,50.0,187,1,1,0,10,6,49.419174400543035,total_fuel_sales,Продажи топлива,baseline_hgb_v2
2023-12-17 10:00:00,1,Татнефть-АЗС-002,12.0,58,0,1,0,10,6,13.336804058502846,total_fuel_sales,Продажи топлива,baseline_hgb_v2
2023-12-17 10:00:00,2,Татнефть-АЗС-003,21.0,117,0,0,1,10,6,22.654495591407645,total_fuel_sales,Продажи топлива,baseline_hgb_v2
2023-12-17 10:00:00,3,Татнефть-АЗС-004,83.0,308,1,1,1,10,6,85.03482149467038,total_fuel_sales,Продажи топлива,baseline_hgb_v2
2023-12-17 10:00:00,4,Татнефть-АЗС-005,9.0,58,0,0,1,10,6,11.411405983811749,total_fuel_sales,Продажи топлива,baseline_hgb_v2
2023-12-17 11:00:00,0,Татнефть-АЗС-001,27.0,147,0,1,0,11,6,33.44615594260354,total_fuel_sales,Продажи топлива,baseline_hgb_v2
2023-12-17 11:00:00,1,Татнефть-АЗС-002,13.0,57,0,1,0,11,6,13.336804058502846,total_fuel_sales,Продажи топлива,baseline_hgb_v2
2023-12-17 11:00:00,2,Татнефть-АЗС-003,19.0,110,1,0,1,11,6,21.527829451652472,total_fuel_sales,Продажи топлива,baseline_hgb_v2
2023-12-17 11:00:00,3,Татнефть-АЗС-004,45.0,181,0,1,1,11,6,46.39535601114939,total_fuel_sales,Продажи топлива,baseline_hgb_v2
2023-12-17 11:00:00,4,Татнефть-АЗС-005,12.0,62,0,0,1,11,6,13.044359318344531,total_fuel_sales,Продажи топлива,baseline_hgb_v2
2023-12-17 12:00:00,0,Татнефть-АЗС-001,49.0,134,0,1,0,12,6,46.11946215053511,total_fuel_sales,Продажи топлива,baseline_hgb_v2
2023-12-17 12:00:00,1,Татнефть-АЗС-002,21.0,52,1,1,0,12,6,18.03357827237846,total_fuel_sales,Продажи топлива,baseline_hgb_v2
2023-12-17 12:00:00,2,Татнефть-АЗС-003,71.0,189,1,0,1,12,6,78.2769781866203,total_fuel_sales,Продажи топлива,baseline_hgb_v2
2023-12-17 12:00:00,3,Татнефть-АЗС-004,61.0,145,0,1,1,12,6,59.12730790154935,total_fuel_sales,Продажи топлива,baseline_hgb_v2
2023-12-17 12:00:00,4,Татнефть-АЗС-005,9.0,33,0,0,1,12,6,8.52167479630825,total_fuel_sales,Продажи топлива,baseline_hgb_v2
2023-12-17 13:00:00,0,Татнефть-АЗС-001,62.0,168,0,1,0,13,6,72.46408926404744,total_fuel_sales,Продажи топлива,baseline_hgb_v2
2023-12-17 13:00:00,1,Татнефть-АЗС-002,12.0,42,0,1,0,13,6,12.96114436887235,total_fuel_sales,Продажи топлива,baseline_hgb_v2
2023-12-17 13:00:00,2,Татнефть-АЗС-003,40.0,130,1,0,1,13,6,41.382462094193926,total_fuel_sales,Продажи топлива,baseline_hgb_v2
2023-12-17 13:00:00,3,Татнефть-АЗС-004,78.0,161,0,1,1,13,6,69.56107886697586,total_fuel_sales,Продажи топлива,baseline_hgb_v2
2023-12-17 13:00:00,4,Татнефть-АЗС-005,11.0,38,0,0,1,13,6,10.685969746683767,total_fuel_sales,Продажи топлива,baseline_hgb_v2
2023-12-17 14:00:00,0,Татнефть-АЗС-001,97.0,221,1,1,0,14,6,99.6305973343687,total_fuel_sales,Продажи топлива,baseline_hgb_v2
2023-12-17 14:00:00,1,Татнефть-АЗС-002,19.0,56,0,1,0,14,6,18.03357827237846,total_fuel_sales,Продажи топлива,baseline_hgb_v2
2023-12-17 14:00:00,2,Татнефть-АЗС-003,62.0,169,0,0,1,14,6,66.4040628640717,total_fuel_sales,Продажи топлива,baseline_hgb_v2
2023-12-17 14:00:00,3,Татнефть-АЗС-004,47.0,128,1,1,1,14,6,45.68361344405919,total_fuel_sales,Продажи топлива,baseline_hgb_v2
2023-12-17 14:00:00,4,Татнефть-АЗС-005,21.0,62,0,0,1,14,6,22.22672330872078,total_fuel_sales,Продажи топлива,baseline_hgb_v2
2023-12-17 15:00:00,0,Татнефть-АЗС-001,39.0,166,0,1,0,15,6,41.084493234915186,total_fuel_sales,Продажи топлива,baseline_hgb_v2
2023-12-17 15:00:00,1,Татнефть-АЗС-002,12.0,55,0,1,0,15,6,12.16802061428999,total_fuel_sales,Продажи топлива,baseline_hgb_v2
2023-12-17 15:00:00,2,Татнефть-АЗС-003,23.0,126,0,0,1,15,6,24.33143687898545,total_fuel_sales,Продажи топлива,baseline_hgb_v2
2023-12-17 15:00:00,3,Татнефть-АЗС-004,43.0,173,1,1,1,15,6,42.93507908611036,total_fuel_sales,Продажи топлива,baseline_hgb_v2
2023-12-17 15:00:00,4,Татнефть-АЗС-005,6.0,39,0,0,1,15,6,7.657598138907399,total_fuel_sales,Продажи топлива,baseline_hgb_v2
2023-12-17 16:00:00,0,Татнефть-АЗС-001,27.0,123,0,1,0,16,6,25.399112750677475,total_fuel_sales,Продажи топлива,baseline_hgb_v2
2023-12-17 16:00:00,1,Татнефть-АЗС-002,18.0,88,0,1,0,16,6,22.643939008833115,total_fuel_sales,Продажи топлива,baseline_hgb_v2
2023-12-17 16:00:00,2,Татнефть-АЗС-003,35.0,196,0,0,1,16,6,40.929914776765955,total_fuel_sales,Продажи топлива,baseline_hgb_v2
2023-12-17 16:00:00,3,Татнефть-АЗС-004,23.0,122,0,1,1,16,6,24.769753172358744,total_fuel_sales,Продажи топлива,baseline_hgb_v2
2023-12-17 16:00:00,4,Татнефть-АЗС-005,7.0,43,0,0,1,16,6,9.249353804636938,total_fuel_sales,Продажи топлива,baseline_hgb_v2
2023-12-17 17:00:00,0,Татнефть-АЗС-001,172.0,388,0,1,0,17,6,161.01677154578826,total_fuel_sales,Продажи топлива,baseline_hgb_v2
2023-12-17 17:00:00,1,Татнефть-АЗС-002,105.0,249,0,1,0,17,6,118.10893250493243,total_fuel_sales,Продажи топлива,baseline_hgb_v2
2023-12-17 17:00:00,2,Татнефть-АЗС-003,198.0,509,0,0,1,17,6,207.62750839703847,total_fuel_sales,Продажи топлива,baseline_hgb_v2
2023-12-17 17:00:00,3,Татнефть-АЗС-004,107.0,303,1,1,1,17,6,114.81646310580328,total_fuel_sales,Продажи топлива,baseline_hgb_v2
2023-12-17 17:00:00,4,Татнефть-АЗС-005,73.0,168,0,0,1,17,6,68.90920350924037,total_fuel_sales,Продажи топлива,baseline_hgb_v2
2023-12-17 18:00:00,0,Татнефть-АЗС-001,254.0,469,0,1,0,18,6,247.67188484247765,total_fuel_sales,Продажи топлива,baseline_hgb_v2
2023-12-17 18:00:00,1,Татнефть-АЗС-002,124.0,242,0,1,0,18,6,109.47768429423677,total_fuel_sales,Продажи топлива,baseline_hgb_v2
2023-12-17 18:00:00,2,Татнефть-АЗС-003,336.0,685,0,0,1,18,6,309.9903578076159,total_fuel_sales,Продажи топлива,baseline_hgb_v2
2023-12-17 18:00:00,3,Татнефть-АЗС-004,132.0,378,1,1,1,18,6,148.62860472798513,total_fuel_sales,Продажи топлива,baseline_hgb_v2
2023-12-17 18:00:00,4,Татнефть-АЗС-005,58.0,151,0,0,1,18,6,59.53999981376143,total_fuel_sales,Продажи топлива,baseline_hgb_v2
2023-12-17 19:00:00,0,Татнефть-АЗС-001,239.0,491,0,1,0,19,6,261.8514555212123,total_fuel_sales,Продажи топлива,baseline_hgb_v2
2023-12-17 19:00:00,1,Татнефть-АЗС-002,132.0,275,0,1,0,19,6,130.0067413640066,total_fuel_sales,Продажи топлива,baseline_hgb_v2
2023-12-17 19:00:00,2,Татнефть-АЗС-003,298.0,713,0,0,1,19,6,328.2943471814396,total_fuel_sales,Продажи топлива,baseline_hgb_v2
2023-12-17 19:00:00,3,Татнефть-АЗС-004,225.0,529,0,1,1,19,6,284.3237946068257,total_fuel_sales,Продажи топлива,baseline_hgb_v2
2023-12-17 19:00:00,4,Татнефть-АЗС-005,50.0,143,1,0,1,19,6,53.60022320179315,total_fuel_sales,Продажи топлива,baseline_hgb_v2
2023-12-17 20:00:00,0,Татнефть-АЗС-001,23.0,134,0,1,0,20,6,28.682190368584134,total_fuel_sales,Продажи топлива,baseline_hgb_v2
2023-12-17 20:00:00,1,Татнефть-АЗС-002,9.0,57,0,1,0,20,6,11.557694849991048,total_fuel_sales,Продажи топлива,baseline_hgb_v2
2023-12-17 20:00:00,2,Татнефть-АЗС-003,61.0,291,1,0,1,20,6,69.13570926475492,total_fuel_sales,Продажи топлива,baseline_hgb_v2
2023-12-17 20:00:00,3,Татнефть-АЗС-004,37.0,156,0,1,1,20,6,35.950031644910034,total_fuel_sales,Продажи топлива,baseline_hgb_v2
2023-12-17 20:00:00,4,Татнефть-АЗС-005,9.0,54,0,0,1,20,6,12.214352382757053,total_fuel_sales,Продажи топлива,baseline_hgb_v2
2023-12-17 21:00:00,0,Татнефть-АЗС-001,41.0,183,1,1,0,21,6,46.37154705190115,total_fuel_sales,Продажи топлива,baseline_hgb_v2
2023-12-17 21:00:00,1,Татнефть-АЗС-002,7.0,43,1,1,0,21,6,9.00218891619877,total_fuel_sales,Продажи топлива,baseline_hgb_v2
2023-12-17 21:00:00,2,Татнефть-АЗС-003,33.0,164,1,0,1,21,6,37.19477830455652,total_fuel_sales,Продажи топлива,baseline_hgb_v2
2023-12-17 21:00:00,3,Татнефть-АЗС-004,34.0,148,1,1,1,21,6,33.562657788180104,total_fuel_sales,Продажи топлива,baseline_hgb_v2
2023-12-17 21:00:00,4,Татнефть-АЗС-005,6.0,38,1,0,1,21,6,7.480349091911655,total_fuel_sales,Продажи топлива,baseline_hgb_v2
2023-12-17 22:00:00,0,Татнефть-АЗС-001,8.0,32,0,1,0,22,6,6.286539433203761,total_fuel_sales,Продажи топлива,baseline_hgb_v2
2023-12-17 22:00:00,1,Татнефть-АЗС-002,0.0,7,0,1,0,22,6,1.3833710475234613,total_fuel_sales,Продажи топлива,baseline_hgb_v2
2023-12-17 22:00:00,2,Татнефть-АЗС-003,4.0,26,0,0,1,22,6,3.2920879566215944,total_fuel_sales,Продажи топлива,baseline_hgb_v2
2023-12-17 22:00:00,3,Татнефть-АЗС-004,3.0,28,0,1,1,22,6,4.309580703123729,total_fuel_sales,Продажи топлива,baseline_hgb_v2
2023-12-17 22:00:00,4,Татнефть-АЗС-005,0.0,7,0,0,1,22,6,1.6305359359616327,total_fuel_sales,Продажи топлива,baseline_hgb_v2
2023-12-17 23:00:00,0,Татнефть-АЗС-001,4.0,23,0,1,0,23,6,2.5622122866982413,total_fuel_sales,Продажи топлива,baseline_hgb_v2
2023-12-17 23:00:00,1,Татнефть-АЗС-002,2.0,12,1,1,0,23,6,2.5154466817149643,total_fuel_sales,Продажи топлива,baseline_hgb_v2
2023-12-17 23:00:00,2,Татнефть-АЗС-003,4.0,27,1,0,1,23,6,4.292165458556544,total_fuel_sales,Продажи топлива,baseline_hgb_v2
2023-12-17 23:00:00,3,Татнефть-АЗС-004,3.0,27,0,1,1,23,6,4.309580703123729,total_fuel_sales,Продажи топлива,baseline_hgb_v2
2023-12-17 23:00:00,4,Татнефть-АЗС-005,2.0,13,0,0,1,23,6,2.645220707886748,total_fuel_sales,Продажи топлива,baseline_hgb_v2
2023-12-18 00:00:00,0,Татнефть-АЗС-001,8.0,27,0,1,0,0,0,6.372884197242256,total_fuel_sales,Продажи топлива,baseline_hgb_v2
2023-12-18 00:00:00,1,Татнефть-АЗС-002,2.0,12,0,1,0,0,0,3.395622462790008,total_fuel_sales,Продажи топлива,baseline_hgb_v2
2023-12-18 00:00:00,2,Татнефть-АЗС-003,5.0,29,0,0,1,0,0,6.68747626214221,total_fuel_sales,Продажи топлива,baseline_hgb_v2
2023-12-18 00:00:00,3,Татнефть-АЗС-004,8.0,33,0,1,1,0,0,7.539446534535947,total_fuel_sales,Продажи топлива,baseline_hgb_v2
2023-12-18 00:00:00,4,Татнефть-АЗС-005,2.0,18,0,0,1,0,0,3.3782387320847205,total_fuel_sales,Продажи топлива,baseline_hgb_v2
2023-12-18 01:00:00,0,Татнефть-АЗС-001,8.0,29,0,1,0,1,0,6.230388812965542,total_fuel_sales,Продажи топлива,baseline_hgb_v2
2023-12-18 01:00:00,1,Татнефть-АЗС-002,2.0,8,0,1,0,1,0,2.484815470984791,total_fuel_sales,Продажи топлива,baseline_hgb_v2
2023-12-18 01:00:00,2,Татнефть-АЗС-003,8.0,32,0,0,1,1,0,7.607816514994679,total_fuel_sales,Продажи топлива,baseline_hgb_v2
2023-12-18 01:00:00,3,Татнефть-АЗС-004,8.0,28,1,1,1,1,0,5.081331665305141,total_fuel_sales,Продажи топлива,baseline_hgb_v2
2023-12-18 01:00:00,4,Татнефть-АЗС-005,2.0,14,0,0,1,1,0,2.90520607084546,total_fuel_sales,Продажи топлива,baseline_hgb_v2
2023-12-18 02:00:00,0,Татнефть-АЗС-001,4.0,20,0,1,0,2,0,2.905681419558912,total_fuel_sales,Продажи топлива,baseline_hgb_v2
2023-12-18 02:00:00,1,Татнефть-АЗС-002,2.0,10,0,1,0,2,0,2.484815470984791,total_fuel_sales,Продажи топлива,baseline_hgb_v2
2023-12-18 02:00:00,2,Татнефть-АЗС-003,3.0,22,0,0,1,2,0,2.54903639068585,total_fuel_sales,Продажи топлива,baseline_hgb_v2
2023-12-18 02:00:00,3,Татнефть-АЗС-004,2.0,20,0,1,1,2,0,2.450579152565464,total_fuel_sales,Продажи топлива,baseline_hgb_v2
2023-12-18 02:00:00,4,Татнефть-АЗС-005,2.0,11,0,0,1,2,0,2.062362509743441,total_fuel_sales,Продажи топлива,baseline_hgb_v2
2023-12-18 03:00:00,0,Татнефть-АЗС-001,4.0,24,0,1,0,3,0,3.3787140807981735,total_fuel_sales,Продажи топлива,baseline_hgb_v2
2023-12-18 03:00:00,1,Татнефть-АЗС-002,3.0,18,1,1,0,3,0,3.868655124029272,total_fuel_sales,Продажи топлива,baseline_hgb_v2
2023-12-18 03:00:00,2,Татнефть-АЗС-003,8.0,34,1,0,1,3,0,8.203874702952744,total_fuel_sales,Продажи топлива,baseline_hgb_v2
2023-12-18 03:00:00,3,Татнефть-АЗС-004,4.0,23,0,1,1,3,0,2.9236118138047256,total_fuel_sales,Продажи топлива,baseline_hgb_v2
2023-12-18 03:00:00,4,Татнефть-АЗС-005,2.0,11,0,0,1,3,0,2.062362509743441,total_fuel_sales,Продажи топлива,baseline_hgb_v2
2023-12-18 04:00:00,0,Татнефть-АЗС-001,8.0,35,0,1,0,4,0,8.721154140455333,total_fuel_sales,Продажи топлива,baseline_hgb_v2
2023-12-18 04:00:00,1,Татнефть-АЗС-002,2.0,13,0,1,0,4,0,3.371407836468628,total_fuel_sales,Продажи топлива,baseline_hgb_v2
2023-12-18 04:00:00,2,Татнефть-АЗС-003,8.0,28,0,0,1,4,0,5.86483347996128,total_fuel_sales,Продажи топлива,baseline_hgb_v2
2023-12-18 04:00:00,3,Татнефть-АЗС-004,8.0,31,1,1,1,4,0,7.539446534535947,total_fuel_sales,Продажи топлива,baseline_hgb_v2
2023-12-18 04:00:00,4,Татнефть-АЗС-005,2.0,10,1,0,1,4,0,2.062362509743441,total_fuel_sales,Продажи топлива,baseline_hgb_v2
2023-12-18 05:00:00,0,Татнефть-АЗС-001,8.0,33,1,1,0,5,0,7.987179330761677,total_fuel_sales,Продажи топлива,baseline_hgb_v2
2023-12-18 05:00:00,1,Татнефть-АЗС-002,2.0,10,1,1,0,5,0,2.484815470984791,total_fuel_sales,Продажи топлива,baseline_hgb_v2
2023-12-18 05:00:00,2,Татнефть-АЗС-003,8.0,32,0,0,1,5,0,7.479128613480701,total_fuel_sales,Продажи топлива,baseline_hgb_v2
2023-12-18 05:00:00,3,Татнефть-АЗС-004,3.0,23,1,1,1,5,0,2.9236118138047256,total_fuel_sales,Продажи топлива,baseline_hgb_v2
2023-12-18 05:00:00,4,Татнефть-АЗС-005,2.0,15,1,0,1,5,0,2.90520607084546,total_fuel_sales,Продажи топлива,baseline_hgb_v2
2023-12-18 06:00:00,0,Татнефть-АЗС-001,35.0,148,0,1,0,6,0,36.97424331842678,total_fuel_sales,Продажи топлива,baseline_hgb_v2
2023-12-18 06:00:00,1,Татнефть-АЗС-002,17.0,67,0,1,0,6,0,16.649491471909883,total_fuel_sales,Продажи топлива,baseline_hgb_v2
2023-12-18 06:00:00,2,Татнефть-АЗС-003,39.0,152,1,0,1,6,0,34.927329747210116,total_fuel_sales,Продажи топлива,baseline_hgb_v2
2023-12-18 06:00:00,3,Татнефть-АЗС-004,30.0,139,0,1,1,6,0,31.988782021087165,total_fuel_sales,Продажи топлива,baseline_hgb_v2
2023-12-18 06:00:00,4,Татнефть-АЗС-005,14.0,76,0,0,1,6,0,17.945072164368497,total_fuel_sales,Продажи топлива,baseline_hgb_v2
2023-12-18 07:00:00,0,Татнефть-АЗС-001,104.0,256,0,1,0,7,0,100.284981617522,total_fuel_sales,Продажи топлива,baseline_hgb_v2
2023-12-18 07:00:00,1,Татнефть-АЗС-002,80.0,156,0,1,0,7,0,78.74640411301237,total_fuel_sales,Продажи топлива,baseline_hgb_v2
2023-12-18 07:00:00,2,Татнефть-АЗС-003,80.0,256,0,0,1,7,0,90.51669967700585,total_fuel_sales,Продажи топлива,baseline_hgb_v2
2023-12-18 07:00:00,3,Татнефть-АЗС-004,315.0,665,0,1,1,7,0,358.0847580978771,total_fuel_sales,Продажи топлива,baseline_hgb_v2
2023-12-18 07:00:00,4,Татнефть-АЗС-005,73.0,214,0,0,1,7,0,84.80118089368271,total_fuel_sales,Продажи топлива,baseline_hgb_v2
2023-12-18 08:00:00,0,Татнефть-АЗС-001,105.0,267,0,1,0,8,0,107.95889400380202,total_fuel_sales,Продажи топлива,baseline_hgb_v2
2023-12-18 08:00:00,1,Татнефть-АЗС-002,49.0,131,0,1,0,8,0,54.54080435913348,total_fuel_sales,Продажи топлива,baseline_hgb_v2
2023-12-18 08:00:00,2,Татнефть-АЗС-003,130.0,342,1,0,1,8,0,153.91120407296572,total_fuel_sales,Продажи топлива,baseline_hgb_v2
2023-12-18 08:00:00,3,Татнефть-АЗС-004,146.0,384,1,1,1,8,0,165.12261478358235,total_fuel_sales,Продажи топлива,baseline_hgb_v2
2023-12-18 08:00:00,4,Татнефть-АЗС-005,69.0,191,0,0,1,8,0,76.15991510395317,total_fuel_sales,Продажи топлива,baseline_hgb_v2
2023-12-18 09:00:00,0,Татнефть-АЗС-001,105.0,242,0,1,0,9,0,99.13326177602089,total_fuel_sales,Продажи топлива,baseline_hgb_v2
2023-12-18 09:00:00,1,Татнефть-АЗС-002,101.0,202,0,1,0,9,0,101.24304977478914,total_fuel_sales,Продажи топлива,baseline_hgb_v2
2023-12-18 09:00:00,2,Татнефть-АЗС-003,91.0,262,1,0,1,9,0,96.86897557542697,total_fuel_sales,Продажи топлива,baseline_hgb_v2
2023-12-18 09:00:00,3,Татнефть-АЗС-004,146.0,388,1,1,1,9,0,163.64780689406643,total_fuel_sales,Продажи топлива,baseline_hgb_v2
2023-12-18 09:00:00,4,Татнефть-АЗС-005,80.0,205,1,0,1,9,0,79.09227831354836,total_fuel_sales,Продажи топлива,baseline_hgb_v2
2023-12-18 10:00:00,0,Татнефть-АЗС-001,21.0,105,0,1,0,10,0,22.378769796981576,total_fuel_sales,Продажи топлива,baseline_hgb_v2
2023-12-18 10:00:00,1,Татнефть-АЗС-002,8.0,39,0,1,0,10,0,8.448757538465133,total_fuel_sales,Продажи топлива,baseline_hgb_v2
2023-12-18 10:00:00,2,Татнефть-АЗС-003,33.0,166,0,0,1,10,0,38.60742878305827,total_fuel_sales,Продажи топлива,baseline_hgb_v2
2023-12-18 10:00:00,3,Татнефть-АЗС-004,55.0,222,0,1,1,10,0,59.0677125814046,total_fuel_sales,Продажи топлива,baseline_hgb_v2
2023-12-18 10:00:00,4,Татнефть-АЗС-005,12.0,66,0,0,1,10,0,14.887090051542037,total_fuel_sales,Продажи топлива,baseline_hgb_v2
2023-12-18 11:00:00,0,Татнефть-АЗС-001,30.0,127,0,1,0,11,0,30.47064126750759,total_fuel_sales,Продажи топлива,baseline_hgb_v2
2023-12-18 11:00:00,1,Татнефть-АЗС-002,8.0,44,1,1,0,11,0,10.040513204194673,total_fuel_sales,Продажи топлива,baseline_hgb_v2
2023-12-18 11:00:00,2,Татнефть-АЗС-003,29.0,134,0,0,1,11,0,29.70947285054077,total_fuel_sales,Продажи топлива,baseline_hgb_v2
2023-12-18 11:00:00,3,Татнефть-АЗС-004,38.0,136,0,1,1,11,0,32.04675166343538,total_fuel_sales,Продажи топлива,baseline_hgb_v2
2023-12-18 11:00:00,4,Татнефть-АЗС-005,9.0,52,1,0,1,11,0,11.482888385250542,total_fuel_sales,Продажи топлива,baseline_hgb_v2
2023-12-18 12:00:00,0,Татнефть-АЗС-001,69.0,152,1,1,0,12,0,66.09130637567576,total_fuel_sales,Продажи топлива,baseline_hgb_v2
2023-12-18 12:00:00,1,Татнефть-АЗС-002,29.0,78,0,1,0,12,0,33.23492480253982,total_fuel_sales,Продажи топлива,baseline_hgb_v2
2023-12-18 12:00:00,2,Татнефть-АЗС-003,53.0,153,0,0,1,12,0,61.09811566113183,total_fuel_sales,Продажи топлива,baseline_hgb_v2
2023-12-18 12:00:00,3,Татнефть-АЗС-004,69.0,157,0,1,1,12,0,69.76855666592378,total_fuel_sales,Продажи топлива,baseline_hgb_v2
2023-12-18 12:00:00,4,Татнефть-АЗС-005,27.0,64,1,0,1,12,0,24.8403519333218,total_fuel_sales,Продажи топлива,baseline_hgb_v2
2023-12-18 13:00:00,0,Татнефть-АЗС-001,55.0,151,0,1,0,13,0,66.29975575341254,total_fuel_sales,Продажи топлива,baseline_hgb_v2
2023-12-18 13:00:00,1,Татнефть-АЗС-002,27.0,68,0,1,0,13,0,27.004136234351655,total_fuel_sales,Продажи топлива,baseline_hgb_v2
2023-12-18 13:00:00,2,Татнефть-АЗС-003,50.0,142,0,0,1,13,0,52.06247763268549,total_fuel_sales,Продажи топлива,baseline_hgb_v2
2023-12-18 13:00:00,3,Татнефть-АЗС-004,39.0,110,1,1,1,13,0,36.82670510596406,total_fuel_sales,Продажи топлива,baseline_hgb_v2
2023-12-18 13:00:00,4,Татнефть-АЗС-005,21.0,58,1,0,1,13,0,19.58441920658468,total_fuel_sales,Продажи топлива,baseline_hgb_v2
2023-12-18 14:00:00,0,Татнефть-АЗС-001,39.0,114,0,1,0,14,0,38.97788712133392,total_fuel_sales,Продажи топлива,baseline_hgb_v2
2023-12-18 14:00:00,1,Татнефть-АЗС-002,17.0,54,1,1,0,14,0,17.664809707568097,total_fuel_sales,Продажи топлива,baseline_hgb_v2
2023-12-18 14:00:00,2,Татнефть-АЗС-003,25.0,90,0,0,1,14,0,29.88706234145835,total_fuel_sales,Продажи топлива,baseline_hgb_v2
2023-12-18 14:00:00,3,Татнефть-АЗС-004,39.0,108,0,1,1,14,0,35.301923200120285,total_fuel_sales,Продажи топлива,baseline_hgb_v2
2023-12-18 14:00:00,4,Татнефть-АЗС-005,27.0,75,0,0,1,14,0,30.385236985922244,total_fuel_sales,Продажи топлива,baseline_hgb_v2
2023-12-18 15:00:00,0,Татнефть-АЗС-001,21.0,100,1,1,0,15,0,20.148125841015442,total_fuel_sales,Продажи топлива,baseline_hgb_v2
2023-12-18 15:00:00,1,Татнефть-АЗС-002,21.0,82,0,1,0,15,0,22.29013903654203,total_fuel_sales,Продажи топлива,baseline_hgb_v2
2023-12-18 15:00:00,2,Татнефть-АЗС-003,30.0,141,0,0,1,15,0,31.881950381206032,total_fuel_sales,Продажи топлива,baseline_hgb_v2
2023-12-18 15:00:00,3,Татнефть-АЗС-004,39.0,152,0,1,1,15,0,36.49924913664435,total_fuel_sales,Продажи топлива,baseline_hgb_v2
2023-12-18 15:00:00,4,Татнефть-АЗС-005,12.0,66,0,0,1,15,0,15.91549494681192,total_fuel_sales,Продажи топлива,baseline_hgb_v2
2023-12-18 16:00:00,0,Татнефть-АЗС-001,20.0,109,0,1,0,16,0,22.31868586065383,total_fuel_sales,Продажи топлива,baseline_hgb_v2
2023-12-18 16:00:00,1,Татнефть-АЗС-002,23.0,105,0,1,0,16,0,28.783112264193417,total_fuel_sales,Продажи топлива,baseline_hgb_v2
2023-12-18 16:00:00,2,Татнефть-АЗС-003,23.0,151,0,0,1,16,0,29.82522234277345,total_fuel_sales,Продажи топлива,baseline_hgb_v2
2023-12-18 16:00:00,3,Татнефть-АЗС-004,23.0,109,0,1,1,16,0,22.042690535678563,total_fuel_sales,Продажи топлива,baseline_hgb_v2
2023-12-18 16:00:00,4,Татнефть-АЗС-005,8.0,51,0,0,1,16,0,11.539311793071255,total_fuel_sales,Продажи топлива,baseline_hgb_v2
2023-12-18 17:00:00,0,Татнефть-АЗС-001,126.0,281,0,1,0,17,0,110.72472409614224,total_fuel_sales,Продажи топлива,baseline_hgb_v2
2023-12-18 17:00:00,1,Татнефть-АЗС-002,76.0,198,1,1,0,17,0,81.52770966849678,total_fuel_sales,Продажи топлива,baseline_hgb_v2
2023-12-18 17:00:00,2,Татнефть-АЗС-003,150.0,437,0,0,1,17,0,174.77792254624669,total_fuel_sales,Продажи топлива,baseline_hgb_v2
2023-12-18 17:00:00,3,Татнефть-АЗС-004,122.0,336,1,1,1,17,0,137.52868767974783,total_fuel_sales,Продажи топлива,baseline_hgb_v2
2023-12-18 17:00:00,4,Татнефть-АЗС-005,54.0,155,0,0,1,17,0,63.21251037175555,total_fuel_sales,Продажи топлива,baseline_hgb_v2
2023-12-18 18:00:00,0,Татнефть-АЗС-001,124.0,315,0,1,0,18,0,132.2410290500527,total_fuel_sales,Продажи топлива,baseline_hgb_v2
2023-12-18 18:00:00,1,Татнефть-АЗС-002,126.0,280,1,1,0,18,0,150.86170328060666,total_fuel_sales,Продажи топлива,baseline_hgb_v2
2023-12-18 18:00:00,2,Татнефть-АЗС-003,204.0,535,0,0,1,18,0,242.9481182358334,total_fuel_sales,Продажи топлива,baseline_hgb_v2
2023-12-18 18:00:00,3,Татнефть-АЗС-004,105.0,298,0,1,1,18,0,115.19291269798383,total_fuel_sales,Продажи топлива,baseline_hgb_v2
2023-12-18 18:00:00,4,Татнефть-АЗС-005,82.0,212,0,0,1,18,0,106.7975832850611,total_fuel_sales,Продажи топлива,baseline_hgb_v2
2023-12-18 19:00:00,0,Татнефть-АЗС-001,157.0,348,0,1,0,19,0,155.44304295276203,total_fuel_sales,Продажи топлива,baseline_hgb_v2
2023-12-18 19:00:00,1,Татнефть-АЗС-002,74.0,204,1,1,0,19,0,85.31425735728111,total_fuel_sales,Продажи топлива,baseline_hgb_v2
2023-12-18 19:00:00,2,Татнефть-АЗС-003,176.0,454,0,0,1,19,0,179.81879968773893,total_fuel_sales,Продажи топлива,baseline_hgb_v2
2023-12-18 19:00:00,3,Татнефть-АЗС-004,105.0,273,0,1,1,19,0,100.33225974052164,total_fuel_sales,Продажи топлива,baseline_hgb_v2
2023-12-18 19:00:00,4,Татнефть-АЗС-005,92.0,187,0,0,1,19,0,85.33295384866413,total_fuel_sales,Продажи топлива,baseline_hgb_v2
2023-12-18 20:00:00,0,Татнефть-АЗС-001,19.0,92,0,1,0,20,0,18.65337829084976,total_fuel_sales,Продажи топлива,baseline_hgb_v2
2023-12-18 20:00:00,1,Татнефть-АЗС-002,17.0,74,0,1,0,20,0,17.682745733858646,total_fuel_sales,Продажи топлива,baseline_hgb_v2
2023-12-18 20:00:00,2,Татнефть-АЗС-003,32.0,162,0,0,1,20,0,32.45433643329823,total_fuel_sales,Продажи топлива,baseline_hgb_v2
2023-12-18 20:00:00,3,Татнефть-АЗС-004,32.0,145,1,1,1,20,0,35.11661929851549,total_fuel_sales,Продажи топлива,baseline_hgb_v2
2023-12-18 20:00:00,4,Татнефть-АЗС-005,7.0,47,0,0,1,20,0,11.091484016598484,total_fuel_sales,Продажи топлива,baseline_hgb_v2
2023-12-18 21:00:00,0,Татнефть-АЗС-001,18.0,92,1,1,0,21,0,18.65337829084976,total_fuel_sales,Продажи топлива,baseline_hgb_v2
2023-12-18 21:00:00,1,Татнефть-АЗС-002,19.0,75,1,1,0,21,0,19.540264717095106,total_fuel_sales,Продажи топлива,baseline_hgb_v2
2023-12-18 21:00:00,2,Татнефть-АЗС-003,32.0,149,0,0,1,21,0,33.21749041038225,total_fuel_sales,Продажи топлива,baseline_hgb_v2
2023-12-18 21:00:00,3,Татнефть-АЗС-004,39.0,158,1,1,1,21,0,38.62487520205941,total_fuel_sales,Продажи топлива,baseline_hgb_v2
2023-12-18 21:00:00,4,Татнефть-АЗС-005,14.0,70,1,0,1,21,0,17.315278604270844,total_fuel_sales,Продажи топлива,baseline_hgb_v2
2023-12-18 22:00:00,0,Татнефть-АЗС-001,4.0,23,1,1,0,22,0,3.0201660962661157,total_fuel_sales,Продажи топлива,baseline_hgb_v2
2023-12-18 22:00:00,1,Татнефть-АЗС-002,2.0,10,1,1,0,22,0,1.8646827431825512,total_fuel_sales,Продажи топлива,baseline_hgb_v2
2023-12-18 22:00:00,2,Татнефть-АЗС-003,2.0,20,1,0,1,22,0,2.575779521071653,total_fuel_sales,Продажи топлива,baseline_hgb_v2
2023-12-18 22:00:00,3,Татнефть-АЗС-004,8.0,34,0,1,1,22,0,8.046703649823097,total_fuel_sales,Продажи топлива,baseline_hgb_v2
2023-12-18 22:00:00,4,Татнефть-АЗС-005,2.0,14,1,0,1,22,0,2.200963277405976,total_fuel_sales,Продажи топлива,baseline_hgb_v2
2023-12-18 23:00:00,0,Татнефть-АЗС-001,8.0,33,1,1,0,23,0,7.892750893028463,total_fuel_sales,Продажи топлива,baseline_hgb_v2
2023-12-18 23:00:00,1,Татнефть-АЗС-002,2.0,14,1,1,0,23,0,2.0851084825481827,total_fuel_sales,Продажи топлива,baseline_hgb_v2
2023-12-18 23:00:00,2,Татнефть-АЗС-003,4.0,27,0,0,1,23,0,4.860588168602597,total_fuel_sales,Продажи топлива,baseline_hgb_v2
2023-12-18 23:00:00,3,Татнефть-АЗС-004,3.0,22,0,1,1,23,0,2.271138110051588,total_fuel_sales,Продажи топлива,baseline_hgb_v2
2023-12-18 23:00:00,4,Татнефть-АЗС-005,2.0,15,0,0,1,23,0,3.049511602930012,total_fuel_sales,Продажи топлива,baseline_hgb_v2
2023-12-19 00:00:00,0,Татнефть-АЗС-001,8.0,30,0,1,0,0,1,7.618675774369507,total_fuel_sales,Продажи топлива,baseline_hgb_v2
2023-12-19 00:00:00,1,Татнефть-АЗС-002,2.0,11,1,1,0,0,1,2.484815470984791,total_fuel_sales,Продажи топлива,baseline_hgb_v2
2023-12-19 00:00:00,2,Татнефть-АЗС-003,8.0,36,1,0,1,0,1,8.451628863670477,total_fuel_sales,Продажи топлива,baseline_hgb_v2
2023-12-19 00:00:00,3,Татнефть-АЗС-004,3.0,21,0,1,1,0,1,2.450579152565464,total_fuel_sales,Продажи топлива,baseline_hgb_v2
2023-12-19 00:00:00,4,Татнефть-АЗС-005,2.0,15,1,0,1,0,1,2.90520607084546,total_fuel_sales,Продажи топлива,baseline_hgb_v2
2023-12-19 01:00:00,0,Татнефть-АЗС-001,3.0,24,0,1,0,1,1,3.3787140807981735,total_fuel_sales,Продажи топлива,baseline_hgb_v2
2023-12-19 01:00:00,1,Татнефть-АЗС-002,2.0,9,0,1,0,1,1,2.484815470984791,total_fuel_sales,Продажи топлива,baseline_hgb_v2
2023-12-19 01:00:00,2,Татнефть-АЗС-003,8.0,32,0,0,1,1,1,7.607816514994679,total_fuel_sales,Продажи топлива,baseline_hgb_v2
2023-12-19 01:00:00,3,Татнефть-АЗС-004,3.0,21,0,1,1,1,1,2.450579152565464,total_fuel_sales,Продажи топлива,baseline_hgb_v2
2023-12-19 01:00:00,4,Татнефть-АЗС-005,2.0,16,1,0,1,1,1,2.90520607084546,total_fuel_sales,Продажи топлива,baseline_hgb_v2
2023-12-19 02:00:00,0,Татнефть-АЗС-001,4.0,23,0,1,0,2,1,3.3787140807981735,total_fuel_sales,Продажи топлива,baseline_hgb_v2
2023-12-19 02:00:00,1,Татнефть-АЗС-002,3.0,16,0,1,0,2,1,3.3854841965151268,total_fuel_sales,Продажи топлива,baseline_hgb_v2
2023-12-19 02:00:00,2,Татнефть-АЗС-003,2.0,20,1,0,1,2,1,2.6777242921998274,total_fuel_sales,Продажи топлива,baseline_hgb_v2
2023-12-19 02:00:00,3,Татнефть-АЗС-004,3.0,20,0,1,1,2,1,2.450579152565464,total_fuel_sales,Продажи топлива,baseline_hgb_v2
2023-12-19 02:00:00,4,Татнефть-АЗС-005,2.0,10,0,0,1,2,1,1.9336746082294638,total_fuel_sales,Продажи топлива,baseline_hgb_v2
2023-12-19 03:00:00,0,Татнефть-АЗС-001,4.0,23,1,1,0,3,1,3.3787140807981735,total_fuel_sales,Продажи топлива,baseline_hgb_v2
2023-12-19 03:00:00,1,Татнефть-АЗС-002,2.0,10,0,1,0,3,1,2.484815470984791,total_fuel_sales,Продажи топлива,baseline_hgb_v2
2023-12-19 03:00:00,2,Татнефть-АЗС-003,3.0,21,0,0,1,3,1,2.6777242921998274,total_fuel_sales,Продажи топлива,baseline_hgb_v2
2023-12-19 03:00:00,3,Татнефть-АЗС-004,3.0,22,0,1,1,3,1,2.450579152565464,total_fuel_sales,Продажи топлива,baseline_hgb_v2
2023-12-19 03:00:00,4,Татнефть-АЗС-005,2.0,14,0,0,1,3,1,2.90520607084546,total_fuel_sales,Продажи топлива,baseline_hgb_v2
2023-12-19 04:00:00,0,Татнефть-АЗС-001,8.0,34,0,1,0,4,1,8.58323751871974,total_fuel_sales,Продажи топлива,baseline_hgb_v2
2023-12-19 04:00:00,1,Татнефть-АЗС-002,2.0,14,0,1,0,4,1,3.395622462790008,total_fuel_sales,Продажи топлива,baseline_hgb_v2
2023-12-19 04:00:00,2,Татнефть-АЗС-003,8.0,30,0,0,1,4,1,7.110625057088531,total_fuel_sales,Продажи топлива,baseline_hgb_v2
2023-12-19 04:00:00,3,Татнефть-АЗС-004,8.0,34,1,1,1,4,1,8.135504722494009,total_fuel_sales,Продажи топлива,baseline_hgb_v2
2023-12-19 04:00:00,4,Татнефть-АЗС-005,2.0,10,0,0,1,4,1,2.062362509743441,total_fuel_sales,Продажи топлива,baseline_hgb_v2
2023-12-19 05:00:00,0,Татнефть-АЗС-001,4.0,23,0,1,0,5,1,3.3787140807981735,total_fuel_sales,Продажи топлива,baseline_hgb_v2
2023-12-19 05:00:00,1,Татнефть-АЗС-002,4.0,16,0,1,0,5,1,3.395622462790008,total_fuel_sales,Продажи топлива,baseline_hgb_v2
2023-12-19 05:00:00,2,Татнефть-АЗС-003,8.0,34,1,0,1,5,1,8.190399130599735,total_fuel_sales,Продажи топлива,baseline_hgb_v2
2023-12-19 05:00:00,3,Татнефть-АЗС-004,4.0,25,0,1,1,5,1,3.860828424004557,total_fuel_sales,Продажи топлива,baseline_hgb_v2
2023-12-19 05:00:00,4,Татнефть-АЗС-005,2.0,15,1,0,1,5,1,2.7765181693314824,total_fuel_sales,Продажи топлива,baseline_hgb_v2
2023-12-19 06:00:00,0,Татнефть-АЗС-001,23.0,112,1,1,0,6,1,23.195694452465958,total_fuel_sales,Продажи топлива,baseline_hgb_v2
2023-12-19 06:00:00,1,Татнефть-АЗС-002,9.0,48,0,1,0,6,1,11.693728147194077,total_fuel_sales,Продажи топлива,baseline_hgb_v2
2023-12-19 06:00:00,2,Татнефть-АЗС-003,25.0,132,0,0,1,6,1,28.778661413563025,total_fuel_sales,Продажи топлива,baseline_hgb_v2
2023-12-19 06:00:00,3,Татнефть-АЗС-004,43.0,166,0,1,1,6,1,42.03713350915778,total_fuel_sales,Продажи топлива,baseline_hgb_v2
2023-12-19 06:00:00,4,Татнефть-АЗС-005,16.0,81,1,0,1,6,1,20.329561023458037,total_fuel_sales,Продажи топлива,baseline_hgb_v2
2023-12-19 07:00:00,0,Татнефть-АЗС-001,179.0,381,0,1,0,7,1,197.1801468019917,total_fuel_sales,Продажи топлива,baseline_hgb_v2
2023-12-19 07:00:00,1,Татнефть-АЗС-002,76.0,177,0,1,0,7,1,88.31266227767487,total_fuel_sales,Продажи топлива,baseline_hgb_v2
2023-12-19 07:00:00,2,Татнефть-АЗС-003,75.0,235,1,0,1,7,1,84.13703359406037,total_fuel_sales,Продажи топлива,baseline_hgb_v2
2023-12-19 07:00:00,3,Татнефть-АЗС-004,277.0,576,1,1,1,7,1,306.5589486775936,total_fuel_sales,Продажи топлива,baseline_hgb_v2
2023-12-19 07:00:00,4,Татнефть-АЗС-005,138.0,278,0,0,1,7,1,132.5035560156221,total_fuel_sales,Продажи топлива,baseline_hgb_v2
2023-12-19 08:00:00,0,Татнефть-АЗС-001,150.0,334,0,1,0,8,1,155.6488371757133,total_fuel_sales,Продажи топлива,baseline_hgb_v2
2023-12-19 08:00:00,1,Татнефть-АЗС-002,56.0,154,1,1,0,8,1,70.23138876386848,total_fuel_sales,Продажи топлива,baseline_hgb_v2
2023-12-19 08:00:00,2,Татнефть-АЗС-003,111.0,283,0,0,1,8,1,103.8813726145138,total_fuel_sales,Продажи топлива,baseline_hgb_v2
2023-12-19 08:00:00,3,Татнефть-АЗС-004,167.0,410,0,1,1,8,1,165.21947397687518,total_fuel_sales,Продажи топлива,baseline_hgb_v2
2023-12-19 08:00:00,4,Татнефть-АЗС-005,107.0,278,0,0,1,8,1,133.6682163617692,total_fuel_sales,Продажи топлива,baseline_hgb_v2
2023-12-19 09:00:00,0,Татнефть-АЗС-001,112.0,264,0,1,0,9,1,106.59388686793946,total_fuel_sales,Продажи топлива,baseline_hgb_v2
2023-12-19 09:00:00,1,Татнефть-АЗС-002,76.0,178,0,1,0,9,1,88.88533699416575,total_fuel_sales,Продажи топлива,baseline_hgb_v2
2023-12-19 09:00:00,2,Татнефть-АЗС-003,156.0,309,0,0,1,9,1,128.92582819093587,total_fuel_sales,Продажи топлива,baseline_hgb_v2
2023-12-19 09:00:00,3,Татнефть-АЗС-004,177.0,454,0,1,1,9,1,181.25342667055537,total_fuel_sales,Продажи топлива,baseline_hgb_v2
2023-12-19 09:00:00,4,Татнефть-АЗС-005,76.0,203,0,0,1,9,1,78.69802358487041,total_fuel_sales,Продажи топлива,baseline_hgb_v2
2023-12-19 10:00:00,0,Татнефть-АЗС-001,17.0,96,0,1,0,10,1,19.917077342681456,total_fuel_sales,Продажи топлива,baseline_hgb_v2
2023-12-19 10:00:00,1,Татнефть-АЗС-002,8.0,43,0,1,0,10,1,10.040513204194673,total_fuel_sales,Продажи топлива,baseline_hgb_v2
2023-12-19 10:00:00,2,Татнефть-АЗС-003,21.0,110,0,0,1,10,1,22.032779901858135,total_fuel_sales,Продажи топлива,baseline_hgb_v2
2023-12-19 10:00:00,3,Татнефть-АЗС-004,64.0,231,0,1,1,10,1,62.24878034409071,total_fuel_sales,Продажи топлива,baseline_hgb_v2
2023-12-19 10:00:00,4,Татнефть-АЗС-005,13.0,74,0,0,1,10,1,17.324233221786177,total_fuel_sales,Продажи топлива,baseline_hgb_v2
2023-12-19 11:00:00,0,Татнефть-АЗС-001,19.0,97,0,1,0,11,1,19.917077342681456,total_fuel_sales,Продажи топлива,baseline_hgb_v2
2023-12-19 11:00:00,1,Татнефть-АЗС-002,9.0,50,1,1,0,11,1,11.49252695716146,total_fuel_sales,Продажи топлива,baseline_hgb_v2
2023-12-19 11:00:00,2,Татнефть-АЗС-003,21.0,98,0,0,1,11,1,19.134510100488864,total_fuel_sales,Продажи топлива,baseline_hgb_v2
2023-12-19 11:00:00,3,Татнефть-АЗС-004,37.0,151,1,1,1,11,1,37.7560160059035,total_fuel_sales,Продажи топлива,baseline_hgb_v2
2023-12-19 11:00:00,4,Татнефть-АЗС-005,9.0,54,0,0,1,11,1,11.354200483736564,total_fuel_sales,Продажи топлива,baseline_hgb_v2
2023-12-19 12:00:00,0,Татнефть-АЗС-001,32.0,107,0,1,0,12,1,35.53130275580469,total_fuel_sales,Продажи топлива,baseline_hgb_v2
2023-12-19 12:00:00,1,Татнефть-АЗС-002,23.0,64,0,1,0,12,1,25.96987586835287,total_fuel_sales,Продажи топлива,baseline_hgb_v2
2023-12-19 12:00:00,2,Татнефть-АЗС-003,34.0,104,0,0,1,12,1,33.1316921735234,total_fuel_sales,Продажи топлива,baseline_hgb_v2
2023-12-19 12:00:00,3,Татнефть-АЗС-004,55.0,133,0,1,1,12,1,51.30749321342264,total_fuel_sales,Продажи топлива,baseline_hgb_v2
2023-12-19 12:00:00,4,Татнефть-АЗС-005,21.0,60,0,0,1,12,1,22.105950494182242,total_fuel_sales,Продажи топлива,baseline_hgb_v2
2023-12-19 13:00:00,0,Татнефть-АЗС-001,60.0,150,0,1,0,13,1,66.29975575341254,total_fuel_sales,Продажи топлива,baseline_hgb_v2
2023-12-19 13:00:00,1,Татнефть-АЗС-002,23.0,66,0,1,0,13,1,27.004136234351655,total_fuel_sales,Продажи топлива,baseline_hgb_v2
2023-12-19 13:00:00,2,Татнефть-АЗС-003,33.0,115,0,0,1,13,1,37.276522289982495,total_fuel_sales,Продажи топлива,baseline_hgb_v2
2023-12-19 13:00:00,3,Татнефть-АЗС-004,34.0,92,0,1,1,13,1,31.58999986102538,total_fuel_sales,Продажи топлива,baseline_hgb_v2
2023-12-19 13:00:00,4,Татнефть-АЗС-005,29.0,78,0,0,1,13,1,31.09704715832296,total_fuel_sales,Продажи топлива,baseline_hgb_v2
2023-12-19 14:00:00,0,Татнефть-АЗС-001,73.0,152,0,1,0,14,1,66.09130637567576,total_fuel_sales,Продажи топлива,baseline_hgb_v2
2023-12-19 14:00:00,1,Татнефть-АЗС-002,28.0,70,0,1,0,14,1,29.2492758360334,total_fuel_sales,Продажи топлива,baseline_hgb_v2
2023-12-19 14:00:00,2,Татнефть-АЗС-003,64.0,154,0,0,1,14,1,63.86935291711558,total_fuel_sales,Продажи топлива,baseline_hgb_v2
2023-12-19 14:00:00,3,Татнефть-АЗС-004,64.0,163,1,1,1,14,1,71.34803251960507,total_fuel_sales,Продажи топлива,baseline_hgb_v2
2023-12-19 14:00:00,4,Татнефть-АЗС-005,18.0,50,0,0,1,14,1,15.478562624526525,total_fuel_sales,Продажи топлива,baseline_hgb_v2
2023-12-19 15:00:00,0,Татнефть-АЗС-001,35.0,152,1,1,0,15,1,36.974320814895655,total_fuel_sales,Продажи топлива,baseline_hgb_v2
2023-12-19 15:00:00,1,Татнефть-АЗС-002,13.0,65,1,1,0,15,1,14.908903948272762,total_fuel_sales,Продажи топлива,baseline_hgb_v2
2023-12-19 15:00:00,2,Татнефть-АЗС-003,30.0,148,0,0,1,15,1,33.21749041038225,total_fuel_sales,Продажи топлива,baseline_hgb_v2
2023-12-19 15:00:00,3,Татнефть-АЗС-004,21.0,113,0,1,1,15,1,23.160676860344694,total_fuel_sales,Продажи топлива,baseline_hgb_v2
2023-12-19 15:00:00,4,Татнефть-АЗС-005,8.0,51,0,0,1,15,1,11.539311793071255,total_fuel_sales,Продажи топлива,baseline_hgb_v2
2023-12-19 16:00:00,0,Татнефть-АЗС-001,24.0,113,1,1,0,16,1,23.43667218531996,total_fuel_sales,Продажи топлива,baseline_hgb_v2
2023-12-19 16:00:00,1,Татнефть-АЗС-002,13.0,67,1,1,0,16,1,14.868582708800055,total_fuel_sales,Продажи топлива,baseline_hgb_v2
2023-12-19 16:00:00,2,Татнефть-АЗС-003,29.0,153,1,0,1,16,1,30.304559632466066,total_fuel_sales,Продажи топлива,baseline_hgb_v2
2023-12-19 16:00:00,3,Татнефть-АЗС-004,21.0,104,1,1,1,16,1,21.62201279793957,total_fuel_sales,Продажи топлива,baseline_hgb_v2
2023-12-19 16:00:00,4,Татнефть-АЗС-005,18.0,68,1,0,1,16,1,15.91549494681192,total_fuel_sales,Продажи топлива,baseline_hgb_v2
2023-12-19 17:00:00,0,Татнефть-АЗС-001,124.0,297,0,1,0,17,1,121.93287585216206,total_fuel_sales,Продажи топлива,baseline_hgb_v2
2023-12-19 17:00:00,1,Татнефть-АЗС-002,138.0,287,0,1,0,17,1,148.20027103174203,total_fuel_sales,Продажи топлива,baseline_hgb_v2
2023-12-19 17:00:00,2,Татнефть-АЗС-003,165.0,463,0,0,1,17,1,180.8547742369354,total_fuel_sales,Продажи топлива,baseline_hgb_v2
2023-12-19 17:00:00,3,Татнефть-АЗС-004,177.0,412,0,1,1,17,1,202.4264104511589,total_fuel_sales,Продажи топлива,baseline_hgb_v2
2023-12-19 17:00:00,4,Татнефть-АЗС-005,101.0,221,0,0,1,17,1,104.85857384831199,total_fuel_sales,Продажи топлива,baseline_hgb_v2
2023-12-19 18:00:00,0,Татнефть-АЗС-001,189.0,391,1,1,0,18,1,196.4516392599534,total_fuel_sales,Продажи топлива,baseline_hgb_v2
2023-12-19 18:00:00,1,Татнефть-АЗС-002,124.0,289,1,1,0,18,1,149.0840277845649,total_fuel_sales,Продажи топлива,baseline_hgb_v2
2023-12-19 18:00:00,2,Татнефть-АЗС-003,179.0,498,0,0,1,18,1,204.43972265429338,total_fuel_sales,Продажи топлива,baseline_hgb_v2
2023-12-19 18:00:00,3,Татнефть-АЗС-004,261.0,464,0,1,1,18,1,245.3275728689133,total_fuel_sales,Продажи топлива,baseline_hgb_v2
2023-12-19 18:00:00,4,Татнефть-АЗС-005,89.0,229,0,0,1,18,1,114.80499059485986,total_fuel_sales,Продажи топлива,baseline_hgb_v2
2023-12-19 19:00:00,0,Татнефть-АЗС-001,122.0,276,0,1,0,19,1,107.73889722537606,total_fuel_sales,Продажи топлива,baseline_hgb_v2
2023-12-19 19:00:00,1,Татнефть-АЗС-002,119.0,252,0,1,0,19,1,120.1820588732982,total_fuel_sales,Продажи топлива,baseline_hgb_v2
2023-12-19 19:00:00,2,Татнефть-АЗС-003,249.0,663,0,0,1,19,1,310.30989385314535,total_fuel_sales,Продажи топлива,baseline_hgb_v2
2023-12-19 19:00:00,3,Татнефть-АЗС-004,236.0,427,1,1,1,19,1,229.27701312181867,total_fuel_sales,Продажи топлива,baseline_hgb_v2
2023-12-19 19:00:00,4,Татнефть-АЗС-005,60.0,173,0,0,1,19,1,73.16660386553265,total_fuel_sales,Продажи топлива,baseline_hgb_v2
2023-12-19 20:00:00,0,Татнефть-АЗС-001,38.0,142,0,1,0,20,1,34.58683705775406,total_fuel_sales,Продажи топлива,baseline_hgb_v2
2023-12-19 20:00:00,1,Татнефть-АЗС-002,29.0,114,0,1,0,20,1,29.938631721550152,total_fuel_sales,Продажи топлива,baseline_hgb_v2
2023-12-19 20:00:00,2,Татнефть-АЗС-003,62.0,265,1,0,1,20,1,60.91824935615058,total_fuel_sales,Продажи топлива,baseline_hgb_v2
2023-12-19 20:00:00,3,Татнефть-АЗС-004,33.0,155,1,1,1,20,1,37.99379954580124,total_fuel_sales,Продажи топлива,baseline_hgb_v2
2023-12-19 20:00:00,4,Татнефть-АЗС-005,14.0,73,1,0,1,20,1,18.294260667084643,total_fuel_sales,Продажи топлива,baseline_hgb_v2
2023-12-19 21:00:00,0,Татнефть-АЗС-001,34.0,135,1,1,0,21,1,31.98825885069051,total_fuel_sales,Продажи топлива,baseline_hgb_v2
2023-12-19 21:00:00,1,Татнефть-АЗС-002,19.0,72,0,1,0,21,1,18.321930034544284,total_fuel_sales,Продажи топлива,baseline_hgb_v2
2023-12-19 21:00:00,2,Татнефть-АЗС-003,30.0,144,0,0,1,21,1,31.89542595355904,total_fuel_sales,Продажи топлива,baseline_hgb_v2
2023-12-19 21:00:00,3,Татнефть-АЗС-004,41.0,149,0,1,1,21,1,35.64027566036971,total_fuel_sales,Продажи топлива,baseline_hgb_v2
2023-12-19 21:00:00,4,Татнефть-АЗС-005,14.0,75,1,0,1,21,1,19.245070798492883,total_fuel_sales,Продажи топлива,baseline_hgb_v2
2023-12-19 22:00:00,0,Татнефть-АЗС-001,4.0,25,0,1,0,22,1,3.9573827064659493,total_fuel_sales,Продажи топлива,baseline_hgb_v2
2023-12-19 22:00:00,1,Татнефть-АЗС-002,3.0,16,0,1,0,22,1,2.855822090949347,total_fuel_sales,Продажи топлива,baseline_hgb_v2
2023-12-19 22:00:00,2,Татнефть-АЗС-003,8.0,31,1,0,1,22,1,7.314155917609721,total_fuel_sales,Продажи топлива,baseline_hgb_v2
2023-12-19 22:00:00,3,Татнефть-АЗС-004,5.0,27,0,1,1,22,1,4.9018906227912655,total_fuel_sales,Продажи топлива,baseline_hgb_v2
2023-12-19 22:00:00,4,Татнефть-АЗС-005,2.0,14,0,0,1,22,1,3.049511602930012,total_fuel_sales,Продажи топлива,baseline_hgb_v2
2023-12-19 23:00:00,0,Татнефть-АЗС-001,4.0,25,1,1,0,23,1,3.9573827064659493,total_fuel_sales,Продажи топлива,baseline_hgb_v2
2023-12-19 23:00:00,1,Татнефть-АЗС-002,2.0,10,1,1,0,23,1,1.8646827431825512,total_fuel_sales,Продажи топлива,baseline_hgb_v2
2023-12-19 23:00:00,2,Татнефть-АЗС-003,8.0,33,0,0,1,23,1,7.338370543931101,total_fuel_sales,Продажи топлива,baseline_hgb_v2
2023-12-19 23:00:00,3,Татнефть-АЗС-004,8.0,32,0,1,1,23,1,7.450645461865035,total_fuel_sales,Продажи топлива,baseline_hgb_v2
2023-12-19 23:00:00,4,Татнефть-АЗС-005,2.0,15,0,0,1,23,1,3.049511602930012,total_fuel_sales,Продажи топлива,baseline_hgb_v2
2023-12-20 00:00:00,0,Татнефть-АЗС-001,8.0,29,0,1,0,0,2,7.06683907790921,total_fuel_sales,Продажи топлива,baseline_hgb_v2
2023-12-20 00:00:00,1,Татнефть-АЗС-002,3.0,15,0,1,0,0,2,3.395622462790008,total_fuel_sales,Продажи топлива,baseline_hgb_v2
2023-12-20 00:00:00,2,Татнефть-АЗС-003,8.0,30,0,0,1,0,2,7.2258373862494985,total_fuel_sales,Продажи топлива,baseline_hgb_v2
2023-12-20 00:00:00,3,Татнефть-АЗС-004,3.0,19,1,1,1,0,2,2.450579152565464,total_fuel_sales,Продажи топлива,baseline_hgb_v2
2023-12-20 00:00:00,4,Татнефть-АЗС-005,2.0,14,0,0,1,0,2,2.9067062642840145,total_fuel_sales,Продажи топлива,baseline_hgb_v2
2023-12-20 01:00:00,0,Татнефть-АЗС-001,2.0,20,0,1,0,1,2,2.905681419558912,total_fuel_sales,Продажи топлива,baseline_hgb_v2
2023-12-20 01:00:00,1,Татнефть-АЗС-002,2.0,11,0,1,0,1,2,2.484815470984791,total_fuel_sales,Продажи топлива,baseline_hgb_v2
2023-12-20 01:00:00,2,Татнефть-АЗС-003,8.0,30,0,0,1,1,2,7.2393129586025085,total_fuel_sales,Продажи топлива,baseline_hgb_v2
2023-12-20 01:00:00,3,Татнефть-АЗС-004,8.0,28,1,1,1,1,2,5.925151401016524,total_fuel_sales,Продажи топлива,baseline_hgb_v2
2023-12-20 01:00:00,4,Татнефть-АЗС-005,2.0,11,0,0,1,1,2,1.9336746082294638,total_fuel_sales,Продажи топлива,baseline_hgb_v2
2023-12-20 02:00:00,0,Татнефть-АЗС-001,8.0,33,1,1,0,2,2,7.987179330761677,total_fuel_sales,Продажи топлива,baseline_hgb_v2
2023-12-20 02:00:00,1,Татнефть-АЗС-002,2.0,12,0,1,0,2,2,2.484815470984791,total_fuel_sales,Продажи топлива,baseline_hgb_v2
2023-12-20 02:00:00,2,Татнефть-АЗС-003,4.0,25,0,0,1,2,2,4.08797356363892,total_fuel_sales,Продажи топлива,baseline_hgb_v2
2023-12-20 02:00:00,3,Татнефть-АЗС-004,3.0,22,1,1,1,2,2,2.450579152565464,total_fuel_sales,Продажи топлива,baseline_hgb_v2
2023-12-20 02:00:00,4,Татнефть-АЗС-005,2.0,10,0,0,1,2,2,2.062362509743441,total_fuel_sales,Продажи топлива,baseline_hgb_v2
2023-12-20 03:00:00,0,Татнефть-АЗС-001,3.0,20,1,1,0,3,2,2.905681419558912,total_fuel_sales,Продажи топлива,baseline_hgb_v2
2023-12-20 03:00:00,1,Татнефть-АЗС-002,2.0,15,0,1,0,3,2,3.395622462790008,total_fuel_sales,Продажи топлива,baseline_hgb_v2
2023-12-20 03:00:00,2,Татнефть-АЗС-003,3.0,24,0,0,1,3,2,3.150756953439087,total_fuel_sales,Продажи топлива,baseline_hgb_v2
2023-12-20 03:00:00,3,Татнефть-АЗС-004,3.0,23,0,1,1,3,2,2.9236118138047256,total_fuel_sales,Продажи топлива,baseline_hgb_v2
2023-12-20 03:00:00,4,Татнефть-АЗС-005,2.0,10,0,0,1,3,2,2.062362509743441,total_fuel_sales,Продажи топлива,baseline_hgb_v2
2023-12-20 04:00:00,0,Татнефть-АЗС-001,3.0,24,0,1,0,4,2,3.3787140807981735,total_fuel_sales,Продажи топлива,baseline_hgb_v2
2023-12-20 04:00:00,1,Татнефть-АЗС-002,3.0,16,0,1,0,4,2,3.395622462790008,total_fuel_sales,Продажи топлива,baseline_hgb_v2
2023-12-20 04:00:00,2,Татнефть-АЗС-003,8.0,29,0,0,1,4,2,6.68747626214221,total_fuel_sales,Продажи топлива,baseline_hgb_v2
2023-12-20 04:00:00,3,Татнефть-АЗС-004,8.0,28,0,1,1,4,2,5.925151401016524,total_fuel_sales,Продажи топлива,baseline_hgb_v2
2023-12-20 04:00:00,4,Татнефть-АЗС-005,2.0,10,1,0,1,4,2,2.062362509743441,total_fuel_sales,Продажи топлива,baseline_hgb_v2
2023-12-20 05:00:00,0,Татнефть-АЗС-001,3.0,22,0,1,0,5,2,2.905681419558912,total_fuel_sales,Продажи топлива,baseline_hgb_v2
2023-12-20 05:00:00,1,Татнефть-АЗС-002,3.0,15,0,1,0,5,2,3.395622462790008,total_fuel_sales,Продажи топлива,baseline_hgb_v2
2023-12-20 05:00:00,2,Татнефть-АЗС-003,8.0,29,0,0,1,5,2,6.534573734306853,total_fuel_sales,Продажи топлива,baseline_hgb_v2
2023-12-20 05:00:00,3,Татнефть-АЗС-004,3.0,22,0,1,1,5,2,2.450579152565464,total_fuel_sales,Продажи топлива,baseline_hgb_v2
2023-12-20 05:00:00,4,Татнефть-АЗС-005,2.0,9,0,0,1,5,2,1.9336746082294638,total_fuel_sales,Продажи топлива,baseline_hgb_v2
2023-12-20 06:00:00,0,Татнефть-АЗС-001,17.0,90,0,1,0,6,2,19.197260100381914,total_fuel_sales,Продажи топлива,baseline_hgb_v2
2023-12-20 06:00:00,1,Татнефть-АЗС-002,19.0,74,0,1,0,6,2,19.503328135251934,total_fuel_sales,Продажи топлива,baseline_hgb_v2
2023-12-20 06:00:00,2,Татнефть-АЗС-003,32.0,136,0,0,1,6,2,29.992622577631717,total_fuel_sales,Продажи топлива,baseline_hgb_v2
2023-12-20 06:00:00,3,Татнефть-АЗС-004,55.0,225,0,1,1,6,2,60.535326091868946,total_fuel_sales,Продажи топлива,baseline_hgb_v2
2023-12-20 06:00:00,4,Татнефть-АЗС-005,25.0,118,0,0,1,6,2,26.67458434598885,total_fuel_sales,Продажи топлива,baseline_hgb_v2
2023-12-20 07:00:00,0,Татнефть-АЗС-001,185.0,370,0,1,0,7,2,193.6128702997239,total_fuel_sales,Продажи топлива,baseline_hgb_v2
2023-12-20 07:00:00,1,Татнефть-АЗС-002,56.0,144,0,1,0,7,2,61.6146930454192,total_fuel_sales,Продажи топлива,baseline_hgb_v2
2023-12-20 07:00:00,2,Татнефть-АЗС-003,82.0,264,0,0,1,7,2,98.05218150549335,total_fuel_sales,Продажи топлива,baseline_hgb_v2
2023-12-20 07:00:00,3,Татнефть-АЗС-004,172.0,390,1,1,1,7,2,164.03583763944715,total_fuel_sales,Продажи топлива,baseline_hgb_v2
2023-12-20 07:00:00,4,Татнефть-АЗС-005,78.0,193,0,0,1,7,2,73.74031510911405,total_fuel_sales,Продажи топлива,baseline_hgb_v2
2023-12-20 08:00:00,0,Татнефть-АЗС-001,179.0,336,0,1,0,8,2,156.23322019062306,total_fuel_sales,Продажи топлива,baseline_hgb_v2
2023-12-20 08:00:00,1,Татнефть-АЗС-002,43.0,118,0,1,0,8,2,42.10411558306618,total_fuel_sales,Продажи топлива,baseline_hgb_v2
2023-12-20 08:00:00,2,Татнефть-АЗС-003,105.0,267,1,0,1,8,2,96.46012196279888,total_fuel_sales,Продажи топлива,baseline_hgb_v2
2023-12-20 08:00:00,3,Татнефть-АЗС-004,173.0,420,0,1,1,8,2,170.7037816631338,total_fuel_sales,Продажи топлива,baseline_hgb_v2
2023-12-20 08:00:00,4,Татнефть-АЗС-005,62.0,169,1,0,1,8,2,64.48062070509242,total_fuel_sales,Продажи топлива,baseline_hgb_v2
2023-12-20 09:00:00,0,Татнефть-АЗС-001,102.0,266,0,1,0,9,2,106.33456946777548,total_fuel_sales,Продажи топлива,baseline_hgb_v2
2023-12-20 09:00:00,1,Татнефть-АЗС-002,85.0,191,0,1,0,9,2,96.67990933898093,total_fuel_sales,Продажи топлива,baseline_hgb_v2
2023-12-20 09:00:00,2,Татнефть-АЗС-003,95.0,281,0,0,1,9,2,104.01404178686457,total_fuel_sales,Продажи топлива,baseline_hgb_v2
2023-12-20 09:00:00,3,Татнефть-АЗС-004,323.0,580,0,1,1,9,2,314.27902136502604,total_fuel_sales,Продажи топлива,baseline_hgb_v2
2023-12-20 09:00:00,4,Татнефть-АЗС-005,105.0,251,0,0,1,9,2,122.2636292359978,total_fuel_sales,Продажи топлива,baseline_hgb_v2
2023-12-20 10:00:00,0,Татнефть-АЗС-001,39.0,151,0,1,0,10,2,38.20374880212923,total_fuel_sales,Продажи топлива,baseline_hgb_v2
2023-12-20 10:00:00,1,Татнефть-АЗС-002,9.0,52,1,1,0,10,2,12.05000379890744,total_fuel_sales,Продажи топлива,baseline_hgb_v2
2023-12-20 10:00:00,2,Татнефть-АЗС-003,14.0,99,0,0,1,10,2,19.846320272889592,total_fuel_sales,Продажи топлива,baseline_hgb_v2
2023-12-20 10:00:00,3,Татнефть-АЗС-004,29.0,144,0,1,1,10,2,31.925661885621743,total_fuel_sales,Продажи топлива,baseline_hgb_v2
2023-12-20 10:00:00,4,Татнефть-АЗС-005,12.0,65,0,0,1,10,2,13.724141784029259,total_fuel_sales,Продажи топлива,baseline_hgb_v2
2023-12-20 11:00:00,0,Татнефть-АЗС-001,39.0,140,0,1,0,11,2,35.679972389123904,total_fuel_sales,Продажи топлива,baseline_hgb_v2
2023-12-20 11:00:00,1,Татнефть-АЗС-002,9.0,52,0,1,0,11,2,12.05000379890744,total_fuel_sales,Продажи топлива,baseline_hgb_v2
2023-12-20 11:00:00,2,Татнефть-АЗС-003,39.0,156,0,0,1,11,2,35.620821173703696,total_fuel_sales,Продажи топлива,baseline_hgb_v2
2023-12-20 11:00:00,3,Татнефть-АЗС-004,32.0,135,0,1,1,11,2,31.698034170295916,total_fuel_sales,Продажи топлива,baseline_hgb_v2
2023-12-20 11:00:00,4,Татнефть-АЗС-005,14.0,67,0,0,1,11,2,15.72993361264405,total_fuel_sales,Продажи топлива,baseline_hgb_v2
2023-12-20 12:00:00,0,Татнефть-АЗС-001,55.0,142,0,1,0,12,2,56.65078826508434,total_fuel_sales,Продажи топлива,baseline_hgb_v2
2023-12-20 12:00:00,1,Татнефть-АЗС-002,37.0,80,0,1,0,12,2,35.72459529778364,total_fuel_sales,Продажи топлива,baseline_hgb_v2
2023-12-20 12:00:00,2,Татнефть-АЗС-003,29.0,95,0,0,1,12,2,30.669999719223302,total_fuel_sales,Продажи топлива,baseline_hgb_v2
2023-12-20 12:00:00,3,Татнефть-АЗС-004,53.0,126,0,1,1,12,2,47.516060070610806,total_fuel_sales,Продажи топлива,baseline_hgb_v2
2023-12-20 12:00:00,4,Татнефть-АЗС-005,23.0,70,0,0,1,12,2,28.14396652732371,total_fuel_sales,Продажи топлива,baseline_hgb_v2
2023-12-20 13:00:00,0,Татнефть-АЗС-001,43.0,115,1,1,0,13,2,40.76257659606622,total_fuel_sales,Продажи топлива,baseline_hgb_v2
2023-12-20 13:00:00,1,Татнефть-АЗС-002,30.0,73,0,1,0,13,2,30.2282578988472,total_fuel_sales,Продажи топлива,baseline_hgb_v2
2023-12-20 13:00:00,2,Татнефть-АЗС-003,41.0,124,0,0,1,13,2,41.416371482115906,total_fuel_sales,Продажи топлива,baseline_hgb_v2
2023-12-20 13:00:00,3,Татнефть-АЗС-004,70.0,171,0,1,1,13,2,77.09048093021634,total_fuel_sales,Продажи топлива,baseline_hgb_v2
2023-12-20 13:00:00,4,Татнефть-АЗС-005,12.0,45,0,0,1,13,2,13.42810425876499,total_fuel_sales,Продажи топлива,baseline_hgb_v2
2023-12-20 14:00:00,0,Татнефть-АЗС-001,38.0,110,0,1,0,14,2,37.10270043093933,total_fuel_sales,Продажи топлива,baseline_hgb_v2
2023-12-20 14:00:00,1,Татнефть-АЗС-002,17.0,49,0,1,0,14,2,16.432630677659912,total_fuel_sales,Продажи топлива,baseline_hgb_v2
2023-12-20 14:00:00,2,Татнефть-АЗС-003,38.0,117,1,0,1,14,2,37.50715515569077,total_fuel_sales,Продажи топлива,baseline_hgb_v2
2023-12-20 14:00:00,3,Татнефть-АЗС-004,69.0,162,0,1,1,14,2,71.33455694725205,total_fuel_sales,Продажи топлива,baseline_hgb_v2
2023-12-20 14:00:00,4,Татнефть-АЗС-005,14.0,45,1,0,1,14,2,13.556792160278967,total_fuel_sales,Продажи топлива,baseline_hgb_v2
2023-12-20 15:00:00,0,Татнефть-АЗС-001,25.0,116,0,1,0,15,2,24.40940461864311,total_fuel_sales,Продажи топлива,baseline_hgb_v2
2023-12-20 15:00:00,1,Татнефть-АЗС-002,12.0,53,0,1,0,15,2,11.433814418052863,total_fuel_sales,Продажи топлива,baseline_hgb_v2
2023-12-20 15:00:00,2,Татнефть-АЗС-003,19.0,97,1,0,1,15,2,18.801379412002973,total_fuel_sales,Продажи топлива,baseline_hgb_v2
2023-12-20 15:00:00,3,Татнефть-АЗС-004,21.0,108,1,1,1,15,2,22.042690535678563,total_fuel_sales,Продажи топлива,baseline_hgb_v2
2023-12-20 15:00:00,4,Татнефть-АЗС-005,11.0,56,0,0,1,15,2,11.770094952276283,total_fuel_sales,Продажи топлива,baseline_hgb_v2
2023-12-20 16:00:00,0,Татнефть-АЗС-001,34.0,126,0,1,0,16,2,28.768934882379817,total_fuel_sales,Продажи топлива,baseline_hgb_v2
2023-12-20 16:00:00,1,Татнефть-АЗС-002,12.0,75,0,1,0,16,2,18.4656831116236,total_fuel_sales,Продажи топлива,baseline_hgb_v2
2023-12-20 16:00:00,2,Татнефть-АЗС-003,27.0,172,0,0,1,16,2,34.88798720349909,total_fuel_sales,Продажи топлива,baseline_hgb_v2
2023-12-20 16:00:00,3,Татнефть-АЗС-004,25.0,131,0,1,1,16,2,29.67331184854709,total_fuel_sales,Продажи топлива,baseline_hgb_v2
2023-12-20 16:00:00,4,Татнефть-АЗС-005,7.0,43,0,0,1,16,2,9.558470200632039,total_fuel_sales,Продажи топлива,baseline_hgb_v2
2023-12-20 17:00:00,0,Татнефть-АЗС-001,222.0,447,0,1,0,17,2,237.557663176944,total_fuel_sales,Продажи топлива,baseline_hgb_v2
2023-12-20 17:00:00,1,Татнефть-АЗС-002,71.0,198,0,1,0,17,2,81.00409842151835,total_fuel_sales,Продажи топлива,baseline_hgb_v2
2023-12-20 17:00:00,2,Татнефть-АЗС-003,177.0,455,0,0,1,17,2,177.62299041094892,total_fuel_sales,Продажи топлива,baseline_hgb_v2
2023-12-20 17:00:00,3,Татнефть-АЗС-004,192.0,435,0,1,1,17,2,232.33777183263408,total_fuel_sales,Продажи топлива,baseline_hgb_v2
2023-12-20 17:00:00,4,Татнефть-АЗС-005,94.0,203,1,0,1,17,2,97.51875348648538,total_fuel_sales,Продажи топлива,baseline_hgb_v2
2023-12-20 18:00:00,0,Татнефть-АЗС-001,202.0,436,1,1,0,18,2,231.45122790411384,total_fuel_sales,Продажи топлива,baseline_hgb_v2
2023-12-20 18:00:00,1,Татнефть-АЗС-002,122.0,248,0,1,0,18,2,122.7769139823666,total_fuel_sales,Продажи топлива,baseline_hgb_v2
2023-12-20 18:00:00,2,Татнефть-АЗС-003,297.0,592,0,0,1,18,2,283.0967305150316,total_fuel_sales,Продажи топлива,baseline_hgb_v2
2023-12-20 18:00:00,3,Татнефть-АЗС-004,126.0,353,0,1,1,18,2,149.93306736227126,total_fuel_sales,Продажи топлива,baseline_hgb_v2
2023-12-20 18:00:00,4,Татнефть-АЗС-005,101.0,200,1,0,1,18,2,93.98328316682841,total_fuel_sales,Продажи топлива,baseline_hgb_v2
2023-12-20 19:00:00,0,Татнефть-АЗС-001,214.0,407,0,1,0,19,2,206.55476685081007,total_fuel_sales,Продажи топлива,baseline_hgb_v2
2023-12-20 19:00:00,1,Татнефть-АЗС-002,84.0,212,1,1,0,19,2,96.30252884957,total_fuel_sales,Продажи топлива,baseline_hgb_v2
2023-12-20 19:00:00,2,Татнефть-АЗС-003,142.0,465,1,0,1,19,2,190.28947268304535,total_fuel_sales,Продажи топлива,baseline_hgb_v2
2023-12-20 19:00:00,3,Татнефть-АЗС-004,124.0,300,0,1,1,19,2,114.533060967569,total_fuel_sales,Продажи топлива,baseline_hgb_v2
2023-12-20 19:00:00,4,Татнефть-АЗС-005,55.0,148,0,0,1,19,2,58.779379678271596,total_fuel_sales,Продажи топлива,baseline_hgb_v2
2023-12-20 20:00:00,0,Татнефть-АЗС-001,23.0,105,1,1,0,20,2,21.898008122914835,total_fuel_sales,Продажи топлива,baseline_hgb_v2
2023-12-20 20:00:00,1,Татнефть-АЗС-002,11.0,61,0,1,0,20,2,12.481025481721696,total_fuel_sales,Продажи топлива,baseline_hgb_v2
2023-12-20 20:00:00,2,Татнефть-АЗС-003,39.0,191,1,0,1,20,2,40.00994509533145,total_fuel_sales,Продажи топлива,baseline_hgb_v2
2023-12-20 20:00:00,3,Татнефть-АЗС-004,19.0,102,1,1,1,20,2,21.14880603514923,total_fuel_sales,Продажи топлива,baseline_hgb_v2
2023-12-20 20:00:00,4,Татнефть-АЗС-005,19.0,79,0,0,1,20,2,19.828193069379633,total_fuel_sales,Продажи топлива,baseline_hgb_v2
2023-12-20 21:00:00,0,Татнефть-АЗС-001,23.0,110,1,1,0,21,2,22.683061417291963,total_fuel_sales,Продажи топлива,baseline_hgb_v2
2023-12-20 21:00:00,1,Татнефть-АЗС-002,18.0,74,1,1,0,21,2,18.75732733933015,total_fuel_sales,Продажи топлива,baseline_hgb_v2
2023-12-20 21:00:00,2,Татнефть-АЗС-003,29.0,131,1,0,1,21,2,28.410500513402194,total_fuel_sales,Продажи топлива,baseline_hgb_v2
2023-12-20 21:00:00,3,Татнефть-АЗС-004,34.0,148,1,1,1,21,2,35.64027566036971,total_fuel_sales,Продажи топлива,baseline_hgb_v2
2023-12-20 21:00:00,4,Татнефть-АЗС-005,11.0,52,0,0,1,21,2,11.8999656377555,total_fuel_sales,Продажи топлива,baseline_hgb_v2
2023-12-20 22:00:00,0,Татнефть-АЗС-001,8.0,31,1,1,0,22,2,7.719271316072586,total_fuel_sales,Продажи топлива,baseline_hgb_v2
2023-12-20 22:00:00,1,Татнефть-АЗС-002,3.0,15,0,1,0,22,2,2.855822090949347,total_fuel_sales,Продажи топлива,baseline_hgb_v2
2023-12-20 22:00:00,2,Татнефть-АЗС-003,8.0,34,0,0,1,22,2,7.920953159536156,total_fuel_sales,Продажи топлива,baseline_hgb_v2
2023-12-20 22:00:00,3,Татнефть-АЗС-004,8.0,33,0,1,1,22,2,7.450645461865035,total_fuel_sales,Продажи топлива,baseline_hgb_v2
2023-12-20 22:00:00,4,Татнефть-АЗС-005,2.0,13,0,0,1,22,2,3.049511602930012,total_fuel_sales,Продажи топлива,baseline_hgb_v2
2023-12-20 23:00:00,0,Татнефть-АЗС-001,8.0,30,0,1,0,23,2,7.374240971873355,total_fuel_sales,Продажи топлива,baseline_hgb_v2
2023-12-20 23:00:00,1,Татнефть-АЗС-002,3.0,15,1,1,0,23,2,2.855822090949347,total_fuel_sales,Продажи топлива,baseline_hgb_v2
2023-12-20 23:00:00,2,Татнефть-АЗС-003,3.0,17,0,0,1,23,2,2.575779521071653,total_fuel_sales,Продажи топлива,baseline_hgb_v2
2023-12-20 23:00:00,3,Татнефть-АЗС-004,3.0,19,1,1,1,23,2,2.271138110051588,total_fuel_sales,Продажи топлива,baseline_hgb_v2
2023-12-20 23:00:00,4,Татнефть-АЗС-005,2.0,10,0,0,1,23,2,1.9396523319567325,total_fuel_sales,Продажи топлива,baseline_hgb_v2
2023-12-21 00:00:00,0,Татнефть-АЗС-001,8.0,31,0,1,0,0,3,7.931025465173896,total_fuel_sales,Продажи топлива,baseline_hgb_v2
2023-12-21 00:00:00,1,Татнефть-АЗС-002,2.0,10,0,1,0,0,3,2.484815470984791,total_fuel_sales,Продажи топлива,baseline_hgb_v2
2023-12-21 00:00:00,2,Татнефть-АЗС-003,6.0,25,1,0,1,0,3,4.220596607574188,total_fuel_sales,Продажи топлива,baseline_hgb_v2
2023-12-21 00:00:00,3,Татнефть-АЗС-004,8.0,32,0,1,1,0,3,6.6956267988245655,total_fuel_sales,Продажи топлива,baseline_hgb_v2
2023-12-21 00:00:00,4,Татнефть-АЗС-005,2.0,10,0,0,1,0,3,2.062362509743441,total_fuel_sales,Продажи топлива,baseline_hgb_v2
2023-12-21 01:00:00,0,Татнефть-АЗС-001,8.0,28,1,1,0,1,3,6.372884197242256,total_fuel_sales,Продажи топлива,baseline_hgb_v2
2023-12-21 01:00:00,1,Татнефть-АЗС-002,2.0,13,0,1,0,1,3,3.395622462790008,total_fuel_sales,Продажи топлива,baseline_hgb_v2
2023-12-21 01:00:00,2,Татнефть-АЗС-003,3.0,22,0,0,1,1,3,2.6777242921998274,total_fuel_sales,Продажи топлива,baseline_hgb_v2
2023-12-21 01:00:00,3,Татнефть-АЗС-004,8.0,34,1,1,1,1,3,8.135504722494009,total_fuel_sales,Продажи топлива,baseline_hgb_v2
2023-12-21 01:00:00,4,Татнефть-АЗС-005,2.0,14,0,0,1,1,3,2.90520607084546,total_fuel_sales,Продажи топлива,baseline_hgb_v2
2023-12-21 02:00:00,0,Татнефть-АЗС-001,3.0,21,0,1,0,2,3,2.905681419558912,total_fuel_sales,Продажи топлива,baseline_hgb_v2
2023-12-21 02:00:00,1,Татнефть-АЗС-002,2.0,14,0,1,0,2,3,3.395622462790008,total_fuel_sales,Продажи топлива,baseline_hgb_v2
2023-12-21 02:00:00,2,Татнефть-АЗС-003,8.0,36,0,0,1,2,3,8.451628863670477,total_fuel_sales,Продажи топлива,baseline_hgb_v2
2023-12-21 02:00:00,3,Татнефть-АЗС-004,8.0,30,0,1,1,2,3,7.170942978143778,total_fuel_sales,Продажи топлива,baseline_hgb_v2
2023-12-21 02:00:00,4,Татнефть-АЗС-005,2.0,9,1,0,1,2,3,2.062362509743441,total_fuel_sales,Продажи топлива,baseline_hgb_v2
2023-12-21 03:00:00,0,Татнефть-АЗС-001,8.0,29,0,1,0,3,3,7.0106852123214285,total_fuel_sales,Продажи топлива,baseline_hgb_v2
2023-12-21 03:00:00,1,Татнефть-АЗС-002,3.0,15,0,1,0,3,3,3.395622462790008,total_fuel_sales,Продажи топлива,baseline_hgb_v2
2023-12-21 03:00:00,2,Татнефть-АЗС-003,3.0,21,1,0,1,3,3,2.6777242921998274,total_fuel_sales,Продажи топлива,baseline_hgb_v2
2023-12-21 03:00:00,3,Татнефть-АЗС-004,3.0,21,0,1,1,3,3,2.450579152565464,total_fuel_sales,Продажи топлива,baseline_hgb_v2
2023-12-21 03:00:00,4,Татнефть-АЗС-005,2.0,8,1,0,1,3,3,2.062362509743441,total_fuel_sales,Продажи топлива,baseline_hgb_v2
2023-12-21 04:00:00,0,Татнефть-АЗС-001,6.0,23,0,1,0,4,3,3.3787140807981735,total_fuel_sales,Продажи топлива,baseline_hgb_v2
2023-12-21 04:00:00,1,Татнефть-АЗС-002,2.0,10,0,1,0,4,3,2.622896525551987,total_fuel_sales,Продажи топлива,baseline_hgb_v2
2023-12-21 04:00:00,2,Татнефть-АЗС-003,3.0,21,0,0,1,4,3,2.6777242921998274,total_fuel_sales,Продажи топлива,baseline_hgb_v2
2023-12-21 04:00:00,3,Татнефть-АЗС-004,3.0,24,0,1,1,4,3,2.9236118138047256,total_fuel_sales,Продажи топлива,baseline_hgb_v2
2023-12-21 04:00:00,4,Татнефть-АЗС-005,2.0,15,0,0,1,4,3,2.90520607084546,total_fuel_sales,Продажи топлива,baseline_hgb_v2
2023-12-21 05:00:00,0,Татнефть-АЗС-001,8.0,34,0,1,0,5,3,8.58323751871974,total_fuel_sales,Продажи топлива,baseline_hgb_v2
2023-12-21 05:00:00,1,Татнефть-АЗС-002,2.0,15,0,1,0,5,3,3.395622462790008,total_fuel_sales,Продажи топлива,baseline_hgb_v2
2023-12-21 05:00:00,2,Татнефть-АЗС-003,8.0,29,0,0,1,5,3,6.558788360628233,total_fuel_sales,Продажи топлива,baseline_hgb_v2
2023-12-21 05:00:00,3,Татнефть-АЗС-004,4.0,23,0,1,1,5,3,2.9236118138047256,total_fuel_sales,Продажи топлива,baseline_hgb_v2
2023-12-21 05:00:00,4,Татнефть-АЗС-005,2.0,9,0,0,1,5,3,1.9336746082294638,total_fuel_sales,Продажи топлива,baseline_hgb_v2
2023-12-21 06:00:00,0,Татнефть-АЗС-001,39.0,140,0,1,0,6,3,35.74309252458933,total_fuel_sales,Продажи топлива,baseline_hgb_v2
2023-12-21 06:00:00,1,Татнефть-АЗС-002,8.0,45,0,1,0,6,3,10.103633339660096,total_fuel_sales,Продажи топлива,baseline_hgb_v2
2023-12-21 06:00:00,2,Татнефть-АЗС-003,33.0,163,1,0,1,6,3,38.20151657472803,total_fuel_sales,Продажи топлива,baseline_hgb_v2
2023-12-21 06:00:00,3,Татнефть-АЗС-004,21.0,124,1,1,1,6,3,27.36862547580161,total_fuel_sales,Продажи топлива,baseline_hgb_v2
2023-12-21 06:00:00,4,Татнефть-АЗС-005,21.0,104,0,0,1,6,3,26.23359417573149,total_fuel_sales,Продажи топлива,baseline_hgb_v2
2023-12-21 07:00:00,0,Татнефть-АЗС-001,103.0,291,0,1,0,7,3,118.96870502882233,total_fuel_sales,Продажи топлива,baseline_hgb_v2
2023-12-21 07:00:00,1,Татнефть-АЗС-002,55.0,123,0,1,0,7,3,48.348196158950884,total_fuel_sales,Продажи топлива,baseline_hgb_v2
2023-12-21 07:00:00,2,Татнефть-АЗС-003,177.0,378,0,0,1,7,3,176.25187876695747,total_fuel_sales,Продажи топлива,baseline_hgb_v2
2023-12-21 07:00:00,3,Татнефть-АЗС-004,255.0,562,0,1,1,7,3,292.34255098999427,total_fuel_sales,Продажи топлива,baseline_hgb_v2
2023-12-21 07:00:00,4,Татнефть-АЗС-005,103.0,254,1,0,1,7,3,120.74064018591012,total_fuel_sales,Продажи топлива,baseline_hgb_v2
2023-12-21 08:00:00,0,Татнефть-АЗС-001,165.0,365,0,1,0,8,3,185.67526560029808,total_fuel_sales,Продажи топлива,baseline_hgb_v2
2023-12-21 08:00:00,1,Татнефть-АЗС-002,110.0,201,0,1,0,8,3,101.60341542646022,total_fuel_sales,Продажи топлива,baseline_hgb_v2
2023-12-21 08:00:00,2,Татнефть-АЗС-003,150.0,388,1,0,1,8,3,186.28457096897102,total_fuel_sales,Продажи топлива,baseline_hgb_v2
2023-12-21 08:00:00,3,Татнефть-АЗС-004,260.0,602,0,1,1,8,3,327.3611870665001,total_fuel_sales,Продажи топлива,baseline_hgb_v2
2023-12-21 08:00:00,4,Татнефть-АЗС-005,53.0,170,1,0,1,8,3,65.45930177513,total_fuel_sales,Продажи топлива,baseline_hgb_v2
2023-12-21 09:00:00,0,Татнефть-АЗС-001,194.0,368,1,1,0,9,3,193.77832296418862,total_fuel_sales,Продажи топлива,baseline_hgb_v2
2023-12-21 09:00:00,1,Татнефть-АЗС-002,50.0,146,1,1,0,9,3,64.86758654181563,total_fuel_sales,Продажи топлива,baseline_hgb_v2
2023-12-21 09:00:00,2,Татнефть-АЗС-003,141.0,335,0,0,1,9,3,141.15413283122277,total_fuel_sales,Продажи топлива,baseline_hgb_v2
2023-12-21 09:00:00,3,Татнефть-АЗС-004,256.0,605,0,1,1,9,3,327.5327269081464,total_fuel_sales,Продажи топлива,baseline_hgb_v2
2023-12-21 09:00:00,4,Татнефть-АЗС-005,119.0,289,0,0,1,9,3,139.16290802485398,total_fuel_sales,Продажи топлива,baseline_hgb_v2
2023-12-21 10:00:00,0,Татнефть-АЗС-001,41.0,162,0,1,0,10,3,42.15915965016618,total_fuel_sales,Продажи топлива,baseline_hgb_v2
2023-12-21 10:00:00,1,Татнефть-АЗС-002,18.0,69,0,1,0,10,3,17.645554969749146,total_fuel_sales,Продажи топлива,baseline_hgb_v2
2023-12-21 10:00:00,2,Татнефть-АЗС-003,21.0,117,0,0,1,10,3,23.698314850820324,total_fuel_sales,Продажи топлива,baseline_hgb_v2
2023-12-21 10:00:00,3,Татнефть-АЗС-004,30.0,149,0,1,1,10,3,33.2175388248128,total_fuel_sales,Продажи топлива,baseline_hgb_v2
2023-12-21 10:00:00,4,Татнефть-АЗС-005,21.0,94,0,0,1,10,3,24.697758391483344,total_fuel_sales,Продажи топлива,baseline_hgb_v2
2023-12-21 11:00:00,0,Татнефть-АЗС-001,25.0,116,1,1,0,11,3,24.846425722365094,total_fuel_sales,Продажи топлива,baseline_hgb_v2
2023-12-21 11:00:00,1,Татнефть-АЗС-002,11.0,57,0,1,0,11,3,12.661203089470517,total_fuel_sales,Продажи топлива,baseline_hgb_v2
2023-12-21 11:00:00,2,Татнефть-АЗС-003,34.0,146,0,0,1,11,3,34.061479463846354,total_fuel_sales,Продажи топлива,baseline_hgb_v2
2023-12-21 11:00:00,3,Татнефть-АЗС-004,39.0,150,0,1,1,11,3,37.7560160059035,total_fuel_sales,Продажи топлива,baseline_hgb_v2
2023-12-21 11:00:00,4,Татнефть-АЗС-005,12.0,63,1,0,1,11,3,13.531396359823612,total_fuel_sales,Продажи топлива,baseline_hgb_v2
2023-12-21 12:00:00,0,Татнефть-АЗС-001,64.0,145,0,1,0,12,3,60.26087716337768,total_fuel_sales,Продажи топлива,baseline_hgb_v2
2023-12-21 12:00:00,1,Татнефть-АЗС-002,29.0,61,0,1,0,12,3,23.211259802891934,total_fuel_sales,Продажи топлива,baseline_hgb_v2
2023-12-21 12:00:00,2,Татнефть-АЗС-003,37.0,106,0,0,1,12,3,33.23514273831258,total_fuel_sales,Продажи топлива,baseline_hgb_v2
2023-12-21 12:00:00,3,Татнефть-АЗС-004,69.0,157,0,1,1,12,3,69.76855666592378,total_fuel_sales,Продажи топлива,baseline_hgb_v2
2023-12-21 12:00:00,4,Татнефть-АЗС-005,14.0,49,0,0,1,12,3,15.478562624526525,total_fuel_sales,Продажи топлива,baseline_hgb_v2
2023-12-21 13:00:00,0,Татнефть-АЗС-001,33.0,108,0,1,0,13,3,35.53130275580469,total_fuel_sales,Продажи топлива,baseline_hgb_v2
2023-12-21 13:00:00,1,Татнефть-АЗС-002,19.0,52,0,1,0,13,3,17.526728653000905,total_fuel_sales,Продажи топлива,baseline_hgb_v2
2023-12-21 13:00:00,2,Татнефть-АЗС-003,56.0,155,0,0,1,13,3,63.86935291711558,total_fuel_sales,Продажи топлива,baseline_hgb_v2
2023-12-21 13:00:00,3,Татнефть-АЗС-004,30.0,101,0,1,1,13,3,33.08474741119103,total_fuel_sales,Продажи топлива,baseline_hgb_v2
2023-12-21 13:00:00,4,Татнефть-АЗС-005,14.0,48,0,0,1,13,3,15.478562624526525,total_fuel_sales,Продажи топлива,baseline_hgb_v2
2023-12-21 14:00:00,0,Татнефть-АЗС-001,29.0,93,0,1,0,14,3,31.865995186000646,total_fuel_sales,Продажи топлива,baseline_hgb_v2
2023-12-21 14:00:00,1,Татнефть-АЗС-002,14.0,44,1,1,0,14,3,14.372779158845148,total_fuel_sales,Продажи топлива,baseline_hgb_v2
2023-12-21 14:00:00,2,Татнефть-АЗС-003,35.0,113,0,0,1,14,3,36.405034630117775,total_fuel_sales,Продажи топлива,baseline_hgb_v2
2023-12-21 14:00:00,3,Татнефть-АЗС-004,63.0,142,0,1,1,14,3,56.36868683852377,total_fuel_sales,Продажи топлива,baseline_hgb_v2
2023-12-21 14:00:00,4,Татнефть-АЗС-005,13.0,50,0,0,1,14,3,15.478562624526525,total_fuel_sales,Продажи топлива,baseline_hgb_v2
2023-12-21 15:00:00,0,Татнефть-АЗС-001,33.0,152,1,1,0,15,3,36.974320814895655,total_fuel_sales,Продажи топлива,baseline_hgb_v2
2023-12-21 15:00:00,1,Татнефть-АЗС-002,9.0,45,0,1,0,15,3,9.483500611857862,total_fuel_sales,Продажи топлива,baseline_hgb_v2
2023-12-21 15:00:00,2,Татнефть-АЗС-003,17.0,103,0,0,1,15,3,20.789865103512756,total_fuel_sales,Продажи топлива,baseline_hgb_v2
2023-12-21 15:00:00,3,Татнефть-АЗС-004,24.0,112,0,1,1,15,3,22.407066092316697,total_fuel_sales,Продажи топлива,baseline_hgb_v2
2023-12-21 15:00:00,4,Татнефть-АЗС-005,9.0,53,0,0,1,15,3,11.637471908341018,total_fuel_sales,Продажи топлива,baseline_hgb_v2
2023-12-21 16:00:00,0,Татнефть-АЗС-001,33.0,144,0,1,0,16,3,34.58683705775406,total_fuel_sales,Продажи топлива,baseline_hgb_v2
2023-12-21 16:00:00,1,Татнефть-АЗС-002,27.0,118,0,1,0,16,3,29.82002842410579,total_fuel_sales,Продажи топлива,baseline_hgb_v2
2023-12-21 16:00:00,2,Татнефть-АЗС-003,55.0,221,0,0,1,16,3,53.63888458662818,total_fuel_sales,Продажи топлива,baseline_hgb_v2
2023-12-21 16:00:00,3,Татнефть-АЗС-004,19.0,102,0,1,1,16,3,21.14880603514923,total_fuel_sales,Продажи топлива,baseline_hgb_v2
2023-12-21 16:00:00,4,Татнефть-АЗС-005,9.0,49,1,0,1,16,3,11.091484016598484,total_fuel_sales,Продажи топлива,baseline_hgb_v2
2023-12-21 17:00:00,0,Татнефть-АЗС-001,183.0,369,0,1,0,17,3,183.02922497290203,total_fuel_sales,Продажи топлива,baseline_hgb_v2
2023-12-21 17:00:00,1,Татнефть-АЗС-002,82.0,217,0,1,0,17,3,96.23435502794325,total_fuel_sales,Продажи топлива,baseline_hgb_v2
2023-12-21 17:00:00,2,Татнефть-АЗС-003,146.0,427,0,0,1,17,3,174.9519700892281,total_fuel_sales,Продажи топлива,baseline_hgb_v2
2023-12-21 17:00:00,3,Татнефть-АЗС-004,203.0,427,0,1,1,17,3,226.7199898763351,total_fuel_sales,Продажи топлива,baseline_hgb_v2
2023-12-21 17:00:00,4,Татнефть-АЗС-005,106.0,216,1,0,1,17,3,106.78951491230819,total_fuel_sales,Продажи топлива,baseline_hgb_v2
2023-12-21 18:00:00,0,Татнефть-АЗС-001,227.0,414,1,1,0,18,3,206.6148542722586,total_fuel_sales,Продажи топлива,baseline_hgb_v2
2023-12-21 18:00:00,1,Татнефть-АЗС-002,86.0,195,1,1,0,18,3,78.25607481359438,total_fuel_sales,Продажи топлива,baseline_hgb_v2
2023-12-21 18:00:00,2,Татнефть-АЗС-003,336.0,725,0,0,1,18,3,333.0437059934009,total_fuel_sales,Продажи топлива,baseline_hgb_v2
2023-12-21 18:00:00,3,Татнефть-АЗС-004,109.0,299,0,1,1,18,3,111.71855757616645,total_fuel_sales,Продажи топлива,baseline_hgb_v2
2023-12-21 18:00:00,4,Татнефть-АЗС-005,43.0,147,0,0,1,18,3,57.822916811444415,total_fuel_sales,Продажи топлива,baseline_hgb_v2
2023-12-21 19:00:00,0,Татнефть-АЗС-001,195.0,415,0,1,0,19,3,214.49112927734149,total_fuel_sales,Продажи топлива,baseline_hgb_v2
2023-12-21 19:00:00,1,Татнефть-АЗС-002,152.0,351,1,1,0,19,3,197.76266511555713,total_fuel_sales,Продажи топлива,baseline_hgb_v2
2023-12-21 19:00:00,2,Татнефть-АЗС-003,256.0,545,0,0,1,19,3,269.07559182589216,total_fuel_sales,Продажи топлива,baseline_hgb_v2
2023-12-21 19:00:00,3,Татнефть-АЗС-004,217.0,442,1,1,1,19,3,228.30340945926713,total_fuel_sales,Продажи топлива,baseline_hgb_v2
2023-12-21 19:00:00,4,Татнефть-АЗС-005,55.0,164,1,0,1,19,3,64.56300098849263,total_fuel_sales,Продажи топлива,baseline_hgb_v2
2023-12-21 20:00:00,0,Татнефть-АЗС-001,37.0,144,0,1,0,20,3,34.58683705775406,total_fuel_sales,Продажи топлива,baseline_hgb_v2
2023-12-21 20:00:00,1,Татнефть-АЗС-002,23.0,97,1,1,0,20,3,25.456666545701932,total_fuel_sales,Продажи топлива,baseline_hgb_v2
2023-12-21 20:00:00,2,Татнефть-АЗС-003,56.0,253,1,0,1,20,3,58.20423865892269,total_fuel_sales,Продажи топлива,baseline_hgb_v2
2023-12-21 20:00:00,3,Татнефть-АЗС-004,32.0,128,0,1,1,20,3,28.966776921317866,total_fuel_sales,Продажи топлива,baseline_hgb_v2
2023-12-21 20:00:00,4,Татнефть-АЗС-005,9.0,59,0,0,1,20,3,12.237370458137965,total_fuel_sales,Продажи топлива,baseline_hgb_v2
2023-12-21 21:00:00,0,Татнефть-АЗС-001,39.0,145,1,1,0,21,3,35.385245152723044,total_fuel_sales,Продажи топлива,baseline_hgb_v2
2023-12-21 21:00:00,1,Татнефть-АЗС-002,11.0,48,0,1,0,21,3,10.887826526310329,total_fuel_sales,Продажи топлива,baseline_hgb_v2
2023-12-21 21:00:00,2,Татнефть-АЗС-003,33.0,153,0,0,1,21,3,34.5116993915057,total_fuel_sales,Продажи топлива,baseline_hgb_v2
2023-12-21 21:00:00,3,Татнефть-АЗС-004,16.0,93,0,1,1,21,3,18.377382965874492,total_fuel_sales,Продажи топлива,baseline_hgb_v2
2023-12-21 21:00:00,4,Татнефть-АЗС-005,8.0,48,1,0,1,21,3,10.962796115084506,total_fuel_sales,Продажи топлива,baseline_hgb_v2
2023-12-21 22:00:00,0,Татнефть-АЗС-001,3.0,22,1,1,0,22,3,2.547133435026854,total_fuel_sales,Продажи топлива,baseline_hgb_v2
2023-12-21 22:00:00,1,Татнефть-АЗС-002,3.0,15,0,1,0,22,3,2.855822090949347,total_fuel_sales,Продажи топлива,baseline_hgb_v2
2023-12-21 22:00:00,2,Татнефть-АЗС-003,2.0,20,0,0,1,22,3,2.317638351293285,total_fuel_sales,Продажи топлива,baseline_hgb_v2
2023-12-21 22:00:00,3,Татнефть-АЗС-004,3.0,20,0,1,1,22,3,2.271138110051588,total_fuel_sales,Продажи топлива,baseline_hgb_v2
2023-12-21 22:00:00,4,Татнефть-АЗС-005,2.0,16,0,0,1,22,3,3.049511602930012,total_fuel_sales,Продажи топлива,baseline_hgb_v2
2023-12-21 23:00:00,0,Татнефть-АЗС-001,8.0,35,1,1,0,23,3,8.453246125766242,total_fuel_sales,Продажи топлива,baseline_hgb_v2
2023-12-21 23:00:00,1,Татнефть-АЗС-002,3.0,14,1,1,0,23,3,2.855822090949347,total_fuel_sales,Продажи топлива,baseline_hgb_v2
2023-12-21 23:00:00,2,Татнефть-АЗС-003,2.0,23,0,0,1,23,3,2.790671012532546,total_fuel_sales,Продажи топлива,baseline_hgb_v2
2023-12-21 23:00:00,3,Татнефть-АЗС-004,8.0,30,0,1,1,23,3,6.147682199918519,total_fuel_sales,Продажи топлива,baseline_hgb_v2
2023-12-21 23:00:00,4,Татнефть-АЗС-005,2.0,10,0,0,1,23,3,2.0683402334707095,total_fuel_sales,Продажи топлива,baseline_hgb_v2
2023-12-22 00:00:00,0,Татнефть-АЗС-001,8.0,34,0,1,0,0,4,8.58323751871974,total_fuel_sales,Продажи топлива,baseline_hgb_v2
2023-12-22 00:00:00,1,Татнефть-АЗС-002,2.0,10,0,1,0,0,4,2.484815470984791,total_fuel_sales,Продажи топлива,baseline_hgb_v2
2023-12-22 00:00:00,2,Татнефть-АЗС-003,3.0,23,0,0,1,0,4,3.150756953439087,total_fuel_sales,Продажи топлива,baseline_hgb_v2
2023-12-22 00:00:00,3,Татнефть-АЗС-004,8.0,30,0,1,1,0,4,7.157467405790768,total_fuel_sales,Продажи топлива,baseline_hgb_v2
2023-12-22 00:00:00,4,Татнефть-АЗС-005,2.0,11,1,0,1,0,4,2.062362509743441,total_fuel_sales,Продажи топлива,baseline_hgb_v2
2023-12-22 01:00:00,0,Татнефть-АЗС-001,8.0,28,1,1,0,1,4,6.372884197242256,total_fuel_sales,Продажи топлива,baseline_hgb_v2
2023-12-22 01:00:00,1,Татнефть-АЗС-002,2.0,12,0,1,0,1,4,3.395622462790008,total_fuel_sales,Продажи топлива,baseline_hgb_v2
2023-12-22 01:00:00,2,Татнефть-АЗС-003,8.0,36,0,0,1,1,4,8.3229409621565,total_fuel_sales,Продажи топлива,baseline_hgb_v2
2023-12-22 01:00:00,3,Татнефть-АЗС-004,8.0,31,0,1,1,1,4,7.539446534535947,total_fuel_sales,Продажи топлива,baseline_hgb_v2
2023-12-22 01:00:00,4,Татнефть-АЗС-005,2.0,11,1,0,1,1,4,1.9336746082294638,total_fuel_sales,Продажи топлива,baseline_hgb_v2
2023-12-22 02:00:00,0,Татнефть-АЗС-001,4.0,25,0,1,0,2,4,4.315930690998006,total_fuel_sales,Продажи топлива,baseline_hgb_v2
2023-12-22 02:00:00,1,Татнефть-АЗС-002,2.0,11,0,1,0,2,4,2.484815470984791,total_fuel_sales,Продажи топлива,baseline_hgb_v2
2023-12-22 02:00:00,2,Татнефть-АЗС-003,8.0,29,0,0,1,2,4,6.68747626214221,total_fuel_sales,Продажи топлива,baseline_hgb_v2
2023-12-22 02:00:00,3,Татнефть-АЗС-004,2.0,20,0,1,1,2,4,2.450579152565464,total_fuel_sales,Продажи топлива,baseline_hgb_v2
2023-12-22 02:00:00,4,Татнефть-АЗС-005,2.0,10,0,0,1,2,4,2.062362509743441,total_fuel_sales,Продажи топлива,baseline_hgb_v2
2023-12-22 03:00:00,0,Татнефть-АЗС-001,3.0,22,0,1,0,3,4,2.905681419558912,total_fuel_sales,Продажи топлива,baseline_hgb_v2
2023-12-22 03:00:00,1,Татнефть-АЗС-002,2.0,11,0,1,0,3,4,2.484815470984791,total_fuel_sales,Продажи топлива,baseline_hgb_v2
2023-12-22 03:00:00,2,Татнефть-АЗС-003,8.0,33,0,0,1,3,4,7.479128613480701,total_fuel_sales,Продажи топлива,baseline_hgb_v2
2023-12-22 03:00:00,3,Татнефть-АЗС-004,3.0,22,1,1,1,3,4,2.450579152565464,total_fuel_sales,Продажи топлива,baseline_hgb_v2
2023-12-22 03:00:00,4,Татнефть-АЗС-005,2.0,14,0,0,1,3,4,2.90520607084546,total_fuel_sales,Продажи топлива,baseline_hgb_v2
2023-12-22 04:00:00,0,Татнефть-АЗС-001,8.0,34,1,1,0,4,4,8.58323751871974,total_fuel_sales,Продажи топлива,baseline_hgb_v2
2023-12-22 04:00:00,1,Татнефть-АЗС-002,3.0,15,1,1,0,4,4,3.395622462790008,total_fuel_sales,Продажи топлива,baseline_hgb_v2
2023-12-22 04:00:00,2,Татнефть-АЗС-003,3.0,22,0,0,1,4,4,2.6777242921998274,total_fuel_sales,Продажи топлива,baseline_hgb_v2
2023-12-22 04:00:00,3,Татнефть-АЗС-004,3.0,22,0,1,1,4,4,2.450579152565464,total_fuel_sales,Продажи топлива,baseline_hgb_v2
2023-12-22 04:00:00,4,Татнефть-АЗС-005,2.0,14,0,0,1,4,4,2.90520607084546,total_fuel_sales,Продажи топлива,baseline_hgb_v2
2023-12-22 05:00:00,0,Татнефть-АЗС-001,8.0,31,0,1,0,5,4,7.987179330761677,total_fuel_sales,Продажи топлива,baseline_hgb_v2
2023-12-22 05:00:00,1,Татнефть-АЗС-002,2.0,9,1,1,0,5,4,2.484815470984791,total_fuel_sales,Продажи топлива,baseline_hgb_v2
2023-12-22 05:00:00,2,Татнефть-АЗС-003,3.0,23,1,0,1,5,4,3.2683755457349917,total_fuel_sales,Продажи топлива,baseline_hgb_v2
2023-12-22 05:00:00,3,Татнефть-АЗС-004,3.0,20,0,1,1,5,4,2.450579152565464,total_fuel_sales,Продажи топлива,baseline_hgb_v2
2023-12-22 05:00:00,4,Татнефть-АЗС-005,2.0,11,1,0,1,5,4,1.9336746082294638,total_fuel_sales,Продажи топлива,baseline_hgb_v2
2023-12-22 06:00:00,0,Татнефть-АЗС-001,43.0,159,0,1,0,6,4,40.37299013787892,total_fuel_sales,Продажи топлива,baseline_hgb_v2
2023-12-22 06:00:00,1,Татнефть-АЗС-002,19.0,69,0,1,0,6,4,17.708675105214567,total_fuel_sales,Продажи топлива,baseline_hgb_v2
2023-12-22 06:00:00,2,Татнефть-АЗС-003,35.0,161,0,0,1,6,4,36.830950762899356,total_fuel_sales,Продажи топлива,baseline_hgb_v2
2023-12-22 06:00:00,3,Татнефть-АЗС-004,47.0,222,0,1,1,6,4,59.158981052498675,total_fuel_sales,Продажи топлива,baseline_hgb_v2
2023-12-22 06:00:00,4,Татнефть-АЗС-005,14.0,77,0,0,1,6,4,18.073760065882475,total_fuel_sales,Продажи топлива,baseline_hgb_v2
2023-12-22 07:00:00,0,Татнефть-АЗС-001,112.0,299,1,1,0,7,4,126.26316443094895,total_fuel_sales,Продажи топлива,baseline_hgb_v2
2023-12-22 07:00:00,1,Татнефть-АЗС-002,95.0,172,0,1,0,7,4,87.56051169016986,total_fuel_sales,Продажи топлива,baseline_hgb_v2
2023-12-22 07:00:00,2,Татнефть-АЗС-003,105.0,279,1,0,1,7,4,103.497581026614,total_fuel_sales,Продажи топлива,baseline_hgb_v2
2023-12-22 07:00:00,3,Татнефть-АЗС-004,137.0,378,0,1,1,7,4,162.7164907075336,total_fuel_sales,Продажи топлива,baseline_hgb_v2
2023-12-22 07:00:00,4,Татнефть-АЗС-005,55.0,168,1,0,1,7,4,63.8834066281225,total_fuel_sales,Продажи топлива,baseline_hgb_v2
2023-12-22 08:00:00,0,Татнефть-АЗС-001,171.0,387,0,1,0,8,4,204.47979325197642,total_fuel_sales,Продажи топлива,baseline_hgb_v2
2023-12-22 08:00:00,1,Татнефть-АЗС-002,89.0,188,0,1,0,8,4,96.55378443188215,total_fuel_sales,Продажи топлива,baseline_hgb_v2
2023-12-22 08:00:00,2,Татнефть-АЗС-003,177.0,428,0,0,1,8,4,215.19023222164827,total_fuel_sales,Продажи топлива,baseline_hgb_v2
2023-12-22 08:00:00,3,Татнефть-АЗС-004,167.0,401,0,1,1,8,4,163.39407175218255,total_fuel_sales,Продажи топлива,baseline_hgb_v2
2023-12-22 08:00:00,4,Татнефть-АЗС-005,60.0,177,1,0,1,8,4,66.49185065717906,total_fuel_sales,Продажи топлива,baseline_hgb_v2
2023-12-22 09:00:00,0,Татнефть-АЗС-001,173.0,405,0,1,0,9,4,207.6925351769551,total_fuel_sales,Продажи топлива,baseline_hgb_v2
2023-12-22 09:00:00,1,Татнефть-АЗС-002,43.0,112,0,1,0,9,4,41.35025609450278,total_fuel_sales,Продажи топлива,baseline_hgb_v2
2023-12-22 09:00:00,2,Татнефть-АЗС-003,174.0,355,0,0,1,9,4,156.21001945840078,total_fuel_sales,Продажи топлива,baseline_hgb_v2
2023-12-22 09:00:00,3,Татнефть-АЗС-004,338.0,605,1,1,1,9,4,328.0217780724786,total_fuel_sales,Продажи топлива,baseline_hgb_v2
2023-12-22 09:00:00,4,Татнефть-АЗС-005,60.0,179,1,0,1,9,4,68.0193963032115,total_fuel_sales,Продажи топлива,baseline_hgb_v2
2023-12-22 10:00:00,0,Татнефть-АЗС-001,21.0,106,1,1,0,10,4,22.79944753472057,total_fuel_sales,Продажи топлива,baseline_hgb_v2
2023-12-22 10:00:00,1,Татнефть-АЗС-002,9.0,52,0,1,0,10,4,12.05000379890744,total_fuel_sales,Продажи топлива,baseline_hgb_v2
2023-12-22 10:00:00,2,Татнефть-АЗС-003,29.0,122,1,0,1,10,4,25.43090040140031,total_fuel_sales,Продажи топлива,baseline_hgb_v2
2023-12-22 10:00:00,3,Татнефть-АЗС-004,38.0,174,0,1,1,10,4,38.48826567481089,total_fuel_sales,Продажи топлива,baseline_hgb_v2
2023-12-22 10:00:00,4,Татнефть-АЗС-005,21.0,96,0,0,1,10,4,24.697758391483344,total_fuel_sales,Продажи топлива,baseline_hgb_v2
2023-12-22 11:00:00,0,Татнефть-АЗС-001,41.0,147,1,1,0,11,4,36.911123182961354,total_fuel_sales,Продажи топлива,baseline_hgb_v2
2023-12-22 11:00:00,1,Татнефть-АЗС-002,9.0,44,1,1,0,11,4,10.040513204194673,total_fuel_sales,Продажи топлива,baseline_hgb_v2
2023-12-22 11:00:00,2,Татнефть-АЗС-003,37.0,152,0,0,1,11,4,34.85073403939168,total_fuel_sales,Продажи топлива,baseline_hgb_v2
2023-12-22 11:00:00,3,Татнефть-АЗС-004,41.0,156,1,1,1,11,4,38.904166906154146,total_fuel_sales,Продажи топлива,baseline_hgb_v2
2023-12-22 11:00:00,4,Татнефть-АЗС-005,9.0,50,0,0,1,11,4,10.925411543504561,total_fuel_sales,Продажи топлива,baseline_hgb_v2
2023-12-22 12:00:00,0,Татнефть-АЗС-001,64.0,170,0,1,0,12,4,73.3070537427831,total_fuel_sales,Продажи топлива,baseline_hgb_v2
2023-12-22 12:00:00,1,Татнефть-АЗС-002,32.0,76,1,1,0,12,4,32.523114630139105,total_fuel_sales,Продажи топлива,baseline_hgb_v2
2023-12-22 12:00:00,2,Татнефть-АЗС-003,33.0,95,0,0,1,12,4,30.541311817709325,total_fuel_sales,Продажи топлива,baseline_hgb_v2
2023-12-22 12:00:00,3,Татнефть-АЗС-004,50.0,136,0,1,1,12,4,52.38247394631368,total_fuel_sales,Продажи топлива,baseline_hgb_v2
2023-12-22 12:00:00,4,Татнефть-АЗС-005,29.0,80,0,0,1,12,4,33.610932279888196,total_fuel_sales,Продажи топлива,baseline_hgb_v2
2023-12-22 13:00:00,0,Татнефть-АЗС-001,39.0,100,1,1,0,13,4,33.3607427361663,total_fuel_sales,Продажи топлива,baseline_hgb_v2
2023-12-22 13:00:00,1,Татнефть-АЗС-002,29.0,70,1,1,0,13,4,29.2492758360334,total_fuel_sales,Продажи топлива,baseline_hgb_v2
2023-12-22 13:00:00,2,Татнефть-АЗС-003,60.0,144,1,0,1,13,4,52.04030210712729,total_fuel_sales,Продажи топлива,baseline_hgb_v2
2023-12-22 13:00:00,3,Татнефть-АЗС-004,62.0,160,0,1,1,13,4,70.52693837804505,total_fuel_sales,Продажи топлива,baseline_hgb_v2
2023-12-22 13:00:00,4,Татнефть-АЗС-005,34.0,79,0,0,1,13,4,30.968359256808984,total_fuel_sales,Продажи топлива,baseline_hgb_v2
2023-12-22 14:00:00,0,Татнефть-АЗС-001,58.0,137,0,1,0,14,4,54.4725426368484,total_fuel_sales,Продажи топлива,baseline_hgb_v2
2023-12-22 14:00:00,1,Татнефть-АЗС-002,18.0,56,0,1,0,14,4,17.526728653000905,total_fuel_sales,Продажи топлива,baseline_hgb_v2
2023-12-22 14:00:00,2,Татнефть-АЗС-003,49.0,130,0,0,1,14,4,45.09691668864876,total_fuel_sales,Продажи топлива,baseline_hgb_v2
2023-12-22 14:00:00,3,Татнефть-АЗС-004,29.0,101,0,1,1,14,4,33.08474741119103,total_fuel_sales,Продажи топлива,baseline_hgb_v2
2023-12-22 14:00:00,4,Татнефть-АЗС-005,16.0,48,0,0,1,14,4,15.349874723012551,total_fuel_sales,Продажи топлива,baseline_hgb_v2
2023-12-22 15:00:00,0,Татнефть-АЗС-001,23.0,116,1,1,0,15,4,24.40940461864311,total_fuel_sales,Продажи топлива,baseline_hgb_v2
2023-12-22 15:00:00,1,Татнефть-АЗС-002,18.0,64,0,1,0,15,4,14.908903948272762,total_fuel_sales,Продажи топлива,baseline_hgb_v2
2023-12-22 15:00:00,2,Татнефть-АЗС-003,14.0,91,0,0,1,15,4,18.018442034238017,total_fuel_sales,Продажи топлива,baseline_hgb_v2
2023-12-22 15:00:00,3,Татнефть-АЗС-004,33.0,139,1,1,1,15,4,32.941420717451734,total_fuel_sales,Продажи топлива,baseline_hgb_v2
2023-12-22 15:00:00,4,Татнефть-АЗС-005,21.0,81,0,0,1,15,4,21.52173835514947,total_fuel_sales,Продажи топлива,baseline_hgb_v2
2023-12-22 16:00:00,0,Татнефть-АЗС-001,41.0,168,0,1,0,16,4,42.55087394655028,total_fuel_sales,Продажи топлива,baseline_hgb_v2
2023-12-22 16:00:00,1,Татнефть-АЗС-002,33.0,118,1,1,0,16,4,29.82002842410579,total_fuel_sales,Продажи топлива,baseline_hgb_v2
2023-12-22 16:00:00,2,Татнефть-АЗС-003,60.0,245,0,0,1,16,4,58.32405163567248,total_fuel_sales,Продажи топлива,baseline_hgb_v2
2023-12-22 16:00:00,3,Татнефть-АЗС-004,32.0,142,1,1,1,16,4,34.318211203546504,total_fuel_sales,Продажи топлива,baseline_hgb_v2
2023-12-22 16:00:00,4,Татнефть-АЗС-005,8.0,51,0,0,1,16,4,11.69739954965844,total_fuel_sales,Продажи топлива,baseline_hgb_v2
2023-12-22 17:00:00,0,Татнефть-АЗС-001,215.0,435,0,1,0,17,4,232.78666041225858,total_fuel_sales,Продажи топлива,baseline_hgb_v2
2023-12-22 17:00:00,1,Татнефть-АЗС-002,71.0,197,0,1,0,17,4,83.74712707839998,total_fuel_sales,Продажи топлива,baseline_hgb_v2
2023-12-22 17:00:00,2,Татнефть-АЗС-003,159.0,431,0,0,1,17,4,181.4592563061214,total_fuel_sales,Продажи топлива,baseline_hgb_v2
2023-12-22 17:00:00,3,Татнефть-АЗС-004,181.0,368,0,1,1,17,4,160.19484774468813,total_fuel_sales,Продажи топлива,baseline_hgb_v2
2023-12-22 17:00:00,4,Татнефть-АЗС-005,54.0,136,0,0,1,17,4,52.09761913644406,total_fuel_sales,Продажи топлива,baseline_hgb_v2
2023-12-22 18:00:00,0,Татнефть-АЗС-001,249.0,479,1,1,0,18,4,255.38796886559285,total_fuel_sales,Продажи топлива,baseline_hgb_v2
2023-12-22 18:00:00,1,Татнефть-АЗС-002,126.0,289,0,1,0,18,4,147.68421093755586,total_fuel_sales,Продажи топлива,baseline_hgb_v2
2023-12-22 18:00:00,2,Татнефть-АЗС-003,245.0,560,0,0,1,18,4,278.3449885783761,total_fuel_sales,Продажи топлива,baseline_hgb_v2
2023-12-22 18:00:00,3,Татнефть-АЗС-004,225.0,407,0,1,1,18,4,196.60545208447073,total_fuel_sales,Продажи топлива,baseline_hgb_v2
2023-12-22 18:00:00,4,Татнефть-АЗС-005,95.0,195,1,0,1,18,4,91.28469716890903,total_fuel_sales,Продажи топлива,baseline_hgb_v2
2023-12-22 19:00:00,0,Татнефть-АЗС-001,111.0,308,0,1,0,19,4,128.98198904639452,total_fuel_sales,Продажи топлива,baseline_hgb_v2
2023-12-22 19:00:00,1,Татнефть-АЗС-002,146.0,279,0,1,0,19,4,150.98399184177512,total_fuel_sales,Продажи топлива,baseline_hgb_v2
2023-12-22 19:00:00,2,Татнефть-АЗС-003,307.0,675,0,0,1,19,4,317.5184612511916,total_fuel_sales,Продажи топлива,baseline_hgb_v2
2023-12-22 19:00:00,3,Татнефть-АЗС-004,253.0,543,0,1,1,19,4,291.1853432148749,total_fuel_sales,Продажи топлива,baseline_hgb_v2
2023-12-22 19:00:00,4,Татнефть-АЗС-005,50.0,132,0,0,1,19,4,47.75398859301162,total_fuel_sales,Продажи топлива,baseline_hgb_v2
2023-12-22 20:00:00,0,Татнефть-АЗС-001,34.0,131,1,1,0,20,4,30.883291000669992,total_fuel_sales,Продажи топлива,baseline_hgb_v2
2023-12-22 20:00:00,1,Татнефть-АЗС-002,27.0,107,1,1,0,20,4,28.807326890514794,total_fuel_sales,Продажи топлива,baseline_hgb_v2
2023-12-22 20:00:00,2,Татнефть-АЗС-003,43.0,204,1,0,1,20,4,50.13462973677246,total_fuel_sales,Продажи топлива,baseline_hgb_v2
2023-12-22 20:00:00,3,Татнефть-АЗС-004,47.0,173,0,1,1,20,4,43.11613743938375,total_fuel_sales,Продажи топлива,baseline_hgb_v2
2023-12-22 20:00:00,4,Татнефть-АЗС-005,14.0,73,1,0,1,20,4,18.294260667084643,total_fuel_sales,Продажи топлива,baseline_hgb_v2
2023-12-22 21:00:00,0,Татнефть-АЗС-001,35.0,152,0,1,0,21,4,36.79676992180411,total_fuel_sales,Продажи топлива,baseline_hgb_v2
2023-12-22 21:00:00,1,Татнефть-АЗС-002,19.0,71,0,1,0,21,4,18.297715408222906,total_fuel_sales,Продажи топлива,baseline_hgb_v2
2023-12-22 21:00:00,2,Татнефть-АЗС-003,24.0,127,1,0,1,21,4,27.00527669077932,total_fuel_sales,Продажи топлива,baseline_hgb_v2
2023-12-22 21:00:00,3,Татнефть-АЗС-004,19.0,96,0,1,1,21,4,19.160320343639448,total_fuel_sales,Продажи топлива,baseline_hgb_v2
2023-12-22 21:00:00,4,Татнефть-АЗС-005,12.0,69,0,0,1,21,4,16.974678580116603,total_fuel_sales,Продажи топлива,baseline_hgb_v2
2023-12-22 22:00:00,0,Татнефть-АЗС-001,8.0,34,0,1,0,22,4,8.390254624952684,total_fuel_sales,Продажи топлива,baseline_hgb_v2
2023-12-22 22:00:00,1,Татнефть-АЗС-002,2.0,9,0,1,0,22,4,1.8646827431825512,total_fuel_sales,Продажи топлива,baseline_hgb_v2
2023-12-22 22:00:00,2,Татнефть-АЗС-003,3.0,21,1,0,1,22,4,2.317638351293285,total_fuel_sales,Продажи топлива,baseline_hgb_v2
2023-12-22 22:00:00,3,Татнефть-АЗС-004,8.0,33,0,1,1,22,4,7.426430835543655,total_fuel_sales,Продажи топлива,baseline_hgb_v2
2023-12-22 22:00:00,4,Татнефть-АЗС-005,2.0,10,0,0,1,22,4,2.0683402334707095,total_fuel_sales,Продажи топлива,baseline_hgb_v2
2023-12-22 23:00:00,0,Татнефть-АЗС-001,6.0,25,0,1,0,23,4,4.556465491072424,total_fuel_sales,Продажи топлива,baseline_hgb_v2
2023-12-22 23:00:00,1,Татнефть-АЗС-002,2.0,16,0,1,0,23,4,2.855822090949347,total_fuel_sales,Продажи топлива,baseline_hgb_v2
2023-12-22 23:00:00,2,Татнефть-АЗС-003,8.0,30,0,0,1,23,4,7.017554826053251,total_fuel_sales,Продажи топлива,baseline_hgb_v2
2023-12-22 23:00:00,3,Татнефть-АЗС-004,8.0,31,0,1,1,23,4,7.450645461865035,total_fuel_sales,Продажи топлива,baseline_hgb_v2
2023-12-22 23:00:00,4,Татнефть-АЗС-005,2.0,15,0,0,1,23,4,3.049511602930012,total_fuel_sales,Продажи топлива,baseline_hgb_v2
2023-12-23 00:00:00,0,Татнефть-АЗС-001,8.0,35,1,1,0,0,5,8.449739642928336,total_fuel_sales,Продажи топлива,baseline_hgb_v2
2023-12-23 00:00:00,1,Татнефть-АЗС-002,0.0,7,0,1,0,0,5,2.329005762904791,total_fuel_sales,Продажи топлива,baseline_hgb_v2
2023-12-23 00:00:00,2,Татнефть-АЗС-003,8.0,38,0,0,1,0,5,9.162384285442252,total_fuel_sales,Продажи топлива,baseline_hgb_v2
2023-12-23 00:00:00,3,Татнефть-АЗС-004,5.0,27,0,1,1,0,5,4.510748874394388,total_fuel_sales,Продажи топлива,baseline_hgb_v2
2023-12-23 00:00:00,4,Татнефть-АЗС-005,0.0,8,0,0,1,0,5,1.6462853409911455,total_fuel_sales,Продажи топлива,baseline_hgb_v2
2023-12-23 01:00:00,0,Татнефть-АЗС-001,4.0,29,0,1,0,1,5,5.573736392788817,total_fuel_sales,Продажи топлива,baseline_hgb_v2
2023-12-23 01:00:00,1,Татнефть-АЗС-002,0.0,7,0,1,0,1,5,2.0252309040824827,total_fuel_sales,Продажи топлива,baseline_hgb_v2
2023-12-23 01:00:00,2,Татнефть-АЗС-003,4.0,26,0,0,1,1,5,3.673901026284918,total_fuel_sales,Продажи топлива,baseline_hgb_v2
2023-12-23 01:00:00,3,Татнефть-АЗС-004,8.0,27,0,1,1,1,5,5.64593441032903,total_fuel_sales,Продажи топлива,baseline_hgb_v2
2023-12-23 01:00:00,4,Татнефть-АЗС-005,2.0,11,0,0,1,1,5,2.522642304558978,total_fuel_sales,Продажи топлива,baseline_hgb_v2
2023-12-23 02:00:00,0,Татнефть-АЗС-001,8.0,31,0,1,0,2,5,7.715764833234679,total_fuel_sales,Продажи топлива,baseline_hgb_v2
2023-12-23 02:00:00,1,Татнефть-АЗС-002,1.0,8,1,1,0,2,5,2.0252309040824827,total_fuel_sales,Продажи топлива,baseline_hgb_v2
2023-12-23 02:00:00,2,Татнефть-АЗС-003,3.0,24,0,0,1,2,5,2.736684416085086,total_fuel_sales,Продажи топлива,baseline_hgb_v2
2023-12-23 02:00:00,3,Татнефть-АЗС-004,4.0,24,1,1,1,2,5,2.573454762259606,total_fuel_sales,Продажи топлива,baseline_hgb_v2
2023-12-23 02:00:00,4,Татнефть-АЗС-005,2.0,12,0,0,1,2,5,2.522642304558978,total_fuel_sales,Продажи топлива,baseline_hgb_v2
2023-12-23 03:00:00,0,Татнефть-АЗС-001,8.0,39,0,1,0,3,5,10.086718505497151,total_fuel_sales,Продажи топлива,baseline_hgb_v2
2023-12-23 03:00:00,1,Татнефть-АЗС-002,2.0,11,0,1,0,3,5,3.0769741823124077,total_fuel_sales,Продажи топлива,baseline_hgb_v2
2023-12-23 03:00:00,2,Татнефть-АЗС-003,8.0,39,0,0,1,3,5,9.497721089025182,total_fuel_sales,Продажи топлива,baseline_hgb_v2
2023-12-23 03:00:00,3,Татнефть-АЗС-004,8.0,41,0,1,1,3,5,10.827752627203049,total_fuel_sales,Продажи топлива,baseline_hgb_v2
2023-12-23 03:00:00,4,Татнефть-АЗС-005,2.0,11,0,0,1,3,5,2.522642304558978,total_fuel_sales,Продажи топлива,baseline_hgb_v2
2023-12-23 04:00:00,0,Татнефть-АЗС-001,8.0,36,0,1,0,4,5,8.697493803646068,total_fuel_sales,Продажи топлива,baseline_hgb_v2
2023-12-23 04:00:00,1,Татнефть-АЗС-002,2.0,12,0,1,0,4,5,3.0769741823124077,total_fuel_sales,Продажи топлива,baseline_hgb_v2
2023-12-23 04:00:00,2,Татнефть-АЗС-003,4.0,26,0,0,1,4,5,3.5452131247709415,total_fuel_sales,Продажи топлива,baseline_hgb_v2
2023-12-23 04:00:00,3,Татнефть-АЗС-004,8.0,33,0,1,1,4,5,7.260229543848453,total_fuel_sales,Продажи топлива,baseline_hgb_v2
2023-12-23 04:00:00,4,Татнефть-АЗС-005,1.0,8,0,0,1,4,5,1.6462853409911455,total_fuel_sales,Продажи топлива,baseline_hgb_v2
2023-12-23 05:00:00,0,Татнефть-АЗС-001,8.0,31,0,1,0,5,5,6.714502385006919,total_fuel_sales,Продажи топлива,baseline_hgb_v2
2023-12-23 05:00:00,1,Татнефть-АЗС-002,2.0,13,0,1,0,5,5,3.0769741823124077,total_fuel_sales,Продажи топлива,baseline_hgb_v2
2023-12-23 05:00:00,2,Татнефть-АЗС-003,8.0,42,1,0,1,5,5,10.709722377992302,total_fuel_sales,Продажи топлива,baseline_hgb_v2
2023-12-23 05:00:00,3,Татнефть-АЗС-004,8.0,32,1,1,1,5,5,7.260229543848453,total_fuel_sales,Продажи топлива,baseline_hgb_v2
2023-12-23 05:00:00,4,Татнефть-АЗС-005,1.0,9,0,0,1,5,5,1.517597439477168,total_fuel_sales,Продажи топлива,baseline_hgb_v2
2023-12-23 06:00:00,0,Татнефть-АЗС-001,50.0,186,0,1,0,6,5,48.49287819714908,total_fuel_sales,Продажи топлива,baseline_hgb_v2
2023-12-23 06:00:00,1,Татнефть-АЗС-002,12.0,58,0,1,0,6,5,13.39992419396827,total_fuel_sales,Продажи топлива,baseline_hgb_v2
2023-12-23 06:00:00,2,Татнефть-АЗС-003,39.0,189,1,0,1,6,5,44.408380847782496,total_fuel_sales,Продажи топлива,baseline_hgb_v2
2023-12-23 06:00:00,3,Татнефть-АЗС-004,44.0,205,0,1,1,6,5,49.85847852992525,total_fuel_sales,Продажи топлива,baseline_hgb_v2
2023-12-23 06:00:00,4,Татнефть-АЗС-005,9.0,63,0,0,1,6,5,12.134591821108035,total_fuel_sales,Продажи топлива,baseline_hgb_v2
2023-12-23 07:00:00,0,Татнефть-АЗС-001,109.0,308,0,1,0,7,5,127.81316706167019,total_fuel_sales,Продажи топлива,baseline_hgb_v2
2023-12-23 07:00:00,1,Татнефть-АЗС-002,60.0,141,0,1,0,7,5,58.54886518394594,total_fuel_sales,Продажи топлива,baseline_hgb_v2
2023-12-23 07:00:00,2,Татнефть-АЗС-003,204.0,507,1,0,1,7,5,255.15240506288194,total_fuel_sales,Продажи топлива,baseline_hgb_v2
2023-12-23 07:00:00,3,Татнефть-АЗС-004,167.0,480,0,1,1,7,5,190.30759213161758,total_fuel_sales,Продажи топлива,baseline_hgb_v2
2023-12-23 07:00:00,4,Татнефть-АЗС-005,84.0,248,0,0,1,7,5,110.30718113779521,total_fuel_sales,Продажи топлива,baseline_hgb_v2
2023-12-23 08:00:00,0,Татнефть-АЗС-001,126.0,304,0,1,0,8,5,125.72108407132652,total_fuel_sales,Продажи топлива,baseline_hgb_v2
2023-12-23 08:00:00,1,Татнефть-АЗС-002,71.0,168,0,1,0,8,5,80.07136440470956,total_fuel_sales,Продажи топлива,baseline_hgb_v2
2023-12-23 08:00:00,2,Татнефть-АЗС-003,117.0,336,0,0,1,8,5,119.09985687682943,total_fuel_sales,Продажи топлива,baseline_hgb_v2
2023-12-23 08:00:00,3,Татнефть-АЗС-004,364.0,708,1,1,1,8,5,362.43417743709466,total_fuel_sales,Продажи топлива,baseline_hgb_v2
2023-12-23 08:00:00,4,Татнефть-АЗС-005,95.0,230,0,0,1,8,5,100.45334119562924,total_fuel_sales,Продажи топлива,baseline_hgb_v2
2023-12-23 09:00:00,0,Татнефть-АЗС-001,204.0,453,1,1,0,9,5,244.02880196522787,total_fuel_sales,Продажи топлива,baseline_hgb_v2
2023-12-23 09:00:00,1,Татнефть-АЗС-002,32.0,96,0,1,0,9,5,35.60722309443697,total_fuel_sales,Продажи топлива,baseline_hgb_v2
2023-12-23 09:00:00,2,Татнефть-АЗС-003,130.0,352,0,0,1,9,5,130.25183612221264,total_fuel_sales,Продажи топлива,baseline_hgb_v2
2023-12-23 09:00:00,3,Татнефть-АЗС-004,330.0,677,0,1,1,9,5,361.97320885050556,total_fuel_sales,Продажи топлива,baseline_hgb_v2
2023-12-23 09:00:00,4,Татнефть-АЗС-005,53.0,147,0,0,1,9,5,53.21658227993099,total_fuel_sales,Продажи топлива,baseline_hgb_v2
2023-12-23 10:00:00,0,Татнефть-АЗС-001,48.0,189,0,1,0,10,5,49.35163140532005,total_fuel_sales,Продажи топлива,baseline_hgb_v2
2023-12-23 10:00:00,1,Татнефть-АЗС-002,11.0,52,1,1,0,10,5,12.72560476793977,total_fuel_sales,Продажи топлива,baseline_hgb_v2
2023-12-23 10:00:00,2,Татнефть-АЗС-003,41.0,181,1,0,1,10,5,43.30281206082513,total_fuel_sales,Продажи топлива,baseline_hgb_v2
2023-12-23 10:00:00,3,Татнефть-АЗС-004,43.0,197,0,1,1,10,5,47.933463399392544,total_fuel_sales,Продажи топлива,baseline_hgb_v2
2023-12-23 10:00:00,4,Татнефть-АЗС-005,14.0,78,0,0,1,10,5,19.28929875736415,total_fuel_sales,Продажи топлива,baseline_hgb_v2
2023-12-23 11:00:00,0,Татнефть-АЗС-001,23.0,134,1,1,0,11,5,29.039563784661457,total_fuel_sales,Продажи топлива,baseline_hgb_v2
2023-12-23 11:00:00,1,Татнефть-АЗС-002,6.0,35,1,1,0,11,5,6.352194108994009,total_fuel_sales,Продажи топлива,baseline_hgb_v2
2023-12-23 11:00:00,2,Татнефть-АЗС-003,23.0,130,0,0,1,11,5,25.490165183085473,total_fuel_sales,Продажи топлива,baseline_hgb_v2
2023-12-23 11:00:00,3,Татнефть-АЗС-004,38.0,176,0,1,1,11,5,44.43389751020543,total_fuel_sales,Продажи топлива,baseline_hgb_v2
2023-12-23 11:00:00,4,Татнефть-АЗС-005,6.0,36,0,0,1,11,5,6.232800349058712,total_fuel_sales,Продажи топлива,baseline_hgb_v2
2023-12-23 12:00:00,0,Татнефть-АЗС-001,80.0,185,1,1,0,12,5,81.651441983536,total_fuel_sales,Продажи топлива,baseline_hgb_v2
2023-12-23 12:00:00,1,Татнефть-АЗС-002,12.0,41,0,1,0,12,5,12.96114436887235,total_fuel_sales,Продажи топлива,baseline_hgb_v2
2023-12-23 12:00:00,2,Татнефть-АЗС-003,39.0,118,0,0,1,12,5,35.92059304506798,total_fuel_sales,Продажи топлива,baseline_hgb_v2
2023-12-23 12:00:00,3,Татнефть-АЗС-004,64.0,166,0,1,1,12,5,73.12821701303099,total_fuel_sales,Продажи топлива,baseline_hgb_v2
2023-12-23 12:00:00,4,Татнефть-АЗС-005,9.0,37,0,0,1,12,5,10.225464042280016,total_fuel_sales,Продажи топлива,baseline_hgb_v2
2023-12-23 13:00:00,0,Татнефть-АЗС-001,73.0,184,1,1,0,13,5,81.651441983536,total_fuel_sales,Продажи топлива,baseline_hgb_v2
2023-12-23 13:00:00,1,Татнефть-АЗС-002,14.0,43,0,1,0,13,5,13.38554181641241,total_fuel_sales,Продажи топлива,baseline_hgb_v2
2023-12-23 13:00:00,2,Татнефть-АЗС-003,70.0,178,0,0,1,13,5,72.87403303064904,total_fuel_sales,Продажи топлива,baseline_hgb_v2
2023-12-23 13:00:00,3,Татнефть-АЗС-004,45.0,121,0,1,1,13,5,41.61025048426861,total_fuel_sales,Продажи топлива,baseline_hgb_v2
2023-12-23 13:00:00,4,Татнефть-АЗС-005,19.0,59,1,0,1,13,5,19.875947651745438,total_fuel_sales,Продажи топлива,baseline_hgb_v2
2023-12-23 14:00:00,0,Татнефть-АЗС-001,49.0,132,0,1,0,14,5,45.13900615044495,total_fuel_sales,Продажи топлива,baseline_hgb_v2
2023-12-23 14:00:00,1,Татнефть-АЗС-002,19.0,53,1,1,0,14,5,18.03357827237846,total_fuel_sales,Продажи топлива,baseline_hgb_v2
2023-12-23 14:00:00,2,Татнефть-АЗС-003,35.0,109,0,0,1,14,5,32.20253951257648,total_fuel_sales,Продажи топлива,baseline_hgb_v2
2023-12-23 14:00:00,3,Татнефть-АЗС-004,92.0,196,1,1,1,14,5,88.75259305622912,total_fuel_sales,Продажи топлива,baseline_hgb_v2
2023-12-23 14:00:00,4,Татнефть-АЗС-005,9.0,39,1,0,1,14,5,11.021306550266697,total_fuel_sales,Продажи топлива,baseline_hgb_v2
2023-12-23 15:00:00,0,Татнефть-АЗС-001,24.0,118,0,1,0,15,5,24.482488536244517,total_fuel_sales,Продажи топлива,baseline_hgb_v2
2023-12-23 15:00:00,1,Татнефть-АЗС-002,11.0,51,0,1,0,15,5,12.069860499020226,total_fuel_sales,Продажи топлива,baseline_hgb_v2
2023-12-23 15:00:00,2,Татнефть-АЗС-003,35.0,174,1,0,1,15,5,39.9351343115534,total_fuel_sales,Продажи топлива,baseline_hgb_v2
2023-12-23 15:00:00,3,Татнефть-АЗС-004,39.0,165,0,1,1,15,5,40.750968597403094,total_fuel_sales,Продажи топлива,baseline_hgb_v2
2023-12-23 15:00:00,4,Татнефть-АЗС-005,4.0,37,1,0,1,15,5,6.861755630920717,total_fuel_sales,Продажи топлива,baseline_hgb_v2
2023-12-23 16:00:00,0,Татнефть-АЗС-001,41.0,152,0,1,0,16,5,36.85329480336365,total_fuel_sales,Продажи топлива,baseline_hgb_v2
2023-12-23 16:00:00,1,Татнефть-АЗС-002,11.0,64,0,1,0,16,5,13.35301064714217,total_fuel_sales,Продажи топлива,baseline_hgb_v2
2023-12-23 16:00:00,2,Татнефть-АЗС-003,37.0,197,0,0,1,16,5,41.55745935729046,total_fuel_sales,Продажи топлива,baseline_hgb_v2
2023-12-23 16:00:00,3,Татнефть-АЗС-004,29.0,128,0,1,1,16,5,27.46305826448445,total_fuel_sales,Продажи топлива,baseline_hgb_v2
2023-12-23 16:00:00,4,Татнефть-АЗС-005,6.0,39,0,0,1,16,5,7.657598138907399,total_fuel_sales,Продажи топлива,baseline_hgb_v2
2023-12-23 17:00:00,0,Татнефть-АЗС-001,131.0,363,0,1,0,17,5,150.23286178283044,total_fuel_sales,Продажи топлива,baseline_hgb_v2
2023-12-23 17:00:00,1,Татнефть-АЗС-002,68.0,181,0,1,0,17,5,72.00284606614564,total_fuel_sales,Продажи топлива,baseline_hgb_v2
2023-12-23 17:00:00,2,Татнефть-АЗС-003,204.0,589,0,0,1,17,5,242.7144158089772,total_fuel_sales,Продажи топлива,baseline_hgb_v2
2023-12-23 17:00:00,3,Татнефть-АЗС-004,288.0,516,0,1,1,17,5,280.1092397453269,total_fuel_sales,Продажи топлива,baseline_hgb_v2
2023-12-23 17:00:00,4,Татнефть-АЗС-005,48.0,127,1,0,1,17,5,42.91961879205504,total_fuel_sales,Продажи топлива,baseline_hgb_v2
2023-12-23 18:00:00,0,Татнефть-АЗС-001,130.0,334,1,1,0,18,5,135.98974093192894,total_fuel_sales,Продажи топлива,baseline_hgb_v2
2023-12-23 18:00:00,1,Татнефть-АЗС-002,54.0,166,0,1,0,18,5,61.02704748388,total_fuel_sales,Продажи топлива,baseline_hgb_v2
2023-12-23 18:00:00,2,Татнефть-АЗС-003,303.0,773,0,0,1,18,5,379.04549894405756,total_fuel_sales,Продажи топлива,baseline_hgb_v2
2023-12-23 18:00:00,3,Татнефть-АЗС-004,150.0,366,0,1,1,18,5,144.31937557763578,total_fuel_sales,Продажи топлива,baseline_hgb_v2
2023-12-23 18:00:00,4,Татнефть-АЗС-005,39.0,128,0,0,1,18,5,41.59484282695945,total_fuel_sales,Продажи топлива,baseline_hgb_v2
2023-12-23 19:00:00,0,Татнефть-АЗС-001,280.0,505,0,1,0,19,5,274.7125294400905,total_fuel_sales,Продажи топлива,baseline_hgb_v2
2023-12-23 19:00:00,1,Татнефть-АЗС-002,54.0,170,0,1,0,19,5,65.38688183631508,total_fuel_sales,Продажи топлива,baseline_hgb_v2
2023-12-23 19:00:00,2,Татнефть-АЗС-003,183.0,583,0,0,1,19,5,245.33068717716688,total_fuel_sales,Продажи топлива,baseline_hgb_v2
2023-12-23 19:00:00,3,Татнефть-АЗС-004,161.0,355,0,1,1,19,5,141.60514697851835,total_fuel_sales,Продажи топлива,baseline_hgb_v2
2023-12-23 19:00:00,4,Татнефть-АЗС-005,62.0,153,1,0,1,19,5,61.15705885211675,total_fuel_sales,Продажи топлива,baseline_hgb_v2
2023-12-23 20:00:00,0,Татнефть-АЗС-001,41.0,183,0,1,0,20,5,46.30400405667817,total_fuel_sales,Продажи топлива,baseline_hgb_v2
2023-12-23 20:00:00,1,Татнефть-АЗС-002,18.0,76,0,1,0,20,5,19.209927498457485,total_fuel_sales,Продажи топлива,baseline_hgb_v2
2023-12-23 20:00:00,2,Татнефть-АЗС-003,44.0,213,0,0,1,20,5,48.957663184108384,total_fuel_sales,Продажи топлива,baseline_hgb_v2
2023-12-23 20:00:00,3,Татнефть-АЗС-004,43.0,202,0,1,1,20,5,53.85097062382412,total_fuel_sales,Продажи топлива,baseline_hgb_v2
2023-12-23 20:00:00,4,Татнефть-АЗС-005,4.0,35,0,0,1,20,5,6.020619276338581,total_fuel_sales,Продажи топлива,baseline_hgb_v2
2023-12-23 21:00:00,0,Татнефть-АЗС-001,41.0,184,0,1,0,21,5,46.30400405667817,total_fuel_sales,Продажи топлива,baseline_hgb_v2
2023-12-23 21:00:00,1,Татнефть-АЗС-002,11.0,53,0,1,0,21,5,12.16802061428999,total_fuel_sales,Продажи топлива,baseline_hgb_v2
2023-12-23 21:00:00,2,Татнефть-АЗС-003,21.0,129,1,0,1,21,5,25.108143710794593,total_fuel_sales,Продажи топлива,baseline_hgb_v2
2023-12-23 21:00:00,3,Татнефть-АЗС-004,41.0,178,1,1,1,21,5,43.91726239505218,total_fuel_sales,Продажи топлива,baseline_hgb_v2
2023-12-23 21:00:00,4,Татнефть-АЗС-005,8.0,49,0,0,1,21,5,11.668364491014518,total_fuel_sales,Продажи топлива,baseline_hgb_v2
2023-12-23 22:00:00,0,Татнефть-АЗС-001,8.0,36,1,1,0,22,5,8.407858660200196,total_fuel_sales,Продажи топлива,baseline_hgb_v2
2023-12-23 22:00:00,1,Татнефть-АЗС-002,2.0,12,0,1,0,22,5,2.5154466817149643,total_fuel_sales,Продажи топлива,baseline_hgb_v2
2023-12-23 22:00:00,2,Татнефть-АЗС-003,3.0,23,0,0,1,22,5,2.3548713464217617,total_fuel_sales,Продажи топлива,baseline_hgb_v2
2023-12-23 22:00:00,3,Татнефть-АЗС-004,8.0,35,0,1,1,22,5,7.883676152114417,total_fuel_sales,Продажи топлива,baseline_hgb_v2
2023-12-23 22:00:00,4,Татнефть-АЗС-005,2.0,12,0,0,1,22,5,2.645220707886748,total_fuel_sales,Продажи топлива,baseline_hgb_v2
2023-12-23 23:00:00,0,Татнефть-АЗС-001,8.0,39,1,1,0,23,5,9.797083362051278,total_fuel_sales,Продажи топлива,baseline_hgb_v2
2023-12-23 23:00:00,1,Татнефть-АЗС-002,2.0,11,1,1,0,23,5,2.5154466817149643,total_fuel_sales,Продажи топлива,baseline_hgb_v2
2023-12-23 23:00:00,2,Татнефть-АЗС-003,2.0,23,1,0,1,23,5,2.3548713464217617,total_fuel_sales,Продажи топлива,baseline_hgb_v2
2023-12-23 23:00:00,3,Татнефть-АЗС-004,12.0,42,0,1,1,23,5,10.684087506538106,total_fuel_sales,Продажи топлива,baseline_hgb_v2
2023-12-23 23:00:00,4,Татнефть-АЗС-005,0.0,7,0,0,1,23,5,1.6305359359616327,total_fuel_sales,Продажи топлива,baseline_hgb_v2
2023-12-24 00:00:00,0,Татнефть-АЗС-001,6.0,25,0,1,0,0,6,3.879704010186912,total_fuel_sales,Продажи топлива,baseline_hgb_v2
2023-12-24 00:00:00,1,Татнефть-АЗС-002,2.0,10,0,1,0,0,6,3.0769741823124077,total_fuel_sales,Продажи топлива,baseline_hgb_v2
2023-12-24 00:00:00,2,Татнефть-АЗС-003,3.0,26,0,0,1,0,6,3.673901026284918,total_fuel_sales,Продажи топлива,baseline_hgb_v2
2023-12-24 00:00:00,3,Татнефть-АЗС-004,12.0,43,1,1,1,0,6,11.335124947841088,total_fuel_sales,Продажи топлива,baseline_hgb_v2
2023-12-24 00:00:00,4,Татнефть-АЗС-005,2.0,11,1,0,1,0,6,2.522642304558978,total_fuel_sales,Продажи топлива,baseline_hgb_v2
2023-12-24 01:00:00,0,Татнефть-АЗС-001,8.0,31,0,1,0,1,6,7.715764833234679,total_fuel_sales,Продажи топлива,baseline_hgb_v2
2023-12-24 01:00:00,1,Татнефть-АЗС-002,2.0,10,0,1,0,1,6,2.245656643448114,total_fuel_sales,Продажи топлива,baseline_hgb_v2
2023-12-24 01:00:00,2,Татнефть-АЗС-003,8.0,41,0,0,1,1,6,10.707766072470315,total_fuel_sales,Продажи топлива,baseline_hgb_v2
2023-12-24 01:00:00,3,Татнефть-АЗС-004,8.0,39,1,1,1,1,6,9.631183216110925,total_fuel_sales,Продажи топлива,baseline_hgb_v2
2023-12-24 01:00:00,4,Татнефть-АЗС-005,2.0,14,0,0,1,1,6,2.522642304558978,total_fuel_sales,Продажи топлива,baseline_hgb_v2
2023-12-24 02:00:00,0,Татнефть-АЗС-001,8.0,36,1,1,0,2,6,8.697493803646068,total_fuel_sales,Продажи топлива,baseline_hgb_v2
2023-12-24 02:00:00,1,Татнефть-АЗС-002,2.0,10,0,1,0,2,6,3.0769741823124077,total_fuel_sales,Продажи топлива,baseline_hgb_v2
2023-12-24 02:00:00,2,Татнефть-АЗС-003,4.0,29,1,0,1,2,6,5.367933408886821,total_fuel_sales,Продажи топлива,baseline_hgb_v2
2023-12-24 02:00:00,3,Татнефть-АЗС-004,8.0,32,0,1,1,2,6,7.260229543848453,total_fuel_sales,Продажи топлива,baseline_hgb_v2
2023-12-24 02:00:00,4,Татнефть-АЗС-005,2.0,10,1,0,1,2,6,2.522642304558978,total_fuel_sales,Продажи топлива,baseline_hgb_v2
2023-12-24 03:00:00,0,Татнефть-АЗС-001,12.0,36,1,1,0,3,6,8.697493803646068,total_fuel_sales,Продажи топлива,baseline_hgb_v2
2023-12-24 03:00:00,1,Татнефть-АЗС-002,2.0,9,0,1,0,3,6,2.0252309040824827,total_fuel_sales,Продажи топлива,baseline_hgb_v2
2023-12-24 03:00:00,2,Татнефть-АЗС-003,8.0,39,0,0,1,3,6,9.497721089025182,total_fuel_sales,Продажи топлива,baseline_hgb_v2
2023-12-24 03:00:00,3,Татнефть-АЗС-004,4.0,23,0,1,1,3,6,2.573454762259606,total_fuel_sales,Продажи топлива,baseline_hgb_v2
2023-12-24 03:00:00,4,Татнефть-АЗС-005,0.0,8,0,0,1,3,6,1.6462853409911455,total_fuel_sales,Продажи топлива,baseline_hgb_v2
2023-12-24 04:00:00,0,Татнефть-АЗС-001,3.0,26,1,1,0,4,6,3.879704010186912,total_fuel_sales,Продажи топлива,baseline_hgb_v2
2023-12-24 04:00:00,1,Татнефть-АЗС-002,2.0,8,0,1,0,4,6,2.0252309040824827,total_fuel_sales,Продажи топлива,baseline_hgb_v2
2023-12-24 04:00:00,2,Татнефть-АЗС-003,8.0,33,1,0,1,4,6,7.122520564631315,total_fuel_sales,Продажи топлива,baseline_hgb_v2
2023-12-24 04:00:00,3,Татнефть-АЗС-004,8.0,40,1,1,1,4,6,10.21955992107474,total_fuel_sales,Продажи топлива,baseline_hgb_v2
2023-12-24 04:00:00,4,Татнефть-АЗС-005,0.0,8,0,0,1,4,6,1.6462853409911455,total_fuel_sales,Продажи топлива,baseline_hgb_v2
2023-12-24 05:00:00,0,Татнефть-АЗС-001,12.0,39,0,1,0,5,6,10.06250387917577,total_fuel_sales,Продажи топлива,baseline_hgb_v2
2023-12-24 05:00:00,1,Татнефть-АЗС-002,2.0,9,0,1,0,5,6,2.0252309040824827,total_fuel_sales,Продажи топлива,baseline_hgb_v2
2023-12-24 05:00:00,2,Татнефть-АЗС-003,5.0,31,0,0,1,5,6,6.288273661739291,total_fuel_sales,Продажи топлива,baseline_hgb_v2
2023-12-24 05:00:00,3,Татнефть-АЗС-004,8.0,45,0,1,1,5,6,11.612365827022359,total_fuel_sales,Продажи топлива,baseline_hgb_v2
2023-12-24 05:00:00,4,Татнефть-АЗС-005,1.0,8,0,0,1,5,6,1.6462853409911455,total_fuel_sales,Продажи топлива,baseline_hgb_v2
2023-12-24 06:00:00,0,Татнефть-АЗС-001,23.0,103,1,1,0,6,6,21.532456488845572,total_fuel_sales,Продажи топлива,baseline_hgb_v2
2023-12-24 06:00:00,1,Татнефть-АЗС-002,11.0,52,1,1,0,6,6,12.788724903405193,total_fuel_sales,Продажи топлива,baseline_hgb_v2
2023-12-24 06:00:00,2,Татнефть-АЗС-003,23.0,122,0,0,1,6,6,23.634239941306024,total_fuel_sales,Продажи топлива,baseline_hgb_v2
2023-12-24 06:00:00,3,Татнефть-АЗС-004,62.0,274,1,1,1,6,6,69.53646865552172,total_fuel_sales,Продажи топлива,baseline_hgb_v2
2023-12-24 06:00:00,4,Татнефть-АЗС-005,8.0,62,0,0,1,6,6,12.152157000212757,total_fuel_sales,Продажи топлива,baseline_hgb_v2
2023-12-24 07:00:00,0,Татнефть-АЗС-001,249.0,484,1,1,0,7,6,267.0112142951489,total_fuel_sales,Продажи топлива,baseline_hgb_v2
2023-12-24 07:00:00,1,Татнефть-АЗС-002,35.0,91,1,1,0,7,6,34.17876159953794,total_fuel_sales,Продажи топлива,baseline_hgb_v2
2023-12-24 07:00:00,2,Татнефть-АЗС-003,101.0,335,0,0,1,7,6,120.33870211426895,total_fuel_sales,Продажи топлива,baseline_hgb_v2
2023-12-24 07:00:00,3,Татнефть-АЗС-004,347.0,657,0,1,1,7,6,351.9863208362199,total_fuel_sales,Продажи топлива,baseline_hgb_v2
2023-12-24 07:00:00,4,Татнефть-АЗС-005,44.0,159,1,0,1,7,6,57.66197130469444,total_fuel_sales,Продажи топлива,baseline_hgb_v2
2023-12-24 08:00:00,0,Татнефть-АЗС-001,135.0,325,0,1,0,8,6,133.50574521661602,total_fuel_sales,Продажи топлива,baseline_hgb_v2
2023-12-24 08:00:00,1,Татнефть-АЗС-002,29.0,93,1,1,0,8,6,34.55902804429078,total_fuel_sales,Продажи топлива,baseline_hgb_v2
2023-12-24 08:00:00,2,Татнефть-АЗС-003,114.0,319,1,0,1,8,6,112.11849805915504,total_fuel_sales,Продажи топлива,baseline_hgb_v2
2023-12-24 08:00:00,3,Татнефть-АЗС-004,193.0,493,0,1,1,8,6,197.73857217538108,total_fuel_sales,Продажи топлива,baseline_hgb_v2
2023-12-24 08:00:00,4,Татнефть-АЗС-005,96.0,217,0,0,1,8,6,93.60981982768824,total_fuel_sales,Продажи топлива,baseline_hgb_v2
2023-12-24 09:00:00,0,Татнефть-АЗС-001,246.0,456,0,1,0,9,6,242.2415427643839,total_fuel_sales,Продажи топлива,baseline_hgb_v2
2023-12-24 09:00:00,1,Татнефть-АЗС-002,34.0,111,0,1,0,9,6,36.955248794961655,total_fuel_sales,Продажи топлива,baseline_hgb_v2
2023-12-24 09:00:00,2,Татнефть-АЗС-003,210.0,482,0,0,1,9,6,241.68658343626782,total_fuel_sales,Продажи топлива,baseline_hgb_v2
2023-12-24 09:00:00,3,Татнефть-АЗС-004,382.0,688,0,1,1,9,6,366.9115177425729,total_fuel_sales,Продажи топлива,baseline_hgb_v2
2023-12-24 09:00:00,4,Татнефть-АЗС-005,82.0,223,0,0,1,9,6,98.25890905658619,total_fuel_sales,Продажи топлива,baseline_hgb_v2
2023-12-24 10:00:00,0,Татнефть-АЗС-001,21.0,123,0,1,0,10,6,25.85786098315623,total_fuel_sales,Продажи топлива,baseline_hgb_v2
2023-12-24 10:00:00,1,Татнефть-АЗС-002,8.0,41,0,1,0,10,6,9.156531189752306,total_fuel_sales,Продажи топлива,baseline_hgb_v2
2023-12-24 10:00:00,2,Татнефть-АЗС-003,29.0,144,0,0,1,10,6,27.790236500082717,total_fuel_sales,Продажи топлива,baseline_hgb_v2
2023-12-24 10:00:00,3,Татнефть-АЗС-004,78.0,277,0,1,1,10,6,70.38391858845631,total_fuel_sales,Продажи топлива,baseline_hgb_v2
2023-12-24 10:00:00,4,Татнефть-АЗС-005,8.0,55,1,0,1,10,6,10.938123314984265,total_fuel_sales,Продажи топлива,baseline_hgb_v2
2023-12-24 11:00:00,0,Татнефть-АЗС-001,41.0,157,0,1,0,11,6,39.970343672886905,total_fuel_sales,Продажи топлива,baseline_hgb_v2
2023-12-24 11:00:00,1,Татнефть-АЗС-002,6.0,38,1,1,0,11,6,7.653836167979899,total_fuel_sales,Продажи топлива,baseline_hgb_v2
2023-12-24 11:00:00,2,Татнефть-АЗС-003,23.0,123,1,0,1,11,6,23.69980770735458,total_fuel_sales,Продажи топлива,baseline_hgb_v2
2023-12-24 11:00:00,3,Татнефть-АЗС-004,43.0,173,0,1,1,11,6,42.81807109410058,total_fuel_sales,Продажи топлива,baseline_hgb_v2
2023-12-24 11:00:00,4,Татнефть-АЗС-005,6.0,41,0,0,1,11,6,8.632923174245418,total_fuel_sales,Продажи топлива,baseline_hgb_v2
2023-12-24 12:00:00,0,Татнефть-АЗС-001,80.0,165,0,1,0,12,6,73.46174165054306,total_fuel_sales,Продажи топлива,baseline_hgb_v2
2023-12-24 12:00:00,1,Татнефть-АЗС-002,23.0,59,0,1,0,12,6,21.045172446264008,total_fuel_sales,Продажи топлива,baseline_hgb_v2
2023-12-24 12:00:00,2,Татнефть-АЗС-003,42.0,127,0,0,1,12,6,41.767223764659114,total_fuel_sales,Продажи топлива,baseline_hgb_v2
2023-12-24 12:00:00,3,Татнефть-АЗС-004,80.0,173,1,1,1,12,6,76.53330796456994,total_fuel_sales,Продажи топлива,baseline_hgb_v2
2023-12-24 12:00:00,4,Татнефть-АЗС-005,21.0,60,0,0,1,12,6,21.195733952365327,total_fuel_sales,Продажи топлива,baseline_hgb_v2
2023-12-24 13:00:00,0,Татнефть-АЗС-001,43.0,119,1,1,0,13,6,41.09968989884488,total_fuel_sales,Продажи топлива,baseline_hgb_v2
2023-12-24 13:00:00,1,Татнефть-АЗС-002,12.0,40,0,1,0,13,6,12.382162855646683,total_fuel_sales,Продажи топлива,baseline_hgb_v2
2023-12-24 13:00:00,2,Татнефть-АЗС-003,41.0,120,0,0,1,13,6,37.97713742324341,total_fuel_sales,Продажи топлива,baseline_hgb_v2
2023-12-24 13:00:00,3,Татнефть-АЗС-004,34.0,107,0,1,1,13,6,34.28661969090219,total_fuel_sales,Продажи топлива,baseline_hgb_v2
2023-12-24 13:00:00,4,Татнефть-АЗС-005,11.0,40,0,0,1,13,6,11.480995353716533,total_fuel_sales,Продажи топлива,baseline_hgb_v2
2023-12-24 14:00:00,0,Татнефть-АЗС-001,48.0,134,0,1,0,14,6,46.11946215053511,total_fuel_sales,Продажи топлива,baseline_hgb_v2
2023-12-24 14:00:00,1,Татнефть-АЗС-002,11.0,40,0,1,0,14,6,12.382162855646683,total_fuel_sales,Продажи топлива,baseline_hgb_v2
2023-12-24 14:00:00,2,Татнефть-АЗС-003,39.0,126,0,0,1,14,6,40.52761753602285,total_fuel_sales,Продажи топлива,baseline_hgb_v2
2023-12-24 14:00:00,3,Татнефть-АЗС-004,87.0,197,0,1,1,14,6,88.0346217797479,total_fuel_sales,Продажи топлива,baseline_hgb_v2
2023-12-24 14:00:00,4,Татнефть-АЗС-005,21.0,55,0,0,1,14,6,17.00227009959548,total_fuel_sales,Продажи топлива,baseline_hgb_v2
2023-12-24 15:00:00,0,Татнефть-АЗС-001,43.0,199,0,1,0,15,6,51.628007061713724,total_fuel_sales,Продажи топлива,baseline_hgb_v2
2023-12-24 15:00:00,1,Татнефть-АЗС-002,12.0,53,1,1,0,15,6,12.16802061428999,total_fuel_sales,Продажи топлива,baseline_hgb_v2
2023-12-24 15:00:00,2,Татнефть-АЗС-003,43.0,184,1,0,1,15,6,43.198708614046794,total_fuel_sales,Продажи топлива,baseline_hgb_v2
2023-12-24 15:00:00,3,Татнефть-АЗС-004,47.0,170,0,1,1,15,6,41.71678450745186,total_fuel_sales,Продажи топлива,baseline_hgb_v2
2023-12-24 15:00:00,4,Татнефть-АЗС-005,11.0,51,0,0,1,15,6,12.116192267487289,total_fuel_sales,Продажи топлива,baseline_hgb_v2
2023-12-24 16:00:00,0,Татнефть-АЗС-001,50.0,190,1,1,0,16,6,49.127243843344615,total_fuel_sales,Продажи топлива,baseline_hgb_v2
2023-12-24 16:00:00,1,Татнефть-АЗС-002,12.0,68,0,1,0,16,6,14.387271013140964,total_fuel_sales,Продажи топлива,baseline_hgb_v2
2023-12-24 16:00:00,2,Татнефть-АЗС-003,54.0,244,0,0,1,16,6,57.788147033590754,total_fuel_sales,Продажи топлива,baseline_hgb_v2
2023-12-24 16:00:00,3,Татнефть-АЗС-004,21.0,119,0,1,1,16,6,24.769753172358744,total_fuel_sales,Продажи топлива,baseline_hgb_v2
2023-12-24 16:00:00,4,Татнефть-АЗС-005,6.0,42,0,0,1,16,6,8.824956357096879,total_fuel_sales,Продажи топлива,baseline_hgb_v2
2023-12-24 17:00:00,0,Татнефть-АЗС-001,126.0,376,0,1,0,17,6,157.06168328775573,total_fuel_sales,Продажи топлива,baseline_hgb_v2
2023-12-24 17:00:00,1,Татнефть-АЗС-002,99.0,243,0,1,0,17,6,110.62283008854885,total_fuel_sales,Продажи топлива,baseline_hgb_v2
2023-12-24 17:00:00,2,Татнефть-АЗС-003,357.0,738,0,0,1,17,6,356.15417825141344,total_fuel_sales,Продажи топлива,baseline_hgb_v2
2023-12-24 17:00:00,3,Татнефть-АЗС-004,276.0,527,0,1,1,17,6,280.13983267866604,total_fuel_sales,Продажи топлива,baseline_hgb_v2
2023-12-24 17:00:00,4,Татнефть-АЗС-005,64.0,169,0,0,1,17,6,72.51261218841991,total_fuel_sales,Продажи топлива,baseline_hgb_v2
2023-12-24 18:00:00,0,Татнефть-АЗС-001,250.0,525,0,1,0,18,6,279.6197317638097,total_fuel_sales,Продажи топлива,baseline_hgb_v2
2023-12-24 18:00:00,1,Татнефть-АЗС-002,94.0,217,0,1,0,18,6,99.44289130993869,total_fuel_sales,Продажи топлива,baseline_hgb_v2
2023-12-24 18:00:00,2,Татнефть-АЗС-003,307.0,733,1,0,1,18,6,355.8646922773338,total_fuel_sales,Продажи топлива,baseline_hgb_v2
2023-12-24 18:00:00,3,Татнефть-АЗС-004,183.0,417,0,1,1,18,6,200.42386177451667,total_fuel_sales,Продажи топлива,baseline_hgb_v2
2023-12-24 18:00:00,4,Татнефть-АЗС-005,74.0,174,1,0,1,18,6,75.12356848410833,total_fuel_sales,Продажи топлива,baseline_hgb_v2
2023-12-24 19:00:00,0,Татнефть-АЗС-001,286.0,524,1,1,0,19,6,282.0388489466444,total_fuel_sales,Продажи топлива,baseline_hgb_v2
2023-12-24 19:00:00,1,Татнефть-АЗС-002,111.0,245,0,1,0,19,6,115.1633244795957,total_fuel_sales,Продажи топлива,baseline_hgb_v2
2023-12-24 19:00:00,2,Татнефть-АЗС-003,204.0,566,1,0,1,19,6,233.8211082092842,total_fuel_sales,Продажи топлива,baseline_hgb_v2
2023-12-24 19:00:00,3,Татнефть-АЗС-004,266.0,515,0,1,1,19,6,287.89938579446886,total_fuel_sales,Продажи топлива,baseline_hgb_v2
2023-12-24 19:00:00,4,Татнефть-АЗС-005,65.0,173,0,0,1,19,6,73.22592471697196,total_fuel_sales,Продажи топлива,baseline_hgb_v2
2023-12-24 20:00:00,0,Татнефть-АЗС-001,43.0,176,1,1,0,20,6,44.49440061079342,total_fuel_sales,Продажи топлива,baseline_hgb_v2
2023-12-24 20:00:00,1,Татнефть-АЗС-002,9.0,61,1,1,0,20,6,11.999713786062605,total_fuel_sales,Продажи топлива,baseline_hgb_v2
2023-12-24 20:00:00,2,Татнефть-АЗС-003,53.0,274,0,0,1,20,6,64.78265817822572,total_fuel_sales,Продажи топлива,baseline_hgb_v2
2023-12-24 20:00:00,3,Татнефть-АЗС-004,41.0,169,0,1,1,20,6,39.1599591261006,total_fuel_sales,Продажи топлива,baseline_hgb_v2
2023-12-24 20:00:00,4,Татнефть-АЗС-005,11.0,62,1,0,1,20,6,13.385450222381841,total_fuel_sales,Продажи топлива,baseline_hgb_v2
2023-12-24 21:00:00,0,Татнефть-АЗС-001,41.0,174,0,1,0,21,6,43.37013817885207,total_fuel_sales,Продажи топлива,baseline_hgb_v2
2023-12-24 21:00:00,1,Татнефть-АЗС-002,12.0,49,0,1,0,21,6,11.622032722547456,total_fuel_sales,Продажи топлива,baseline_hgb_v2
2023-12-24 21:00:00,2,Татнефть-АЗС-003,43.0,201,1,0,1,21,6,47.259092394673154,total_fuel_sales,Продажи топлива,baseline_hgb_v2
2023-12-24 21:00:00,3,Татнефть-АЗС-004,24.0,117,0,1,1,21,6,23.92977672009777,total_fuel_sales,Продажи топлива,baseline_hgb_v2
2023-12-24 21:00:00,4,Татнефть-АЗС-005,7.0,42,0,0,1,21,6,8.824956357096879,total_fuel_sales,Продажи топлива,baseline_hgb_v2
2023-12-24 22:00:00,0,Татнефть-АЗС-001,12.0,37,0,1,0,22,6,9.001240854064598,total_fuel_sales,Продажи топлива,baseline_hgb_v2
2023-12-24 22:00:00,1,Татнефть-АЗС-002,1.0,8,1,1,0,22,6,1.3833710475234613,total_fuel_sales,Продажи топлива,baseline_hgb_v2
2023-12-24 22:00:00,2,Татнефть-АЗС-003,3.0,23,0,0,1,22,6,2.3548713464217617,total_fuel_sales,Продажи топлива,baseline_hgb_v2
2023-12-24 22:00:00,3,Татнефть-АЗС-004,5.0,28,0,1,1,22,6,4.309580703123729,total_fuel_sales,Продажи топлива,baseline_hgb_v2
2023-12-24 22:00:00,4,Татнефть-АЗС-005,2.0,11,0,0,1,22,6,2.645220707886748,total_fuel_sales,Продажи топлива,baseline_hgb_v2
2023-12-24 23:00:00,0,Татнефть-АЗС-001,8.0,35,0,1,0,23,6,8.160104499482463,total_fuel_sales,Продажи топлива,baseline_hgb_v2
2023-12-24 23:00:00,1,Татнефть-АЗС-002,2.0,13,0,1,0,23,6,2.5154466817149643,total_fuel_sales,Продажи топлива,baseline_hgb_v2
2023-12-24 23:00:00,2,Татнефть-АЗС-003,8.0,41,0,0,1,23,6,10.368024175537712,total_fuel_sales,Продажи топлива,baseline_hgb_v2
2023-12-24 23:00:00,3,Татнефть-АЗС-004,3.0,24,0,1,1,23,6,2.3722865909889475,total_fuel_sales,Продажи топлива,baseline_hgb_v2
2023-12-24 23:00:00,4,Татнефть-АЗС-005,2.0,12,0,0,1,23,6,2.645220707886748,total_fuel_sales,Продажи топлива,baseline_hgb_v2
2023-12-25 00:00:00,0,Татнефть-АЗС-001,3.0,21,0,1,0,0,0,2.905681419558912,total_fuel_sales,Продажи топлива,baseline_hgb_v2
2023-12-25 00:00:00,1,Татнефть-АЗС-002,2.0,10,0,1,0,0,0,2.484815470984791,total_fuel_sales,Продажи топлива,baseline_hgb_v2
2023-12-25 00:00:00,2,Татнефть-АЗС-003,3.0,21,0,0,1,0,0,2.6777242921998274,total_fuel_sales,Продажи топлива,baseline_hgb_v2
2023-12-25 00:00:00,3,Татнефть-АЗС-004,8.0,28,0,1,1,0,0,5.925151401016524,total_fuel_sales,Продажи топлива,baseline_hgb_v2
2023-12-25 00:00:00,4,Татнефть-АЗС-005,2.0,11,0,0,1,0,0,2.062362509743441,total_fuel_sales,Продажи топлива,baseline_hgb_v2
2023-12-25 01:00:00,0,Татнефть-АЗС-001,4.0,23,1,1,0,1,0,3.3787140807981735,total_fuel_sales,Продажи топлива,baseline_hgb_v2
2023-12-25 01:00:00,1,Татнефть-АЗС-002,2.0,10,0,1,0,1,0,2.484815470984791,total_fuel_sales,Продажи топлива,baseline_hgb_v2
2023-12-25 01:00:00,2,Татнефть-АЗС-003,3.0,23,1,0,1,1,0,3.2683755457349917,total_fuel_sales,Продажи топлива,baseline_hgb_v2
2023-12-25 01:00:00,3,Татнефть-АЗС-004,8.0,30,1,1,1,1,0,7.170942978143778,total_fuel_sales,Продажи топлива,baseline_hgb_v2
2023-12-25 01:00:00,4,Татнефть-АЗС-005,2.0,16,0,0,1,1,0,2.90520607084546,total_fuel_sales,Продажи топлива,baseline_hgb_v2
2023-12-25 02:00:00,0,Татнефть-АЗС-001,3.0,24,0,1,0,2,0,3.3787140807981735,total_fuel_sales,Продажи топлива,baseline_hgb_v2
2023-12-25 02:00:00,1,Татнефть-АЗС-002,2.0,11,0,1,0,2,0,2.484815470984791,total_fuel_sales,Продажи топлива,baseline_hgb_v2
2023-12-25 02:00:00,2,Татнефть-АЗС-003,8.0,30,0,0,1,2,0,7.2393129586025085,total_fuel_sales,Продажи топлива,baseline_hgb_v2
2023-12-25 02:00:00,3,Татнефть-АЗС-004,5.0,26,1,1,1,2,0,3.860828424004557,total_fuel_sales,Продажи топлива,baseline_hgb_v2
2023-12-25 02:00:00,4,Татнефть-АЗС-005,2.0,10,0,0,1,2,0,2.062362509743441,total_fuel_sales,Продажи топлива,baseline_hgb_v2
2023-12-25 03:00:00,0,Татнефть-АЗС-001,3.0,23,1,1,0,3,0,3.3787140807981735,total_fuel_sales,Продажи топлива,baseline_hgb_v2
2023-12-25 03:00:00,1,Татнефть-АЗС-002,2.0,12,1,1,0,3,0,2.484815470984791,total_fuel_sales,Продажи топлива,baseline_hgb_v2
2023-12-25 03:00:00,2,Татнефть-АЗС-003,8.0,34,0,0,1,3,0,8.075186801438766,total_fuel_sales,Продажи топлива,baseline_hgb_v2
2023-12-25 03:00:00,3,Татнефть-АЗС-004,3.0,19,0,1,1,3,0,2.450579152565464,total_fuel_sales,Продажи топлива,baseline_hgb_v2
2023-12-25 03:00:00,4,Татнефть-АЗС-005,2.0,10,0,0,1,3,0,1.9336746082294638,total_fuel_sales,Продажи топлива,baseline_hgb_v2
2023-12-25 04:00:00,0,Татнефть-АЗС-001,3.0,22,1,1,0,4,0,2.905681419558912,total_fuel_sales,Продажи топлива,baseline_hgb_v2
2023-12-25 04:00:00,1,Татнефть-АЗС-002,2.0,8,0,1,0,4,0,2.484815470984791,total_fuel_sales,Продажи топлива,baseline_hgb_v2
2023-12-25 04:00:00,2,Татнефть-АЗС-003,8.0,29,0,0,1,4,0,6.558788360628233,total_fuel_sales,Продажи топлива,baseline_hgb_v2
2023-12-25 04:00:00,3,Татнефть-АЗС-004,3.0,18,1,1,1,4,0,2.5886602071326603,total_fuel_sales,Продажи топлива,baseline_hgb_v2
2023-12-25 04:00:00,4,Татнефть-АЗС-005,2.0,10,1,0,1,4,0,1.9336746082294638,total_fuel_sales,Продажи топлива,baseline_hgb_v2
2023-12-25 05:00:00,0,Татнефть-АЗС-001,8.0,29,0,1,0,5,0,7.06683907790921,total_fuel_sales,Продажи топлива,baseline_hgb_v2
2023-12-25 05:00:00,1,Татнефть-АЗС-002,2.0,9,0,1,0,5,0,2.484815470984791,total_fuel_sales,Продажи топлива,baseline_hgb_v2
2023-12-25 05:00:00,2,Татнефть-АЗС-003,3.0,22,0,0,1,5,0,2.54903639068585,total_fuel_sales,Продажи топлива,baseline_hgb_v2
2023-12-25 05:00:00,3,Татнефть-АЗС-004,4.0,24,0,1,1,5,0,2.9236118138047256,total_fuel_sales,Продажи топлива,baseline_hgb_v2
2023-12-25 05:00:00,4,Татнефть-АЗС-005,2.0,15,1,0,1,5,0,2.90520607084546,total_fuel_sales,Продажи топлива,baseline_hgb_v2
2023-12-25 06:00:00,0,Татнефть-АЗС-001,21.0,92,1,1,0,6,0,19.197260100381914,total_fuel_sales,Продажи топлива,baseline_hgb_v2
2023-12-25 06:00:00,1,Татнефть-АЗС-002,9.0,51,1,1,0,6,0,12.003474869099653,total_fuel_sales,Продажи топлива,baseline_hgb_v2
2023-12-25 06:00:00,2,Татнефть-АЗС-003,19.0,112,1,0,1,6,0,22.095900037323556,total_fuel_sales,Продажи топлива,baseline_hgb_v2
2023-12-25 06:00:00,3,Татнефть-АЗС-004,58.0,243,0,1,1,6,0,63.56746745554445,total_fuel_sales,Продажи топлива,baseline_hgb_v2
2023-12-25 06:00:00,4,Татнефть-АЗС-005,23.0,105,1,0,1,6,0,26.23359417573149,total_fuel_sales,Продажи топлива,baseline_hgb_v2
2023-12-25 07:00:00,0,Татнефть-АЗС-001,167.0,364,0,1,0,7,0,188.06887807857223,total_fuel_sales,Продажи топлива,baseline_hgb_v2
2023-12-25 07:00:00,1,Татнефть-АЗС-002,64.0,145,0,1,0,7,0,61.6146930454192,total_fuel_sales,Продажи топлива,baseline_hgb_v2
2023-12-25 07:00:00,2,Татнефть-АЗС-003,167.0,365,1,0,1,7,0,171.49130354126456,total_fuel_sales,Продажи топлива,baseline_hgb_v2
2023-12-25 07:00:00,3,Татнефть-АЗС-004,174.0,399,1,1,1,7,0,165.2342090909247,total_fuel_sales,Продажи топлива,baseline_hgb_v2
2023-12-25 07:00:00,4,Татнефть-АЗС-005,84.0,213,0,0,1,7,0,87.61621648220003,total_fuel_sales,Продажи топлива,baseline_hgb_v2
2023-12-25 08:00:00,0,Татнефть-АЗС-001,206.0,371,0,1,0,8,0,193.2565185613397,total_fuel_sales,Продажи топлива,baseline_hgb_v2
2023-12-25 08:00:00,1,Татнефть-АЗС-002,48.0,129,1,1,0,8,0,53.994580848209246,total_fuel_sales,Продажи топлива,baseline_hgb_v2
2023-12-25 08:00:00,2,Татнефть-АЗС-003,89.0,238,0,0,1,8,0,84.65912478977049,total_fuel_sales,Продажи топлива,baseline_hgb_v2
2023-12-25 08:00:00,3,Татнефть-АЗС-004,300.0,601,0,1,1,8,0,337.12754304489977,total_fuel_sales,Продажи топлива,baseline_hgb_v2
2023-12-25 08:00:00,4,Татнефть-АЗС-005,64.0,198,0,0,1,8,0,76.11629650631487,total_fuel_sales,Продажи топлива,baseline_hgb_v2
2023-12-25 09:00:00,0,Татнефть-АЗС-001,96.0,281,0,1,0,9,0,116.95970062312888,total_fuel_sales,Продажи топлива,baseline_hgb_v2
2023-12-25 09:00:00,1,Татнефть-АЗС-002,54.0,139,0,1,0,9,0,60.38145290359805,total_fuel_sales,Продажи топлива,baseline_hgb_v2
2023-12-25 09:00:00,2,Татнефть-АЗС-003,165.0,362,0,0,1,9,0,168.95122919976822,total_fuel_sales,Продажи топлива,baseline_hgb_v2
2023-12-25 09:00:00,3,Татнефть-АЗС-004,309.0,589,0,1,1,9,0,319.13647315277126,total_fuel_sales,Продажи топлива,baseline_hgb_v2
2023-12-25 09:00:00,4,Татнефть-АЗС-005,70.0,204,0,0,1,9,0,79.47978584141303,total_fuel_sales,Продажи топлива,baseline_hgb_v2
2023-12-25 10:00:00,0,Татнефть-АЗС-001,16.0,77,0,1,0,10,0,17.46598430717502,total_fuel_sales,Продажи топлива,baseline_hgb_v2
2023-12-25 10:00:00,1,Татнефть-АЗС-002,19.0,68,0,1,0,10,0,16.58637133644446,total_fuel_sales,Продажи топлива,baseline_hgb_v2
2023-12-25 10:00:00,2,Татнефть-АЗС-003,16.0,89,0,0,1,10,0,18.13860386586687,total_fuel_sales,Продажи топлива,baseline_hgb_v2
2023-12-25 10:00:00,3,Татнефть-АЗС-004,38.0,179,1,1,1,10,0,40.6767156769969,total_fuel_sales,Продажи топлива,baseline_hgb_v2
2023-12-25 10:00:00,4,Татнефть-АЗС-005,12.0,76,1,0,1,10,0,18.10717059955114,total_fuel_sales,Продажи топлива,baseline_hgb_v2
2023-12-25 11:00:00,0,Татнефть-АЗС-001,39.0,138,1,1,0,11,0,35.679972389123904,total_fuel_sales,Продажи топлива,baseline_hgb_v2
2023-12-25 11:00:00,1,Татнефть-АЗС-002,21.0,70,0,1,0,11,0,17.987211728120155,total_fuel_sales,Продажи топлива,baseline_hgb_v2
2023-12-25 11:00:00,2,Татнефть-АЗС-003,12.0,75,0,0,1,11,0,15.586041569737803,total_fuel_sales,Продажи топлива,baseline_hgb_v2
2023-12-25 11:00:00,3,Татнефть-АЗС-004,19.0,98,1,1,1,11,0,19.461975075688006,total_fuel_sales,Продажи топлива,baseline_hgb_v2
2023-12-25 11:00:00,4,Татнефть-АЗС-005,8.0,48,0,0,1,11,0,10.925411543504561,total_fuel_sales,Продажи топлива,baseline_hgb_v2
2023-12-25 12:00:00,0,Татнефть-АЗС-001,39.0,100,1,1,0,12,0,33.3607427361663,total_fuel_sales,Продажи топлива,baseline_hgb_v2
2023-12-25 12:00:00,1,Татнефть-АЗС-002,17.0,45,1,1,0,12,0,14.372779158845148,total_fuel_sales,Продажи топлива,baseline_hgb_v2
2023-12-25 12:00:00,2,Татнефть-АЗС-003,28.0,102,1,0,1,12,0,32.52979750921909,total_fuel_sales,Продажи топлива,baseline_hgb_v2
2023-12-25 12:00:00,3,Татнефть-АЗС-004,55.0,148,1,1,1,12,0,62.70397153250853,total_fuel_sales,Продажи топлива,baseline_hgb_v2
2023-12-25 12:00:00,4,Татнефть-АЗС-005,33.0,76,0,0,1,12,0,30.256549084408267,total_fuel_sales,Продажи топлива,baseline_hgb_v2
2023-12-25 13:00:00,0,Татнефть-АЗС-001,40.0,119,0,1,0,13,0,42.12519429312167,total_fuel_sales,Продажи топлива,baseline_hgb_v2
2023-12-25 13:00:00,1,Татнефть-АЗС-002,33.0,72,0,1,0,13,0,30.2282578988472,total_fuel_sales,Продажи топлива,baseline_hgb_v2
2023-12-25 13:00:00,2,Татнефть-АЗС-003,23.0,93,1,0,1,13,0,29.88706234145835,total_fuel_sales,Продажи топлива,baseline_hgb_v2
2023-12-25 13:00:00,3,Татнефть-АЗС-004,64.0,147,0,1,1,13,0,62.67975690618715,total_fuel_sales,Продажи топлива,baseline_hgb_v2
2023-12-25 13:00:00,4,Татнефть-АЗС-005,30.0,75,0,0,1,13,0,30.385236985922244,total_fuel_sales,Продажи топлива,baseline_hgb_v2
2023-12-25 14:00:00,0,Татнефть-АЗС-001,56.0,121,1,1,0,14,0,44.59138290729477,total_fuel_sales,Продажи топлива,baseline_hgb_v2
2023-12-25 14:00:00,1,Татнефть-АЗС-002,25.0,65,1,1,0,14,0,25.96987586835287,total_fuel_sales,Продажи топлива,baseline_hgb_v2
2023-12-25 14:00:00,2,Татнефть-АЗС-003,49.0,140,0,0,1,14,0,49.548347206876926,total_fuel_sales,Продажи топлива,baseline_hgb_v2
2023-12-25 14:00:00,3,Татнефть-АЗС-004,58.0,149,0,1,1,14,0,62.70397153250853,total_fuel_sales,Продажи топлива,baseline_hgb_v2
2023-12-25 14:00:00,4,Татнефть-АЗС-005,14.0,47,0,0,1,14,0,15.496127803631246,total_fuel_sales,Продажи топлива,baseline_hgb_v2
2023-12-25 15:00:00,0,Татнефть-АЗС-001,22.0,103,1,1,0,15,0,21.424801360124498,total_fuel_sales,Продажи топлива,baseline_hgb_v2
2023-12-25 15:00:00,1,Татнефть-АЗС-002,8.0,43,1,1,0,15,0,9.483500611857862,total_fuel_sales,Продажи топлива,baseline_hgb_v2
2023-12-25 15:00:00,2,Татнефть-АЗС-003,14.0,96,0,0,1,15,0,18.801379412002973,total_fuel_sales,Продажи топлива,baseline_hgb_v2
2023-12-25 15:00:00,3,Татнефть-АЗС-004,23.0,106,0,1,1,15,0,22.042690535678563,total_fuel_sales,Продажи топлива,baseline_hgb_v2
2023-12-25 15:00:00,4,Татнефть-АЗС-005,11.0,59,1,0,1,15,0,12.237370458137965,total_fuel_sales,Продажи топлива,baseline_hgb_v2
2023-12-25 16:00:00,0,Татнефть-АЗС-001,16.0,93,1,1,0,16,0,18.65337829084976,total_fuel_sales,Продажи топлива,baseline_hgb_v2
2023-12-25 16:00:00,1,Татнефть-АЗС-002,14.0,70,0,1,0,16,0,16.26836636625898,total_fuel_sales,Продажи топлива,baseline_hgb_v2
2023-12-25 16:00:00,2,Татнефть-АЗС-003,55.0,220,0,0,1,16,0,51.90752675043075,total_fuel_sales,Продажи топлива,baseline_hgb_v2
2023-12-25 16:00:00,3,Татнефть-АЗС-004,34.0,161,0,1,1,16,0,39.26970485546097,total_fuel_sales,Продажи топлива,baseline_hgb_v2
2023-12-25 16:00:00,4,Татнефть-АЗС-005,8.0,47,1,0,1,16,0,11.091484016598484,total_fuel_sales,Продажи топлива,baseline_hgb_v2
2023-12-25 17:00:00,0,Татнефть-АЗС-001,217.0,454,0,1,0,17,0,248.4351507191285,total_fuel_sales,Продажи топлива,baseline_hgb_v2
2023-12-25 17:00:00,1,Татнефть-АЗС-002,78.0,184,0,1,0,17,0,70.88243462293393,total_fuel_sales,Продажи топлива,baseline_hgb_v2
2023-12-25 17:00:00,2,Татнефть-АЗС-003,286.0,616,1,0,1,17,0,286.95404467026873,total_fuel_sales,Продажи топлива,baseline_hgb_v2
2023-12-25 17:00:00,3,Татнефть-АЗС-004,213.0,411,1,1,1,17,0,204.02618740448005,total_fuel_sales,Продажи топлива,baseline_hgb_v2
2023-12-25 17:00:00,4,Татнефть-АЗС-005,85.0,178,0,0,1,17,0,78.66316296279571,total_fuel_sales,Продажи топлива,baseline_hgb_v2
2023-12-25 18:00:00,0,Татнефть-АЗС-001,173.0,367,0,1,0,18,0,167.0338122722886,total_fuel_sales,Продажи топлива,baseline_hgb_v2
2023-12-25 18:00:00,1,Татнефть-АЗС-002,90.0,205,0,1,0,18,0,89.10220205479325,total_fuel_sales,Продажи топлива,baseline_hgb_v2
2023-12-25 18:00:00,2,Татнефть-АЗС-003,264.0,642,0,0,1,18,0,310.2129557456068,total_fuel_sales,Продажи топлива,baseline_hgb_v2
2023-12-25 18:00:00,3,Татнефть-АЗС-004,124.0,306,0,1,1,18,0,117.19075551057841,total_fuel_sales,Продажи топлива,baseline_hgb_v2
2023-12-25 18:00:00,4,Татнефть-АЗС-005,55.0,149,0,0,1,18,0,56.66171987067364,total_fuel_sales,Продажи топлива,baseline_hgb_v2
2023-12-25 19:00:00,0,Татнефть-АЗС-001,194.0,403,1,1,0,19,0,207.5255777574828,total_fuel_sales,Продажи топлива,baseline_hgb_v2
2023-12-25 19:00:00,1,Татнефть-АЗС-002,89.0,199,0,1,0,19,0,81.65088797599098,total_fuel_sales,Продажи топлива,baseline_hgb_v2
2023-12-25 19:00:00,2,Татнефть-АЗС-003,317.0,668,0,0,1,19,0,314.77818565718826,total_fuel_sales,Продажи топлива,baseline_hgb_v2
2023-12-25 19:00:00,3,Татнефть-АЗС-004,142.0,346,0,1,1,19,0,156.9466132166618,total_fuel_sales,Продажи топлива,baseline_hgb_v2
2023-12-25 19:00:00,4,Татнефть-АЗС-005,73.0,173,0,0,1,19,0,81.04415892670542,total_fuel_sales,Продажи топлива,baseline_hgb_v2
2023-12-25 20:00:00,0,Татнефть-АЗС-001,30.0,134,1,1,0,20,0,31.054275023542875,total_fuel_sales,Продажи топлива,baseline_hgb_v2
2023-12-25 20:00:00,1,Татнефть-АЗС-002,25.0,90,0,1,0,20,0,23.828803098947155,total_fuel_sales,Продажи топлива,baseline_hgb_v2
2023-12-25 20:00:00,2,Татнефть-АЗС-003,48.0,225,0,0,1,20,0,56.76440844938463,total_fuel_sales,Продажи топлива,baseline_hgb_v2
2023-12-25 20:00:00,3,Татнефть-АЗС-004,20.0,97,0,1,1,20,0,19.160320343639448,total_fuel_sales,Продажи топлива,baseline_hgb_v2
2023-12-25 20:00:00,4,Татнефть-АЗС-005,14.0,73,1,0,1,20,0,18.294260667084643,total_fuel_sales,Продажи топлива,baseline_hgb_v2
2023-12-25 21:00:00,0,Татнефть-АЗС-001,33.0,137,1,1,0,21,0,33.3656248617492,total_fuel_sales,Продажи топлива,baseline_hgb_v2
2023-12-25 21:00:00,1,Татнефть-АЗС-002,9.0,49,0,1,0,21,0,10.887826526310329,total_fuel_sales,Продажи топлива,baseline_hgb_v2
2023-12-25 21:00:00,2,Татнефть-АЗС-003,19.0,94,0,0,1,21,0,18.018442034238017,total_fuel_sales,Продажи топлива,baseline_hgb_v2
2023-12-25 21:00:00,3,Татнефть-АЗС-004,21.0,96,0,1,1,21,0,19.160320343639448,total_fuel_sales,Продажи топлива,baseline_hgb_v2
2023-12-25 21:00:00,4,Татнефть-АЗС-005,9.0,50,0,0,1,21,0,11.091484016598484,total_fuel_sales,Продажи топлива,baseline_hgb_v2
2023-12-25 22:00:00,0,Татнефть-АЗС-001,4.0,25,0,1,0,22,0,4.252733566753617,total_fuel_sales,Продажи топлива,baseline_hgb_v2
2023-12-25 22:00:00,1,Татнефть-АЗС-002,2.0,11,0,1,0,22,0,1.8646827431825512,total_fuel_sales,Продажи топлива,baseline_hgb_v2
2023-12-25 22:00:00,2,Татнефть-АЗС-003,8.0,33,0,0,1,22,0,7.338370543931101,total_fuel_sales,Продажи топлива,baseline_hgb_v2
2023-12-25 22:00:00,3,Татнефть-АЗС-004,3.0,19,1,1,1,22,0,2.271138110051588,total_fuel_sales,Продажи топлива,baseline_hgb_v2
2023-12-25 22:00:00,4,Татнефть-АЗС-005,2.0,10,0,0,1,22,0,2.0683402334707095,total_fuel_sales,Продажи топлива,baseline_hgb_v2
2023-12-25 23:00:00,0,Татнефть-АЗС-001,8.0,31,0,1,0,23,0,7.719271316072586,total_fuel_sales,Продажи топлива,baseline_hgb_v2
2023-12-25 23:00:00,1,Татнефть-АЗС-002,2.0,10,0,1,0,23,0,1.8646827431825512,total_fuel_sales,Продажи топлива,baseline_hgb_v2
2023-12-25 23:00:00,2,Татнефть-АЗС-003,2.0,25,0,0,1,23,0,3.72788762273238,total_fuel_sales,Продажи топлива,baseline_hgb_v2
2023-12-25 23:00:00,3,Татнефть-АЗС-004,8.0,31,0,1,1,23,0,7.450645461865035,total_fuel_sales,Продажи топлива,baseline_hgb_v2
2023-12-25 23:00:00,4,Татнефть-АЗС-005,2.0,14,0,0,1,23,0,3.049511602930012,total_fuel_sales,Продажи топлива,baseline_hgb_v2
2023-12-26 00:00:00,0,Татнефть-АЗС-001,2.0,20,1,1,0,0,1,2.905681419558912,total_fuel_sales,Продажи топлива,baseline_hgb_v2
2023-12-26 00:00:00,1,Татнефть-АЗС-002,2.0,14,0,1,0,0,1,3.395622462790008,total_fuel_sales,Продажи топлива,baseline_hgb_v2
2023-12-26 00:00:00,2,Татнефть-АЗС-003,3.0,21,0,0,1,0,1,2.6777242921998274,total_fuel_sales,Продажи топлива,baseline_hgb_v2
2023-12-26 00:00:00,3,Татнефть-АЗС-004,4.0,23,0,1,1,0,1,2.9236118138047256,total_fuel_sales,Продажи топлива,baseline_hgb_v2
2023-12-26 00:00:00,4,Татнефть-АЗС-005,3.0,17,0,0,1,0,1,3.3351682095790944,total_fuel_sales,Продажи топлива,baseline_hgb_v2
2023-12-26 01:00:00,0,Татнефть-АЗС-001,4.0,23,1,1,0,1,1,3.3787140807981735,total_fuel_sales,Продажи топлива,baseline_hgb_v2
2023-12-26 01:00:00,1,Татнефть-АЗС-002,2.0,10,0,1,0,1,1,2.484815470984791,total_fuel_sales,Продажи топлива,baseline_hgb_v2
2023-12-26 01:00:00,2,Татнефть-АЗС-003,8.0,32,0,0,1,1,1,7.607816514994679,total_fuel_sales,Продажи топлива,baseline_hgb_v2
2023-12-26 01:00:00,3,Татнефть-АЗС-004,8.0,31,0,1,1,1,1,7.539446534535947,total_fuel_sales,Продажи топлива,baseline_hgb_v2
2023-12-26 01:00:00,4,Татнефть-АЗС-005,2.0,10,1,0,1,1,1,1.9336746082294638,total_fuel_sales,Продажи топлива,baseline_hgb_v2
2023-12-26 02:00:00,0,Татнефть-АЗС-001,4.0,20,0,1,0,2,1,2.905681419558912,total_fuel_sales,Продажи топлива,baseline_hgb_v2
2023-12-26 02:00:00,1,Татнефть-АЗС-002,2.0,10,0,1,0,2,1,2.484815470984791,total_fuel_sales,Продажи топлива,baseline_hgb_v2
2023-12-26 02:00:00,2,Татнефть-АЗС-003,3.0,21,0,0,1,2,1,2.6777242921998274,total_fuel_sales,Продажи топлива,baseline_hgb_v2
2023-12-26 02:00:00,3,Татнефть-АЗС-004,8.0,29,0,1,1,2,1,6.619106281683479,total_fuel_sales,Продажи топлива,baseline_hgb_v2
2023-12-26 02:00:00,4,Татнефть-АЗС-005,2.0,14,0,0,1,2,1,2.90520607084546,total_fuel_sales,Продажи топлива,baseline_hgb_v2
2023-12-26 03:00:00,0,Татнефть-АЗС-001,4.0,22,0,1,0,3,1,3.0754897671236647,total_fuel_sales,Продажи топлива,baseline_hgb_v2
2023-12-26 03:00:00,1,Татнефть-АЗС-002,2.0,12,1,1,0,3,1,2.484815470984791,total_fuel_sales,Продажи топлива,baseline_hgb_v2
2023-12-26 03:00:00,2,Татнефть-АЗС-003,3.0,22,0,0,1,3,1,2.6777242921998274,total_fuel_sales,Продажи топлива,baseline_hgb_v2
2023-12-26 03:00:00,3,Татнефть-АЗС-004,3.0,19,1,1,1,3,1,2.450579152565464,total_fuel_sales,Продажи топлива,baseline_hgb_v2
2023-12-26 03:00:00,4,Татнефть-АЗС-005,2.0,16,1,0,1,3,1,2.90520607084546,total_fuel_sales,Продажи топлива,baseline_hgb_v2
2023-12-26 04:00:00,0,Татнефть-АЗС-001,3.0,20,0,1,0,4,1,2.905681419558912,total_fuel_sales,Продажи топлива,baseline_hgb_v2
2023-12-26 04:00:00,1,Татнефть-АЗС-002,2.0,10,0,1,0,4,1,2.484815470984791,total_fuel_sales,Продажи топлива,baseline_hgb_v2
2023-12-26 04:00:00,2,Татнефть-АЗС-003,3.0,22,0,0,1,4,1,2.6777242921998274,total_fuel_sales,Продажи топлива,baseline_hgb_v2
2023-12-26 04:00:00,3,Татнефть-АЗС-004,8.0,28,0,1,1,4,1,5.925151401016524,total_fuel_sales,Продажи топлива,baseline_hgb_v2
2023-12-26 04:00:00,4,Татнефть-АЗС-005,2.0,13,0,0,1,4,1,2.90520607084546,total_fuel_sales,Продажи топлива,baseline_hgb_v2
2023-12-26 05:00:00,0,Татнефть-АЗС-001,8.0,35,0,1,0,5,1,8.665000274867552,total_fuel_sales,Продажи топлива,baseline_hgb_v2
2023-12-26 05:00:00,1,Татнефть-АЗС-002,2.0,15,0,1,0,5,1,3.371407836468628,total_fuel_sales,Продажи топлива,baseline_hgb_v2
2023-12-26 05:00:00,2,Татнефть-АЗС-003,3.0,23,0,0,1,5,1,3.0220690519251097,total_fuel_sales,Продажи топлива,baseline_hgb_v2
2023-12-26 05:00:00,3,Татнефть-АЗС-004,8.0,32,0,1,1,5,1,7.539446534535947,total_fuel_sales,Продажи топлива,baseline_hgb_v2
2023-12-26 05:00:00,4,Татнефть-АЗС-005,2.0,10,0,0,1,5,1,1.9336746082294638,total_fuel_sales,Продажи топлива,baseline_hgb_v2
2023-12-26 06:00:00,0,Татнефть-АЗС-001,39.0,157,0,1,0,6,1,40.37299013787892,total_fuel_sales,Продажи топлива,baseline_hgb_v2
2023-12-26 06:00:00,1,Татнефть-АЗС-002,9.0,46,0,1,0,6,1,10.103633339660096,total_fuel_sales,Продажи топлива,baseline_hgb_v2
2023-12-26 06:00:00,2,Татнефть-АЗС-003,33.0,155,0,0,1,6,1,35.8126292106831,total_fuel_sales,Продажи топлива,baseline_hgb_v2
2023-12-26 06:00:00,3,Татнефть-АЗС-004,33.0,148,0,1,1,6,1,33.280658960278224,total_fuel_sales,Продажи топлива,baseline_hgb_v2
2023-12-26 06:00:00,4,Татнефть-АЗС-005,23.0,102,1,0,1,6,1,25.68977894831747,total_fuel_sales,Продажи топлива,baseline_hgb_v2
2023-12-26 07:00:00,0,Татнефть-АЗС-001,91.0,237,0,1,0,7,1,94.70905188194877,total_fuel_sales,Продажи топлива,baseline_hgb_v2
2023-12-26 07:00:00,1,Татнефть-АЗС-002,60.0,134,0,1,0,7,1,57.00892688932115,total_fuel_sales,Продажи топлива,baseline_hgb_v2
2023-12-26 07:00:00,2,Татнефть-АЗС-003,95.0,273,1,0,1,7,1,99.9805021606684,total_fuel_sales,Продажи топлива,baseline_hgb_v2
2023-12-26 07:00:00,3,Татнефть-АЗС-004,284.0,606,0,1,1,7,1,328.3432405097768,total_fuel_sales,Продажи топлива,baseline_hgb_v2
2023-12-26 07:00:00,4,Татнефть-АЗС-005,74.0,195,0,0,1,7,1,73.35011421453966,total_fuel_sales,Продажи топлива,baseline_hgb_v2
2023-12-26 08:00:00,0,Татнефть-АЗС-001,178.0,401,0,1,0,8,1,209.4361205181272,total_fuel_sales,Продажи топлива,baseline_hgb_v2
2023-12-26 08:00:00,1,Татнефть-АЗС-002,44.0,101,1,1,0,8,1,39.96940504804018,total_fuel_sales,Продажи топлива,baseline_hgb_v2
2023-12-26 08:00:00,2,Татнефть-АЗС-003,177.0,353,0,0,1,8,1,159.5691820322309,total_fuel_sales,Продажи топлива,baseline_hgb_v2
2023-12-26 08:00:00,3,Татнефть-АЗС-004,169.0,377,0,1,1,8,1,160.5405834275032,total_fuel_sales,Продажи топлива,baseline_hgb_v2
2023-12-26 08:00:00,4,Татнефть-АЗС-005,136.0,284,0,0,1,8,1,133.32994844187624,total_fuel_sales,Продажи топлива,baseline_hgb_v2
2023-12-26 09:00:00,0,Татнефть-АЗС-001,183.0,391,0,1,0,9,1,210.16577151659885,total_fuel_sales,Продажи топлива,baseline_hgb_v2
2023-12-26 09:00:00,1,Татнефть-АЗС-002,41.0,111,0,1,0,9,1,40.46164962757734,total_fuel_sales,Продажи топлива,baseline_hgb_v2
2023-12-26 09:00:00,2,Татнефть-АЗС-003,75.0,241,0,0,1,9,1,85.71159665689109,total_fuel_sales,Продажи топлива,baseline_hgb_v2
2023-12-26 09:00:00,3,Татнефть-АЗС-004,152.0,402,0,1,1,9,1,161.70902231129168,total_fuel_sales,Продажи топлива,baseline_hgb_v2
2023-12-26 09:00:00,4,Татнефть-АЗС-005,109.0,236,1,0,1,9,1,110.51393577165048,total_fuel_sales,Продажи топлива,baseline_hgb_v2
2023-12-26 10:00:00,0,Татнефть-АЗС-001,23.0,107,1,1,0,10,1,22.79944753472057,total_fuel_sales,Продажи топлива,baseline_hgb_v2
2023-12-26 10:00:00,1,Татнефть-АЗС-002,11.0,53,0,1,0,10,1,12.05000379890744,total_fuel_sales,Продажи топлива,baseline_hgb_v2
2023-12-26 10:00:00,2,Татнефть-АЗС-003,19.0,105,0,0,1,10,1,21.596202554788984,total_fuel_sales,Продажи топлива,baseline_hgb_v2
2023-12-26 10:00:00,3,Татнефть-АЗС-004,34.0,164,1,1,1,10,1,37.74309638556355,total_fuel_sales,Продажи топлива,baseline_hgb_v2
2023-12-26 10:00:00,4,Татнефть-АЗС-005,9.0,64,1,0,1,10,1,13.724141784029259,total_fuel_sales,Продажи топлива,baseline_hgb_v2
2023-12-26 11:00:00,0,Татнефть-АЗС-001,21.0,103,0,1,0,11,1,21.90556303419124,total_fuel_sales,Продажи топлива,baseline_hgb_v2
2023-12-26 11:00:00,1,Татнефть-АЗС-002,17.0,63,0,1,0,11,1,14.412048709945399,total_fuel_sales,Продажи топлива,baseline_hgb_v2
2023-12-26 11:00:00,2,Татнефть-АЗС-003,18.0,107,1,0,1,11,1,21.69965311957817,total_fuel_sales,Продажи топлива,baseline_hgb_v2
2023-12-26 11:00:00,3,Татнефть-АЗС-004,32.0,148,0,1,1,11,1,36.46339038673562,total_fuel_sales,Продажи топлива,baseline_hgb_v2
2023-12-26 11:00:00,4,Татнефть-АЗС-005,14.0,58,1,0,1,11,1,12.799014615180043,total_fuel_sales,Продажи топлива,baseline_hgb_v2
2023-12-26 12:00:00,0,Татнефть-АЗС-001,64.0,141,0,1,0,12,1,56.65078826508434,total_fuel_sales,Продажи топлива,baseline_hgb_v2
2023-12-26 12:00:00,1,Татнефть-АЗС-002,35.0,72,0,1,0,12,1,30.2282578988472,total_fuel_sales,Продажи топлива,baseline_hgb_v2
2023-12-26 12:00:00,2,Татнефть-АЗС-003,60.0,144,0,0,1,12,1,52.19116553419947,total_fuel_sales,Продажи топлива,baseline_hgb_v2
2023-12-26 12:00:00,3,Татнефть-АЗС-004,53.0,139,1,1,1,12,1,56.36868683852377,total_fuel_sales,Продажи топлива,baseline_hgb_v2
2023-12-26 12:00:00,4,Татнефть-АЗС-005,23.0,69,1,0,1,12,1,26.95801055894665,total_fuel_sales,Продажи топлива,baseline_hgb_v2
2023-12-26 13:00:00,0,Татнефть-АЗС-001,56.0,148,1,1,0,13,1,62.97259738671609,total_fuel_sales,Продажи топлива,baseline_hgb_v2
2023-12-26 13:00:00,1,Татнефть-АЗС-002,29.0,76,1,1,0,13,1,32.523114630139105,total_fuel_sales,Продажи топлива,baseline_hgb_v2
2023-12-26 13:00:00,2,Татнефть-АЗС-003,27.0,90,1,0,1,13,1,29.758374439944372,total_fuel_sales,Продажи топлива,baseline_hgb_v2
2023-12-26 13:00:00,3,Татнефть-АЗС-004,37.0,103,1,1,1,13,1,34.36142293030009,total_fuel_sales,Продажи топлива,baseline_hgb_v2
2023-12-26 13:00:00,4,Татнефть-АЗС-005,14.0,48,0,0,1,13,1,15.349874723012551,total_fuel_sales,Продажи топлива,baseline_hgb_v2
2023-12-26 14:00:00,0,Татнефть-АЗС-001,32.0,101,1,1,0,14,1,33.3607427361663,total_fuel_sales,Продажи топлива,baseline_hgb_v2
2023-12-26 14:00:00,1,Татнефть-АЗС-002,13.0,42,1,1,0,14,1,14.086462765872287,total_fuel_sales,Продажи топлива,baseline_hgb_v2
2023-12-26 14:00:00,2,Татнефть-АЗС-003,49.0,133,0,0,1,14,1,47.505919750074874,total_fuel_sales,Продажи топлива,baseline_hgb_v2
2023-12-26 14:00:00,3,Татнефть-АЗС-004,64.0,147,1,1,1,14,1,62.70397153250853,total_fuel_sales,Продажи топлива,baseline_hgb_v2
2023-12-26 14:00:00,4,Татнефть-АЗС-005,12.0,46,0,0,1,14,1,13.556792160278967,total_fuel_sales,Продажи топлива,baseline_hgb_v2
2023-12-26 15:00:00,0,Татнефть-АЗС-001,21.0,115,0,1,0,15,1,24.40940461864311,total_fuel_sales,Продажи топлива,baseline_hgb_v2
2023-12-26 15:00:00,1,Татнефть-АЗС-002,14.0,67,1,1,0,15,1,15.943164314271565,total_fuel_sales,Продажи топлива,baseline_hgb_v2
2023-12-26 15:00:00,2,Татнефть-АЗС-003,14.0,92,0,0,1,15,1,18.018442034238017,total_fuel_sales,Продажи топлива,baseline_hgb_v2
2023-12-26 15:00:00,3,Татнефть-АЗС-004,27.0,127,0,1,1,15,1,29.03876725329987,total_fuel_sales,Продажи топлива,baseline_hgb_v2
2023-12-26 15:00:00,4,Татнефть-АЗС-005,8.0,46,1,0,1,15,1,9.687158102146016,total_fuel_sales,Продажи топлива,baseline_hgb_v2
2023-12-26 16:00:00,0,Татнефть-АЗС-001,39.0,157,0,1,0,16,1,39.084527521711514,total_fuel_sales,Продажи топлива,baseline_hgb_v2
2023-12-26 16:00:00,1,Татнефть-АЗС-002,13.0,72,0,1,0,16,1,17.24734842907278,total_fuel_sales,Продажи топлива,baseline_hgb_v2
2023-12-26 16:00:00,2,Татнефть-АЗС-003,33.0,171,1,0,1,16,1,34.88798720349909,total_fuel_sales,Продажи топлива,baseline_hgb_v2
2023-12-26 16:00:00,3,Татнефть-АЗС-004,19.0,94,0,1,1,16,1,18.377382965874492,total_fuel_sales,Продажи топлива,baseline_hgb_v2
2023-12-26 16:00:00,4,Татнефть-АЗС-005,14.0,63,0,0,1,16,1,13.789741117425105,total_fuel_sales,Продажи топлива,baseline_hgb_v2
2023-12-26 17:00:00,0,Татнефть-АЗС-001,233.0,466,1,1,0,17,1,254.0016910955372,total_fuel_sales,Продажи топлива,baseline_hgb_v2
2023-12-26 17:00:00,1,Татнефть-АЗС-002,178.0,326,1,1,0,17,1,166.80266500471745,total_fuel_sales,Продажи топлива,baseline_hgb_v2
2023-12-26 17:00:00,2,Татнефть-АЗС-003,262.0,638,1,0,1,17,1,302.1487488169552,total_fuel_sales,Продажи топлива,baseline_hgb_v2
2023-12-26 17:00:00,3,Татнефть-АЗС-004,132.0,310,1,1,1,17,1,121.94469289505237,total_fuel_sales,Продажи топлива,baseline_hgb_v2
2023-12-26 17:00:00,4,Татнефть-АЗС-005,76.0,201,0,0,1,17,1,94.80254585338099,total_fuel_sales,Продажи топлива,baseline_hgb_v2
2023-12-26 18:00:00,0,Татнефть-АЗС-001,214.0,445,1,1,0,18,1,237.41894462691818,total_fuel_sales,Продажи топлива,baseline_hgb_v2
2023-12-26 18:00:00,1,Татнефть-АЗС-002,181.0,334,0,1,0,18,1,177.74063851645124,total_fuel_sales,Продажи топлива,baseline_hgb_v2
2023-12-26 18:00:00,2,Татнефть-АЗС-003,245.0,550,0,0,1,18,1,272.3102714454937,total_fuel_sales,Продажи топлива,baseline_hgb_v2
2023-12-26 18:00:00,3,Татнефть-АЗС-004,131.0,315,0,1,1,18,1,126.71648256208627,total_fuel_sales,Продажи топлива,baseline_hgb_v2
2023-12-26 18:00:00,4,Татнефть-АЗС-005,82.0,218,0,0,1,18,1,106.34493095239402,total_fuel_sales,Продажи топлива,baseline_hgb_v2
2023-12-26 19:00:00,0,Татнефть-АЗС-001,112.0,293,0,1,0,19,1,119.93540824992282,total_fuel_sales,Продажи топлива,baseline_hgb_v2
2023-12-26 19:00:00,1,Татнефть-АЗС-002,136.0,309,0,1,0,19,1,160.44786773672055,total_fuel_sales,Продажи топлива,baseline_hgb_v2
2023-12-26 19:00:00,2,Татнефть-АЗС-003,140.0,416,1,0,1,19,1,162.25623199353404,total_fuel_sales,Продажи топлива,baseline_hgb_v2
2023-12-26 19:00:00,3,Татнефть-АЗС-004,131.0,290,1,1,1,19,1,112.70242275695455,total_fuel_sales,Продажи топлива,baseline_hgb_v2
2023-12-26 19:00:00,4,Татнефть-АЗС-005,64.0,152,1,0,1,19,1,63.789086343548,total_fuel_sales,Продажи топлива,baseline_hgb_v2
2023-12-26 20:00:00,0,Татнефть-АЗС-001,17.0,93,0,1,0,20,1,18.65337829084976,total_fuel_sales,Продажи топлива,baseline_hgb_v2
2023-12-26 20:00:00,1,Татнефть-АЗС-002,29.0,113,0,1,0,20,1,29.82002842410579,total_fuel_sales,Продажи топлива,baseline_hgb_v2
2023-12-26 20:00:00,2,Татнефть-АЗС-003,41.0,200,0,0,1,20,1,48.0999218132774,total_fuel_sales,Продажи топлива,baseline_hgb_v2
2023-12-26 20:00:00,3,Татнефть-АЗС-004,34.0,153,1,1,1,20,1,35.89171374294803,total_fuel_sales,Продажи топлива,baseline_hgb_v2
2023-12-26 20:00:00,4,Татнефть-АЗС-005,7.0,44,1,0,1,20,1,9.687158102146016,total_fuel_sales,Продажи топлива,baseline_hgb_v2
2023-12-26 21:00:00,0,Татнефть-АЗС-001,38.0,152,0,1,0,21,1,35.472552929726206,total_fuel_sales,Продажи топлива,baseline_hgb_v2
2023-12-26 21:00:00,1,Татнефть-АЗС-002,11.0,53,0,1,0,21,1,11.433814418052863,total_fuel_sales,Продажи топлива,baseline_hgb_v2
2023-12-26 21:00:00,2,Татнефть-АЗС-003,33.0,148,0,0,1,21,1,33.21749041038225,total_fuel_sales,Продажи топлива,baseline_hgb_v2
2023-12-26 21:00:00,3,Татнефть-АЗС-004,37.0,144,0,1,1,21,1,34.318211203546504,total_fuel_sales,Продажи топлива,baseline_hgb_v2
2023-12-26 21:00:00,4,Татнефть-АЗС-005,19.0,72,0,0,1,21,1,18.294260667084643,total_fuel_sales,Продажи топлива,baseline_hgb_v2
2023-12-26 22:00:00,0,Татнефть-АЗС-001,8.0,33,1,1,0,22,1,7.719271316072586,total_fuel_sales,Продажи топлива,baseline_hgb_v2
2023-12-26 22:00:00,1,Татнефть-АЗС-002,2.0,11,0,1,0,22,1,1.8646827431825512,total_fuel_sales,Продажи топлива,baseline_hgb_v2
2023-12-26 22:00:00,2,Татнефть-АЗС-003,3.0,24,1,0,1,22,1,2.790671012532546,total_fuel_sales,Продажи топлива,baseline_hgb_v2
2023-12-26 22:00:00,3,Татнефть-АЗС-004,8.0,27,1,1,1,22,1,4.9018906227912655,total_fuel_sales,Продажи топлива,baseline_hgb_v2
2023-12-26 22:00:00,4,Татнефть-АЗС-005,1.0,9,0,0,1,22,1,2.0683402334707095,total_fuel_sales,Продажи топлива,baseline_hgb_v2
2023-12-26 23:00:00,0,Татнефть-АЗС-001,8.0,30,0,1,0,23,1,7.398455598194735,total_fuel_sales,Продажи топлива,baseline_hgb_v2
2023-12-26 23:00:00,1,Татнефть-АЗС-002,2.0,14,0,1,0,23,1,2.855822090949347,total_fuel_sales,Продажи топлива,baseline_hgb_v2
2023-12-26 23:00:00,2,Татнефть-АЗС-003,4.0,26,0,0,1,23,1,4.771685746991047,total_fuel_sales,Продажи топлива,baseline_hgb_v2
2023-12-26 23:00:00,3,Татнефть-АЗС-004,8.0,32,0,1,1,23,1,7.450645461865035,total_fuel_sales,Продажи топлива,baseline_hgb_v2
2023-12-26 23:00:00,4,Татнефть-АЗС-005,2.0,10,0,0,1,23,1,2.0683402334707095,total_fuel_sales,Продажи топлива,baseline_hgb_v2
2023-12-27 00:00:00,0,Татнефть-АЗС-001,4.0,24,0,1,0,0,2,3.3787140807981735,total_fuel_sales,Продажи топлива,baseline_hgb_v2
2023-12-27 00:00:00,1,Татнефть-АЗС-002,2.0,15,0,1,0,0,2,3.395622462790008,total_fuel_sales,Продажи топлива,baseline_hgb_v2
2023-12-27 00:00:00,2,Татнефть-АЗС-003,8.0,29,0,0,1,0,2,6.731791331457753,total_fuel_sales,Продажи топлива,baseline_hgb_v2
2023-12-27 00:00:00,3,Татнефть-АЗС-004,3.0,21,1,1,1,0,2,2.450579152565464,total_fuel_sales,Продажи топлива,baseline_hgb_v2
2023-12-27 00:00:00,4,Татнефть-АЗС-005,2.0,16,0,0,1,0,2,2.90520607084546,total_fuel_sales,Продажи топлива,baseline_hgb_v2
2023-12-27 01:00:00,0,Татнефть-АЗС-001,8.0,28,1,1,0,1,2,6.372884197242256,total_fuel_sales,Продажи топлива,baseline_hgb_v2
2023-12-27 01:00:00,1,Татнефть-АЗС-002,2.0,9,0,1,0,1,2,2.484815470984791,total_fuel_sales,Продажи топлива,baseline_hgb_v2
2023-12-27 01:00:00,2,Татнефть-АЗС-003,8.0,32,1,0,1,1,2,7.607816514994679,total_fuel_sales,Продажи топлива,baseline_hgb_v2
2023-12-27 01:00:00,3,Татнефть-АЗС-004,8.0,34,1,1,1,1,2,8.135504722494009,total_fuel_sales,Продажи топлива,baseline_hgb_v2
2023-12-27 01:00:00,4,Татнефть-АЗС-005,1.0,9,1,0,1,1,2,1.9336746082294638,total_fuel_sales,Продажи топлива,baseline_hgb_v2
2023-12-27 02:00:00,0,Татнефть-АЗС-001,8.0,29,0,1,0,2,2,7.06683907790921,total_fuel_sales,Продажи топлива,baseline_hgb_v2
2023-12-27 02:00:00,1,Татнефть-АЗС-002,3.0,17,0,1,0,2,2,3.868655124029272,total_fuel_sales,Продажи топлива,baseline_hgb_v2
2023-12-27 02:00:00,2,Татнефть-АЗС-003,8.0,31,1,0,1,2,2,7.607816514994679,total_fuel_sales,Продажи топлива,baseline_hgb_v2
2023-12-27 02:00:00,3,Татнефть-АЗС-004,8.0,31,1,1,1,2,2,7.539446534535947,total_fuel_sales,Продажи топлива,baseline_hgb_v2
2023-12-27 02:00:00,4,Татнефть-АЗС-005,2.0,11,0,0,1,2,2,1.9336746082294638,total_fuel_sales,Продажи топлива,baseline_hgb_v2
2023-12-27 03:00:00,0,Татнефть-АЗС-001,3.0,21,0,1,0,3,2,2.905681419558912,total_fuel_sales,Продажи топлива,baseline_hgb_v2
2023-12-27 03:00:00,1,Татнефть-АЗС-002,2.0,13,0,1,0,3,2,3.395622462790008,total_fuel_sales,Продажи топлива,baseline_hgb_v2
2023-12-27 03:00:00,2,Татнефть-АЗС-003,8.0,32,0,0,1,3,2,7.602172650880867,total_fuel_sales,Продажи топлива,baseline_hgb_v2
2023-12-27 03:00:00,3,Татнефть-АЗС-004,8.0,27,0,1,1,3,2,5.925151401016524,total_fuel_sales,Продажи топлива,baseline_hgb_v2
2023-12-27 03:00:00,4,Татнефть-АЗС-005,2.0,14,0,0,1,3,2,2.90520607084546,total_fuel_sales,Продажи топлива,baseline_hgb_v2
2023-12-27 04:00:00,0,Татнефть-АЗС-001,3.0,21,1,1,0,4,2,2.905681419558912,total_fuel_sales,Продажи топлива,baseline_hgb_v2
2023-12-27 04:00:00,1,Татнефть-АЗС-002,2.0,9,0,1,0,4,2,2.484815470984791,total_fuel_sales,Продажи топлива,baseline_hgb_v2
2023-12-27 04:00:00,2,Татнефть-АЗС-003,8.0,34,0,0,1,4,2,8.198230838838931,total_fuel_sales,Продажи топлива,baseline_hgb_v2
2023-12-27 04:00:00,3,Татнефть-АЗС-004,8.0,36,1,1,1,4,2,8.521175504947335,total_fuel_sales,Продажи топлива,baseline_hgb_v2
2023-12-27 04:00:00,4,Татнефть-АЗС-005,2.0,9,1,0,1,4,2,2.062362509743441,total_fuel_sales,Продажи топлива,baseline_hgb_v2
2023-12-27 05:00:00,0,Татнефть-АЗС-001,8.0,30,1,1,0,5,2,7.618675774369507,total_fuel_sales,Продажи топлива,baseline_hgb_v2
2023-12-27 05:00:00,1,Татнефть-АЗС-002,2.0,10,0,1,0,5,2,2.484815470984791,total_fuel_sales,Продажи топлива,baseline_hgb_v2
2023-12-27 05:00:00,2,Татнефть-АЗС-003,2.0,20,0,0,1,5,2,2.54903639068585,total_fuel_sales,Продажи топлива,baseline_hgb_v2
2023-12-27 05:00:00,3,Татнефть-АЗС-004,4.0,24,0,1,1,5,2,2.9236118138047256,total_fuel_sales,Продажи топлива,baseline_hgb_v2
2023-12-27 05:00:00,4,Татнефть-АЗС-005,2.0,15,1,0,1,5,2,2.7765181693314824,total_fuel_sales,Продажи топлива,baseline_hgb_v2
2023-12-27 06:00:00,0,Татнефть-АЗС-001,23.0,113,0,1,0,6,2,23.907113448065218,total_fuel_sales,Продажи топлива,baseline_hgb_v2
2023-12-27 06:00:00,1,Татнефть-АЗС-002,12.0,52,1,1,0,6,2,12.113123934372863,total_fuel_sales,Продажи топлива,baseline_hgb_v2
2023-12-27 06:00:00,2,Татнефть-АЗС-003,30.0,143,0,0,1,6,2,32.89344880547433,total_fuel_sales,Продажи топлива,baseline_hgb_v2
2023-12-27 06:00:00,3,Татнефть-АЗС-004,35.0,160,0,1,1,6,2,36.06375146864554,total_fuel_sales,Продажи топлива,baseline_hgb_v2
2023-12-27 06:00:00,4,Татнефть-АЗС-005,13.0,72,0,0,1,6,2,17.104814070848892,total_fuel_sales,Продажи топлива,baseline_hgb_v2
2023-12-27 07:00:00,0,Татнефть-АЗС-001,130.0,296,0,1,0,7,2,120.77554441885167,total_fuel_sales,Продажи топлива,baseline_hgb_v2
2023-12-27 07:00:00,1,Татнефть-АЗС-002,49.0,132,0,1,0,7,2,57.45916698718904,total_fuel_sales,Продажи топлива,baseline_hgb_v2
2023-12-27 07:00:00,2,Татнефть-АЗС-003,159.0,370,0,0,1,7,2,172.41537661718814,total_fuel_sales,Продажи топлива,baseline_hgb_v2
2023-12-27 07:00:00,3,Татнефть-АЗС-004,330.0,628,0,1,1,7,2,331.5777512306598,total_fuel_sales,Продажи топлива,baseline_hgb_v2
2023-12-27 07:00:00,4,Татнефть-АЗС-005,130.0,277,0,0,1,7,2,133.2199850786975,total_fuel_sales,Продажи топлива,baseline_hgb_v2
2023-12-27 08:00:00,0,Татнефть-АЗС-001,90.0,260,0,1,0,8,2,106.95328816858999,total_fuel_sales,Продажи топлива,baseline_hgb_v2
2023-12-27 08:00:00,1,Татнефть-АЗС-002,80.0,175,0,1,0,8,2,89.29076184592267,total_fuel_sales,Продажи топлива,baseline_hgb_v2
2023-12-27 08:00:00,2,Татнефть-АЗС-003,94.0,275,0,0,1,8,2,98.36981832074386,total_fuel_sales,Продажи топлива,baseline_hgb_v2
2023-12-27 08:00:00,3,Татнефть-АЗС-004,142.0,324,0,1,1,8,2,133.76163260295854,total_fuel_sales,Продажи топлива,baseline_hgb_v2
2023-12-27 08:00:00,4,Татнефть-АЗС-005,62.0,198,0,0,1,8,2,76.16840243171526,total_fuel_sales,Продажи топлива,baseline_hgb_v2
2023-12-27 09:00:00,0,Татнефть-АЗС-001,82.0,234,0,1,0,9,2,94.58178462474234,total_fuel_sales,Продажи топлива,baseline_hgb_v2
2023-12-27 09:00:00,1,Татнефть-АЗС-002,87.0,165,0,1,0,9,2,86.73107642265471,total_fuel_sales,Продажи топлива,baseline_hgb_v2
2023-12-27 09:00:00,2,Татнефть-АЗС-003,99.0,294,0,0,1,9,2,107.780954976646,total_fuel_sales,Продажи топлива,baseline_hgb_v2
2023-12-27 09:00:00,3,Татнефть-АЗС-004,236.0,557,0,1,1,9,2,300.4692552021461,total_fuel_sales,Продажи топлива,baseline_hgb_v2
2023-12-27 09:00:00,4,Татнефть-АЗС-005,114.0,261,0,0,1,9,2,124.77810017938356,total_fuel_sales,Продажи топлива,baseline_hgb_v2
2023-12-27 10:00:00,0,Татнефть-АЗС-001,41.0,156,1,1,0,10,2,39.55834552642363,total_fuel_sales,Продажи топлива,baseline_hgb_v2
2023-12-27 10:00:00,1,Татнефть-АЗС-002,11.0,55,0,1,0,10,2,12.188084853474635,total_fuel_sales,Продажи топлива,baseline_hgb_v2
2023-12-27 10:00:00,2,Татнефть-АЗС-003,17.0,97,1,0,1,10,2,19.413697637534494,total_fuel_sales,Продажи топлива,baseline_hgb_v2
2023-12-27 10:00:00,3,Татнефть-АЗС-004,30.0,157,1,1,1,10,2,35.535108420115655,total_fuel_sales,Продажи топлива,baseline_hgb_v2
2023-12-27 10:00:00,4,Татнефть-АЗС-005,28.0,119,0,0,1,10,2,26.98958530900685,total_fuel_sales,Продажи топлива,baseline_hgb_v2
2023-12-27 11:00:00,0,Татнефть-АЗС-001,39.0,158,0,1,0,11,2,40.3098700024135,total_fuel_sales,Продажи топлива,baseline_hgb_v2
2023-12-27 11:00:00,1,Татнефть-АЗС-002,12.0,54,1,1,0,11,2,12.05000379890744,total_fuel_sales,Продажи топлива,baseline_hgb_v2
2023-12-27 11:00:00,2,Татнефть-АЗС-003,34.0,148,1,0,1,11,2,33.932791562332376,total_fuel_sales,Продажи топлива,baseline_hgb_v2
2023-12-27 11:00:00,3,Татнефть-АЗС-004,41.0,172,0,1,1,11,2,43.30138825666705,total_fuel_sales,Продажи топлива,baseline_hgb_v2
2023-12-27 11:00:00,4,Татнефть-АЗС-005,9.0,52,0,0,1,11,2,11.354200483736564,total_fuel_sales,Продажи топлива,baseline_hgb_v2
2023-12-27 12:00:00,0,Татнефть-АЗС-001,30.0,95,0,1,0,12,2,32.648932563765584,total_fuel_sales,Продажи топлива,baseline_hgb_v2
2023-12-27 12:00:00,1,Татнефть-АЗС-002,34.0,82,0,1,0,12,2,36.22201668689535,total_fuel_sales,Продажи топлива,baseline_hgb_v2
2023-12-27 12:00:00,2,Татнефть-АЗС-003,33.0,105,1,0,1,12,2,33.1316921735234,total_fuel_sales,Продажи топлива,baseline_hgb_v2
2023-12-27 12:00:00,3,Татнефть-АЗС-004,30.0,99,0,1,1,12,2,33.08474741119103,total_fuel_sales,Продажи топлива,baseline_hgb_v2
2023-12-27 12:00:00,4,Татнефть-АЗС-005,13.0,48,0,0,1,12,2,15.349874723012551,total_fuel_sales,Продажи топлива,baseline_hgb_v2
2023-12-27 13:00:00,0,Татнефть-АЗС-001,54.0,147,0,1,0,13,2,62.97259738671609,total_fuel_sales,Продажи топлива,baseline_hgb_v2
2023-12-27 13:00:00,1,Татнефть-АЗС-002,18.0,50,0,1,0,13,2,16.294549623092713,total_fuel_sales,Продажи топлива,baseline_hgb_v2
2023-12-27 13:00:00,2,Татнефть-АЗС-003,64.0,160,1,0,1,13,2,64.35046668349989,total_fuel_sales,Продажи топлива,baseline_hgb_v2
2023-12-27 13:00:00,3,Татнефть-АЗС-004,33.0,110,0,1,1,13,2,36.82670510596406,total_fuel_sales,Продажи топлива,baseline_hgb_v2
2023-12-27 13:00:00,4,Татнефть-АЗС-005,28.0,76,0,0,1,13,2,30.256549084408267,total_fuel_sales,Продажи топлива,baseline_hgb_v2
2023-12-27 14:00:00,0,Татнефть-АЗС-001,74.0,159,0,1,0,14,2,70.24362834417506,total_fuel_sales,Продажи топлива,baseline_hgb_v2
2023-12-27 14:00:00,1,Татнефть-АЗС-002,17.0,48,0,1,0,14,2,16.294549623092713,total_fuel_sales,Продажи топлива,baseline_hgb_v2
2023-12-27 14:00:00,2,Татнефть-АЗС-003,39.0,114,0,0,1,14,2,36.405034630117775,total_fuel_sales,Продажи топлива,baseline_hgb_v2
2023-12-27 14:00:00,3,Татнефть-АЗС-004,30.0,96,1,1,1,14,2,32.37293723879033,total_fuel_sales,Продажи топлива,baseline_hgb_v2
2023-12-27 14:00:00,4,Татнефть-АЗС-005,13.0,49,1,0,1,14,2,15.478562624526525,total_fuel_sales,Продажи топлива,baseline_hgb_v2
2023-12-27 15:00:00,0,Татнефть-АЗС-001,23.0,106,1,1,0,15,2,22.31868586065383,total_fuel_sales,Продажи топлива,baseline_hgb_v2
2023-12-27 15:00:00,1,Татнефть-АЗС-002,21.0,71,0,1,0,15,2,18.215806777580706,total_fuel_sales,Продажи топлива,baseline_hgb_v2
2023-12-27 15:00:00,2,Татнефть-АЗС-003,35.0,143,0,0,1,15,2,31.89542595355904,total_fuel_sales,Продажи топлива,baseline_hgb_v2
2023-12-27 15:00:00,3,Татнефть-АЗС-004,37.0,152,0,1,1,15,2,36.35322260616821,total_fuel_sales,Продажи топлива,baseline_hgb_v2
2023-12-27 15:00:00,4,Татнефть-АЗС-005,16.0,74,0,0,1,15,2,18.462133420727927,total_fuel_sales,Продажи топлива,baseline_hgb_v2
2023-12-27 16:00:00,0,Татнефть-АЗС-001,23.0,118,0,1,0,16,2,25.222493023113284,total_fuel_sales,Продажи топлива,baseline_hgb_v2
2023-12-27 16:00:00,1,Татнефть-АЗС-002,23.0,89,1,1,0,16,2,23.828803098947155,total_fuel_sales,Продажи топлива,baseline_hgb_v2
2023-12-27 16:00:00,2,Татнефть-АЗС-003,27.0,141,0,0,1,16,2,27.696066063275623,total_fuel_sales,Продажи топлива,baseline_hgb_v2
2023-12-27 16:00:00,3,Татнефть-АЗС-004,22.0,100,0,1,1,16,2,19.872130516040176,total_fuel_sales,Продажи топлива,baseline_hgb_v2
2023-12-27 16:00:00,4,Татнефть-АЗС-005,9.0,54,0,0,1,16,2,11.637471908341018,total_fuel_sales,Продажи топлива,baseline_hgb_v2
2023-12-27 17:00:00,0,Татнефть-АЗС-001,126.0,290,0,1,0,17,2,117.95438572273402,total_fuel_sales,Продажи топлива,baseline_hgb_v2
2023-12-27 17:00:00,1,Татнефть-АЗС-002,112.0,257,1,1,0,17,2,121.66497234595718,total_fuel_sales,Продажи топлива,baseline_hgb_v2
2023-12-27 17:00:00,2,Татнефть-АЗС-003,303.0,778,0,0,1,17,2,398.7346105010568,total_fuel_sales,Продажи топлива,baseline_hgb_v2
2023-12-27 17:00:00,3,Татнефть-АЗС-004,217.0,403,1,1,1,17,2,203.6371187281793,total_fuel_sales,Продажи топлива,baseline_hgb_v2
2023-12-27 17:00:00,4,Татнефть-АЗС-005,80.0,175,0,0,1,17,2,71.15767960133844,total_fuel_sales,Продажи топлива,baseline_hgb_v2
2023-12-27 18:00:00,0,Татнефть-АЗС-001,114.0,304,0,1,0,18,2,122.45951920916123,total_fuel_sales,Продажи топлива,baseline_hgb_v2
2023-12-27 18:00:00,1,Татнефть-АЗС-002,85.0,242,0,1,0,18,2,108.04805564887016,total_fuel_sales,Продажи топлива,baseline_hgb_v2
2023-12-27 18:00:00,2,Татнефть-АЗС-003,262.0,648,0,0,1,18,2,312.10391212012996,total_fuel_sales,Продажи топлива,baseline_hgb_v2
2023-12-27 18:00:00,3,Татнефть-АЗС-004,119.0,302,0,1,1,18,2,116.26138356911046,total_fuel_sales,Продажи топлива,baseline_hgb_v2
2023-12-27 18:00:00,4,Татнефть-АЗС-005,55.0,149,0,0,1,18,2,57.87633375775555,total_fuel_sales,Продажи топлива,baseline_hgb_v2
2023-12-27 19:00:00,0,Татнефть-АЗС-001,235.0,435,0,1,0,19,2,238.18094566301767,total_fuel_sales,Продажи топлива,baseline_hgb_v2
2023-12-27 19:00:00,1,Татнефть-АЗС-002,136.0,276,0,1,0,19,2,144.35168021337356,total_fuel_sales,Продажи топлива,baseline_hgb_v2
2023-12-27 19:00:00,2,Татнефть-АЗС-003,298.0,698,0,0,1,19,2,323.6368772060933,total_fuel_sales,Продажи топлива,baseline_hgb_v2
2023-12-27 19:00:00,3,Татнефть-АЗС-004,199.0,426,0,1,1,19,2,224.02182228041812,total_fuel_sales,Продажи топлива,baseline_hgb_v2
2023-12-27 19:00:00,4,Татнефть-АЗС-005,95.0,209,0,0,1,19,2,100.77438750772836,total_fuel_sales,Продажи топлива,baseline_hgb_v2
2023-12-27 20:00:00,0,Татнефть-АЗС-001,33.0,143,0,1,0,20,2,34.58683705775406,total_fuel_sales,Продажи топлива,baseline_hgb_v2
2023-12-27 20:00:00,1,Татнефть-АЗС-002,29.0,110,1,1,0,20,2,29.82002842410579,total_fuel_sales,Продажи топлива,baseline_hgb_v2
2023-12-27 20:00:00,2,Татнефть-АЗС-003,56.0,229,0,0,1,20,2,56.89576221658513,total_fuel_sales,Продажи топлива,baseline_hgb_v2
2023-12-27 20:00:00,3,Татнефть-АЗС-004,30.0,138,1,1,1,20,2,34.304735631193495,total_fuel_sales,Продажи топлива,baseline_hgb_v2
2023-12-27 20:00:00,4,Татнефть-АЗС-005,8.0,52,0,0,1,20,2,11.637471908341018,total_fuel_sales,Продажи топлива,baseline_hgb_v2
2023-12-27 21:00:00,0,Татнефть-АЗС-001,21.0,95,0,1,0,21,2,19.436315668614714,total_fuel_sales,Продажи топлива,baseline_hgb_v2
2023-12-27 21:00:00,1,Татнефть-АЗС-002,11.0,52,0,1,0,21,2,11.433814418052863,total_fuel_sales,Продажи топлива,baseline_hgb_v2
2023-12-27 21:00:00,2,Татнефть-АЗС-003,40.0,158,0,0,1,21,2,35.50953657356266,total_fuel_sales,Продажи топлива,baseline_hgb_v2
2023-12-27 21:00:00,3,Татнефть-АЗС-004,44.0,172,0,1,1,21,2,43.48698040924928,total_fuel_sales,Продажи топлива,baseline_hgb_v2
2023-12-27 21:00:00,4,Татнефть-АЗС-005,9.0,54,1,0,1,21,2,11.637471908341018,total_fuel_sales,Продажи топлива,baseline_hgb_v2
2023-12-27 22:00:00,0,Татнефть-АЗС-001,4.0,23,1,1,0,22,2,3.0201660962661157,total_fuel_sales,Продажи топлива,baseline_hgb_v2
2023-12-27 22:00:00,1,Татнефть-АЗС-002,2.0,16,0,1,0,22,2,2.855822090949347,total_fuel_sales,Продажи топлива,baseline_hgb_v2
2023-12-27 22:00:00,2,Татнефть-АЗС-003,8.0,31,0,0,1,22,2,7.338370543931101,total_fuel_sales,Продажи топлива,baseline_hgb_v2
2023-12-27 22:00:00,3,Татнефть-АЗС-004,8.0,34,1,1,1,22,2,8.046703649823097,total_fuel_sales,Продажи топлива,baseline_hgb_v2
2023-12-27 22:00:00,4,Татнефть-АЗС-005,2.0,15,0,0,1,22,2,3.049511602930012,total_fuel_sales,Продажи топлива,baseline_hgb_v2
2023-12-27 23:00:00,0,Татнефть-АЗС-001,8.0,30,0,1,0,23,2,7.398455598194735,total_fuel_sales,Продажи топлива,baseline_hgb_v2
2023-12-27 23:00:00,1,Татнефть-АЗС-002,2.0,11,0,1,0,23,2,1.8646827431825512,total_fuel_sales,Продажи топлива,baseline_hgb_v2
2023-12-27 23:00:00,2,Татнефть-АЗС-003,8.0,32,0,0,1,23,2,7.324894971578091,total_fuel_sales,Продажи топлива,baseline_hgb_v2
2023-12-27 23:00:00,3,Татнефть-АЗС-004,8.0,30,0,1,1,23,2,7.129829743987184,total_fuel_sales,Продажи топлива,baseline_hgb_v2
2023-12-27 23:00:00,4,Татнефть-АЗС-005,2.0,15,0,0,1,23,2,3.049511602930012,total_fuel_sales,Продажи топлива,baseline_hgb_v2
2023-12-28 00:00:00,0,Татнефть-АЗС-001,3.0,18,1,1,0,0,3,2.905681419558912,total_fuel_sales,Продажи топлива,baseline_hgb_v2
2023-12-28 00:00:00,1,Татнефть-АЗС-002,2.0,12,0,1,0,0,3,2.7052412103504224,total_fuel_sales,Продажи топлива,baseline_hgb_v2
2023-12-28 00:00:00,2,Татнефть-АЗС-003,8.0,30,1,0,1,0,3,6.466465686636392,total_fuel_sales,Продажи топлива,baseline_hgb_v2
2023-12-28 00:00:00,3,Татнефть-АЗС-004,3.0,21,1,1,1,0,3,2.450579152565464,total_fuel_sales,Продажи топлива,baseline_hgb_v2
2023-12-28 00:00:00,4,Татнефть-АЗС-005,2.0,12,0,0,1,0,3,1.9336746082294638,total_fuel_sales,Продажи топлива,baseline_hgb_v2
2023-12-28 01:00:00,0,Татнефть-АЗС-001,3.0,22,0,1,0,1,3,2.905681419558912,total_fuel_sales,Продажи топлива,baseline_hgb_v2
2023-12-28 01:00:00,1,Татнефть-АЗС-002,2.0,11,0,1,0,1,3,2.484815470984791,total_fuel_sales,Продажи топлива,baseline_hgb_v2
2023-12-28 01:00:00,2,Татнефть-АЗС-003,8.0,33,0,0,1,1,3,7.594340942641669,total_fuel_sales,Продажи топлива,baseline_hgb_v2
2023-12-28 01:00:00,3,Татнефть-АЗС-004,3.0,22,0,1,1,1,3,2.450579152565464,total_fuel_sales,Продажи топлива,baseline_hgb_v2
2023-12-28 01:00:00,4,Татнефть-АЗС-005,2.0,11,0,0,1,1,3,2.062362509743441,total_fuel_sales,Продажи топлива,baseline_hgb_v2
2023-12-28 02:00:00,0,Татнефть-АЗС-001,8.0,28,0,1,0,2,3,6.372884197242256,total_fuel_sales,Продажи топлива,baseline_hgb_v2
2023-12-28 02:00:00,1,Татнефть-АЗС-002,2.0,10,0,1,0,2,3,2.484815470984791,total_fuel_sales,Продажи топлива,baseline_hgb_v2
2023-12-28 02:00:00,2,Татнефть-АЗС-003,3.0,18,0,0,1,2,3,2.6777242921998274,total_fuel_sales,Продажи топлива,baseline_hgb_v2
2023-12-28 02:00:00,3,Татнефть-АЗС-004,8.0,30,0,1,1,2,3,7.1147891125559966,total_fuel_sales,Продажи топлива,baseline_hgb_v2
2023-12-28 02:00:00,4,Татнефть-АЗС-005,2.0,10,0,0,1,2,3,1.9336746082294638,total_fuel_sales,Продажи топлива,baseline_hgb_v2
2023-12-28 03:00:00,0,Татнефть-АЗС-001,4.0,20,1,1,0,3,3,2.905681419558912,total_fuel_sales,Продажи топлива,baseline_hgb_v2
2023-12-28 03:00:00,1,Татнефть-АЗС-002,2.0,10,0,1,0,3,3,3.395622462790008,total_fuel_sales,Продажи топлива,baseline_hgb_v2
2023-12-28 03:00:00,2,Татнефть-АЗС-003,8.0,30,0,0,1,3,3,7.2393129586025085,total_fuel_sales,Продажи топлива,baseline_hgb_v2
2023-12-28 03:00:00,3,Татнефть-АЗС-004,6.0,25,0,1,1,3,3,3.860828424004557,total_fuel_sales,Продажи топлива,baseline_hgb_v2
2023-12-28 03:00:00,4,Татнефть-АЗС-005,2.0,16,1,0,1,3,3,2.90520607084546,total_fuel_sales,Продажи топлива,baseline_hgb_v2
2023-12-28 04:00:00,0,Татнефть-АЗС-001,8.0,31,0,1,0,4,3,7.987179330761677,total_fuel_sales,Продажи топлива,baseline_hgb_v2
2023-12-28 04:00:00,1,Татнефть-АЗС-002,2.0,14,0,1,0,4,3,3.395622462790008,total_fuel_sales,Продажи топлива,baseline_hgb_v2
2023-12-28 04:00:00,2,Татнефть-АЗС-003,3.0,22,1,0,1,4,3,2.6777242921998274,total_fuel_sales,Продажи топлива,baseline_hgb_v2
2023-12-28 04:00:00,3,Татнефть-АЗС-004,4.0,23,0,1,1,4,3,2.9236118138047256,total_fuel_sales,Продажи топлива,baseline_hgb_v2
2023-12-28 04:00:00,4,Татнефть-АЗС-005,2.0,15,0,0,1,4,3,2.7765181693314824,total_fuel_sales,Продажи топлива,baseline_hgb_v2
2023-12-28 05:00:00,0,Татнефть-АЗС-001,8.0,35,0,1,0,5,3,8.721154140455333,total_fuel_sales,Продажи топлива,baseline_hgb_v2
2023-12-28 05:00:00,1,Татнефть-АЗС-002,2.0,14,0,1,0,5,3,3.395622462790008,total_fuel_sales,Продажи топлива,baseline_hgb_v2
2023-12-28 05:00:00,2,Татнефть-АЗС-003,8.0,32,1,0,1,5,3,7.607816514994679,total_fuel_sales,Продажи топлива,baseline_hgb_v2
2023-12-28 05:00:00,3,Татнефть-АЗС-004,8.0,28,1,1,1,5,3,5.925151401016524,total_fuel_sales,Продажи топлива,baseline_hgb_v2
2023-12-28 05:00:00,4,Татнефть-АЗС-005,2.0,13,1,0,1,5,3,2.88099144452408,total_fuel_sales,Продажи топлива,baseline_hgb_v2
2023-12-28 06:00:00,0,Татнефть-АЗС-001,23.0,111,0,1,0,6,3,23.195694452465958,total_fuel_sales,Продажи топлива,baseline_hgb_v2
2023-12-28 06:00:00,1,Татнефть-АЗС-002,21.0,75,0,1,0,6,3,20.286265513016897,total_fuel_sales,Продажи топлива,baseline_hgb_v2
2023-12-28 06:00:00,2,Татнефть-АЗС-003,20.0,105,0,0,1,6,3,21.659322690254406,total_fuel_sales,Продажи топлива,baseline_hgb_v2
2023-12-28 06:00:00,3,Татнефть-АЗС-004,60.0,218,1,1,1,6,3,59.274410011502674,total_fuel_sales,Продажи топлива,baseline_hgb_v2
2023-12-28 06:00:00,4,Татнефть-АЗС-005,30.0,120,0,0,1,6,3,27.368357818449187,total_fuel_sales,Продажи топлива,baseline_hgb_v2
2023-12-28 07:00:00,0,Татнефть-АЗС-001,189.0,389,0,1,0,7,3,206.4275395380172,total_fuel_sales,Продажи топлива,baseline_hgb_v2
2023-12-28 07:00:00,1,Татнефть-АЗС-002,87.0,190,0,1,0,7,3,96.55378443188215,total_fuel_sales,Продажи топлива,baseline_hgb_v2
2023-12-28 07:00:00,2,Татнефть-АЗС-003,124.0,310,0,0,1,7,3,116.05585637655211,total_fuel_sales,Продажи топлива,baseline_hgb_v2
2023-12-28 07:00:00,3,Татнефть-АЗС-004,159.0,431,0,1,1,7,3,175.31590431524077,total_fuel_sales,Продажи топлива,baseline_hgb_v2
2023-12-28 07:00:00,4,Татнефть-АЗС-005,133.0,295,1,0,1,7,3,141.27738748566776,total_fuel_sales,Продажи топлива,baseline_hgb_v2
2023-12-28 08:00:00,0,Татнефть-АЗС-001,209.0,376,1,1,0,8,3,195.41843363517188,total_fuel_sales,Продажи топлива,baseline_hgb_v2
2023-12-28 08:00:00,1,Татнефть-АЗС-002,71.0,167,0,1,0,8,3,85.9425418854488,total_fuel_sales,Продажи топлива,baseline_hgb_v2
2023-12-28 08:00:00,2,Татнефть-АЗС-003,142.0,343,0,0,1,8,3,153.96048158712816,total_fuel_sales,Продажи топлива,baseline_hgb_v2
2023-12-28 08:00:00,3,Татнефть-АЗС-004,291.0,579,0,1,1,8,3,304.085562302549,total_fuel_sales,Продажи топлива,baseline_hgb_v2
2023-12-28 08:00:00,4,Татнефть-АЗС-005,71.0,195,0,0,1,8,3,74.25431889199412,total_fuel_sales,Продажи топлива,baseline_hgb_v2
2023-12-28 09:00:00,0,Татнефть-АЗС-001,198.0,388,1,1,0,9,3,203.6728870472317,total_fuel_sales,Продажи топлива,baseline_hgb_v2
2023-12-28 09:00:00,1,Татнефть-АЗС-002,89.0,168,1,1,0,9,3,87.6903489560161,total_fuel_sales,Продажи топлива,baseline_hgb_v2
2023-12-28 09:00:00,2,Татнефть-АЗС-003,80.0,252,1,0,1,9,3,87.98689331880449,total_fuel_sales,Продажи топлива,baseline_hgb_v2
2023-12-28 09:00:00,3,Татнефть-АЗС-004,290.0,540,1,1,1,9,3,283.93180914134797,total_fuel_sales,Продажи топлива,baseline_hgb_v2
2023-12-28 09:00:00,4,Татнефть-АЗС-005,115.0,291,0,0,1,9,3,139.81323075104723,total_fuel_sales,Продажи топлива,baseline_hgb_v2
2023-12-28 10:00:00,0,Татнефть-АЗС-001,21.0,95,1,1,0,10,3,19.917077342681456,total_fuel_sales,Продажи топлива,baseline_hgb_v2
2023-12-28 10:00:00,1,Татнефть-АЗС-002,8.0,44,1,1,0,10,3,10.040513204194673,total_fuel_sales,Продажи топлива,baseline_hgb_v2
2023-12-28 10:00:00,2,Татнефть-АЗС-003,33.0,161,0,0,1,10,3,36.76783062743393,total_fuel_sales,Продажи топлива,baseline_hgb_v2
2023-12-28 10:00:00,3,Татнефть-АЗС-004,56.0,207,1,1,1,10,3,54.90001488808749,total_fuel_sales,Продажи топлива,baseline_hgb_v2
2023-12-28 10:00:00,4,Татнефть-АЗС-005,21.0,93,1,0,1,10,3,24.697758391483344,total_fuel_sales,Продажи топлива,baseline_hgb_v2
2023-12-28 11:00:00,0,Татнефть-АЗС-001,39.0,139,0,1,0,11,3,35.679972389123904,total_fuel_sales,Продажи топлива,baseline_hgb_v2
2023-12-28 11:00:00,1,Татнефть-АЗС-002,12.0,54,1,1,0,11,3,12.05000379890744,total_fuel_sales,Продажи топлива,baseline_hgb_v2
2023-12-28 11:00:00,2,Татнефть-АЗС-003,30.0,137,0,0,1,11,3,30.523395140259012,total_fuel_sales,Продажи топлива,baseline_hgb_v2
2023-12-28 11:00:00,3,Татнефть-АЗС-004,21.0,112,0,1,1,11,3,22.677472050007086,total_fuel_sales,Продажи топлива,baseline_hgb_v2
2023-12-28 11:00:00,4,Татнефть-АЗС-005,14.0,73,0,0,1,11,3,18.109756067133542,total_fuel_sales,Продажи топлива,baseline_hgb_v2
2023-12-28 12:00:00,0,Татнефть-АЗС-001,56.0,132,0,1,0,12,3,50.59566306754004,total_fuel_sales,Продажи топлива,baseline_hgb_v2
2023-12-28 12:00:00,1,Татнефть-АЗС-002,33.0,84,0,1,0,12,3,36.64269442463435,total_fuel_sales,Продажи топлива,baseline_hgb_v2
2023-12-28 12:00:00,2,Татнефть-АЗС-003,60.0,141,0,0,1,12,3,52.17768996184646,total_fuel_sales,Продажи топлива,baseline_hgb_v2
2023-12-28 12:00:00,3,Татнефть-АЗС-004,37.0,98,0,1,1,12,3,32.37293723879033,total_fuel_sales,Продажи топлива,baseline_hgb_v2
2023-12-28 12:00:00,4,Татнефть-АЗС-005,14.0,44,0,0,1,12,3,13.556792160278967,total_fuel_sales,Продажи топлива,baseline_hgb_v2
2023-12-28 13:00:00,0,Татнефть-АЗС-001,54.0,143,0,1,0,13,3,56.65078826508434,total_fuel_sales,Продажи топлива,baseline_hgb_v2
2023-12-28 13:00:00,1,Татнефть-АЗС-002,13.0,44,0,1,0,13,3,14.372779158845148,total_fuel_sales,Продажи топлива,baseline_hgb_v2
2023-12-28 13:00:00,2,Татнефть-АЗС-003,23.0,86,0,0,1,13,3,27.641922739776607,total_fuel_sales,Продажи топлива,baseline_hgb_v2
2023-12-28 13:00:00,3,Татнефть-АЗС-004,35.0,112,0,1,1,13,3,36.82670510596406,total_fuel_sales,Продажи топлива,baseline_hgb_v2
2023-12-28 13:00:00,4,Татнефть-АЗС-005,12.0,47,0,0,1,13,3,15.478562624526525,total_fuel_sales,Продажи топлива,baseline_hgb_v2
2023-12-28 14:00:00,0,Татнефть-АЗС-001,58.0,132,1,1,0,14,3,50.59566306754004,total_fuel_sales,Продажи топлива,baseline_hgb_v2
2023-12-28 14:00:00,1,Татнефть-АЗС-002,34.0,84,1,1,0,14,3,36.64269442463435,total_fuel_sales,Продажи топлива,baseline_hgb_v2
2023-12-28 14:00:00,2,Татнефть-АЗС-003,49.0,142,0,0,1,14,3,52.19116553419947,total_fuel_sales,Продажи топлива,baseline_hgb_v2
2023-12-28 14:00:00,3,Татнефть-АЗС-004,30.0,96,1,1,1,14,3,32.37293723879033,total_fuel_sales,Продажи топлива,baseline_hgb_v2
2023-12-28 14:00:00,4,Татнефть-АЗС-005,12.0,46,0,0,1,14,3,13.556792160278967,total_fuel_sales,Продажи топлива,baseline_hgb_v2
2023-12-28 15:00:00,0,Татнефть-АЗС-001,41.0,154,0,1,0,15,3,38.43997629310034,total_fuel_sales,Продажи топлива,baseline_hgb_v2
2023-12-28 15:00:00,1,Татнефть-АЗС-002,8.0,47,0,1,0,15,3,10.887826526310329,total_fuel_sales,Продажи топлива,baseline_hgb_v2
2023-12-28 15:00:00,2,Татнефть-АЗС-003,19.0,96,1,0,1,15,3,18.801379412002973,total_fuel_sales,Продажи топлива,baseline_hgb_v2
2023-12-28 15:00:00,3,Татнефть-АЗС-004,33.0,150,0,1,1,15,3,36.88992971210349,total_fuel_sales,Продажи топлива,baseline_hgb_v2
2023-12-28 15:00:00,4,Татнефть-АЗС-005,8.0,47,1,0,1,15,3,11.091484016598484,total_fuel_sales,Продажи топлива,baseline_hgb_v2
2023-12-28 16:00:00,0,Татнефть-АЗС-001,39.0,146,1,1,0,16,3,35.908901514577266,total_fuel_sales,Продажи топлива,baseline_hgb_v2
2023-12-28 16:00:00,1,Татнефть-АЗС-002,24.0,106,1,1,0,16,3,28.859276508176144,total_fuel_sales,Продажи топлива,baseline_hgb_v2
2023-12-28 16:00:00,2,Татнефть-АЗС-003,43.0,203,0,0,1,16,3,50.0065368775901,total_fuel_sales,Продажи топлива,baseline_hgb_v2
2023-12-28 16:00:00,3,Татнефть-АЗС-004,41.0,149,0,1,1,16,3,35.64027566036971,total_fuel_sales,Продажи топлива,baseline_hgb_v2
2023-12-28 16:00:00,4,Татнефть-АЗС-005,18.0,80,1,0,1,16,3,21.52173835514947,total_fuel_sales,Продажи топлива,baseline_hgb_v2
2023-12-28 17:00:00,0,Татнефть-АЗС-001,212.0,460,0,1,0,17,3,245.48212941480818,total_fuel_sales,Продажи топлива,baseline_hgb_v2
2023-12-28 17:00:00,1,Татнефть-АЗС-002,165.0,312,0,1,0,17,3,160.30638732917768,total_fuel_sales,Продажи топлива,baseline_hgb_v2
2023-12-28 17:00:00,2,Татнефть-АЗС-003,238.0,626,0,0,1,17,3,311.1256294462313,total_fuel_sales,Продажи топлива,baseline_hgb_v2
2023-12-28 17:00:00,3,Татнефть-АЗС-004,142.0,318,0,1,1,17,3,128.34361086682668,total_fuel_sales,Продажи топлива,baseline_hgb_v2
2023-12-28 17:00:00,4,Татнефть-АЗС-005,53.0,155,0,0,1,17,3,60.284317768841504,total_fuel_sales,Продажи топлива,baseline_hgb_v2
2023-12-28 18:00:00,0,Татнефть-АЗС-001,192.0,395,1,1,0,18,3,205.31664241710826,total_fuel_sales,Продажи топлива,baseline_hgb_v2
2023-12-28 18:00:00,1,Татнефть-АЗС-002,177.0,333,0,1,0,18,3,177.87776079748787,total_fuel_sales,Продажи топлива,baseline_hgb_v2
2023-12-28 18:00:00,2,Татнефть-АЗС-003,266.0,665,0,0,1,18,3,310.196820287201,total_fuel_sales,Продажи топлива,baseline_hgb_v2
2023-12-28 18:00:00,3,Татнефть-АЗС-004,103.0,258,0,1,1,18,3,90.37147148657922,total_fuel_sales,Продажи топлива,baseline_hgb_v2
2023-12-28 18:00:00,4,Татнефть-АЗС-005,85.0,178,1,0,1,18,3,83.07669723487899,total_fuel_sales,Продажи топлива,baseline_hgb_v2
2023-12-28 19:00:00,0,Татнефть-АЗС-001,238.0,460,0,1,0,19,3,246.09213957589674,total_fuel_sales,Продажи топлива,baseline_hgb_v2
2023-12-28 19:00:00,1,Татнефть-АЗС-002,82.0,202,1,1,0,19,3,83.64206306317232,total_fuel_sales,Продажи топлива,baseline_hgb_v2
2023-12-28 19:00:00,2,Татнефть-АЗС-003,284.0,638,0,0,1,19,3,309.05516460954397,total_fuel_sales,Продажи топлива,baseline_hgb_v2
2023-12-28 19:00:00,3,Татнефть-АЗС-004,206.0,420,0,1,1,19,3,206.49990351447386,total_fuel_sales,Продажи топлива,baseline_hgb_v2
2023-12-28 19:00:00,4,Татнефть-АЗС-005,34.0,108,1,0,1,19,3,38.73117693112201,total_fuel_sales,Продажи топлива,baseline_hgb_v2
2023-12-28 20:00:00,0,Татнефть-АЗС-001,23.0,104,0,1,0,20,3,21.898008122914835,total_fuel_sales,Продажи топлива,baseline_hgb_v2
2023-12-28 20:00:00,1,Татнефть-АЗС-002,19.0,85,0,1,0,20,3,21.931586029097186,total_fuel_sales,Продажи топлива,baseline_hgb_v2
2023-12-28 20:00:00,2,Татнефть-АЗС-003,32.0,164,0,0,1,20,3,32.77658737389468,total_fuel_sales,Продажи топлива,baseline_hgb_v2
2023-12-28 20:00:00,3,Татнефть-АЗС-004,20.0,100,1,1,1,20,3,19.872130516040176,total_fuel_sales,Продажи топлива,baseline_hgb_v2
2023-12-28 20:00:00,4,Татнефть-АЗС-005,14.0,67,1,0,1,20,3,15.91549494681192,total_fuel_sales,Продажи топлива,baseline_hgb_v2
2023-12-28 21:00:00,0,Татнефть-АЗС-001,16.0,85,0,1,0,21,3,17.253594633390833,total_fuel_sales,Продажи топлива,baseline_hgb_v2
2023-12-28 21:00:00,1,Татнефть-АЗС-002,21.0,77,0,1,0,21,3,19.540264717095106,total_fuel_sales,Продажи топлива,baseline_hgb_v2
2023-12-28 21:00:00,2,Татнефть-АЗС-003,39.0,176,0,0,1,21,3,41.67014599119909,total_fuel_sales,Продажи топлива,baseline_hgb_v2
2023-12-28 21:00:00,3,Татнефть-АЗС-004,34.0,151,1,1,1,21,3,36.91414433842487,total_fuel_sales,Продажи топлива,baseline_hgb_v2
2023-12-28 21:00:00,4,Татнефть-АЗС-005,8.0,48,0,0,1,21,3,11.091484016598484,total_fuel_sales,Продажи топлива,baseline_hgb_v2
2023-12-28 22:00:00,0,Татнефть-АЗС-001,3.0,22,0,1,0,22,3,2.547133435026854,total_fuel_sales,Продажи топлива,baseline_hgb_v2
2023-12-28 22:00:00,1,Татнефть-АЗС-002,2.0,12,0,1,0,22,3,1.8646827431825512,total_fuel_sales,Продажи топлива,baseline_hgb_v2
2023-12-28 22:00:00,2,Татнефть-АЗС-003,8.0,34,0,0,1,22,3,7.7922652580221765,total_fuel_sales,Продажи топлива,baseline_hgb_v2
2023-12-28 22:00:00,3,Татнефть-АЗС-004,8.0,29,1,1,1,22,3,6.577993047526885,total_fuel_sales,Продажи топлива,baseline_hgb_v2
2023-12-28 22:00:00,4,Татнефть-АЗС-005,3.0,18,0,0,1,22,3,3.5225442641692744,total_fuel_sales,Продажи топлива,baseline_hgb_v2
2023-12-28 23:00:00,0,Татнефть-АЗС-001,8.0,34,0,1,0,23,3,8.315329504030649,total_fuel_sales,Продажи топлива,baseline_hgb_v2
2023-12-28 23:00:00,1,Татнефть-АЗС-002,2.0,11,1,1,0,23,3,1.8646827431825512,total_fuel_sales,Продажи топлива,baseline_hgb_v2
2023-12-28 23:00:00,2,Татнефть-АЗС-003,8.0,30,0,0,1,23,3,7.004079253700241,total_fuel_sales,Продажи топлива,baseline_hgb_v2
2023-12-28 23:00:00,3,Татнефть-АЗС-004,8.0,37,0,1,1,23,3,9.025756626140826,total_fuel_sales,Продажи топлива,baseline_hgb_v2
2023-12-28 23:00:00,4,Татнефть-АЗС-005,2.0,15,0,0,1,23,3,3.049511602930012,total_fuel_sales,Продажи топлива,baseline_hgb_v2
2023-12-29 00:00:00,0,Татнефть-АЗС-001,8.0,32,0,1,0,0,4,7.962964704440297,total_fuel_sales,Продажи топлива,baseline_hgb_v2
2023-12-29 00:00:00,1,Татнефть-АЗС-002,2.0,9,1,1,0,0,4,2.484815470984791,total_fuel_sales,Продажи топлива,baseline_hgb_v2
2023-12-29 00:00:00,2,Татнефть-АЗС-003,3.0,19,0,0,1,0,4,2.6777242921998274,total_fuel_sales,Продажи топлива,baseline_hgb_v2
2023-12-29 00:00:00,3,Татнефть-АЗС-004,8.0,30,0,1,1,0,4,7.146728351822397,total_fuel_sales,Продажи топлива,baseline_hgb_v2
2023-12-29 00:00:00,4,Татнефть-АЗС-005,2.0,15,0,0,1,0,4,2.90520607084546,total_fuel_sales,Продажи топлива,baseline_hgb_v2
2023-12-29 01:00:00,0,Татнефть-АЗС-001,3.0,22,0,1,0,1,4,2.905681419558912,total_fuel_sales,Продажи топлива,baseline_hgb_v2
2023-12-29 01:00:00,1,Татнефть-АЗС-002,2.0,11,0,1,0,1,4,2.484815470984791,total_fuel_sales,Продажи топлива,baseline_hgb_v2
2023-12-29 01:00:00,2,Татнефть-АЗС-003,8.0,34,0,0,1,1,4,8.190399130599735,total_fuel_sales,Продажи топлива,baseline_hgb_v2
2023-12-29 01:00:00,3,Татнефть-АЗС-004,3.0,19,0,1,1,1,4,2.450579152565464,total_fuel_sales,Продажи топлива,baseline_hgb_v2
2023-12-29 01:00:00,4,Татнефть-АЗС-005,2.0,10,1,0,1,1,4,2.062362509743441,total_fuel_sales,Продажи топлива,baseline_hgb_v2
2023-12-29 02:00:00,0,Татнефть-АЗС-001,8.0,34,0,1,0,2,4,8.527083653131958,total_fuel_sales,Продажи топлива,baseline_hgb_v2
2023-12-29 02:00:00,1,Татнефть-АЗС-002,2.0,15,0,1,0,2,4,3.395622462790008,total_fuel_sales,Продажи топлива,baseline_hgb_v2
2023-12-29 02:00:00,2,Татнефть-АЗС-003,8.0,29,0,0,1,2,4,6.68747626214221,total_fuel_sales,Продажи топлива,baseline_hgb_v2
2023-12-29 02:00:00,3,Татнефть-АЗС-004,3.0,21,0,1,1,2,4,2.450579152565464,total_fuel_sales,Продажи топлива,baseline_hgb_v2
2023-12-29 02:00:00,4,Татнефть-АЗС-005,2.0,11,0,0,1,2,4,1.9336746082294638,total_fuel_sales,Продажи топлива,baseline_hgb_v2
2023-12-29 03:00:00,0,Татнефть-АЗС-001,8.0,36,0,1,0,3,4,9.142387878128943,total_fuel_sales,Продажи топлива,baseline_hgb_v2
2023-12-29 03:00:00,1,Татнефть-АЗС-002,2.0,13,1,1,0,3,4,3.395622462790008,total_fuel_sales,Продажи топлива,baseline_hgb_v2
2023-12-29 03:00:00,2,Татнефть-АЗС-003,3.0,22,0,0,1,3,4,2.6777242921998274,total_fuel_sales,Продажи топлива,baseline_hgb_v2
2023-12-29 03:00:00,3,Татнефть-АЗС-004,8.0,32,1,1,1,3,4,7.539446534535947,total_fuel_sales,Продажи топлива,baseline_hgb_v2
2023-12-29 03:00:00,4,Татнефть-АЗС-005,2.0,14,0,0,1,3,4,2.90520607084546,total_fuel_sales,Продажи топлива,baseline_hgb_v2
2023-12-29 04:00:00,0,Татнефть-АЗС-001,8.0,32,1,1,0,4,4,7.987179330761677,total_fuel_sales,Продажи топлива,baseline_hgb_v2
2023-12-29 04:00:00,1,Татнефть-АЗС-002,2.0,10,0,1,0,4,4,2.484815470984791,total_fuel_sales,Продажи топлива,baseline_hgb_v2
2023-12-29 04:00:00,2,Татнефть-АЗС-003,8.0,30,0,0,1,4,4,7.2393129586025085,total_fuel_sales,Продажи топлива,baseline_hgb_v2
2023-12-29 04:00:00,3,Татнефть-АЗС-004,8.0,32,0,1,1,4,4,7.539446534535947,total_fuel_sales,Продажи топлива,baseline_hgb_v2
2023-12-29 04:00:00,4,Татнефть-АЗС-005,2.0,11,0,0,1,4,4,1.9336746082294638,total_fuel_sales,Продажи топлива,baseline_hgb_v2
2023-12-29 05:00:00,0,Татнефть-АЗС-001,8.0,30,0,1,0,5,4,7.618675774369507,total_fuel_sales,Продажи топлива,baseline_hgb_v2
2023-12-29 05:00:00,1,Татнефть-АЗС-002,2.0,9,0,1,0,5,4,2.484815470984791,total_fuel_sales,Продажи топлива,baseline_hgb_v2
2023-12-29 05:00:00,2,Татнефть-АЗС-003,3.0,22,0,0,1,5,4,2.6777242921998274,total_fuel_sales,Продажи топлива,baseline_hgb_v2
2023-12-29 05:00:00,3,Татнефть-АЗС-004,4.0,24,0,1,1,5,4,2.9236118138047256,total_fuel_sales,Продажи топлива,baseline_hgb_v2
2023-12-29 05:00:00,4,Татнефть-АЗС-005,2.0,16,0,0,1,5,4,2.90520607084546,total_fuel_sales,Продажи топлива,baseline_hgb_v2
2023-12-29 06:00:00,0,Татнефть-АЗС-001,21.0,108,0,1,0,6,4,22.862567670185992,total_fuel_sales,Продажи топлива,baseline_hgb_v2
2023-12-29 06:00:00,1,Татнефть-АЗС-002,14.0,70,1,1,0,6,4,18.050331863585576,total_fuel_sales,Продажи топлива,baseline_hgb_v2
2023-12-29 06:00:00,2,Татнефть-АЗС-003,17.0,104,0,0,1,6,4,21.788010591768384,total_fuel_sales,Продажи топлива,baseline_hgb_v2
2023-12-29 06:00:00,3,Татнефть-АЗС-004,37.0,179,1,1,1,6,4,40.739835812462324,total_fuel_sales,Продажи топлива,baseline_hgb_v2
2023-12-29 06:00:00,4,Татнефть-АЗС-005,12.0,67,1,0,1,6,4,14.724991616359393,total_fuel_sales,Продажи топлива,baseline_hgb_v2
2023-12-29 07:00:00,0,Татнефть-АЗС-001,208.0,401,1,1,0,7,4,208.45191190094005,total_fuel_sales,Продажи топлива,baseline_hgb_v2
2023-12-29 07:00:00,1,Татнефть-АЗС-002,80.0,159,0,1,0,7,4,81.10720457720791,total_fuel_sales,Продажи топлива,baseline_hgb_v2
2023-12-29 07:00:00,2,Татнефть-АЗС-003,87.0,250,0,0,1,7,4,87.80547065788052,total_fuel_sales,Продажи топлива,baseline_hgb_v2
2023-12-29 07:00:00,3,Татнефть-АЗС-004,256.0,525,0,1,1,7,4,281.8180565381255,total_fuel_sales,Продажи топлива,baseline_hgb_v2
2023-12-29 07:00:00,4,Татнефть-АЗС-005,117.0,310,0,0,1,7,4,152.23837483745072,total_fuel_sales,Продажи топлива,baseline_hgb_v2
2023-12-29 08:00:00,0,Татнефть-АЗС-001,234.0,424,1,1,0,8,4,231.6463817020198,total_fuel_sales,Продажи топлива,baseline_hgb_v2
2023-12-29 08:00:00,1,Татнефть-АЗС-002,95.0,179,1,1,0,8,4,88.97517868528794,total_fuel_sales,Продажи топлива,baseline_hgb_v2
2023-12-29 08:00:00,2,Татнефть-АЗС-003,112.0,282,0,0,1,8,4,104.23490361633225,total_fuel_sales,Продажи топлива,baseline_hgb_v2
2023-12-29 08:00:00,3,Татнефть-АЗС-004,151.0,443,0,1,1,8,4,178.4210826656251,total_fuel_sales,Продажи топлива,baseline_hgb_v2
2023-12-29 08:00:00,4,Татнефть-АЗС-005,70.0,186,0,0,1,8,4,73.37386468781895,total_fuel_sales,Продажи топлива,baseline_hgb_v2
2023-12-29 09:00:00,0,Татнефть-АЗС-001,105.0,294,1,1,0,9,4,120.00126210067226,total_fuel_sales,Продажи топлива,baseline_hgb_v2
2023-12-29 09:00:00,1,Татнефть-АЗС-002,59.0,130,0,1,0,9,4,53.10160478487922,total_fuel_sales,Продажи топлива,baseline_hgb_v2
2023-12-29 09:00:00,2,Татнефть-АЗС-003,136.0,349,0,0,1,9,4,160.0855137743651,total_fuel_sales,Продажи топлива,baseline_hgb_v2
2023-12-29 09:00:00,3,Татнефть-АЗС-004,173.0,431,0,1,1,9,4,171.93057975729442,total_fuel_sales,Продажи топлива,baseline_hgb_v2
2023-12-29 09:00:00,4,Татнефть-АЗС-005,82.0,214,1,0,1,9,4,84.5975845253898,total_fuel_sales,Продажи топлива,baseline_hgb_v2
2023-12-29 10:00:00,0,Татнефть-АЗС-001,33.0,152,0,1,0,10,4,37.99529942439246,total_fuel_sales,Продажи топлива,baseline_hgb_v2
2023-12-29 10:00:00,1,Татнефть-АЗС-002,8.0,46,0,1,0,10,4,10.040513204194673,total_fuel_sales,Продажи топлива,baseline_hgb_v2
2023-12-29 10:00:00,2,Татнефть-АЗС-003,41.0,182,0,0,1,10,4,43.35608607908865,total_fuel_sales,Продажи топлива,baseline_hgb_v2
2023-12-29 10:00:00,3,Татнефть-АЗС-004,32.0,163,0,1,1,10,4,37.274064041767886,total_fuel_sales,Продажи топлива,baseline_hgb_v2
2023-12-29 10:00:00,4,Татнефть-АЗС-005,11.0,67,0,0,1,10,4,14.887090051542037,total_fuel_sales,Продажи топлива,baseline_hgb_v2
2023-12-29 11:00:00,0,Татнефть-АЗС-001,41.0,145,1,1,0,11,4,36.37033702075049,total_fuel_sales,Продажи топлива,baseline_hgb_v2
2023-12-29 11:00:00,1,Татнефть-АЗС-002,19.0,75,0,1,0,11,4,20.223145377551475,total_fuel_sales,Продажи топлива,baseline_hgb_v2
2023-12-29 11:00:00,2,Татнефть-АЗС-003,17.0,102,0,0,1,11,4,21.122995791998648,total_fuel_sales,Продажи топлива,baseline_hgb_v2
2023-12-29 11:00:00,3,Татнефть-АЗС-004,34.0,140,0,1,1,11,4,35.23223959289817,total_fuel_sales,Продажи топлива,baseline_hgb_v2
2023-12-29 11:00:00,4,Татнефть-АЗС-005,8.0,51,0,0,1,11,4,11.373239319977332,total_fuel_sales,Продажи топлива,baseline_hgb_v2
2023-12-29 12:00:00,0,Татнефть-АЗС-001,60.0,154,0,1,0,12,4,69.1757208256473,total_fuel_sales,Продажи топлива,baseline_hgb_v2
2023-12-29 12:00:00,1,Татнефть-АЗС-002,29.0,67,0,1,0,12,4,27.004136234351655,total_fuel_sales,Продажи топлива,baseline_hgb_v2
2023-12-29 12:00:00,2,Татнефть-АЗС-003,29.0,106,0,0,1,12,4,33.23514273831258,total_fuel_sales,Продажи топлива,baseline_hgb_v2
2023-12-29 12:00:00,3,Татнефть-АЗС-004,60.0,148,1,1,1,12,4,62.70397153250853,total_fuel_sales,Продажи топлива,baseline_hgb_v2
2023-12-29 12:00:00,4,Татнефть-АЗС-005,29.0,67,0,0,1,12,4,25.770139024127985,total_fuel_sales,Продажи топлива,baseline_hgb_v2
2023-12-29 13:00:00,0,Татнефть-АЗС-001,39.0,117,0,1,0,13,4,41.208570078688716,total_fuel_sales,Продажи топлива,baseline_hgb_v2
2023-12-29 13:00:00,1,Татнефть-АЗС-002,21.0,51,0,1,0,13,4,16.74237739956548,total_fuel_sales,Продажи топлива,baseline_hgb_v2
2023-12-29 13:00:00,2,Татнефть-АЗС-003,58.0,156,0,0,1,13,4,63.845138290794196,total_fuel_sales,Продажи топлива,baseline_hgb_v2
2023-12-29 13:00:00,3,Татнефть-АЗС-004,33.0,93,0,1,1,13,4,31.58999986102538,total_fuel_sales,Продажи топлива,baseline_hgb_v2
2023-12-29 13:00:00,4,Татнефть-АЗС-005,25.0,66,0,0,1,13,4,25.770139024127985,total_fuel_sales,Продажи топлива,baseline_hgb_v2
2023-12-29 14:00:00,0,Татнефть-АЗС-001,39.0,103,0,1,0,14,4,34.63741825527536,total_fuel_sales,Продажи топлива,baseline_hgb_v2
2023-12-29 14:00:00,1,Татнефть-АЗС-002,19.0,52,0,1,0,14,4,17.526728653000905,total_fuel_sales,Продажи топлива,baseline_hgb_v2
2023-12-29 14:00:00,2,Татнефть-АЗС-003,28.0,93,0,0,1,14,4,29.758374439944372,total_fuel_sales,Продажи топлива,baseline_hgb_v2
2023-12-29 14:00:00,3,Татнефть-АЗС-004,58.0,143,0,1,1,14,4,56.38216241087678,total_fuel_sales,Продажи топлива,baseline_hgb_v2
2023-12-29 14:00:00,4,Татнефть-АЗС-005,33.0,83,1,0,1,14,4,33.99929952200372,total_fuel_sales,Продажи топлива,baseline_hgb_v2
2023-12-29 15:00:00,0,Татнефть-АЗС-001,21.0,98,0,1,0,15,4,19.436315668614714,total_fuel_sales,Продажи топлива,baseline_hgb_v2
2023-12-29 15:00:00,1,Татнефть-АЗС-002,17.0,74,0,1,0,15,4,18.75732733933015,total_fuel_sales,Продажи топлива,baseline_hgb_v2
2023-12-29 15:00:00,2,Татнефть-АЗС-003,23.0,120,0,0,1,15,4,24.359184065975583,total_fuel_sales,Продажи топлива,baseline_hgb_v2
2023-12-29 15:00:00,3,Татнефть-АЗС-004,41.0,150,1,1,1,15,4,36.91414433842487,total_fuel_sales,Продажи топлива,baseline_hgb_v2
2023-12-29 15:00:00,4,Татнефть-АЗС-005,13.0,68,0,0,1,15,4,15.91549494681192,total_fuel_sales,Продажи топлива,baseline_hgb_v2
2023-12-29 16:00:00,0,Татнефть-АЗС-001,34.0,150,1,1,0,16,4,37.182770192632425,total_fuel_sales,Продажи топлива,baseline_hgb_v2
2023-12-29 16:00:00,1,Татнефть-АЗС-002,19.0,82,0,1,0,16,4,21.435983170436156,total_fuel_sales,Продажи топлива,baseline_hgb_v2
2023-12-29 16:00:00,2,Татнефть-АЗС-003,32.0,162,0,0,1,16,4,32.261044356524245,total_fuel_sales,Продажи топлива,baseline_hgb_v2
2023-12-29 16:00:00,3,Татнефть-АЗС-004,18.0,94,0,1,1,16,4,18.377382965874492,total_fuel_sales,Продажи топлива,baseline_hgb_v2
2023-12-29 16:00:00,4,Татнефть-АЗС-005,16.0,72,1,0,1,16,4,18.294260667084643,total_fuel_sales,Продажи топлива,baseline_hgb_v2
2023-12-29 17:00:00,0,Татнефть-АЗС-001,103.0,305,0,1,0,17,4,120.98815897499165,total_fuel_sales,Продажи топлива,baseline_hgb_v2
2023-12-29 17:00:00,1,Татнефть-АЗС-002,172.0,321,0,1,0,17,4,167.2984876997939,total_fuel_sales,Продажи топлива,baseline_hgb_v2
2023-12-29 17:00:00,2,Татнефть-АЗС-003,328.0,707,0,0,1,17,4,329.67730080659516,total_fuel_sales,Продажи топлива,baseline_hgb_v2
2023-12-29 17:00:00,3,Татнефть-АЗС-004,105.0,290,0,1,1,17,4,110.00933642301571,total_fuel_sales,Продажи топлива,baseline_hgb_v2
2023-12-29 17:00:00,4,Татнефть-АЗС-005,91.0,206,0,0,1,17,4,96.42493864109953,total_fuel_sales,Продажи топлива,baseline_hgb_v2
2023-12-29 18:00:00,0,Татнефть-АЗС-001,183.0,410,0,1,0,18,4,210.068164957041,total_fuel_sales,Продажи топлива,baseline_hgb_v2
2023-12-29 18:00:00,1,Татнефть-АЗС-002,78.0,210,0,1,0,18,4,88.76371421374724,total_fuel_sales,Продажи топлива,baseline_hgb_v2
2023-12-29 18:00:00,2,Татнефть-АЗС-003,316.0,641,0,0,1,18,4,308.71269492624305,total_fuel_sales,Продажи топлива,baseline_hgb_v2
2023-12-29 18:00:00,3,Татнефть-АЗС-004,103.0,274,1,1,1,18,4,102.20696812200472,total_fuel_sales,Продажи топлива,baseline_hgb_v2
2023-12-29 18:00:00,4,Татнефть-АЗС-005,105.0,224,1,0,1,18,4,110.82279176114798,total_fuel_sales,Продажи топлива,baseline_hgb_v2
2023-12-29 19:00:00,0,Татнефть-АЗС-001,172.0,399,1,1,0,19,4,207.09741710574522,total_fuel_sales,Продажи топлива,baseline_hgb_v2
2023-12-29 19:00:00,1,Татнефть-АЗС-002,157.0,329,0,1,0,19,4,166.44673711874705,total_fuel_sales,Продажи топлива,baseline_hgb_v2
2023-12-29 19:00:00,2,Татнефть-АЗС-003,262.0,613,0,0,1,19,4,290.26400509440265,total_fuel_sales,Продажи топлива,baseline_hgb_v2
2023-12-29 19:00:00,3,Татнефть-АЗС-004,116.0,265,1,1,1,19,4,95.57955480874946,total_fuel_sales,Продажи топлива,baseline_hgb_v2
2023-12-29 19:00:00,4,Татнефть-АЗС-005,75.0,175,0,0,1,19,4,82.05912150942594,total_fuel_sales,Продажи топлива,baseline_hgb_v2
2023-12-29 20:00:00,0,Татнефть-АЗС-001,33.0,145,1,1,0,20,4,35.385245152723044,total_fuel_sales,Продажи топлива,baseline_hgb_v2
2023-12-29 20:00:00,1,Татнефть-АЗС-002,23.0,103,1,1,0,20,4,28.807326890514794,total_fuel_sales,Продажи топлива,baseline_hgb_v2
2023-12-29 20:00:00,2,Татнефть-АЗС-003,29.0,158,0,0,1,20,4,30.671728758984244,total_fuel_sales,Продажи топлива,baseline_hgb_v2
2023-12-29 20:00:00,3,Татнефть-АЗС-004,43.0,162,1,1,1,20,4,38.19251479644798,total_fuel_sales,Продажи топлива,baseline_hgb_v2
2023-12-29 20:00:00,4,Татнефть-АЗС-005,14.0,73,1,0,1,20,4,18.294260667084643,total_fuel_sales,Продажи топлива,baseline_hgb_v2
2023-12-29 21:00:00,0,Татнефть-АЗС-001,39.0,167,0,1,0,21,4,41.26819580010702,total_fuel_sales,Продажи топлива,baseline_hgb_v2
2023-12-29 21:00:00,1,Татнефть-АЗС-002,9.0,52,1,1,0,21,4,11.433814418052863,total_fuel_sales,Продажи топлива,baseline_hgb_v2
2023-12-29 21:00:00,2,Татнефть-АЗС-003,33.0,159,0,0,1,21,4,35.162908230018516,total_fuel_sales,Продажи топлива,baseline_hgb_v2
2023-12-29 21:00:00,3,Татнефть-АЗС-004,39.0,139,0,1,1,21,4,34.318211203546504,total_fuel_sales,Продажи топлива,baseline_hgb_v2
2023-12-29 21:00:00,4,Татнефть-АЗС-005,16.0,72,1,0,1,21,4,18.294260667084643,total_fuel_sales,Продажи топлива,baseline_hgb_v2
2023-12-29 22:00:00,0,Татнефть-АЗС-001,8.0,34,0,1,0,22,4,8.315329504030649,total_fuel_sales,Продажи топлива,baseline_hgb_v2
2023-12-29 22:00:00,1,Татнефть-АЗС-002,4.0,18,1,1,0,22,4,3.328854752188612,total_fuel_sales,Продажи топлива,baseline_hgb_v2
2023-12-29 22:00:00,2,Татнефть-АЗС-003,8.0,33,0,0,1,22,4,7.338370543931101,total_fuel_sales,Продажи топлива,baseline_hgb_v2
2023-12-29 22:00:00,3,Татнефть-АЗС-004,8.0,33,1,1,1,22,4,7.450645461865035,total_fuel_sales,Продажи топлива,baseline_hgb_v2
2023-12-29 22:00:00,4,Татнефть-АЗС-005,2.0,11,0,0,1,22,4,2.0683402334707095,total_fuel_sales,Продажи топлива,baseline_hgb_v2
2023-12-29 23:00:00,0,Татнефть-АЗС-001,3.0,22,0,1,0,23,4,2.547133435026854,total_fuel_sales,Продажи топлива,baseline_hgb_v2
2023-12-29 23:00:00,1,Татнефть-АЗС-002,2.0,14,0,1,0,23,4,2.855822090949347,total_fuel_sales,Продажи топлива,baseline_hgb_v2
2023-12-29 23:00:00,2,Татнефть-АЗС-003,8.0,33,0,0,1,23,4,7.3998229049717015,total_fuel_sales,Продажи топлива,baseline_hgb_v2
2023-12-29 23:00:00,3,Татнефть-АЗС-004,8.0,31,0,1,1,23,4,7.450645461865035,total_fuel_sales,Продажи топлива,baseline_hgb_v2
2023-12-29 23:00:00,4,Татнефть-АЗС-005,2.0,15,0,0,1,23,4,2.993898347440406,total_fuel_sales,Продажи топлива,baseline_hgb_v2
2023-12-30 00:00:00,0,Татнефть-АЗС-001,3.0,22,1,1,0,0,5,2.46945473874782,total_fuel_sales,Продажи топлива,baseline_hgb_v2
2023-12-30 00:00:00,1,Татнефть-АЗС-002,2.0,11,0,1,0,0,5,3.0769741823124077,total_fuel_sales,Продажи топлива,baseline_hgb_v2
2023-12-30 00:00:00,2,Татнефть-АЗС-003,8.0,33,1,0,1,0,5,7.264684038498302,total_fuel_sales,Продажи топлива,baseline_hgb_v2
2023-12-30 00:00:00,3,Татнефть-АЗС-004,8.0,28,1,1,1,0,5,4.510748874394388,total_fuel_sales,Продажи топлива,baseline_hgb_v2
2023-12-30 00:00:00,4,Татнефть-АЗС-005,2.0,12,0,0,1,0,5,2.522642304558978,total_fuel_sales,Продажи топлива,baseline_hgb_v2
2023-12-30 01:00:00,0,Татнефть-АЗС-001,6.0,25,0,1,0,1,5,3.879704010186912,total_fuel_sales,Продажи топлива,baseline_hgb_v2
2023-12-30 01:00:00,1,Татнефть-АЗС-002,2.0,9,0,1,0,1,5,3.0769741823124077,total_fuel_sales,Продажи топлива,baseline_hgb_v2
2023-12-30 01:00:00,2,Татнефть-АЗС-003,8.0,40,0,0,1,1,5,10.086097793989,total_fuel_sales,Продажи топлива,baseline_hgb_v2
2023-12-30 01:00:00,3,Татнефть-АЗС-004,8.0,33,0,1,1,1,5,7.260229543848453,total_fuel_sales,Продажи топлива,baseline_hgb_v2
2023-12-30 01:00:00,4,Татнефть-АЗС-005,2.0,9,0,0,1,1,5,1.6462853409911455,total_fuel_sales,Продажи топлива,baseline_hgb_v2
2023-12-30 02:00:00,0,Татнефть-АЗС-001,12.0,39,0,1,0,2,5,10.086718505497151,total_fuel_sales,Продажи топлива,baseline_hgb_v2
2023-12-30 02:00:00,1,Татнефть-АЗС-002,2.0,12,0,1,0,2,5,3.0769741823124077,total_fuel_sales,Продажи топлива,baseline_hgb_v2
2023-12-30 02:00:00,2,Татнефть-АЗС-003,3.0,24,1,0,1,2,5,2.736684416085086,total_fuel_sales,Продажи топлива,baseline_hgb_v2
2023-12-30 02:00:00,3,Татнефть-АЗС-004,8.0,36,0,1,1,2,5,8.241958514259842,total_fuel_sales,Продажи топлива,baseline_hgb_v2
2023-12-30 02:00:00,4,Татнефть-АЗС-005,2.0,9,1,0,1,2,5,2.3939544030450004,total_fuel_sales,Продажи топлива,baseline_hgb_v2
2023-12-30 03:00:00,0,Татнефть-АЗС-001,6.0,25,0,1,0,3,5,3.879704010186912,total_fuel_sales,Продажи топлива,baseline_hgb_v2
2023-12-30 03:00:00,1,Татнефть-АЗС-002,0.0,8,0,1,0,3,5,2.0252309040824827,total_fuel_sales,Продажи топлива,baseline_hgb_v2
2023-12-30 03:00:00,2,Татнефть-АЗС-003,8.0,33,0,0,1,3,5,7.251208466145292,total_fuel_sales,Продажи топлива,baseline_hgb_v2
2023-12-30 03:00:00,3,Татнефть-АЗС-004,3.0,21,1,1,1,3,5,2.1004221010203445,total_fuel_sales,Продажи топлива,baseline_hgb_v2
2023-12-30 03:00:00,4,Татнефть-АЗС-005,1.0,8,0,0,1,3,5,1.6638505200958686,total_fuel_sales,Продажи топлива,baseline_hgb_v2
2023-12-30 04:00:00,0,Татнефть-АЗС-001,8.0,31,0,1,0,4,5,6.494076645641287,total_fuel_sales,Продажи топлива,baseline_hgb_v2
2023-12-30 04:00:00,1,Татнефть-АЗС-002,2.0,11,1,1,0,4,5,3.0769741823124077,total_fuel_sales,Продажи топлива,baseline_hgb_v2
2023-12-30 04:00:00,2,Татнефть-АЗС-003,8.0,37,0,0,1,4,5,8.701878581038502,total_fuel_sales,Продажи топлива,baseline_hgb_v2
2023-12-30 04:00:00,3,Татнефть-АЗС-004,8.0,37,0,1,1,4,5,8.835340708124244,total_fuel_sales,Продажи топлива,baseline_hgb_v2
2023-12-30 04:00:00,4,Татнефть-АЗС-005,2.0,10,0,0,1,4,5,1.6462853409911455,total_fuel_sales,Продажи топлива,baseline_hgb_v2
2023-12-30 05:00:00,0,Татнефть-АЗС-001,8.0,30,0,1,0,5,5,6.125573089249117,total_fuel_sales,Продажи топлива,baseline_hgb_v2
2023-12-30 05:00:00,1,Татнефть-АЗС-002,1.0,8,0,1,0,5,5,2.0252309040824827,total_fuel_sales,Продажи топлива,baseline_hgb_v2
2023-12-30 05:00:00,2,Татнефть-АЗС-003,3.0,26,1,0,1,5,5,3.673901026284918,total_fuel_sales,Продажи топлива,baseline_hgb_v2
2023-12-30 05:00:00,3,Татнефть-АЗС-004,4.0,25,1,1,1,5,5,3.5106713724594374,total_fuel_sales,Продажи топлива,baseline_hgb_v2
2023-12-30 05:00:00,4,Татнефть-АЗС-005,0.0,9,0,0,1,5,5,1.517597439477168,total_fuel_sales,Продажи топлива,baseline_hgb_v2
2023-12-30 06:00:00,0,Татнефть-АЗС-001,23.0,110,0,1,0,6,5,22.759467771654865,total_fuel_sales,Продажи топлива,baseline_hgb_v2
2023-12-30 06:00:00,1,Татнефть-АЗС-002,8.0,39,0,1,0,6,5,8.052293107028246,total_fuel_sales,Продажи топлива,baseline_hgb_v2
2023-12-30 06:00:00,2,Татнефть-АЗС-003,19.0,114,0,0,1,6,5,21.6004051256204,total_fuel_sales,Продажи топлива,baseline_hgb_v2
2023-12-30 06:00:00,3,Татнефть-АЗС-004,79.0,288,0,1,1,6,5,74.94584164252667,total_fuel_sales,Продажи топлива,baseline_hgb_v2
2023-12-30 06:00:00,4,Татнефть-АЗС-005,19.0,97,0,0,1,6,5,24.062218277162554,total_fuel_sales,Продажи топлива,baseline_hgb_v2
2023-12-30 07:00:00,0,Татнефть-АЗС-001,106.0,268,0,1,0,7,5,102.58865709623775,total_fuel_sales,Продажи топлива,baseline_hgb_v2
2023-12-30 07:00:00,1,Татнефть-АЗС-002,82.0,176,0,1,0,7,5,82.11187425050161,total_fuel_sales,Продажи топлива,baseline_hgb_v2
2023-12-30 07:00:00,2,Татнефть-АЗС-003,109.0,340,0,0,1,7,5,131.89274366982877,total_fuel_sales,Продажи топлива,baseline_hgb_v2
2023-12-30 07:00:00,3,Татнефть-АЗС-004,208.0,472,0,1,1,7,5,190.69397206454607,total_fuel_sales,Продажи топлива,baseline_hgb_v2
2023-12-30 07:00:00,4,Татнефть-АЗС-005,90.0,228,0,0,1,7,5,100.63541342307015,total_fuel_sales,Продажи топлива,baseline_hgb_v2
2023-12-30 08:00:00,0,Татнефть-АЗС-001,131.0,330,1,1,0,8,5,133.50574521661602,total_fuel_sales,Продажи топлива,baseline_hgb_v2
2023-12-30 08:00:00,1,Татнефть-АЗС-002,27.0,83,1,1,0,8,5,29.788133095955576,total_fuel_sales,Продажи топлива,baseline_hgb_v2
2023-12-30 08:00:00,2,Татнефть-АЗС-003,126.0,329,0,0,1,8,5,118.11669160110364,total_fuel_sales,Продажи топлива,baseline_hgb_v2
2023-12-30 08:00:00,3,Татнефть-АЗС-004,336.0,614,1,1,1,8,5,327.54810895009626,total_fuel_sales,Продажи топлива,baseline_hgb_v2
2023-12-30 08:00:00,4,Татнефть-АЗС-005,43.0,154,1,0,1,8,5,59.506793834342,total_fuel_sales,Продажи топлива,baseline_hgb_v2
2023-12-30 09:00:00,0,Татнефть-АЗС-001,105.0,291,0,1,0,9,5,116.24761535955453,total_fuel_sales,Продажи топлива,baseline_hgb_v2
2023-12-30 09:00:00,1,Татнефть-АЗС-002,64.0,145,0,1,0,9,5,59.49744421645836,total_fuel_sales,Продажи топлива,baseline_hgb_v2
2023-12-30 09:00:00,2,Татнефть-АЗС-003,200.0,489,0,0,1,9,5,249.00061007348486,total_fuel_sales,Продажи топлива,baseline_hgb_v2
2023-12-30 09:00:00,3,Татнефть-АЗС-004,367.0,706,0,1,1,9,5,373.54959463375695,total_fuel_sales,Продажи топлива,baseline_hgb_v2
2023-12-30 09:00:00,4,Татнефть-АЗС-005,110.0,248,0,0,1,9,5,110.03503693105554,total_fuel_sales,Продажи топлива,baseline_hgb_v2
2023-12-30 10:00:00,0,Татнефть-АЗС-001,41.0,176,0,1,0,10,5,45.1625419101657,total_fuel_sales,Продажи топлива,baseline_hgb_v2
2023-12-30 10:00:00,1,Татнефть-АЗС-002,12.0,54,0,1,0,10,5,12.72560476793977,total_fuel_sales,Продажи топлива,baseline_hgb_v2
2023-12-30 10:00:00,2,Татнефть-АЗС-003,21.0,127,0,0,1,10,5,25.809286602718963,total_fuel_sales,Продажи топлива,baseline_hgb_v2
2023-12-30 10:00:00,3,Татнефть-АЗС-004,35.0,199,1,1,1,10,5,47.933463399392544,total_fuel_sales,Продажи топлива,baseline_hgb_v2
2023-12-30 10:00:00,4,Татнефть-АЗС-005,11.0,66,0,0,1,10,5,14.342324981275764,total_fuel_sales,Продажи топлива,baseline_hgb_v2
2023-12-30 11:00:00,0,Татнефть-АЗС-001,27.0,138,0,1,0,11,5,32.154279003412476,total_fuel_sales,Продажи топлива,baseline_hgb_v2
2023-12-30 11:00:00,1,Татнефть-АЗС-002,8.0,42,0,1,0,11,5,9.156531189752306,total_fuel_sales,Продажи топлива,baseline_hgb_v2
2023-12-30 11:00:00,2,Татнефть-АЗС-003,23.0,123,0,0,1,11,5,23.69980770735458,total_fuel_sales,Продажи топлива,baseline_hgb_v2
2023-12-30 11:00:00,3,Татнефть-АЗС-004,23.0,112,0,1,1,11,5,22.2364370856103,total_fuel_sales,Продажи топлива,baseline_hgb_v2
2023-12-30 11:00:00,4,Татнефть-АЗС-005,9.0,56,0,0,1,11,5,11.814480278552098,total_fuel_sales,Продажи топлива,baseline_hgb_v2
2023-12-30 12:00:00,0,Татнефть-АЗС-001,73.0,167,0,1,0,12,5,73.70196909729442,total_fuel_sales,Продажи топлива,baseline_hgb_v2
2023-12-30 12:00:00,1,Татнефть-АЗС-002,21.0,53,0,1,0,12,5,18.03357827237846,total_fuel_sales,Продажи топлива,baseline_hgb_v2
2023-12-30 12:00:00,2,Татнефть-АЗС-003,65.0,192,1,0,1,12,5,78.86849343742155,total_fuel_sales,Продажи топлива,baseline_hgb_v2
2023-12-30 12:00:00,3,Татнефть-АЗС-004,43.0,137,0,1,1,12,5,47.08351914828518,total_fuel_sales,Продажи топлива,baseline_hgb_v2
2023-12-30 12:00:00,4,Татнефть-АЗС-005,21.0,56,0,0,1,12,5,17.00227009959548,total_fuel_sales,Продажи топлива,baseline_hgb_v2
2023-12-30 13:00:00,0,Татнефть-АЗС-001,44.0,117,1,1,0,13,5,40.18306568441192,total_fuel_sales,Продажи топлива,baseline_hgb_v2
2023-12-30 13:00:00,1,Татнефть-АЗС-002,11.0,38,1,1,0,13,5,11.45844934709994,total_fuel_sales,Продажи топлива,baseline_hgb_v2
2023-12-30 13:00:00,2,Татнефть-АЗС-003,30.0,116,0,0,1,13,5,35.68996017935971,total_fuel_sales,Продажи топлива,baseline_hgb_v2
2023-12-30 13:00:00,3,Татнефть-АЗС-004,84.0,190,0,1,1,13,5,85.18165049316033,total_fuel_sales,Продажи топлива,baseline_hgb_v2
2023-12-30 13:00:00,4,Татнефть-АЗС-005,8.0,38,0,0,1,13,5,10.685969746683767,total_fuel_sales,Продажи топлива,baseline_hgb_v2
2023-12-30 14:00:00,0,Татнефть-АЗС-001,41.0,116,1,1,0,14,5,39.590403019307374,total_fuel_sales,Продажи топлива,baseline_hgb_v2
2023-12-30 14:00:00,1,Татнефть-АЗС-002,25.0,59,0,1,0,14,5,21.045172446264008,total_fuel_sales,Продажи топлива,baseline_hgb_v2
2023-12-30 14:00:00,2,Татнефть-АЗС-003,41.0,139,0,0,1,14,5,44.47916979082874,total_fuel_sales,Продажи топлива,baseline_hgb_v2
2023-12-30 14:00:00,3,Татнефть-АЗС-004,47.0,124,1,1,1,14,5,43.8676460309421,total_fuel_sales,Продажи топлива,baseline_hgb_v2
2023-12-30 14:00:00,4,Татнефть-АЗС-005,22.0,57,0,0,1,14,5,19.6806877911143,total_fuel_sales,Продажи топлива,baseline_hgb_v2
2023-12-30 15:00:00,0,Татнефть-АЗС-001,23.0,126,0,1,0,15,5,27.489800801238914,total_fuel_sales,Продажи топлива,baseline_hgb_v2
2023-12-30 15:00:00,1,Татнефть-АЗС-002,7.0,38,1,1,0,15,5,7.075096446886302,total_fuel_sales,Продажи топлива,baseline_hgb_v2
2023-12-30 15:00:00,2,Татнефть-АЗС-003,34.0,149,1,0,1,15,5,32.820598318210216,total_fuel_sales,Продажи топлива,baseline_hgb_v2
2023-12-30 15:00:00,3,Татнефть-АЗС-004,38.0,168,0,1,1,15,5,41.95701195420324,total_fuel_sales,Продажи топлива,baseline_hgb_v2
2023-12-30 15:00:00,4,Татнефть-АЗС-005,7.0,42,0,0,1,15,5,8.824956357096879,total_fuel_sales,Продажи топлива,baseline_hgb_v2
2023-12-30 16:00:00,0,Татнефть-АЗС-001,24.0,117,0,1,0,16,5,24.482488536244517,total_fuel_sales,Продажи топлива,baseline_hgb_v2
2023-12-30 16:00:00,1,Татнефть-АЗС-002,19.0,88,1,1,0,16,5,22.744855112281538,total_fuel_sales,Продажи топлива,baseline_hgb_v2
2023-12-30 16:00:00,2,Татнефть-АЗС-003,47.0,241,0,0,1,16,5,58.25144718307052,total_fuel_sales,Продажи топлива,baseline_hgb_v2
2023-12-30 16:00:00,3,Татнефть-АЗС-004,56.0,211,1,1,1,16,5,56.17658649086499,total_fuel_sales,Продажи топлива,baseline_hgb_v2
2023-12-30 16:00:00,4,Татнефть-АЗС-005,9.0,52,0,0,1,16,5,12.214352382757053,total_fuel_sales,Продажи топлива,baseline_hgb_v2
2023-12-30 17:00:00,0,Татнефть-АЗС-001,281.0,502,1,1,0,17,5,273.12215897623594,total_fuel_sales,Продажи топлива,baseline_hgb_v2
2023-12-30 17:00:00,1,Татнефть-АЗС-002,53.0,171,0,1,0,17,5,65.38688183631508,total_fuel_sales,Продажи топлива,baseline_hgb_v2
2023-12-30 17:00:00,2,Татнефть-АЗС-003,307.0,782,0,0,1,17,5,394.1513412153019,total_fuel_sales,Продажи топлива,baseline_hgb_v2
2023-12-30 17:00:00,3,Татнефть-АЗС-004,169.0,392,1,1,1,17,5,176.3795150259533,total_fuel_sales,Продажи топлива,baseline_hgb_v2
2023-12-30 17:00:00,4,Татнефть-АЗС-005,37.0,103,0,0,1,17,5,35.22526142324559,total_fuel_sales,Продажи топлива,baseline_hgb_v2
2023-12-30 18:00:00,0,Татнефть-АЗС-001,247.0,451,1,1,0,18,5,235.71263162980634,total_fuel_sales,Продажи топлива,baseline_hgb_v2
2023-12-30 18:00:00,1,Татнефть-АЗС-002,87.0,213,0,1,0,18,5,99.79541435011771,total_fuel_sales,Продажи топлива,baseline_hgb_v2
2023-12-30 18:00:00,2,Татнефть-АЗС-003,208.0,522,0,0,1,18,5,207.611991339726,total_fuel_sales,Продажи топлива,baseline_hgb_v2
2023-12-30 18:00:00,3,Татнефть-АЗС-004,230.0,467,0,1,1,18,5,216.09028932818262,total_fuel_sales,Продажи топлива,baseline_hgb_v2
2023-12-30 18:00:00,4,Татнефть-АЗС-005,34.0,102,1,0,1,18,5,34.2415742324811,total_fuel_sales,Продажи топлива,baseline_hgb_v2
2023-12-30 19:00:00,0,Татнефть-АЗС-001,276.0,506,1,1,0,19,5,272.5109006642801,total_fuel_sales,Продажи топлива,baseline_hgb_v2
2023-12-30 19:00:00,1,Татнефть-АЗС-002,65.0,164,0,1,0,19,5,61.249927327105105,total_fuel_sales,Продажи топлива,baseline_hgb_v2
2023-12-30 19:00:00,2,Татнефть-АЗС-003,339.0,796,0,0,1,19,5,426.9654798885026,total_fuel_sales,Продажи топлива,baseline_hgb_v2
2023-12-30 19:00:00,3,Татнефть-АЗС-004,261.0,478,0,1,1,19,5,249.4425696172535,total_fuel_sales,Продажи топлива,baseline_hgb_v2
2023-12-30 19:00:00,4,Татнефть-АЗС-005,43.0,121,0,0,1,19,5,36.68551739033067,total_fuel_sales,Продажи топлива,baseline_hgb_v2
2023-12-30 20:00:00,0,Татнефть-АЗС-001,34.0,145,1,1,0,20,5,35.08950117112505,total_fuel_sales,Продажи топлива,baseline_hgb_v2
2023-12-30 20:00:00,1,Татнефть-АЗС-002,21.0,94,0,1,0,20,5,25.980485193170185,total_fuel_sales,Продажи топлива,baseline_hgb_v2
2023-12-30 20:00:00,2,Татнефть-АЗС-003,49.0,215,0,0,1,20,5,48.436145478026766,total_fuel_sales,Продажи топлива,baseline_hgb_v2
2023-12-30 20:00:00,3,Татнефть-АЗС-004,43.0,178,1,1,1,20,5,43.91726239505218,total_fuel_sales,Продажи топлива,baseline_hgb_v2
2023-12-30 20:00:00,4,Татнефть-АЗС-005,11.0,59,1,0,1,20,5,12.681627888618735,total_fuel_sales,Продажи топлива,baseline_hgb_v2
2023-12-30 21:00:00,0,Татнефть-АЗС-001,29.0,127,1,1,0,21,5,28.30818615197883,total_fuel_sales,Продажи топлива,baseline_hgb_v2
2023-12-30 21:00:00,1,Татнефть-АЗС-002,9.0,53,1,1,0,21,5,12.16802061428999,total_fuel_sales,Продажи топлива,baseline_hgb_v2
2023-12-30 21:00:00,2,Татнефть-АЗС-003,23.0,121,0,0,1,21,5,23.289702535384833,total_fuel_sales,Продажи топлива,baseline_hgb_v2
2023-12-30 21:00:00,3,Татнефть-АЗС-004,21.0,109,0,1,1,21,5,21.579928442525,total_fuel_sales,Продажи топлива,baseline_hgb_v2
2023-12-30 21:00:00,4,Татнефть-АЗС-005,12.0,60,0,0,1,21,5,13.12364682469029,total_fuel_sales,Продажи топлива,baseline_hgb_v2
2023-12-30 22:00:00,0,Татнефть-АЗС-001,12.0,38,0,1,0,22,5,9.461746558468349,total_fuel_sales,Продажи топлива,baseline_hgb_v2
2023-12-30 22:00:00,1,Татнефть-АЗС-002,2.0,13,0,1,0,22,5,2.5154466817149643,total_fuel_sales,Продажи топлива,baseline_hgb_v2
2023-12-30 22:00:00,2,Татнефть-АЗС-003,8.0,40,0,0,1,22,5,9.794924694168639,total_fuel_sales,Продажи топлива,baseline_hgb_v2
2023-12-30 22:00:00,3,Татнефть-АЗС-004,8.0,36,0,1,1,22,5,8.13143031283215,total_fuel_sales,Продажи топлива,baseline_hgb_v2
2023-12-30 22:00:00,4,Татнефть-АЗС-005,2.0,10,0,0,1,22,5,2.645220707886748,total_fuel_sales,Продажи топлива,baseline_hgb_v2
2023-12-30 23:00:00,0,Татнефть-АЗС-001,8.0,33,0,1,0,23,5,6.286539433203761,total_fuel_sales,Продажи топлива,baseline_hgb_v2
2023-12-30 23:00:00,1,Татнефть-АЗС-002,0.0,7,0,1,0,23,5,1.3833710475234613,total_fuel_sales,Продажи топлива,baseline_hgb_v2
2023-12-30 23:00:00,2,Татнефть-АЗС-003,4.0,25,1,0,1,23,5,3.2920879566215944,total_fuel_sales,Продажи топлива,baseline_hgb_v2
2023-12-30 23:00:00,3,Татнефть-АЗС-004,6.0,25,0,1,1,23,5,3.3095032011887797,total_fuel_sales,Продажи топлива,baseline_hgb_v2
2023-12-30 23:00:00,4,Татнефть-АЗС-005,2.0,11,1,0,1,23,5,2.645220707886748,total_fuel_sales,Продажи топлива,baseline_hgb_v2
2023-12-31 00:00:00,0,Татнефть-АЗС-001,3.0,26,1,1,0,0,6,3.879704010186912,total_fuel_sales,Продажи топлива,baseline_hgb_v2
2023-12-31 00:00:00,1,Татнефть-АЗС-002,2.0,10,1,1,0,0,6,3.0769741823124077,total_fuel_sales,Продажи топлива,baseline_hgb_v2
2023-12-31 00:00:00,2,Татнефть-АЗС-003,5.0,30,1,0,1,0,6,5.919770105347122,total_fuel_sales,Продажи топлива,baseline_hgb_v2
2023-12-31 00:00:00,3,Татнефть-АЗС-004,8.0,39,0,1,1,0,6,9.568990745694745,total_fuel_sales,Продажи топлива,baseline_hgb_v2
2023-12-31 00:00:00,4,Татнефть-АЗС-005,2.0,8,0,0,1,0,6,1.778908384926412,total_fuel_sales,Продажи топлива,baseline_hgb_v2
2023-12-31 01:00:00,0,Татнефть-АЗС-001,4.0,30,0,1,0,1,6,6.125573089249117,total_fuel_sales,Продажи топлива,baseline_hgb_v2
2023-12-31 01:00:00,1,Татнефть-АЗС-002,2.0,12,0,1,0,1,6,3.052759555991028,total_fuel_sales,Продажи топлива,baseline_hgb_v2
2023-12-31 01:00:00,2,Татнефть-АЗС-003,8.0,40,0,0,1,1,6,10.086097793989,total_fuel_sales,Продажи топлива,baseline_hgb_v2
2023-12-31 01:00:00,3,Татнефть-АЗС-004,12.0,41,1,1,1,1,6,10.841228199556058,total_fuel_sales,Продажи топлива,baseline_hgb_v2
2023-12-31 01:00:00,4,Татнефть-АЗС-005,0.0,8,0,0,1,1,6,1.6462853409911455,total_fuel_sales,Продажи топлива,baseline_hgb_v2
2023-12-31 02:00:00,0,Татнефть-АЗС-001,8.0,35,0,1,0,2,6,8.449739642928336,total_fuel_sales,Продажи топлива,baseline_hgb_v2
2023-12-31 02:00:00,1,Татнефть-АЗС-002,1.0,8,0,1,0,2,6,2.0252309040824827,total_fuel_sales,Продажи топлива,baseline_hgb_v2
2023-12-31 02:00:00,2,Татнефть-АЗС-003,3.0,24,0,0,1,2,6,2.6079965145711084,total_fuel_sales,Продажи топлива,baseline_hgb_v2
2023-12-31 02:00:00,3,Татнефть-АЗС-004,3.0,27,1,1,1,2,6,4.510748874394388,total_fuel_sales,Продажи топлива,baseline_hgb_v2
2023-12-31 02:00:00,4,Татнефть-АЗС-005,2.0,12,0,0,1,2,6,2.522642304558978,total_fuel_sales,Продажи топлива,baseline_hgb_v2
2023-12-31 03:00:00,0,Татнефть-АЗС-001,8.0,33,0,1,0,3,6,7.715764833234679,total_fuel_sales,Продажи топлива,baseline_hgb_v2
2023-12-31 03:00:00,1,Татнефть-АЗС-002,2.0,8,0,1,0,3,6,2.0252309040824827,total_fuel_sales,Продажи топлива,baseline_hgb_v2
2023-12-31 03:00:00,2,Татнефть-АЗС-003,8.0,40,0,0,1,3,6,10.086097793989,total_fuel_sales,Продажи топлива,baseline_hgb_v2
2023-12-31 03:00:00,3,Татнефть-АЗС-004,3.0,24,0,1,1,3,6,2.573454762259606,total_fuel_sales,Продажи топлива,baseline_hgb_v2
2023-12-31 03:00:00,4,Татнефть-АЗС-005,2.0,11,0,0,1,3,6,2.522642304558978,total_fuel_sales,Продажи топлива,baseline_hgb_v2
2023-12-31 04:00:00,0,Татнефть-АЗС-001,4.0,27,0,1,0,4,6,4.879781512121864,total_fuel_sales,Продажи топлива,baseline_hgb_v2
2023-12-31 04:00:00,1,Татнефть-АЗС-002,2.0,12,0,1,0,4,6,3.0769741823124077,total_fuel_sales,Продажи топлива,baseline_hgb_v2
2023-12-31 04:00:00,2,Татнефть-АЗС-003,3.0,22,0,0,1,4,6,2.2636517548458253,total_fuel_sales,Продажи топлива,baseline_hgb_v2
2023-12-31 04:00:00,3,Татнефть-АЗС-004,3.0,27,0,1,1,4,6,4.510748874394388,total_fuel_sales,Продажи топлива,baseline_hgb_v2
2023-12-31 04:00:00,4,Татнефть-АЗС-005,0.0,7,1,0,1,4,6,1.6462853409911455,total_fuel_sales,Продажи топлива,baseline_hgb_v2
2023-12-31 05:00:00,0,Татнефть-АЗС-001,8.0,29,1,1,0,5,6,5.573736392788817,total_fuel_sales,Продажи топлива,baseline_hgb_v2
2023-12-31 05:00:00,1,Татнефть-АЗС-002,2.0,12,0,1,0,5,6,3.0769741823124077,total_fuel_sales,Продажи топлива,baseline_hgb_v2
2023-12-31 05:00:00,2,Татнефть-АЗС-003,12.0,43,0,0,1,5,6,10.76520447726701,total_fuel_sales,Продажи топлива,baseline_hgb_v2
2023-12-31 05:00:00,3,Татнефть-АЗС-004,4.0,24,1,1,1,5,6,2.573454762259606,total_fuel_sales,Продажи топлива,baseline_hgb_v2
2023-12-31 05:00:00,4,Татнефть-АЗС-005,2.0,12,0,0,1,5,6,2.3939544030450004,total_fuel_sales,Продажи топлива,baseline_hgb_v2
2023-12-31 06:00:00,0,Татнефть-АЗС-001,23.0,129,0,1,0,6,6,28.729980488262168,total_fuel_sales,Продажи топлива,baseline_hgb_v2
2023-12-31 06:00:00,1,Татнефть-АЗС-002,14.0,64,1,1,0,6,6,15.296582825433475,total_fuel_sales,Продажи топлива,baseline_hgb_v2
2023-12-31 06:00:00,2,Татнефть-АЗС-003,21.0,107,1,0,1,6,6,21.386510706351903,total_fuel_sales,Продажи топлива,baseline_hgb_v2
2023-12-31 06:00:00,3,Татнефть-АЗС-004,33.0,164,0,1,1,6,6,37.76960135006058,total_fuel_sales,Продажи топлива,baseline_hgb_v2
2023-12-31 06:00:00,4,Татнефть-АЗС-005,19.0,82,0,0,1,6,6,21.04348176669826,total_fuel_sales,Продажи топлива,baseline_hgb_v2
2023-12-31 07:00:00,0,Татнефть-АЗС-001,109.0,319,0,1,0,7,6,128.39690746404162,total_fuel_sales,Продажи топлива,baseline_hgb_v2
2023-12-31 07:00:00,1,Татнефть-АЗС-002,34.0,111,0,1,0,7,6,36.84417657076377,total_fuel_sales,Продажи топлива,baseline_hgb_v2
2023-12-31 07:00:00,2,Татнефть-АЗС-003,218.0,482,0,0,1,7,6,243.81797343297552,total_fuel_sales,Продажи топлива,baseline_hgb_v2
2023-12-31 07:00:00,3,Татнефть-АЗС-004,225.0,500,0,1,1,7,6,197.5359078952346,total_fuel_sales,Продажи топлива,baseline_hgb_v2
2023-12-31 07:00:00,4,Татнефть-АЗС-005,66.0,191,0,0,1,7,6,81.04508784868935,total_fuel_sales,Продажи топлива,baseline_hgb_v2
2023-12-31 08:00:00,0,Татнефть-АЗС-001,132.0,338,0,1,0,8,6,137.62576444563743,total_fuel_sales,Продажи топлива,baseline_hgb_v2
2023-12-31 08:00:00,1,Татнефть-АЗС-002,62.0,156,0,1,0,8,6,72.27733428846844,total_fuel_sales,Продажи топлива,baseline_hgb_v2
2023-12-31 08:00:00,2,Татнефть-АЗС-003,204.0,449,1,0,1,8,6,222.36157503061983,total_fuel_sales,Продажи топлива,baseline_hgb_v2
2023-12-31 08:00:00,3,Татнефть-АЗС-004,177.0,483,0,1,1,8,6,191.4791146458684,total_fuel_sales,Продажи топлива,baseline_hgb_v2
2023-12-31 08:00:00,4,Татнефть-АЗС-005,48.0,156,0,0,1,8,6,59.87570020804325,total_fuel_sales,Продажи топлива,baseline_hgb_v2
2023-12-31 09:00:00,0,Татнефть-АЗС-001,135.0,326,0,1,0,9,6,133.50574521661602,total_fuel_sales,Продажи топлива,baseline_hgb_v2
2023-12-31 09:00:00,1,Татнефть-АЗС-002,39.0,99,1,1,0,9,6,35.60722309443697,total_fuel_sales,Продажи топлива,baseline_hgb_v2
2023-12-31 09:00:00,2,Татнефть-АЗС-003,111.0,353,0,0,1,9,6,130.5160794197032,total_fuel_sales,Продажи топлива,baseline_hgb_v2
2023-12-31 09:00:00,3,Татнефть-АЗС-004,185.0,448,0,1,1,9,6,175.3691180271778,total_fuel_sales,Продажи топлива,baseline_hgb_v2
2023-12-31 09:00:00,4,Татнефть-АЗС-005,94.0,243,1,0,1,9,6,108.98398164196574,total_fuel_sales,Продажи топлива,baseline_hgb_v2
2023-12-31 10:00:00,0,Татнефть-АЗС-001,21.0,111,0,1,0,10,6,22.696347636189444,total_fuel_sales,Продажи топлива,baseline_hgb_v2
2023-12-31 10:00:00,1,Татнефть-АЗС-002,11.0,49,0,1,0,10,6,12.168127926193788,total_fuel_sales,Продажи топлива,baseline_hgb_v2
2023-12-31 10:00:00,2,Татнефть-АЗС-003,21.0,126,0,0,1,10,6,24.91094327123269,total_fuel_sales,Продажи топлива,baseline_hgb_v2
2023-12-31 10:00:00,3,Татнефть-АЗС-004,39.0,179,1,1,1,10,6,39.95308829725708,total_fuel_sales,Продажи топлива,baseline_hgb_v2
2023-12-31 10:00:00,4,Татнефть-АЗС-005,9.0,58,1,0,1,10,6,11.540093885325726,total_fuel_sales,Продажи топлива,baseline_hgb_v2
2023-12-31 11:00:00,0,Татнефть-АЗС-001,23.0,106,1,1,0,11,6,22.363220853909482,total_fuel_sales,Продажи топлива,baseline_hgb_v2
2023-12-31 11:00:00,1,Татнефть-АЗС-002,7.0,36,1,1,0,11,6,6.599948269711745,total_fuel_sales,Продажи топлива,baseline_hgb_v2
2023-12-31 11:00:00,2,Татнефть-АЗС-003,21.0,122,0,0,1,11,6,23.69980770735458,total_fuel_sales,Продажи топлива,baseline_hgb_v2
2023-12-31 11:00:00,3,Татнефть-АЗС-004,21.0,115,0,1,1,11,6,23.54010758328182,total_fuel_sales,Продажи топлива,baseline_hgb_v2
2023-12-31 11:00:00,4,Татнефть-АЗС-005,8.0,45,1,0,1,11,6,9.057320621785477,total_fuel_sales,Продажи топлива,baseline_hgb_v2
2023-12-31 12:00:00,0,Татнефть-АЗС-001,43.0,127,0,1,0,12,6,46.52874133155357,total_fuel_sales,Продажи топлива,baseline_hgb_v2
2023-12-31 12:00:00,1,Татнефть-АЗС-002,21.0,57,0,1,0,12,6,21.045172446264008,total_fuel_sales,Продажи топлива,baseline_hgb_v2
2023-12-31 12:00:00,2,Татнефть-АЗС-003,58.0,153,1,0,1,12,6,60.391528818923106,total_fuel_sales,Продажи топлива,baseline_hgb_v2
2023-12-31 12:00:00,3,Татнефть-АЗС-004,89.0,188,0,1,1,12,6,83.6915065895407,total_fuel_sales,Продажи топлива,baseline_hgb_v2
2023-12-31 12:00:00,4,Татнефть-АЗС-005,11.0,39,1,0,1,12,6,10.89261864875272,total_fuel_sales,Продажи топлива,baseline_hgb_v2
2023-12-31 13:00:00,0,Татнефть-АЗС-001,39.0,113,0,1,0,13,6,38.01400766499239,total_fuel_sales,Продажи топлива,baseline_hgb_v2
2023-12-31 13:00:00,1,Татнефть-АЗС-002,23.0,58,1,1,0,13,6,21.045172446264008,total_fuel_sales,Продажи топлива,baseline_hgb_v2
2023-12-31 13:00:00,2,Татнефть-АЗС-003,35.0,110,0,0,1,13,6,33.77393718771111,total_fuel_sales,Продажи топлива,baseline_hgb_v2
2023-12-31 13:00:00,3,Татнефть-АЗС-004,84.0,178,0,1,1,13,6,78.2901460067096,total_fuel_sales,Продажи топлива,baseline_hgb_v2
2023-12-31 13:00:00,4,Татнефть-АЗС-005,8.0,36,0,0,1,13,6,9.503393946901639,total_fuel_sales,Продажи топлива,baseline_hgb_v2
2023-12-31 14:00:00,0,Татнефть-АЗС-001,34.0,108,0,1,0,14,6,34.56742329946316,total_fuel_sales,Продажи топлива,baseline_hgb_v2
2023-12-31 14:00:00,1,Татнефть-АЗС-002,12.0,37,1,1,0,14,6,10.997943642696189,total_fuel_sales,Продажи топлива,baseline_hgb_v2
2023-12-31 14:00:00,2,Татнефть-АЗС-003,39.0,142,1,0,1,14,6,44.751635669536356,total_fuel_sales,Продажи топлива,baseline_hgb_v2
2023-12-31 14:00:00,3,Татнефть-АЗС-004,80.0,192,0,1,1,14,6,84.91467807243654,total_fuel_sales,Продажи топлива,baseline_hgb_v2
2023-12-31 14:00:00,4,Татнефть-АЗС-005,12.0,41,1,0,1,14,6,12.188664768456182,total_fuel_sales,Продажи топлива,baseline_hgb_v2
2023-12-31 15:00:00,0,Татнефть-АЗС-001,38.0,175,1,1,0,15,6,44.67195150388496,total_fuel_sales,Продажи топлива,baseline_hgb_v2
2023-12-31 15:00:00,1,Татнефть-АЗС-002,9.0,50,0,1,0,15,6,11.622032722547456,total_fuel_sales,Продажи топлива,baseline_hgb_v2
2023-12-31 15:00:00,2,Татнефть-АЗС-003,43.0,187,1,0,1,15,6,44.34938644572663,total_fuel_sales,Продажи топлива,baseline_hgb_v2
2023-12-31 15:00:00,3,Татнефть-АЗС-004,29.0,141,1,1,1,15,6,31.65812779998396,total_fuel_sales,Продажи топлива,baseline_hgb_v2
2023-12-31 15:00:00,4,Татнефть-АЗС-005,6.0,43,0,0,1,15,6,9.249353804636938,total_fuel_sales,Продажи топлива,baseline_hgb_v2
2023-12-31 16:00:00,0,Татнефть-АЗС-001,49.0,182,0,1,0,16,6,46.24132750301833,total_fuel_sales,Продажи топлива,baseline_hgb_v2
2023-12-31 16:00:00,1,Татнефть-АЗС-002,19.0,80,0,1,0,16,6,21.385678951665646,total_fuel_sales,Продажи топлива,baseline_hgb_v2
2023-12-31 16:00:00,2,Татнефть-АЗС-003,33.0,182,0,0,1,16,6,37.64961114681685,total_fuel_sales,Продажи топлива,baseline_hgb_v2
2023-12-31 16:00:00,3,Татнефть-АЗС-004,39.0,171,0,1,1,16,6,42.627308644136,total_fuel_sales,Продажи топлива,baseline_hgb_v2
2023-12-31 16:00:00,4,Татнефть-АЗС-005,6.0,40,1,0,1,16,6,8.245974843871211,total_fuel_sales,Продажи топлива,baseline_hgb_v2
2023-12-31 17:00:00,0,Татнефть-АЗС-001,206.0,486,0,1,0,17,6,256.6106921039547,total_fuel_sales,Продажи топлива,baseline_hgb_v2
2023-12-31 17:00:00,1,Татнефть-АЗС-002,64.0,171,0,1,0,17,6,65.48133092120113,total_fuel_sales,Продажи топлива,baseline_hgb_v2
2023-12-31 17:00:00,2,Татнефть-АЗС-003,220.0,557,0,0,1,17,6,230.65090484697927,total_fuel_sales,Продажи топлива,baseline_hgb_v2
2023-12-31 17:00:00,3,Татнефть-АЗС-004,144.0,372,0,1,1,17,6,148.57768997681447,total_fuel_sales,Продажи топлива,baseline_hgb_v2
2023-12-31 17:00:00,4,Татнефть-АЗС-005,64.0,165,0,0,1,17,6,68.46497207258473,total_fuel_sales,Продажи топлива,baseline_hgb_v2
2023-12-31 18:00:00,0,Татнефть-АЗС-001,144.0,393,0,1,0,18,6,161.51099993411054,total_fuel_sales,Продажи топлива,baseline_hgb_v2
2023-12-31 18:00:00,1,Татнефть-АЗС-002,56.0,146,0,1,0,18,6,53.366284343996206,total_fuel_sales,Продажи топлива,baseline_hgb_v2
2023-12-31 18:00:00,2,Татнефть-АЗС-003,167.0,544,1,0,1,18,6,213.16669978963782,total_fuel_sales,Продажи топлива,baseline_hgb_v2
2023-12-31 18:00:00,3,Татнефть-АЗС-004,301.0,557,0,1,1,18,6,296.2571010470976,total_fuel_sales,Продажи топлива,baseline_hgb_v2
2023-12-31 18:00:00,4,Татнефть-АЗС-005,73.0,165,0,0,1,18,6,67.85431466504197,total_fuel_sales,Продажи топлива,baseline_hgb_v2
2023-12-31 19:00:00,0,Татнефть-АЗС-001,250.0,569,0,1,0,19,6,302.6572986760031,total_fuel_sales,Продажи топлива,baseline_hgb_v2
2023-12-31 19:00:00,1,Татнефть-АЗС-002,70.0,171,0,1,0,19,6,65.62458041858449,total_fuel_sales,Продажи топлива,baseline_hgb_v2
2023-12-31 19:00:00,2,Татнефть-АЗС-003,187.0,485,1,0,1,19,6,198.24554030262726,total_fuel_sales,Продажи топлива,baseline_hgb_v2
2023-12-31 19:00:00,3,Татнефть-АЗС-004,117.0,305,0,1,1,19,6,111.74516773481217,total_fuel_sales,Продажи топлива,baseline_hgb_v2
2023-12-31 19:00:00,4,Татнефть-АЗС-005,60.0,168,1,0,1,19,6,69.68043950917315,total_fuel_sales,Продажи топлива,baseline_hgb_v2
2023-12-31 20:00:00,0,Татнефть-АЗС-001,43.0,158,1,1,0,20,6,36.36868940345592,total_fuel_sales,Продажи топлива,baseline_hgb_v2
2023-12-31 20:00:00,1,Татнефть-АЗС-002,23.0,99,0,1,0,20,6,27.6928142395805,total_fuel_sales,Продажи топлива,baseline_hgb_v2
2023-12-31 20:00:00,2,Татнефть-АЗС-003,29.0,171,1,0,1,20,6,34.71548956865845,total_fuel_sales,Продажи топлива,baseline_hgb_v2
2023-12-31 20:00:00,3,Татнефть-АЗС-004,41.0,164,0,1,1,20,6,40.53963608160392,total_fuel_sales,Продажи топлива,baseline_hgb_v2
2023-12-31 20:00:00,4,Татнефть-АЗС-005,6.0,39,0,0,1,20,6,7.657598138907399,total_fuel_sales,Продажи топлива,baseline_hgb_v2
2023-12-31 21:00:00,0,Татнефть-АЗС-001,41.0,181,1,1,0,21,6,46.37154705190115,total_fuel_sales,Продажи топлива,baseline_hgb_v2
2023-12-31 21:00:00,1,Татнефть-АЗС-002,12.0,56,1,1,0,21,6,12.16802061428999,total_fuel_sales,Продажи топлива,baseline_hgb_v2
2023-12-31 21:00:00,2,Татнефть-АЗС-003,30.0,165,0,0,1,21,6,32.11836057724095,total_fuel_sales,Продажи топлива,baseline_hgb_v2
2023-12-31 21:00:00,3,Татнефть-АЗС-004,23.0,112,0,1,1,21,6,21.944303999163136,total_fuel_sales,Продажи топлива,baseline_hgb_v2
2023-12-31 21:00:00,4,Татнефть-АЗС-005,7.0,47,0,0,1,21,6,10.653679719089405,total_fuel_sales,Продажи топлива,baseline_hgb_v2
2023-12-31 22:00:00,0,Татнефть-АЗС-001,8.0,34,1,1,0,22,6,8.02218787774687,total_fuel_sales,Продажи топлива,baseline_hgb_v2
2023-12-31 22:00:00,1,Татнефть-АЗС-002,1.0,8,1,1,0,22,6,1.3833710475234613,total_fuel_sales,Продажи топлива,baseline_hgb_v2
2023-12-31 22:00:00,2,Татнефть-АЗС-003,8.0,35,0,0,1,22,6,7.569569126636006,total_fuel_sales,Продажи топлива,baseline_hgb_v2
2023-12-31 22:00:00,3,Татнефть-АЗС-004,4.0,28,0,1,1,22,6,4.309580703123729,total_fuel_sales,Продажи топлива,baseline_hgb_v2
2023-12-31 22:00:00,4,Татнефть-АЗС-005,2.0,13,0,0,1,22,6,2.645220707886748,total_fuel_sales,Продажи топлива,baseline_hgb_v2
2023-12-31 23:00:00,0,Татнефть-АЗС-001,8.0,39,0,1,0,23,6,9.797083362051278,total_fuel_sales,Продажи топлива,baseline_hgb_v2
2023-12-31 23:00:00,1,Татнефть-АЗС-002,1.0,8,1,1,0,23,6,1.3833710475234613,total_fuel_sales,Продажи топлива,baseline_hgb_v2
2023-12-31 23:00:00,2,Татнефть-АЗС-003,8.0,37,0,0,1,23,6,8.410705481218145,total_fuel_sales,Продажи топлива,baseline_hgb_v2
2023-12-31 23:00:00,3,Татнефть-АЗС-004,8.0,32,0,1,1,23,6,7.149701342420758,total_fuel_sales,Продажи топлива,baseline_hgb_v2
2023-12-31 23:00:00,4,Татнефть-АЗС-005,2.0,12,0,0,1,23,6,2.645220707886748,total_fuel_sales,Продажи топлива,baseline_hgb_v2
2023-12-01 00:00:00,0,Татнефть-АЗС-001,0.0,31,0,1,0,0,4,0.8084064919371308,shop_total_revenue,Выручка магазина,baseline_hgb_v2
2023-12-01 00:00:00,1,Татнефть-АЗС-002,0.0,12,0,1,0,0,4,0.32531422274760874,shop_total_revenue,Выручка магазина,baseline_hgb_v2
2023-12-01 00:00:00,2,Татнефть-АЗС-003,0.0,21,0,0,1,0,4,0.14308531484498066,shop_total_revenue,Выручка магазина,baseline_hgb_v2
2023-12-01 00:00:00,3,Татнефть-АЗС-004,0.0,21,0,0,0,0,4,-0.2387597795085063,shop_total_revenue,Выручка магазина,baseline_hgb_v2
2023-12-01 00:00:00,4,Татнефть-АЗС-005,0.0,16,0,0,1,0,4,0.6261775840345026,shop_total_revenue,Выручка магазина,baseline_hgb_v2
2023-12-01 01:00:00,0,Татнефть-АЗС-001,0.0,21,1,1,0,1,4,0.08673581602778985,shop_total_revenue,Выручка магазина,baseline_hgb_v2
2023-12-01 01:00:00,1,Татнефть-АЗС-002,0.0,15,0,1,0,1,4,0.8084064919371308,shop_total_revenue,Выручка магазина,baseline_hgb_v2
2023-12-01 01:00:00,2,Татнефть-АЗС-003,0.0,29,1,0,1,1,4,0.6261775840345026,shop_total_revenue,Выручка магазина,baseline_hgb_v2
2023-12-01 01:00:00,3,Татнефть-АЗС-004,0.0,34,0,0,0,1,4,0.4829108964008346,shop_total_revenue,Выручка магазина,baseline_hgb_v2
2023-12-01 01:00:00,4,Татнефть-АЗС-005,0.0,16,0,0,1,1,4,0.6261775840345026,shop_total_revenue,Выручка магазина,baseline_hgb_v2
2023-12-01 02:00:00,0,Татнефть-АЗС-001,0.0,28,0,1,0,2,4,0.8084064919371308,shop_total_revenue,Выручка магазина,baseline_hgb_v2
2023-12-01 02:00:00,1,Татнефть-АЗС-002,0.0,17,0,1,0,2,4,0.8084064919371308,shop_total_revenue,Выручка магазина,baseline_hgb_v2
2023-12-01 02:00:00,2,Татнефть-АЗС-003,0.0,16,0,0,1,2,4,-0.0954930918748383,shop_total_revenue,Выручка магазина,baseline_hgb_v2
2023-12-01 02:00:00,3,Татнефть-АЗС-004,0.0,22,0,0,0,2,4,0.13827259943960407,shop_total_revenue,Выручка магазина,baseline_hgb_v2
2023-12-01 02:00:00,4,Татнефть-АЗС-005,0.0,16,1,0,1,2,4,0.6261775840345026,shop_total_revenue,Выручка магазина,baseline_hgb_v2
2023-12-01 03:00:00,0,Татнефть-АЗС-001,0.0,33,0,1,0,3,4,0.8084064919371308,shop_total_revenue,Выручка магазина,baseline_hgb_v2
2023-12-01 03:00:00,1,Татнефть-АЗС-002,0.0,12,1,1,0,3,4,0.08673581602778985,shop_total_revenue,Выручка магазина,baseline_hgb_v2
2023-12-01 03:00:00,2,Татнефть-АЗС-003,0.0,21,0,0,1,3,4,-0.0954930918748383,shop_total_revenue,Выручка магазина,baseline_hgb_v2
2023-12-01 03:00:00,3,Татнефть-АЗС-004,0.0,27,1,0,0,3,4,0.4829108964008346,shop_total_revenue,Выручка магазина,baseline_hgb_v2
2023-12-01 03:00:00,4,Татнефть-АЗС-005,0.0,14,1,0,1,3,4,0.6261775840345026,shop_total_revenue,Выручка магазина,baseline_hgb_v2
2023-12-01 04:00:00,0,Татнефть-АЗС-001,0.0,21,0,1,0,4,4,0.08673581602778985,shop_total_revenue,Выручка магазина,baseline_hgb_v2
2023-12-01 04:00:00,1,Татнефть-АЗС-002,0.0,10,0,1,0,4,4,0.08673581602778985,shop_total_revenue,Выручка магазина,baseline_hgb_v2
2023-12-01 04:00:00,2,Татнефть-АЗС-003,0.0,28,0,0,1,4,4,0.6261775840345026,shop_total_revenue,Выручка магазина,baseline_hgb_v2
2023-12-01 04:00:00,3,Татнефть-АЗС-004,0.0,28,1,0,0,4,4,0.4829108964008346,shop_total_revenue,Выручка магазина,baseline_hgb_v2
2023-12-01 04:00:00,4,Татнефть-АЗС-005,0.0,10,0,0,1,4,4,0.364859772137573,shop_total_revenue,Выручка магазина,baseline_hgb_v2
2023-12-01 05:00:00,0,Татнефть-АЗС-001,0.0,24,0,1,0,5,4,0.08673581602778985,shop_total_revenue,Выручка магазина,baseline_hgb_v2
2023-12-01 05:00:00,1,Татнефть-АЗС-002,0.0,14,0,1,0,5,4,0.8084064919371308,shop_total_revenue,Выручка магазина,baseline_hgb_v2
2023-12-01 05:00:00,2,Татнефть-АЗС-003,0.0,20,1,0,1,5,4,-0.0954930918748383,shop_total_revenue,Выручка магазина,baseline_hgb_v2
2023-12-01 05:00:00,3,Татнефть-АЗС-004,0.0,29,0,0,0,5,4,0.4829108964008346,shop_total_revenue,Выручка магазина,baseline_hgb_v2
2023-12-01 05:00:00,4,Татнефть-АЗС-005,0.0,14,0,0,1,5,4,0.6261775840345026,shop_total_revenue,Выручка магазина,baseline_hgb_v2
2023-12-01 06:00:00,0,Татнефть-АЗС-001,0.0,124,1,1,0,6,4,0.8084064919371308,shop_total_revenue,Выручка магазина,baseline_hgb_v2
2023-12-01 06:00:00,1,Татнефть-АЗС-002,0.0,71,0,1,0,6,4,0.8084064919371308,shop_total_revenue,Выручка магазина,baseline_hgb_v2
2023-12-01 06:00:00,2,Татнефть-АЗС-003,0.0,147,0,0,1,6,4,-8.472085297804938,shop_total_revenue,Выручка магазина,baseline_hgb_v2
2023-12-01 06:00:00,3,Татнефть-АЗС-004,0.0,240,0,0,0,6,4,48.71454391772241,shop_total_revenue,Выручка магазина,baseline_hgb_v2
2023-12-01 06:00:00,4,Татнефть-АЗС-005,0.0,71,0,0,1,6,4,-0.0954930918748383,shop_total_revenue,Выручка магазина,baseline_hgb_v2
2023-12-01 07:00:00,0,Татнефть-АЗС-001,312.0,264,1,1,0,7,4,338.5498447869469,shop_total_revenue,Выручка магазина,baseline_hgb_v2
2023-12-01 07:00:00,1,Татнефть-АЗС-002,329.0,179,1,1,0,7,4,263.2562714246638,shop_total_revenue,Выручка магазина,baseline_hgb_v2
2023-12-01 07:00:00,2,Татнефть-АЗС-003,357.0,395,0,0,1,7,4,735.5042893891957,shop_total_revenue,Выручка магазина,baseline_hgb_v2
2023-12-01 07:00:00,3,Татнефть-АЗС-004,998.0,537,0,0,0,7,4,1068.5429966891797,shop_total_revenue,Выручка магазина,baseline_hgb_v2
2023-12-01 07:00:00,4,Татнефть-АЗС-005,0.0,188,0,0,1,7,4,157.80193853773943,shop_total_revenue,Выручка магазина,baseline_hgb_v2
2023-12-01 08:00:00,0,Татнефть-АЗС-001,606.0,365,0,1,0,8,4,656.763684851916,shop_total_revenue,Выручка магазина,baseline_hgb_v2
2023-12-01 08:00:00,1,Татнефть-АЗС-002,0.0,126,0,1,0,8,4,2.8732288189162603,shop_total_revenue,Выручка магазина,baseline_hgb_v2
2023-12-01 08:00:00,2,Татнефть-АЗС-003,750.0,396,0,0,1,8,4,732.2714192462468,shop_total_revenue,Выручка магазина,baseline_hgb_v2
2023-12-01 08:00:00,3,Татнефть-АЗС-004,314.0,370,0,0,0,8,4,507.2001206031575,shop_total_revenue,Выручка магазина,baseline_hgb_v2
2023-12-01 08:00:00,4,Татнефть-АЗС-005,234.0,272,0,0,1,8,4,297.0356544678805,shop_total_revenue,Выручка магазина,baseline_hgb_v2
2023-12-01 09:00:00,0,Татнефть-АЗС-001,329.0,253,0,1,0,9,4,327.980916619488,shop_total_revenue,Выручка магазина,baseline_hgb_v2
2023-12-01 09:00:00,1,Татнефть-АЗС-002,337.0,191,1,1,0,9,4,297.2238742204903,shop_total_revenue,Выручка магазина,baseline_hgb_v2
2023-12-01 09:00:00,2,Татнефть-АЗС-003,729.0,341,1,0,1,9,4,559.6509041756284,shop_total_revenue,Выручка магазина,baseline_hgb_v2
2023-12-01 09:00:00,3,Татнефть-АЗС-004,319.0,393,0,0,0,9,4,563.8461730902872,shop_total_revenue,Выручка магазина,baseline_hgb_v2
2023-12-01 09:00:00,4,Татнефть-АЗС-005,246.0,299,0,0,1,9,4,351.9274325329428,shop_total_revenue,Выручка магазина,baseline_hgb_v2
2023-12-01 10:00:00,0,Татнефть-АЗС-001,0.0,102,0,1,0,10,4,0.08673581602778985,shop_total_revenue,Выручка магазина,baseline_hgb_v2
2023-12-01 10:00:00,1,Татнефть-АЗС-002,0.0,63,1,1,0,10,4,0.8084064919371308,shop_total_revenue,Выручка магазина,baseline_hgb_v2
2023-12-01 10:00:00,2,Татнефть-АЗС-003,0.0,108,1,0,1,10,4,-0.0954930918748383,shop_total_revenue,Выручка магазина,baseline_hgb_v2
2023-12-01 10:00:00,3,Татнефть-АЗС-004,0.0,147,0,0,0,10,4,-2.9641405616912095,shop_total_revenue,Выручка магазина,baseline_hgb_v2
2023-12-01 10:00:00,4,Татнефть-АЗС-005,0.0,68,0,0,1,10,4,-0.0954930918748383,shop_total_revenue,Выручка магазина,baseline_hgb_v2
2023-12-01 11:00:00,0,Татнефть-АЗС-001,0.0,134,1,1,0,11,4,0.32606307522196226,shop_total_revenue,Выручка магазина,baseline_hgb_v2
2023-12-01 11:00:00,1,Татнефть-АЗС-002,0.0,46,0,1,0,11,4,0.4637681949759002,shop_total_revenue,Выручка магазина,baseline_hgb_v2
2023-12-01 11:00:00,2,Татнефть-АЗС-003,0.0,103,1,0,1,11,4,-0.0954930918748383,shop_total_revenue,Выручка магазина,baseline_hgb_v2
2023-12-01 11:00:00,3,Татнефть-АЗС-004,0.0,98,0,0,0,11,4,-0.2387597795085063,shop_total_revenue,Выручка магазина,baseline_hgb_v2
2023-12-01 11:00:00,4,Татнефть-АЗС-005,0.0,44,0,0,1,11,4,-0.0954930918748383,shop_total_revenue,Выручка магазина,baseline_hgb_v2
2023-12-01 12:00:00,0,Татнефть-АЗС-001,0.0,144,0,1,0,12,4,16.72077334297476,shop_total_revenue,Выручка магазина,baseline_hgb_v2
2023-12-01 12:00:00,1,Татнефть-АЗС-002,0.0,44,0,1,0,12,4,0.7308901274903772,shop_total_revenue,Выручка магазина,baseline_hgb_v2
2023-12-01 12:00:00,2,Татнефть-АЗС-003,0.0,136,1,0,1,12,4,0.027246085915777388,shop_total_revenue,Выручка магазина,baseline_hgb_v2
2023-12-01 12:00:00,3,Татнефть-АЗС-004,0.0,102,0,0,0,12,4,-0.0493908863122325,shop_total_revenue,Выручка магазина,baseline_hgb_v2
2023-12-01 12:00:00,4,Татнефть-АЗС-005,0.0,71,0,0,1,12,4,0.8932995165489797,shop_total_revenue,Выручка магазина,baseline_hgb_v2
2023-12-01 13:00:00,0,Татнефть-АЗС-001,0.0,108,0,1,0,13,4,2.328713619839775,shop_total_revenue,Выручка магазина,baseline_hgb_v2
2023-12-01 13:00:00,1,Татнефть-АЗС-002,0.0,75,0,1,0,13,4,1.0755284244516075,shop_total_revenue,Выручка магазина,baseline_hgb_v2
2023-12-01 13:00:00,2,Татнефть-АЗС-003,0.0,108,0,0,1,13,4,0.09387580132143551,shop_total_revenue,Выручка магазина,baseline_hgb_v2
2023-12-01 13:00:00,3,Татнефть-АЗС-004,0.0,145,0,0,0,13,4,19.006218625640994,shop_total_revenue,Выручка магазина,baseline_hgb_v2
2023-12-01 13:00:00,4,Татнефть-АЗС-005,0.0,47,1,0,1,13,4,0.09387580132143551,shop_total_revenue,Выручка магазина,baseline_hgb_v2
2023-12-01 14:00:00,0,Татнефть-АЗС-001,0.0,119,0,1,0,14,4,2.328713619839775,shop_total_revenue,Выручка магазина,baseline_hgb_v2
2023-12-01 14:00:00,1,Татнефть-АЗС-002,0.0,72,1,1,0,14,4,1.0755284244516075,shop_total_revenue,Выручка магазина,baseline_hgb_v2
2023-12-01 14:00:00,2,Татнефть-АЗС-003,0.0,158,0,0,1,14,4,117.83393622829419,shop_total_revenue,Выручка магазина,baseline_hgb_v2
2023-12-01 14:00:00,3,Татнефть-АЗС-004,0.0,139,0,0,0,14,4,5.5525629335648725,shop_total_revenue,Выручка магазина,baseline_hgb_v2
2023-12-01 14:00:00,4,Татнефть-АЗС-005,0.0,76,1,0,1,14,4,0.8932995165489797,shop_total_revenue,Выручка магазина,baseline_hgb_v2
2023-12-01 15:00:00,0,Татнефть-АЗС-001,0.0,149,1,1,0,15,4,-2.1601151740009157,shop_total_revenue,Выручка магазина,baseline_hgb_v2
2023-12-01 15:00:00,1,Татнефть-АЗС-002,0.0,62,0,1,0,15,4,0.7365719514590761,shop_total_revenue,Выручка магазина,baseline_hgb_v2
2023-12-01 15:00:00,2,Татнефть-АЗС-003,0.0,102,1,0,1,15,4,0.21103772761121287,shop_total_revenue,Выручка магазина,baseline_hgb_v2
2023-12-01 15:00:00,3,Татнефть-АЗС-004,0.0,108,0,0,0,15,4,-0.08748688167797325,shop_total_revenue,Выручка магазина,baseline_hgb_v2
2023-12-01 15:00:00,4,Татнефть-АЗС-005,0.0,75,0,0,1,15,4,0.5543430435564479,shop_total_revenue,Выручка магазина,baseline_hgb_v2
2023-12-01 16:00:00,0,Татнефть-АЗС-001,0.0,122,0,1,0,16,4,0.7365719514590761,shop_total_revenue,Выручка магазина,baseline_hgb_v2
2023-12-01 16:00:00,1,Татнефть-АЗС-002,0.0,75,0,1,0,16,4,0.15468822879402203,shop_total_revenue,Выручка магазина,baseline_hgb_v2
2023-12-01 16:00:00,2,Татнефть-АЗС-003,0.0,224,0,0,1,16,4,47.301797870224334,shop_total_revenue,Выручка магазина,baseline_hgb_v2
2023-12-01 16:00:00,3,Татнефть-АЗС-004,0.0,95,1,0,0,16,4,-0.1708073667422741,shop_total_revenue,Выручка магазина,baseline_hgb_v2
2023-12-01 16:00:00,4,Татнефть-АЗС-005,0.0,76,0,0,1,16,4,0.5543430435564479,shop_total_revenue,Выручка магазина,baseline_hgb_v2
2023-12-01 17:00:00,0,Татнефть-АЗС-001,981.0,405,0,1,0,17,4,752.395924819909,shop_total_revenue,Выручка магазина,baseline_hgb_v2
2023-12-01 17:00:00,1,Татнефть-АЗС-002,0.0,183,0,1,0,17,4,117.40097556762927,shop_total_revenue,Выручка магазина,baseline_hgb_v2
2023-12-01 17:00:00,2,Татнефть-АЗС-003,1067.0,692,0,0,1,17,4,1455.7891384529291,shop_total_revenue,Выручка магазина,baseline_hgb_v2
2023-12-01 17:00:00,3,Татнефть-АЗС-004,331.0,352,0,0,0,17,4,542.9427281224334,shop_total_revenue,Выручка магазина,baseline_hgb_v2
2023-12-01 17:00:00,4,Татнефть-АЗС-005,234.0,224,0,0,1,17,4,244.1673092295636,shop_total_revenue,Выручка магазина,baseline_hgb_v2
2023-12-01 18:00:00,0,Татнефть-АЗС-001,906.0,414,1,1,0,18,4,789.1104050543869,shop_total_revenue,Выручка магазина,baseline_hgb_v2
2023-12-01 18:00:00,1,Татнефть-АЗС-002,601.0,326,1,1,0,18,4,616.9852344785221,shop_total_revenue,Выручка магазина,baseline_hgb_v2
2023-12-01 18:00:00,2,Татнефть-АЗС-003,724.0,533,0,0,1,18,4,1112.6562533282524,shop_total_revenue,Выручка магазина,baseline_hgb_v2
2023-12-01 18:00:00,3,Татнефть-АЗС-004,634.0,410,0,0,0,18,4,682.2367820674879,shop_total_revenue,Выручка магазина,baseline_hgb_v2
2023-12-01 18:00:00,4,Татнефть-АЗС-005,239.0,226,0,0,1,18,4,241.32218405153716,shop_total_revenue,Выручка магазина,baseline_hgb_v2
2023-12-01 19:00:00,0,Татнефть-АЗС-001,661.0,410,0,1,0,19,4,751.8132678374421,shop_total_revenue,Выручка магазина,baseline_hgb_v2
2023-12-01 19:00:00,1,Татнефть-АЗС-002,626.0,305,0,1,0,19,4,532.9371320129402,shop_total_revenue,Выручка магазина,baseline_hgb_v2
2023-12-01 19:00:00,2,Татнефть-АЗС-003,1410.0,694,0,0,1,19,4,1430.624614961662,shop_total_revenue,Выручка магазина,baseline_hgb_v2
2023-12-01 19:00:00,3,Татнефть-АЗС-004,686.0,403,0,0,0,19,4,696.2375718330628,shop_total_revenue,Выручка магазина,baseline_hgb_v2
2023-12-01 19:00:00,4,Татнефть-АЗС-005,0.0,130,1,0,1,19,4,9.289374875070717,shop_total_revenue,Выручка магазина,baseline_hgb_v2
2023-12-01 20:00:00,0,Татнефть-АЗС-001,0.0,102,0,1,0,20,4,0.23800871385832292,shop_total_revenue,Выручка магазина,baseline_hgb_v2
2023-12-01 20:00:00,1,Татнефть-АЗС-002,0.0,88,1,1,0,20,4,0.15468822879402203,shop_total_revenue,Выручка магазина,baseline_hgb_v2
2023-12-01 20:00:00,2,Татнефть-АЗС-003,0.0,233,0,0,1,20,4,55.904191882066726,shop_total_revenue,Выручка магазина,baseline_hgb_v2
2023-12-01 20:00:00,3,Татнефть-АЗС-004,0.0,96,0,0,0,20,4,-0.1708073667422741,shop_total_revenue,Выручка магазина,baseline_hgb_v2
2023-12-01 20:00:00,4,Татнефть-АЗС-005,0.0,67,0,0,1,20,4,0.5543430435564479,shop_total_revenue,Выручка магазина,baseline_hgb_v2
2023-12-01 21:00:00,0,Татнефть-АЗС-001,0.0,101,0,1,0,21,4,0.15468822879402203,shop_total_revenue,Выручка магазина,baseline_hgb_v2
2023-12-01 21:00:00,1,Татнефть-АЗС-002,0.0,49,1,1,0,21,4,0.15468822879402203,shop_total_revenue,Выручка магазина,baseline_hgb_v2
2023-12-01 21:00:00,2,Татнефть-АЗС-003,0.0,107,1,0,1,21,4,-0.027540679108606095,shop_total_revenue,Выручка магазина,baseline_hgb_v2
2023-12-01 21:00:00,3,Татнефть-АЗС-004,0.0,104,0,0,0,21,4,0.06643805896154924,shop_total_revenue,Выручка магазина,baseline_hgb_v2
2023-12-01 21:00:00,4,Татнефть-АЗС-005,0.0,48,0,0,1,21,4,-0.027540679108606095,shop_total_revenue,Выручка магазина,baseline_hgb_v2
2023-12-01 22:00:00,0,Татнефть-АЗС-001,0.0,29,0,1,0,22,4,0.7365719514590761,shop_total_revenue,Выручка магазина,baseline_hgb_v2
2023-12-01 22:00:00,1,Татнефть-АЗС-002,0.0,12,1,1,0,22,4,0.7365719514590761,shop_total_revenue,Выручка магазина,baseline_hgb_v2
2023-12-01 22:00:00,2,Татнефть-АЗС-003,0.0,20,0,0,1,22,4,-0.027540679108606095,shop_total_revenue,Выручка магазина,baseline_hgb_v2
2023-12-01 22:00:00,3,Татнефть-АЗС-004,0.0,23,0,0,0,22,4,-0.1708073667422741,shop_total_revenue,Выручка магазина,baseline_hgb_v2
2023-12-01 22:00:00,4,Татнефть-АЗС-005,0.0,11,0,0,1,22,4,-0.027540679108606095,shop_total_revenue,Выручка магазина,baseline_hgb_v2
2023-12-01 23:00:00,0,Татнефть-АЗС-001,0.0,20,0,1,0,23,4,0.15468822879402203,shop_total_revenue,Выручка магазина,baseline_hgb_v2
2023-12-01 23:00:00,1,Татнефть-АЗС-002,0.0,13,1,1,0,23,4,0.15468822879402203,shop_total_revenue,Выручка магазина,baseline_hgb_v2
2023-12-01 23:00:00,2,Татнефть-АЗС-003,0.0,29,0,0,1,23,4,0.5543430435564479,shop_total_revenue,Выручка магазина,baseline_hgb_v2
2023-12-01 23:00:00,3,Татнефть-АЗС-004,0.0,22,0,0,0,23,4,-0.1708073667422741,shop_total_revenue,Выручка магазина,baseline_hgb_v2
2023-12-01 23:00:00,4,Татнефть-АЗС-005,0.0,8,0,0,1,23,4,-0.027540679108606095,shop_total_revenue,Выручка магазина,baseline_hgb_v2
2023-12-02 00:00:00,0,Татнефть-АЗС-001,0.0,26,1,1,0,0,5,-0.22023548127975054,shop_total_revenue,Выручка магазина,baseline_hgb_v2
2023-12-02 00:00:00,1,Татнефть-АЗС-002,0.0,11,1,1,0,0,5,0.5014351946295903,shop_total_revenue,Выручка магазина,baseline_hgb_v2
2023-12-02 00:00:00,2,Татнефть-АЗС-003,0.0,25,0,0,1,0,5,-0.4024643891823787,shop_total_revenue,Выручка магазина,baseline_hgb_v2
2023-12-02 00:00:00,3,Татнефть-АЗС-004,0.0,37,0,0,0,0,5,0.17593959909329415,shop_total_revenue,Выручка магазина,baseline_hgb_v2
2023-12-02 00:00:00,4,Татнефть-АЗС-005,0.0,9,0,0,1,0,5,-0.4024643891823787,shop_total_revenue,Выручка магазина,baseline_hgb_v2
2023-12-02 01:00:00,0,Татнефть-АЗС-001,0.0,33,0,1,0,1,5,0.5014351946295903,shop_total_revenue,Выручка магазина,baseline_hgb_v2
2023-12-02 01:00:00,1,Татнефть-АЗС-002,0.0,13,0,1,0,1,5,2.306789015290752,shop_total_revenue,Выручка магазина,baseline_hgb_v2
2023-12-02 01:00:00,2,Татнефть-АЗС-003,0.0,27,0,0,1,1,5,-0.025432010234268387,shop_total_revenue,Выручка магазина,baseline_hgb_v2
2023-12-02 01:00:00,3,Татнефть-АЗС-004,0.0,33,0,0,0,1,5,-0.3071526700962278,shop_total_revenue,Выручка магазина,baseline_hgb_v2
2023-12-02 01:00:00,4,Татнефть-АЗС-005,0.0,12,1,0,1,1,5,0.31920628672696216,shop_total_revenue,Выручка магазина,baseline_hgb_v2
2023-12-02 02:00:00,0,Татнефть-АЗС-001,0.0,39,0,1,0,2,5,0.5014351946295903,shop_total_revenue,Выручка магазина,baseline_hgb_v2
2023-12-02 02:00:00,1,Татнефть-АЗС-002,0.0,11,0,1,0,2,5,0.5014351946295903,shop_total_revenue,Выручка магазина,baseline_hgb_v2
2023-12-02 02:00:00,2,Татнефть-АЗС-003,0.0,34,1,0,1,2,5,0.31920628672696216,shop_total_revenue,Выручка магазина,baseline_hgb_v2
2023-12-02 02:00:00,3,Татнефть-АЗС-004,0.0,23,0,0,0,2,5,-0.5457310768160467,shop_total_revenue,Выручка магазина,baseline_hgb_v2
2023-12-02 02:00:00,4,Татнефть-АЗС-005,0.0,11,0,0,1,2,5,0.31920628672696216,shop_total_revenue,Выручка магазина,baseline_hgb_v2
2023-12-02 03:00:00,0,Татнефть-АЗС-001,0.0,26,0,1,0,3,5,-0.22023548127975054,shop_total_revenue,Выручка магазина,baseline_hgb_v2
2023-12-02 03:00:00,1,Татнефть-АЗС-002,0.0,12,0,1,0,3,5,0.5014351946295903,shop_total_revenue,Выручка магазина,baseline_hgb_v2
2023-12-02 03:00:00,2,Татнефть-АЗС-003,0.0,27,1,0,1,3,5,-0.3191439041180778,shop_total_revenue,Выручка магазина,baseline_hgb_v2
2023-12-02 03:00:00,3,Татнефть-АЗС-004,0.0,26,1,0,0,3,5,-0.5457310768160467,shop_total_revenue,Выручка магазина,baseline_hgb_v2
2023-12-02 03:00:00,4,Татнефть-АЗС-005,0.0,8,1,0,1,3,5,-0.025432010234268387,shop_total_revenue,Выручка магазина,baseline_hgb_v2
2023-12-02 04:00:00,0,Татнефть-АЗС-001,0.0,36,0,1,0,4,5,0.5014351946295903,shop_total_revenue,Выручка магазина,baseline_hgb_v2
2023-12-02 04:00:00,1,Татнефть-АЗС-002,0.0,9,1,1,0,4,5,-0.22023548127975054,shop_total_revenue,Выручка магазина,baseline_hgb_v2
2023-12-02 04:00:00,2,Татнефть-АЗС-003,0.0,27,1,0,1,4,5,-0.4024643891823787,shop_total_revenue,Выручка магазина,baseline_hgb_v2
2023-12-02 04:00:00,3,Татнефть-АЗС-004,0.0,36,0,0,0,4,5,0.17593959909329415,shop_total_revenue,Выручка магазина,baseline_hgb_v2
2023-12-02 04:00:00,4,Татнефть-АЗС-005,0.0,7,0,0,1,4,5,-0.4024643891823787,shop_total_revenue,Выручка магазина,baseline_hgb_v2
2023-12-02 05:00:00,0,Татнефть-АЗС-001,0.0,24,0,1,0,5,5,-0.22023548127975054,shop_total_revenue,Выручка магазина,baseline_hgb_v2
2023-12-02 05:00:00,1,Татнефть-АЗС-002,0.0,8,0,1,0,5,5,-0.22023548127975054,shop_total_revenue,Выручка магазина,baseline_hgb_v2
2023-12-02 05:00:00,2,Татнефть-АЗС-003,0.0,41,0,0,1,5,5,0.31920628672696216,shop_total_revenue,Выручка магазина,baseline_hgb_v2
2023-12-02 05:00:00,3,Татнефть-АЗС-004,0.0,40,0,0,0,5,5,0.17593959909329415,shop_total_revenue,Выручка магазина,baseline_hgb_v2
2023-12-02 05:00:00,4,Татнефть-АЗС-005,0.0,10,0,0,1,5,5,0.31920628672696216,shop_total_revenue,Выручка магазина,baseline_hgb_v2
2023-12-02 06:00:00,0,Татнефть-АЗС-001,0.0,130,0,1,0,6,5,0.15679689766835977,shop_total_revenue,Выручка магазина,baseline_hgb_v2
2023-12-02 06:00:00,1,Татнефть-АЗС-002,0.0,42,0,1,0,6,5,-0.22023548127975054,shop_total_revenue,Выручка магазина,baseline_hgb_v2
2023-12-02 06:00:00,2,Татнефть-АЗС-003,0.0,169,0,0,1,6,5,-5.552690792424264,shop_total_revenue,Выручка магазина,baseline_hgb_v2
2023-12-02 06:00:00,3,Татнефть-АЗС-004,0.0,264,0,0,0,6,5,144.89004882871922,shop_total_revenue,Выручка магазина,baseline_hgb_v2
2023-12-02 06:00:00,4,Татнефть-АЗС-005,0.0,63,0,0,1,6,5,-0.4024643891823787,shop_total_revenue,Выручка магазина,baseline_hgb_v2
2023-12-02 07:00:00,0,Татнефть-АЗС-001,313.0,300,0,1,0,7,5,373.0423894196563,shop_total_revenue,Выручка магазина,baseline_hgb_v2
2023-12-02 07:00:00,1,Татнефть-АЗС-002,0.0,100,0,1,0,7,5,0.03912582901565712,shop_total_revenue,Выручка магазина,baseline_hgb_v2
2023-12-02 07:00:00,2,Татнефть-АЗС-003,1057.0,506,1,0,1,7,5,1088.964348808827,shop_total_revenue,Выручка магазина,baseline_hgb_v2
2023-12-02 07:00:00,3,Татнефть-АЗС-004,664.0,437,0,0,0,7,5,633.1567639905735,shop_total_revenue,Выручка магазина,baseline_hgb_v2
2023-12-02 07:00:00,4,Татнефть-АЗС-005,249.0,216,0,0,1,7,5,229.42733821432572,shop_total_revenue,Выручка магазина,baseline_hgb_v2
2023-12-02 08:00:00,0,Татнефть-АЗС-001,589.0,469,1,1,0,8,5,994.4209716756777,shop_total_revenue,Выручка магазина,baseline_hgb_v2
2023-12-02 08:00:00,1,Татнефть-АЗС-002,0.0,125,0,1,0,8,5,25.91547572160849,shop_total_revenue,Выручка магазина,baseline_hgb_v2
2023-12-02 08:00:00,2,Татнефть-АЗС-003,710.0,384,0,0,1,8,5,686.9346289153475,shop_total_revenue,Выручка магазина,baseline_hgb_v2
2023-12-02 08:00:00,3,Татнефть-АЗС-004,658.0,469,0,0,0,8,5,718.474167674334,shop_total_revenue,Выручка магазина,baseline_hgb_v2
2023-12-02 08:00:00,4,Татнефть-АЗС-005,240.0,224,0,0,1,8,5,233.40372302239288,shop_total_revenue,Выручка магазина,baseline_hgb_v2
2023-12-02 09:00:00,0,Татнефть-АЗС-001,1248.0,537,1,1,0,9,5,1140.0032602606439,shop_total_revenue,Выручка магазина,baseline_hgb_v2
2023-12-02 09:00:00,1,Татнефть-АЗС-002,0.0,97,1,1,0,9,5,-0.7523785330167041,shop_total_revenue,Выручка магазина,baseline_hgb_v2
2023-12-02 09:00:00,2,Татнефть-АЗС-003,378.0,317,0,0,1,9,5,364.24814242232856,shop_total_revenue,Выручка магазина,baseline_hgb_v2
2023-12-02 09:00:00,3,Татнефть-АЗС-004,1942.0,763,1,0,0,9,5,1589.4223988893982,shop_total_revenue,Выручка магазина,baseline_hgb_v2
2023-12-02 09:00:00,4,Татнефть-АЗС-005,235.0,228,0,0,1,9,5,234.86236449059518,shop_total_revenue,Выручка магазина,baseline_hgb_v2
2023-12-02 10:00:00,0,Татнефть-АЗС-001,0.0,111,0,1,0,10,5,-0.22023548127975054,shop_total_revenue,Выручка магазина,baseline_hgb_v2
2023-12-02 10:00:00,1,Татнефть-АЗС-002,0.0,46,1,1,0,10,5,-0.22023548127975054,shop_total_revenue,Выручка магазина,baseline_hgb_v2
2023-12-02 10:00:00,2,Татнефть-АЗС-003,0.0,168,0,0,1,10,5,7.655328107898943,shop_total_revenue,Выручка магазина,baseline_hgb_v2
2023-12-02 10:00:00,3,Татнефть-АЗС-004,0.0,199,0,0,0,10,5,6.147879330172138,shop_total_revenue,Выручка магазина,baseline_hgb_v2
2023-12-02 10:00:00,4,Татнефть-АЗС-005,0.0,55,0,0,1,10,5,-0.025432010234268387,shop_total_revenue,Выручка магазина,baseline_hgb_v2
2023-12-02 11:00:00,0,Татнефть-АЗС-001,0.0,126,0,1,0,11,5,-0.22023548127975054,shop_total_revenue,Выручка магазина,baseline_hgb_v2
2023-12-02 11:00:00,1,Татнефть-АЗС-002,0.0,44,0,1,0,11,5,-0.22023548127975054,shop_total_revenue,Выручка магазина,baseline_hgb_v2
2023-12-02 11:00:00,2,Татнефть-АЗС-003,0.0,129,0,0,1,11,5,-0.025432010234268387,shop_total_revenue,Выручка магазина,baseline_hgb_v2
2023-12-02 11:00:00,3,Татнефть-АЗС-004,0.0,174,0,0,0,11,5,-1.8816820984026361,shop_total_revenue,Выручка магазина,baseline_hgb_v2
2023-12-02 11:00:00,4,Татнефть-АЗС-005,0.0,64,1,0,1,11,5,0.31920628672696216,shop_total_revenue,Выручка магазина,baseline_hgb_v2
2023-12-02 12:00:00,0,Татнефть-АЗС-001,321.0,180,1,1,0,12,5,224.19326054742172,shop_total_revenue,Выручка магазина,baseline_hgb_v2
2023-12-02 12:00:00,1,Татнефть-АЗС-002,0.0,54,0,1,0,12,5,0.7685571271440673,shop_total_revenue,Выручка магазина,baseline_hgb_v2
2023-12-02 12:00:00,2,Татнефть-АЗС-003,0.0,107,1,0,1,12,5,1.6755788097393578,shop_total_revenue,Выручка магазина,baseline_hgb_v2
2023-12-02 12:00:00,3,Татнефть-АЗС-004,0.0,188,0,0,0,12,5,271.8024103849672,shop_total_revenue,Выручка магазина,baseline_hgb_v2
2023-12-02 12:00:00,4,Татнефть-АЗС-005,0.0,67,0,0,1,12,5,0.5863282192414392,shop_total_revenue,Выручка магазина,baseline_hgb_v2
2023-12-02 13:00:00,0,Татнефть-АЗС-001,0.0,125,1,1,0,13,5,2.0217423225322344,shop_total_revenue,Выручка магазина,baseline_hgb_v2
2023-12-02 13:00:00,1,Татнефть-АЗС-002,0.0,53,0,1,0,13,5,0.7685571271440673,shop_total_revenue,Выручка магазина,baseline_hgb_v2
2023-12-02 13:00:00,2,Татнефть-АЗС-003,0.0,171,1,0,1,13,5,219.79022326629612,shop_total_revenue,Выручка магазина,baseline_hgb_v2
2023-12-02 13:00:00,3,Татнефть-АЗС-004,0.0,114,1,0,0,13,5,-0.117783776899954,shop_total_revenue,Выручка магазина,baseline_hgb_v2
2023-12-02 13:00:00,4,Татнефть-АЗС-005,0.0,63,0,0,1,13,5,0.5863282192414392,shop_total_revenue,Выручка магазина,baseline_hgb_v2
2023-12-02 14:00:00,0,Татнефть-АЗС-001,0.0,125,0,1,0,14,5,3.827096143193396,shop_total_revenue,Выручка магазина,baseline_hgb_v2
2023-12-02 14:00:00,1,Татнефть-АЗС-002,0.0,41,1,1,0,14,5,-0.030866588083476747,shop_total_revenue,Выручка магазина,baseline_hgb_v2
2023-12-02 14:00:00,2,Татнефть-АЗС-003,352.0,198,0,0,1,14,5,277.6971507107275,shop_total_revenue,Выручка магазина,baseline_hgb_v2
2023-12-02 14:00:00,3,Татнефть-АЗС-004,0.0,133,0,0,0,14,5,-2.3561731494281557,shop_total_revenue,Выручка магазина,baseline_hgb_v2
2023-12-02 14:00:00,4,Татнефть-АЗС-005,0.0,61,1,0,1,14,5,0.5863282192414392,shop_total_revenue,Выручка магазина,baseline_hgb_v2
2023-12-02 15:00:00,0,Татнефть-АЗС-001,0.0,147,0,1,0,15,5,-7.000494510721885,shop_total_revenue,Выручка магазина,baseline_hgb_v2
2023-12-02 15:00:00,1,Татнефть-АЗС-002,0.0,38,0,1,0,15,5,-0.15228306851351836,shop_total_revenue,Выручка магазина,baseline_hgb_v2
2023-12-02 15:00:00,2,Татнефть-АЗС-003,0.0,102,1,0,1,15,5,-0.2511914913518456,shop_total_revenue,Выручка магазина,baseline_hgb_v2
2023-12-02 15:00:00,3,Татнефть-АЗС-004,0.0,173,0,0,0,15,5,-1.851891890390773,shop_total_revenue,Выручка магазина,baseline_hgb_v2
2023-12-02 15:00:00,4,Татнефть-АЗС-005,0.0,41,0,0,1,15,5,-0.3345119764161465,shop_total_revenue,Выручка магазина,baseline_hgb_v2
2023-12-02 16:00:00,0,Татнефть-АЗС-001,0.0,177,0,1,0,16,5,3.4190424157663832,shop_total_revenue,Выручка магазина,baseline_hgb_v2
2023-12-02 16:00:00,1,Татнефть-АЗС-002,0.0,71,0,1,0,16,5,0.4296006541515356,shop_total_revenue,Выручка магазина,baseline_hgb_v2
2023-12-02 16:00:00,2,Татнефть-АЗС-003,0.0,183,0,0,1,16,5,4.724099575138148,shop_total_revenue,Выручка магазина,baseline_hgb_v2
2023-12-02 16:00:00,3,Татнефть-АЗС-004,0.0,111,1,0,0,16,5,-0.4777786640498145,shop_total_revenue,Выручка магазина,baseline_hgb_v2
2023-12-02 16:00:00,4,Татнефть-АЗС-005,0.0,41,0,0,1,16,5,-0.3345119764161465,shop_total_revenue,Выручка магазина,baseline_hgb_v2
2023-12-02 17:00:00,0,Татнефть-АЗС-001,975.0,474,0,1,0,17,5,1027.6127285132459,shop_total_revenue,Выручка магазина,baseline_hgb_v2
2023-12-02 17:00:00,1,Татнефть-АЗС-002,317.0,234,0,1,0,17,5,333.184285295921,shop_total_revenue,Выручка магазина,baseline_hgb_v2
2023-12-02 17:00:00,2,Татнефть-АЗС-003,1418.0,745,1,0,1,17,5,1529.4945568722692,shop_total_revenue,Выручка магазина,baseline_hgb_v2
2023-12-02 17:00:00,3,Татнефть-АЗС-004,337.0,363,0,0,0,17,5,481.68040306645656,shop_total_revenue,Выручка магазина,baseline_hgb_v2
2023-12-02 17:00:00,4,Татнефть-АЗС-005,0.0,174,0,0,1,17,5,110.44027591691004,shop_total_revenue,Выручка магазина,baseline_hgb_v2
2023-12-02 18:00:00,0,Татнефть-АЗС-001,930.0,561,1,1,0,18,5,1199.6655627899975,shop_total_revenue,Выручка магазина,baseline_hgb_v2
2023-12-02 18:00:00,1,Татнефть-АЗС-002,310.0,237,1,1,0,18,5,341.0945326172306,shop_total_revenue,Выручка магазина,baseline_hgb_v2
2023-12-02 18:00:00,2,Татнефть-АЗС-003,2145.0,881,0,0,1,18,5,2065.343870462511,shop_total_revenue,Выручка магазина,baseline_hgb_v2
2023-12-02 18:00:00,3,Татнефть-АЗС-004,1007.0,479,0,0,0,18,5,925.607650446506,shop_total_revenue,Выручка магазина,baseline_hgb_v2
2023-12-02 18:00:00,4,Татнефть-АЗС-005,244.0,160,0,0,1,18,5,53.86005451175393,shop_total_revenue,Выручка магазина,baseline_hgb_v2
2023-12-02 19:00:00,0,Татнефть-АЗС-001,631.0,438,0,1,0,19,5,894.9336259063396,shop_total_revenue,Выручка магазина,baseline_hgb_v2
2023-12-02 19:00:00,1,Татнефть-АЗС-002,325.0,245,0,1,0,19,5,359.93011313595906,shop_total_revenue,Выручка магазина,baseline_hgb_v2
2023-12-02 19:00:00,2,Татнефть-АЗС-003,692.0,456,0,0,1,19,5,798.029128293739,shop_total_revenue,Выручка магазина,baseline_hgb_v2
2023-12-02 19:00:00,3,Татнефть-АЗС-004,965.0,460,1,0,0,19,5,845.6392748949993,shop_total_revenue,Выручка магазина,baseline_hgb_v2
2023-12-02 19:00:00,4,Татнефть-АЗС-005,0.0,162,0,0,1,19,5,89.36570343968059,shop_total_revenue,Выручка магазина,baseline_hgb_v2
2023-12-02 20:00:00,0,Татнефть-АЗС-001,0.0,161,0,1,0,20,5,0.13265305789224766,shop_total_revenue,Выручка магазина,baseline_hgb_v2
2023-12-02 20:00:00,1,Татнефть-АЗС-002,0.0,79,0,1,0,20,5,0.4296006541515356,shop_total_revenue,Выручка магазина,baseline_hgb_v2
2023-12-02 20:00:00,2,Татнефть-АЗС-003,0.0,274,0,0,1,20,5,170.57224770589127,shop_total_revenue,Выручка магазина,baseline_hgb_v2
2023-12-02 20:00:00,3,Татнефть-АЗС-004,0.0,179,1,0,0,20,5,-5.097827133245487,shop_total_revenue,Выручка магазина,baseline_hgb_v2
2023-12-02 20:00:00,4,Татнефть-АЗС-005,0.0,55,0,0,1,20,5,0.24737174624890745,shop_total_revenue,Выручка магазина,baseline_hgb_v2
2023-12-02 21:00:00,0,Татнефть-АЗС-001,0.0,158,1,1,0,21,5,1.1022392907724767,shop_total_revenue,Выручка магазина,baseline_hgb_v2
2023-12-02 21:00:00,1,Татнефть-АЗС-002,0.0,50,0,1,0,21,5,0.4296006541515356,shop_total_revenue,Выручка магазина,baseline_hgb_v2
2023-12-02 21:00:00,2,Татнефть-АЗС-003,0.0,124,0,0,1,21,5,-0.3345119764161465,shop_total_revenue,Выручка магазина,baseline_hgb_v2
2023-12-02 21:00:00,3,Татнефть-АЗС-004,0.0,160,0,0,0,21,5,2.787438785884666,shop_total_revenue,Выручка магазина,baseline_hgb_v2
2023-12-02 21:00:00,4,Татнефть-АЗС-005,0.0,61,1,0,1,21,5,0.24737174624890745,shop_total_revenue,Выручка магазина,baseline_hgb_v2
2023-12-02 22:00:00,0,Татнефть-АЗС-001,0.0,29,1,1,0,22,5,-0.15228306851351836,shop_total_revenue,Выручка магазина,baseline_hgb_v2
2023-12-02 22:00:00,1,Татнефть-АЗС-002,0.0,7,1,1,0,22,5,-0.15228306851351836,shop_total_revenue,Выручка магазина,baseline_hgb_v2
2023-12-02 22:00:00,2,Татнефть-АЗС-003,0.0,33,1,0,1,22,5,0.24737174624890745,shop_total_revenue,Выручка магазина,baseline_hgb_v2
2023-12-02 22:00:00,3,Татнефть-АЗС-004,0.0,35,0,0,0,22,5,0.10410505861523943,shop_total_revenue,Выручка магазина,baseline_hgb_v2
2023-12-02 22:00:00,4,Татнефть-АЗС-005,0.0,8,0,0,1,22,5,-0.3345119764161465,shop_total_revenue,Выручка магазина,baseline_hgb_v2
2023-12-02 23:00:00,0,Татнефть-АЗС-001,0.0,28,0,1,0,23,5,-0.15228306851351836,shop_total_revenue,Выручка магазина,baseline_hgb_v2
2023-12-02 23:00:00,1,Татнефть-АЗС-002,0.0,8,0,1,0,23,5,-0.15228306851351836,shop_total_revenue,Выручка магазина,baseline_hgb_v2
2023-12-02 23:00:00,2,Татнефть-АЗС-003,0.0,28,0,0,1,23,5,-0.3345119764161465,shop_total_revenue,Выручка магазина,baseline_hgb_v2
2023-12-02 23:00:00,3,Татнефть-АЗС-004,0.0,35,0,0,0,23,5,0.10410505861523943,shop_total_revenue,Выручка магазина,baseline_hgb_v2
2023-12-02 23:00:00,4,Татнефть-АЗС-005,0.0,11,0,0,1,23,5,-0.3345119764161465,shop_total_revenue,Выручка магазина,baseline_hgb_v2
2023-12-03 00:00:00,0,Татнефть-АЗС-001,0.0,27,1,1,0,0,6,-0.22023548127975054,shop_total_revenue,Выручка магазина,baseline_hgb_v2
2023-12-03 00:00:00,1,Татнефть-АЗС-002,0.0,12,0,1,0,0,6,0.5014351946295903,shop_total_revenue,Выручка магазина,baseline_hgb_v2
2023-12-03 00:00:00,2,Татнефть-АЗС-003,0.0,28,1,0,1,0,6,-0.4024643891823787,shop_total_revenue,Выручка магазина,baseline_hgb_v2
2023-12-03 00:00:00,3,Татнефть-АЗС-004,0.0,42,0,0,0,0,6,0.17593959909329415,shop_total_revenue,Выручка магазина,baseline_hgb_v2
2023-12-03 00:00:00,4,Татнефть-АЗС-005,0.0,12,0,0,1,0,6,0.31920628672696216,shop_total_revenue,Выручка магазина,baseline_hgb_v2
2023-12-03 01:00:00,0,Татнефть-АЗС-001,0.0,36,1,1,0,1,6,0.01834292544006836,shop_total_revenue,Выручка магазина,baseline_hgb_v2
2023-12-03 01:00:00,1,Татнефть-АЗС-002,0.0,7,0,1,0,1,6,0.24011738273266073,shop_total_revenue,Выручка магазина,baseline_hgb_v2
2023-12-03 01:00:00,2,Татнефть-АЗС-003,0.0,34,0,0,1,1,6,0.31920628672696216,shop_total_revenue,Выручка магазина,baseline_hgb_v2
2023-12-03 01:00:00,3,Татнефть-АЗС-004,0.0,41,0,0,0,1,6,0.17593959909329415,shop_total_revenue,Выручка магазина,baseline_hgb_v2
2023-12-03 01:00:00,4,Татнефть-АЗС-005,0.0,9,0,0,1,1,6,0.05788847483003255,shop_total_revenue,Выручка магазина,baseline_hgb_v2
2023-12-03 02:00:00,0,Татнефть-АЗС-001,0.0,30,0,1,0,2,6,-0.13691499621544967,shop_total_revenue,Выручка магазина,baseline_hgb_v2
2023-12-03 02:00:00,1,Татнефть-АЗС-002,0.0,7,0,1,0,2,6,-0.22023548127975054,shop_total_revenue,Выручка магазина,baseline_hgb_v2
2023-12-03 02:00:00,2,Татнефть-АЗС-003,0.0,27,0,0,1,2,6,-0.1638859824625598,shop_total_revenue,Выручка магазина,baseline_hgb_v2
2023-12-03 02:00:00,3,Татнефть-АЗС-004,0.0,39,0,0,0,2,6,0.17593959909329415,shop_total_revenue,Выручка магазина,baseline_hgb_v2
2023-12-03 02:00:00,4,Татнефть-АЗС-005,0.0,14,1,0,1,2,6,0.31920628672696216,shop_total_revenue,Выручка магазина,baseline_hgb_v2
2023-12-03 03:00:00,0,Татнефть-АЗС-001,0.0,42,0,1,0,3,6,0.5014351946295903,shop_total_revenue,Выручка магазина,baseline_hgb_v2
2023-12-03 03:00:00,1,Татнефть-АЗС-002,0.0,11,0,1,0,3,6,0.5014351946295903,shop_total_revenue,Выручка магазина,baseline_hgb_v2
2023-12-03 03:00:00,2,Татнефть-АЗС-003,0.0,27,0,0,1,3,6,-0.4024643891823787,shop_total_revenue,Выручка магазина,baseline_hgb_v2
2023-12-03 03:00:00,3,Татнефть-АЗС-004,0.0,38,0,0,0,3,6,0.17593959909329415,shop_total_revenue,Выручка магазина,baseline_hgb_v2
2023-12-03 03:00:00,4,Татнефть-АЗС-005,0.0,11,0,0,1,3,6,0.31920628672696216,shop_total_revenue,Выручка магазина,baseline_hgb_v2
2023-12-03 04:00:00,0,Татнефть-АЗС-001,0.0,24,0,1,0,4,6,0.24011738273266073,shop_total_revenue,Выручка магазина,baseline_hgb_v2
2023-12-03 04:00:00,1,Татнефть-АЗС-002,0.0,8,0,1,0,4,6,-0.22023548127975054,shop_total_revenue,Выручка магазина,baseline_hgb_v2
2023-12-03 04:00:00,2,Татнефть-АЗС-003,0.0,36,0,0,1,4,6,0.31920628672696216,shop_total_revenue,Выручка магазина,baseline_hgb_v2
2023-12-03 04:00:00,3,Татнефть-АЗС-004,0.0,31,0,0,0,4,6,0.17593959909329415,shop_total_revenue,Выручка магазина,baseline_hgb_v2
2023-12-03 04:00:00,4,Татнефть-АЗС-005,0.0,12,0,0,1,4,6,0.31920628672696216,shop_total_revenue,Выручка магазина,baseline_hgb_v2
2023-12-03 05:00:00,0,Татнефть-АЗС-001,0.0,41,1,1,0,5,6,0.5014351946295903,shop_total_revenue,Выручка магазина,baseline_hgb_v2
2023-12-03 05:00:00,1,Татнефть-АЗС-002,0.0,13,0,1,0,5,6,0.5014351946295903,shop_total_revenue,Выручка магазина,baseline_hgb_v2
2023-12-03 05:00:00,2,Татнефть-АЗС-003,0.0,38,1,0,1,5,6,0.31920628672696216,shop_total_revenue,Выручка магазина,baseline_hgb_v2
2023-12-03 05:00:00,3,Татнефть-АЗС-004,0.0,32,0,0,0,5,6,0.17593959909329415,shop_total_revenue,Выручка магазина,baseline_hgb_v2
2023-12-03 05:00:00,4,Татнефть-АЗС-005,0.0,12,0,0,1,5,6,0.31920628672696216,shop_total_revenue,Выручка магазина,baseline_hgb_v2
2023-12-03 06:00:00,0,Татнефть-АЗС-001,0.0,192,0,1,0,6,6,6.7882150835544675,shop_total_revenue,Выручка магазина,baseline_hgb_v2
2023-12-03 06:00:00,1,Татнефть-АЗС-002,0.0,54,0,1,0,6,6,0.5014351946295903,shop_total_revenue,Выручка магазина,baseline_hgb_v2
2023-12-03 06:00:00,2,Татнефть-АЗС-003,0.0,112,0,0,1,6,6,-0.4024643891823787,shop_total_revenue,Выручка магазина,baseline_hgb_v2
2023-12-03 06:00:00,3,Татнефть-АЗС-004,332.0,287,0,0,0,6,6,197.056074375363,shop_total_revenue,Выручка магазина,baseline_hgb_v2
2023-12-03 06:00:00,4,Татнефть-АЗС-005,0.0,89,0,0,1,6,6,0.31920628672696216,shop_total_revenue,Выручка магазина,baseline_hgb_v2
2023-12-03 07:00:00,0,Татнефть-АЗС-001,310.0,307,0,1,0,7,6,364.0437795564821,shop_total_revenue,Выручка магазина,baseline_hgb_v2
2023-12-03 07:00:00,1,Татнефть-АЗС-002,0.0,104,0,1,0,7,6,-0.7523785330167041,shop_total_revenue,Выручка магазина,baseline_hgb_v2
2023-12-03 07:00:00,2,Татнефть-АЗС-003,1092.0,445,1,0,1,7,6,919.6858792838444,shop_total_revenue,Выручка магазина,baseline_hgb_v2
2023-12-03 07:00:00,3,Татнефть-АЗС-004,1659.0,668,0,0,0,7,6,1276.3324605041514,shop_total_revenue,Выручка магазина,baseline_hgb_v2
2023-12-03 07:00:00,4,Татнефть-АЗС-005,229.0,208,1,0,1,7,6,216.47570148283023,shop_total_revenue,Выручка магазина,baseline_hgb_v2
2023-12-03 08:00:00,0,Татнефть-АЗС-001,331.0,312,0,1,0,8,6,368.6969142417951,shop_total_revenue,Выручка магазина,baseline_hgb_v2
2023-12-03 08:00:00,1,Татнефть-АЗС-002,0.0,165,1,1,0,8,6,234.2651903949896,shop_total_revenue,Выручка магазина,baseline_hgb_v2
2023-12-03 08:00:00,2,Татнефть-АЗС-003,367.0,306,0,0,1,8,6,339.65245346120133,shop_total_revenue,Выручка магазина,baseline_hgb_v2
2023-12-03 08:00:00,3,Татнефть-АЗС-004,634.0,488,1,0,0,8,6,772.9959209370749,shop_total_revenue,Выручка магазина,baseline_hgb_v2
2023-12-03 08:00:00,4,Татнефть-АЗС-005,244.0,247,0,0,1,8,6,246.4691293020822,shop_total_revenue,Выручка магазина,baseline_hgb_v2
2023-12-03 09:00:00,0,Татнефть-АЗС-001,308.0,337,0,1,0,9,6,489.01504532383456,shop_total_revenue,Выручка магазина,baseline_hgb_v2
2023-12-03 09:00:00,1,Татнефть-АЗС-002,0.0,153,1,1,0,9,6,72.51023296999045,shop_total_revenue,Выручка магазина,baseline_hgb_v2
2023-12-03 09:00:00,2,Татнефть-АЗС-003,730.0,464,1,0,1,9,6,988.4316448451775,shop_total_revenue,Выручка магазина,baseline_hgb_v2
2023-12-03 09:00:00,3,Татнефть-АЗС-004,1019.0,706,0,0,0,9,6,1342.8953198146528,shop_total_revenue,Выручка магазина,baseline_hgb_v2
2023-12-03 09:00:00,4,Татнефть-АЗС-005,245.0,197,0,0,1,9,6,170.72981535882224,shop_total_revenue,Выручка магазина,baseline_hgb_v2
2023-12-03 10:00:00,0,Татнефть-АЗС-001,0.0,125,0,1,0,10,6,-0.22023548127975054,shop_total_revenue,Выручка магазина,baseline_hgb_v2
2023-12-03 10:00:00,1,Татнефть-АЗС-002,0.0,39,0,1,0,10,6,-0.22023548127975054,shop_total_revenue,Выручка магазина,baseline_hgb_v2
2023-12-03 10:00:00,2,Татнефть-АЗС-003,0.0,125,0,0,1,10,6,-0.3191439041180778,shop_total_revenue,Выручка магазина,baseline_hgb_v2
2023-12-03 10:00:00,3,Татнефть-АЗС-004,0.0,179,0,0,0,10,6,2.0481169765990512,shop_total_revenue,Выручка магазина,baseline_hgb_v2
2023-12-03 10:00:00,4,Татнефть-АЗС-005,0.0,59,0,0,1,10,6,-0.025432010234268387,shop_total_revenue,Выручка магазина,baseline_hgb_v2
2023-12-03 11:00:00,0,Татнефть-АЗС-001,0.0,175,0,1,0,11,6,5.021890317029193,shop_total_revenue,Выручка магазина,baseline_hgb_v2
2023-12-03 11:00:00,1,Татнефть-АЗС-002,0.0,43,0,1,0,11,6,-0.22023548127975054,shop_total_revenue,Выручка магазина,baseline_hgb_v2
2023-12-03 11:00:00,2,Татнефть-АЗС-003,0.0,113,0,0,1,11,6,-0.4024643891823787,shop_total_revenue,Выручка магазина,baseline_hgb_v2
2023-12-03 11:00:00,3,Татнефть-АЗС-004,0.0,124,0,0,0,11,6,-0.5457310768160467,shop_total_revenue,Выручка магазина,baseline_hgb_v2
2023-12-03 11:00:00,4,Татнефть-АЗС-005,0.0,51,0,0,1,11,6,0.31920628672696216,shop_total_revenue,Выручка магазина,baseline_hgb_v2
2023-12-03 12:00:00,0,Татнефть-АЗС-001,0.0,155,1,1,0,12,6,104.69227896451763,shop_total_revenue,Выручка магазина,baseline_hgb_v2
2023-12-03 12:00:00,1,Татнефть-АЗС-002,0.0,38,1,1,0,12,6,-0.030866588083476747,shop_total_revenue,Выручка магазина,baseline_hgb_v2
2023-12-03 12:00:00,2,Татнефть-АЗС-003,0.0,126,0,0,1,12,6,-0.2130954959861049,shop_total_revenue,Выручка магазина,baseline_hgb_v2
2023-12-03 12:00:00,3,Татнефть-АЗС-004,0.0,192,0,0,0,12,6,276.09174112199867,shop_total_revenue,Выручка магазина,baseline_hgb_v2
2023-12-03 12:00:00,4,Татнефть-АЗС-005,0.0,39,0,0,1,12,6,-0.2130954959861049,shop_total_revenue,Выручка магазина,baseline_hgb_v2
2023-12-03 13:00:00,0,Татнефть-АЗС-001,314.0,178,0,1,0,13,6,232.41727149273828,shop_total_revenue,Выручка магазина,baseline_hgb_v2
2023-12-03 13:00:00,1,Татнефть-АЗС-002,0.0,53,0,1,0,13,6,0.7685571271440673,shop_total_revenue,Выручка магазина,baseline_hgb_v2
2023-12-03 13:00:00,2,Татнефть-АЗС-003,0.0,168,0,0,1,13,6,177.68816730661473,shop_total_revenue,Выручка магазина,baseline_hgb_v2
2023-12-03 13:00:00,3,Татнефть-АЗС-004,321.0,168,0,0,0,13,6,175.09336124046828,shop_total_revenue,Выручка магазина,baseline_hgb_v2
2023-12-03 13:00:00,4,Татнефть-АЗС-005,0.0,63,0,0,1,13,6,0.5863282192414392,shop_total_revenue,Выручка магазина,baseline_hgb_v2
2023-12-03 14:00:00,0,Татнефть-АЗС-001,0.0,124,0,1,0,14,6,-0.8728377430511058,shop_total_revenue,Выручка магазина,baseline_hgb_v2
2023-12-03 14:00:00,1,Татнефть-АЗС-002,0.0,42,0,1,0,14,6,-0.030866588083476747,shop_total_revenue,Выручка магазина,baseline_hgb_v2
2023-12-03 14:00:00,2,Татнефть-АЗС-003,0.0,140,0,0,1,14,6,-2.3842037563594256,shop_total_revenue,Выручка магазина,baseline_hgb_v2
2023-12-03 14:00:00,3,Татнефть-АЗС-004,0.0,157,0,0,0,14,6,100.39758880565388,shop_total_revenue,Выручка магазина,baseline_hgb_v2
2023-12-03 14:00:00,4,Татнефть-АЗС-005,0.0,60,0,0,1,14,6,0.5863282192414392,shop_total_revenue,Выручка магазина,baseline_hgb_v2
2023-12-03 15:00:00,0,Татнефть-АЗС-001,0.0,135,1,1,0,15,6,-2.401144453557336,shop_total_revenue,Выручка магазина,baseline_hgb_v2
2023-12-03 15:00:00,1,Татнефть-АЗС-002,0.0,60,0,1,0,15,6,0.4296006541515356,shop_total_revenue,Выручка магазина,baseline_hgb_v2
2023-12-03 15:00:00,2,Татнефть-АЗС-003,0.0,122,0,0,1,15,6,-0.3345119764161465,shop_total_revenue,Выручка магазина,baseline_hgb_v2
2023-12-03 15:00:00,3,Татнефть-АЗС-004,0.0,167,0,0,0,15,6,0.8777365362657233,shop_total_revenue,Выручка магазина,baseline_hgb_v2
2023-12-03 15:00:00,4,Татнефть-АЗС-005,0.0,57,0,0,1,15,6,0.24737174624890745,shop_total_revenue,Выручка магазина,baseline_hgb_v2
2023-12-03 16:00:00,0,Татнефть-АЗС-001,0.0,181,1,1,0,16,6,2.854734856032626,shop_total_revenue,Выручка магазина,baseline_hgb_v2
2023-12-03 16:00:00,1,Татнефть-АЗС-002,0.0,60,1,1,0,16,6,-0.15228306851351836,shop_total_revenue,Выручка магазина,baseline_hgb_v2
2023-12-03 16:00:00,2,Татнефть-АЗС-003,0.0,272,0,0,1,16,6,164.5923208771705,shop_total_revenue,Выручка магазина,baseline_hgb_v2
2023-12-03 16:00:00,3,Татнефть-АЗС-004,0.0,162,0,0,0,16,6,-0.3991654380114261,shop_total_revenue,Выручка магазина,baseline_hgb_v2
2023-12-03 16:00:00,4,Татнефть-АЗС-005,0.0,55,0,0,1,16,6,0.24737174624890745,shop_total_revenue,Выручка магазина,baseline_hgb_v2
2023-12-03 17:00:00,0,Татнефть-АЗС-001,656.0,396,0,1,0,17,6,595.4067515403451,shop_total_revenue,Выручка магазина,baseline_hgb_v2
2023-12-03 17:00:00,1,Татнефть-АЗС-002,298.0,259,0,1,0,17,6,411.31188211063926,shop_total_revenue,Выручка магазина,baseline_hgb_v2
2023-12-03 17:00:00,2,Татнефть-АЗС-003,1743.0,726,1,0,1,17,6,1614.0465132374952,shop_total_revenue,Выручка магазина,baseline_hgb_v2
2023-12-03 17:00:00,3,Татнефть-АЗС-004,999.0,533,1,0,0,17,6,1028.212893948704,shop_total_revenue,Выручка магазина,baseline_hgb_v2
2023-12-03 17:00:00,4,Татнефть-АЗС-005,233.0,163,0,0,1,17,6,88.19112709830786,shop_total_revenue,Выручка магазина,baseline_hgb_v2
2023-12-03 18:00:00,0,Татнефть-АЗС-001,325.0,299,1,1,0,18,6,344.8568721182286,shop_total_revenue,Выручка магазина,baseline_hgb_v2
2023-12-03 18:00:00,1,Татнефть-АЗС-002,303.0,261,1,1,0,18,6,409.02107094571693,shop_total_revenue,Выручка магазина,baseline_hgb_v2
2023-12-03 18:00:00,2,Татнефть-АЗС-003,1137.0,694,0,0,1,18,6,1434.1960981506136,shop_total_revenue,Выручка магазина,baseline_hgb_v2
2023-12-03 18:00:00,3,Татнефть-АЗС-004,662.0,501,1,0,0,18,6,993.9355217362565,shop_total_revenue,Выручка магазина,baseline_hgb_v2
2023-12-03 18:00:00,4,Татнефть-АЗС-005,0.0,167,1,0,1,18,6,96.65891033943979,shop_total_revenue,Выручка магазина,baseline_hgb_v2
2023-12-03 19:00:00,0,Татнефть-АЗС-001,615.0,350,1,1,0,19,6,513.159059136641,shop_total_revenue,Выручка магазина,baseline_hgb_v2
2023-12-03 19:00:00,1,Татнефть-АЗС-002,0.0,177,0,1,0,19,6,93.1935108360453,shop_total_revenue,Выручка магазина,baseline_hgb_v2
2023-12-03 19:00:00,2,Татнефть-АЗС-003,720.0,499,0,0,1,19,6,837.3831771330234,shop_total_revenue,Выручка магазина,baseline_hgb_v2
2023-12-03 19:00:00,3,Татнефть-АЗС-004,649.0,398,1,0,0,19,6,702.571763413154,shop_total_revenue,Выручка магазина,baseline_hgb_v2
2023-12-03 19:00:00,4,Татнефть-АЗС-005,0.0,121,1,0,1,19,6,1.1779703731770428,shop_total_revenue,Выручка магазина,baseline_hgb_v2
2023-12-03 20:00:00,0,Татнефть-АЗС-001,0.0,176,1,1,0,20,6,4.271153801801215,shop_total_revenue,Выручка магазина,baseline_hgb_v2
2023-12-03 20:00:00,1,Татнефть-АЗС-002,0.0,55,0,1,0,20,6,-0.15228306851351836,shop_total_revenue,Выручка магазина,baseline_hgb_v2
2023-12-03 20:00:00,2,Татнефть-АЗС-003,0.0,264,0,0,1,20,6,156.87542573054233,shop_total_revenue,Выручка магазина,baseline_hgb_v2
2023-12-03 20:00:00,3,Татнефть-АЗС-004,0.0,140,0,0,0,20,6,-6.296340302605968,shop_total_revenue,Выручка магазина,baseline_hgb_v2
2023-12-03 20:00:00,4,Татнефть-АЗС-005,0.0,40,0,0,1,20,6,-0.3345119764161465,shop_total_revenue,Выручка магазина,baseline_hgb_v2
2023-12-03 21:00:00,0,Татнефть-АЗС-001,0.0,116,1,1,0,21,6,0.08496235719030501,shop_total_revenue,Выручка магазина,baseline_hgb_v2
2023-12-03 21:00:00,1,Татнефть-АЗС-002,0.0,49,0,1,0,21,6,0.08629533820630056,shop_total_revenue,Выручка магазина,baseline_hgb_v2
2023-12-03 21:00:00,2,Татнефть-АЗС-003,0.0,173,0,0,1,21,6,1.2881444331812593,shop_total_revenue,Выручка магазина,baseline_hgb_v2
2023-12-03 21:00:00,3,Татнефть-АЗС-004,0.0,180,0,0,0,21,6,-0.7272484640405288,shop_total_revenue,Выручка магазина,baseline_hgb_v2
2023-12-03 21:00:00,4,Татнефть-АЗС-005,0.0,50,0,0,1,21,6,-0.3345119764161465,shop_total_revenue,Выручка магазина,baseline_hgb_v2
2023-12-03 22:00:00,0,Татнефть-АЗС-001,0.0,28,0,1,0,22,6,-0.15228306851351836,shop_total_revenue,Выручка магазина,baseline_hgb_v2
2023-12-03 22:00:00,1,Татнефть-АЗС-002,0.0,13,0,1,0,22,6,0.4296006541515356,shop_total_revenue,Выручка магазина,baseline_hgb_v2
2023-12-03 22:00:00,2,Татнефть-АЗС-003,0.0,38,1,0,1,22,6,0.24737174624890745,shop_total_revenue,Выручка магазина,baseline_hgb_v2
2023-12-03 22:00:00,3,Татнефть-АЗС-004,0.0,27,0,0,0,22,6,-0.4777786640498145,shop_total_revenue,Выручка магазина,baseline_hgb_v2
2023-12-03 22:00:00,4,Татнефть-АЗС-005,0.0,13,0,0,1,22,6,0.24737174624890745,shop_total_revenue,Выручка магазина,baseline_hgb_v2
2023-12-03 23:00:00,0,Татнефть-АЗС-001,0.0,25,1,1,0,23,6,-0.15228306851351836,shop_total_revenue,Выручка магазина,baseline_hgb_v2
2023-12-03 23:00:00,1,Татнефть-АЗС-002,0.0,8,1,1,0,23,6,0.19102224743171678,shop_total_revenue,Выручка магазина,baseline_hgb_v2
2023-12-03 23:00:00,2,Татнефть-АЗС-003,0.0,37,0,0,1,23,6,0.24737174624890745,shop_total_revenue,Выручка магазина,baseline_hgb_v2
2023-12-03 23:00:00,3,Татнефть-АЗС-004,0.0,38,0,0,0,23,6,0.10410505861523943,shop_total_revenue,Выручка магазина,baseline_hgb_v2
2023-12-03 23:00:00,4,Татнефть-АЗС-005,0.0,12,0,0,1,23,6,0.24737174624890745,shop_total_revenue,Выручка магазина,baseline_hgb_v2
2023-12-04 00:00:00,0,Татнефть-АЗС-001,0.0,23,0,1,0,0,0,0.08673581602778985,shop_total_revenue,Выручка магазина,baseline_hgb_v2
2023-12-04 00:00:00,1,Татнефть-АЗС-002,0.0,17,0,1,0,0,0,0.8084064919371308,shop_total_revenue,Выручка магазина,baseline_hgb_v2
2023-12-04 00:00:00,2,Татнефть-АЗС-003,0.0,22,0,0,1,0,0,-0.0954930918748383,shop_total_revenue,Выручка магазина,baseline_hgb_v2
2023-12-04 00:00:00,3,Татнефть-АЗС-004,0.0,34,0,0,0,0,0,0.4829108964008346,shop_total_revenue,Выручка магазина,baseline_hgb_v2
2023-12-04 00:00:00,4,Татнефть-АЗС-005,0.0,10,1,0,1,0,0,-0.0954930918748383,shop_total_revenue,Выручка магазина,baseline_hgb_v2
2023-12-04 01:00:00,0,Татнефть-АЗС-001,0.0,22,0,1,0,1,0,0.08673581602778985,shop_total_revenue,Выручка магазина,baseline_hgb_v2
2023-12-04 01:00:00,1,Татнефть-АЗС-002,0.0,11,0,1,0,1,0,0.4637681949759002,shop_total_revenue,Выручка магазина,baseline_hgb_v2
2023-12-04 01:00:00,2,Татнефть-АЗС-003,0.0,29,0,0,1,1,0,0.6261775840345026,shop_total_revenue,Выручка магазина,baseline_hgb_v2
2023-12-04 01:00:00,3,Татнефть-АЗС-004,0.0,34,0,0,0,1,0,0.4829108964008346,shop_total_revenue,Выручка магазина,baseline_hgb_v2
2023-12-04 01:00:00,4,Татнефть-АЗС-005,0.0,16,1,0,1,1,0,0.6261775840345026,shop_total_revenue,Выручка магазина,baseline_hgb_v2
2023-12-04 02:00:00,0,Татнефть-АЗС-001,0.0,26,1,1,0,2,0,0.8084064919371308,shop_total_revenue,Выручка магазина,baseline_hgb_v2
2023-12-04 02:00:00,1,Татнефть-АЗС-002,0.0,10,0,1,0,2,0,0.08673581602778985,shop_total_revenue,Выручка магазина,baseline_hgb_v2
2023-12-04 02:00:00,2,Татнефть-АЗС-003,0.0,36,0,0,1,2,0,0.6261775840345026,shop_total_revenue,Выручка магазина,baseline_hgb_v2
2023-12-04 02:00:00,3,Татнефть-АЗС-004,0.0,22,0,0,0,2,0,0.24433248968101579,shop_total_revenue,Выручка магазина,baseline_hgb_v2
2023-12-04 02:00:00,4,Татнефть-АЗС-005,0.0,15,0,0,1,2,0,0.6261775840345026,shop_total_revenue,Выручка магазина,baseline_hgb_v2
2023-12-04 03:00:00,0,Татнефть-АЗС-001,0.0,29,0,1,0,3,0,0.8084064919371308,shop_total_revenue,Выручка магазина,baseline_hgb_v2
2023-12-04 03:00:00,1,Татнефть-АЗС-002,0.0,10,1,1,0,3,0,0.08673581602778985,shop_total_revenue,Выручка магазина,baseline_hgb_v2
2023-12-04 03:00:00,2,Татнефть-АЗС-003,0.0,29,0,0,1,3,0,0.6261775840345026,shop_total_revenue,Выручка магазина,baseline_hgb_v2
2023-12-04 03:00:00,3,Татнефть-АЗС-004,0.0,27,0,0,0,3,0,0.4829108964008346,shop_total_revenue,Выручка магазина,baseline_hgb_v2
2023-12-04 03:00:00,4,Татнефть-АЗС-005,0.0,14,0,0,1,3,0,0.6261775840345026,shop_total_revenue,Выручка магазина,baseline_hgb_v2
2023-12-04 04:00:00,0,Татнефть-АЗС-001,0.0,32,0,1,0,4,0,0.8084064919371308,shop_total_revenue,Выручка магазина,baseline_hgb_v2
2023-12-04 04:00:00,1,Татнефть-АЗС-002,0.0,17,0,1,0,4,0,0.8084064919371308,shop_total_revenue,Выручка магазина,baseline_hgb_v2
2023-12-04 04:00:00,2,Татнефть-АЗС-003,0.0,35,0,0,1,4,0,0.6261775840345026,shop_total_revenue,Выручка магазина,baseline_hgb_v2
2023-12-04 04:00:00,3,Татнефть-АЗС-004,0.0,33,0,0,0,4,0,0.4829108964008346,shop_total_revenue,Выручка магазина,baseline_hgb_v2
2023-12-04 04:00:00,4,Татнефть-АЗС-005,0.0,13,0,0,1,4,0,0.6261775840345026,shop_total_revenue,Выручка магазина,baseline_hgb_v2
2023-12-04 05:00:00,0,Татнефть-АЗС-001,0.0,21,0,1,0,5,0,0.08673581602778985,shop_total_revenue,Выручка магазина,baseline_hgb_v2
2023-12-04 05:00:00,1,Татнефть-АЗС-002,0.0,10,0,1,0,5,0,0.08673581602778985,shop_total_revenue,Выручка магазина,baseline_hgb_v2
2023-12-04 05:00:00,2,Татнефть-АЗС-003,0.0,32,0,0,1,5,0,0.6261775840345026,shop_total_revenue,Выручка магазина,baseline_hgb_v2
2023-12-04 05:00:00,3,Татнефть-АЗС-004,0.0,35,0,0,0,5,0,0.4829108964008346,shop_total_revenue,Выручка магазина,baseline_hgb_v2
2023-12-04 05:00:00,4,Татнефть-АЗС-005,0.0,11,0,0,1,5,0,-0.0954930918748383,shop_total_revenue,Выручка магазина,baseline_hgb_v2
2023-12-04 06:00:00,0,Татнефть-АЗС-001,0.0,94,0,1,0,6,0,0.08673581602778985,shop_total_revenue,Выручка магазина,baseline_hgb_v2
2023-12-04 06:00:00,1,Татнефть-АЗС-002,0.0,54,1,1,0,6,0,0.08673581602778985,shop_total_revenue,Выручка магазина,baseline_hgb_v2
2023-12-04 06:00:00,2,Татнефть-АЗС-003,0.0,95,0,0,1,6,0,-0.0954930918748383,shop_total_revenue,Выручка магазина,baseline_hgb_v2
2023-12-04 06:00:00,3,Татнефть-АЗС-004,0.0,191,1,0,0,6,0,6.324622820651104,shop_total_revenue,Выручка магазина,baseline_hgb_v2
2023-12-04 06:00:00,4,Татнефть-АЗС-005,0.0,100,1,0,1,6,0,0.6261775840345026,shop_total_revenue,Выручка магазина,baseline_hgb_v2
2023-12-04 07:00:00,0,Татнефть-АЗС-001,899.0,420,0,1,0,7,0,838.8364705211461,shop_total_revenue,Выручка магазина,baseline_hgb_v2
2023-12-04 07:00:00,1,Татнефть-АЗС-002,322.0,177,1,1,0,7,0,259.22532664066864,shop_total_revenue,Выручка магазина,baseline_hgb_v2
2023-12-04 07:00:00,2,Татнефть-АЗС-003,339.0,289,0,0,1,7,0,332.3052836446315,shop_total_revenue,Выручка магазина,baseline_hgb_v2
2023-12-04 07:00:00,3,Татнефть-АЗС-004,646.0,475,1,0,0,7,0,780.2597923001592,shop_total_revenue,Выручка магазина,baseline_hgb_v2
2023-12-04 07:00:00,4,Татнефть-АЗС-005,481.0,281,0,0,1,7,0,313.3032783893699,shop_total_revenue,Выручка магазина,baseline_hgb_v2
2023-12-04 08:00:00,0,Татнефть-АЗС-001,911.0,422,1,1,0,8,0,834.0905322764332,shop_total_revenue,Выручка магазина,baseline_hgb_v2
2023-12-04 08:00:00,1,Татнефть-АЗС-002,0.0,121,1,1,0,8,0,1.3087415773856135,shop_total_revenue,Выручка магазина,baseline_hgb_v2
2023-12-04 08:00:00,2,Татнефть-АЗС-003,369.0,274,0,0,1,8,0,314.14145588549076,shop_total_revenue,Выручка магазина,baseline_hgb_v2
2023-12-04 08:00:00,3,Татнефть-АЗС-004,660.0,397,1,0,0,8,0,584.7705545670182,shop_total_revenue,Выручка магазина,baseline_hgb_v2
2023-12-04 08:00:00,4,Татнефть-АЗС-005,240.0,257,1,0,1,8,0,276.12192388309734,shop_total_revenue,Выручка магазина,baseline_hgb_v2
2023-12-04 09:00:00,0,Татнефть-АЗС-001,632.0,383,1,1,0,9,0,720.4452501706926,shop_total_revenue,Выручка магазина,baseline_hgb_v2
2023-12-04 09:00:00,1,Татнефть-АЗС-002,302.0,171,0,1,0,9,0,245.07183247687914,shop_total_revenue,Выручка магазина,baseline_hgb_v2
2023-12-04 09:00:00,2,Татнефть-АЗС-003,367.0,260,0,0,1,9,0,282.7795538176794,shop_total_revenue,Выручка магазина,baseline_hgb_v2
2023-12-04 09:00:00,3,Татнефть-АЗС-004,1299.0,534,1,0,0,9,0,1078.026662585562,shop_total_revenue,Выручка магазина,baseline_hgb_v2
2023-12-04 09:00:00,4,Татнефть-АЗС-005,0.0,169,1,0,1,9,0,98.96661008592194,shop_total_revenue,Выручка магазина,baseline_hgb_v2
2023-12-04 10:00:00,0,Татнефть-АЗС-001,0.0,98,1,1,0,10,0,0.08673581602778985,shop_total_revenue,Выручка магазина,baseline_hgb_v2
2023-12-04 10:00:00,1,Татнефть-АЗС-002,0.0,43,0,1,0,10,0,0.08673581602778985,shop_total_revenue,Выручка магазина,baseline_hgb_v2
2023-12-04 10:00:00,2,Татнефть-АЗС-003,0.0,149,1,0,1,10,0,-5.959382873964271,shop_total_revenue,Выручка магазина,baseline_hgb_v2
2023-12-04 10:00:00,3,Татнефть-АЗС-004,0.0,206,0,0,0,10,0,9.518705745198547,shop_total_revenue,Выручка магазина,baseline_hgb_v2
2023-12-04 10:00:00,4,Татнефть-АЗС-005,0.0,77,1,0,1,10,0,-0.0954930918748383,shop_total_revenue,Выручка магазина,baseline_hgb_v2
2023-12-04 11:00:00,0,Татнефть-АЗС-001,0.0,125,0,1,0,11,0,0.08673581602778985,shop_total_revenue,Выручка магазина,baseline_hgb_v2
2023-12-04 11:00:00,1,Татнефть-АЗС-002,0.0,64,0,1,0,11,0,0.8084064919371308,shop_total_revenue,Выручка магазина,baseline_hgb_v2
2023-12-04 11:00:00,2,Татнефть-АЗС-003,0.0,152,1,0,1,11,0,-5.196880490759167,shop_total_revenue,Выручка магазина,baseline_hgb_v2
2023-12-04 11:00:00,3,Татнефть-АЗС-004,0.0,115,0,0,0,11,0,0.13827259943960407,shop_total_revenue,Выручка магазина,baseline_hgb_v2
2023-12-04 11:00:00,4,Татнефть-АЗС-005,0.0,56,0,0,1,11,0,-0.0954930918748383,shop_total_revenue,Выручка магазина,baseline_hgb_v2
2023-12-04 12:00:00,0,Татнефть-АЗС-001,0.0,142,1,1,0,12,0,11.554266567927051,shop_total_revenue,Выручка магазина,baseline_hgb_v2
2023-12-04 12:00:00,1,Татнефть-АЗС-002,0.0,75,0,1,0,12,0,1.0755284244516075,shop_total_revenue,Выручка магазина,baseline_hgb_v2
2023-12-04 12:00:00,2,Татнефть-АЗС-003,0.0,132,1,0,1,12,0,-5.541287908422894,shop_total_revenue,Выручка магазина,baseline_hgb_v2
2023-12-04 12:00:00,3,Татнефть-АЗС-004,0.0,97,1,0,0,12,0,-0.0493908863122325,shop_total_revenue,Выручка магазина,baseline_hgb_v2
2023-12-04 12:00:00,4,Татнефть-АЗС-005,0.0,72,0,0,1,12,0,0.8932995165489797,shop_total_revenue,Выручка магазина,baseline_hgb_v2
2023-12-04 13:00:00,0,Татнефть-АЗС-001,0.0,141,0,1,0,13,0,18.45621722511487,shop_total_revenue,Выручка магазина,baseline_hgb_v2
2023-12-04 13:00:00,1,Татнефть-АЗС-002,0.0,64,0,1,0,13,0,1.0755284244516075,shop_total_revenue,Выручка магазина,baseline_hgb_v2
2023-12-04 13:00:00,2,Татнефть-АЗС-003,0.0,121,0,0,1,13,0,5.638183311506571,shop_total_revenue,Выручка магазина,baseline_hgb_v2
2023-12-04 13:00:00,3,Татнефть-АЗС-004,0.0,142,0,0,0,13,0,13.83971185059328,shop_total_revenue,Выручка магазина,baseline_hgb_v2
2023-12-04 13:00:00,4,Татнефть-АЗС-005,0.0,72,0,0,1,13,0,0.8932995165489797,shop_total_revenue,Выручка магазина,baseline_hgb_v2
2023-12-04 14:00:00,0,Татнефть-АЗС-001,0.0,140,1,1,0,14,0,5.273214806104923,shop_total_revenue,Выручка магазина,baseline_hgb_v2
2023-12-04 14:00:00,1,Татнефть-АЗС-002,0.0,58,0,1,0,14,0,0.8142106125546781,shop_total_revenue,Выручка магазина,baseline_hgb_v2
2023-12-04 14:00:00,2,Татнефть-АЗС-003,0.0,87,1,0,1,14,0,0.09387580132143551,shop_total_revenue,Выручка магазина,baseline_hgb_v2
2023-12-04 14:00:00,3,Татнефть-АЗС-004,0.0,147,0,0,0,14,0,48.979164193374665,shop_total_revenue,Выручка магазина,baseline_hgb_v2
2023-12-04 14:00:00,4,Татнефть-АЗС-005,0.0,46,0,0,1,14,0,0.09387580132143551,shop_total_revenue,Выручка магазина,baseline_hgb_v2
2023-12-04 15:00:00,0,Татнефть-АЗС-001,0.0,97,1,1,0,15,0,0.15468822879402203,shop_total_revenue,Выручка магазина,baseline_hgb_v2
2023-12-04 15:00:00,1,Татнефть-АЗС-002,0.0,48,0,1,0,15,0,0.15468822879402203,shop_total_revenue,Выручка магазина,baseline_hgb_v2
2023-12-04 15:00:00,2,Татнефть-АЗС-003,0.0,151,1,0,1,15,0,-4.509650620183559,shop_total_revenue,Выручка магазина,baseline_hgb_v2
2023-12-04 15:00:00,3,Татнефть-АЗС-004,0.0,146,1,0,0,15,0,-3.32635426936862,shop_total_revenue,Выручка магазина,baseline_hgb_v2
2023-12-04 15:00:00,4,Татнефть-АЗС-005,0.0,72,0,0,1,15,0,0.5543430435564479,shop_total_revenue,Выручка магазина,baseline_hgb_v2
2023-12-04 16:00:00,0,Татнефть-АЗС-001,0.0,103,0,1,0,16,0,0.15468822879402203,shop_total_revenue,Выручка магазина,baseline_hgb_v2
2023-12-04 16:00:00,1,Татнефть-АЗС-002,0.0,101,1,1,0,16,0,0.7365719514590761,shop_total_revenue,Выручка магазина,baseline_hgb_v2
2023-12-04 16:00:00,2,Татнефть-АЗС-003,0.0,152,1,0,1,16,0,0.25912692303056895,shop_total_revenue,Выручка магазина,baseline_hgb_v2
2023-12-04 16:00:00,3,Татнефть-АЗС-004,0.0,134,0,0,0,16,0,1.367891285270191,shop_total_revenue,Выручка магазина,baseline_hgb_v2
2023-12-04 16:00:00,4,Татнефть-АЗС-005,0.0,65,0,0,1,16,0,0.5543430435564479,shop_total_revenue,Выручка магазина,baseline_hgb_v2
2023-12-04 17:00:00,0,Татнефть-АЗС-001,958.0,432,0,1,0,17,0,880.0538036825996,shop_total_revenue,Выручка магазина,baseline_hgb_v2
2023-12-04 17:00:00,1,Татнефть-АЗС-002,320.0,230,1,1,0,17,0,314.9723652522247,shop_total_revenue,Выручка магазина,baseline_hgb_v2
2023-12-04 17:00:00,2,Татнефть-АЗС-003,1123.0,641,0,0,1,17,0,1347.2814472809196,shop_total_revenue,Выручка магазина,baseline_hgb_v2
2023-12-04 17:00:00,3,Татнефть-АЗС-004,646.0,455,1,0,0,17,0,823.2731481991297,shop_total_revenue,Выручка магазина,baseline_hgb_v2
2023-12-04 17:00:00,4,Татнефть-АЗС-005,246.0,207,1,0,1,17,0,219.4729907023714,shop_total_revenue,Выручка магазина,baseline_hgb_v2
2023-12-04 18:00:00,0,Татнефть-АЗС-001,959.0,477,0,1,0,18,0,1011.4954729079196,shop_total_revenue,Выручка магазина,baseline_hgb_v2
2023-12-04 18:00:00,1,Татнефть-АЗС-002,643.0,290,0,1,0,18,0,476.4080755935477,shop_total_revenue,Выручка магазина,baseline_hgb_v2
2023-12-04 18:00:00,2,Татнефть-АЗС-003,1941.0,761,0,0,1,18,0,1757.5681333105013,shop_total_revenue,Выручка магазина,baseline_hgb_v2
2023-12-04 18:00:00,3,Татнефть-АЗС-004,653.0,452,1,0,0,18,0,829.4595447333261,shop_total_revenue,Выручка магазина,baseline_hgb_v2
2023-12-04 18:00:00,4,Татнефть-АЗС-005,247.0,181,1,0,1,18,0,127.14996071903894,shop_total_revenue,Выручка магазина,baseline_hgb_v2
2023-12-04 19:00:00,0,Татнефть-АЗС-001,309.0,356,0,1,0,19,0,597.185376475072,shop_total_revenue,Выручка магазина,baseline_hgb_v2
2023-12-04 19:00:00,1,Татнефть-АЗС-002,313.0,196,0,1,0,19,0,254.38982822379344,shop_total_revenue,Выручка магазина,baseline_hgb_v2
2023-12-04 19:00:00,2,Татнефть-АЗС-003,1435.0,640,0,0,1,19,0,1345.669345857832,shop_total_revenue,Выручка магазина,baseline_hgb_v2
2023-12-04 19:00:00,3,Татнефть-АЗС-004,653.0,410,0,0,0,19,0,703.6822520447076,shop_total_revenue,Выручка магазина,baseline_hgb_v2
2023-12-04 19:00:00,4,Татнефть-АЗС-005,244.0,219,0,0,1,19,0,236.85732645046767,shop_total_revenue,Выручка магазина,baseline_hgb_v2
2023-12-04 20:00:00,0,Татнефть-АЗС-001,0.0,137,1,1,0,20,0,-0.16921089165630118,shop_total_revenue,Выручка магазина,baseline_hgb_v2
2023-12-04 20:00:00,1,Татнефть-АЗС-002,0.0,69,0,1,0,20,0,0.15468822879402203,shop_total_revenue,Выручка магазина,baseline_hgb_v2
2023-12-04 20:00:00,2,Татнефть-АЗС-003,0.0,163,0,0,1,20,0,4.326414854313463,shop_total_revenue,Выручка магазина,baseline_hgb_v2
2023-12-04 20:00:00,3,Татнефть-АЗС-004,0.0,156,0,0,0,20,0,-0.6309308207479908,shop_total_revenue,Выручка магазина,baseline_hgb_v2
2023-12-04 20:00:00,4,Татнефть-АЗС-005,0.0,70,0,0,1,20,0,0.5543430435564479,shop_total_revenue,Выручка магазина,baseline_hgb_v2
2023-12-04 21:00:00,0,Татнефть-АЗС-001,0.0,156,0,1,0,21,0,1.0314286636259584,shop_total_revenue,Выручка магазина,baseline_hgb_v2
2023-12-04 21:00:00,1,Татнефть-АЗС-002,0.0,44,0,1,0,21,0,0.3919336544978454,shop_total_revenue,Выручка магазина,baseline_hgb_v2
2023-12-04 21:00:00,2,Татнефть-АЗС-003,0.0,124,0,0,1,21,0,0.5543430435564479,shop_total_revenue,Выручка магазина,baseline_hgb_v2
2023-12-04 21:00:00,3,Татнефть-АЗС-004,0.0,144,0,0,0,21,0,2.5740597817392326,shop_total_revenue,Выручка магазина,baseline_hgb_v2
2023-12-04 21:00:00,4,Татнефть-АЗС-005,0.0,66,0,0,1,21,0,0.5543430435564479,shop_total_revenue,Выручка магазина,baseline_hgb_v2
2023-12-04 22:00:00,0,Татнефть-АЗС-001,0.0,29,0,1,0,22,0,0.15468822879402203,shop_total_revenue,Выручка магазина,baseline_hgb_v2
2023-12-04 22:00:00,1,Татнефть-АЗС-002,0.0,14,0,1,0,22,0,0.7365719514590761,shop_total_revenue,Выручка магазина,baseline_hgb_v2
2023-12-04 22:00:00,2,Татнефть-АЗС-003,0.0,33,0,0,1,22,0,0.5543430435564479,shop_total_revenue,Выручка магазина,baseline_hgb_v2
2023-12-04 22:00:00,3,Татнефть-АЗС-004,0.0,23,0,0,0,22,0,-0.1708073667422741,shop_total_revenue,Выручка магазина,baseline_hgb_v2
2023-12-04 22:00:00,4,Татнефть-АЗС-005,0.0,13,1,0,1,22,0,0.5543430435564479,shop_total_revenue,Выручка магазина,baseline_hgb_v2
2023-12-04 23:00:00,0,Татнефть-АЗС-001,0.0,22,0,1,0,23,0,0.15468822879402203,shop_total_revenue,Выручка магазина,baseline_hgb_v2
2023-12-04 23:00:00,1,Татнефть-АЗС-002,0.0,9,0,1,0,23,0,0.15468822879402203,shop_total_revenue,Выручка магазина,baseline_hgb_v2
2023-12-04 23:00:00,2,Татнефть-АЗС-003,0.0,23,0,0,1,23,0,-0.027540679108606095,shop_total_revenue,Выручка магазина,baseline_hgb_v2
2023-12-04 23:00:00,3,Татнефть-АЗС-004,0.0,30,0,0,0,23,0,0.41107635592277986,shop_total_revenue,Выручка магазина,baseline_hgb_v2
2023-12-04 23:00:00,4,Татнефть-АЗС-005,0.0,11,1,0,1,23,0,-0.027540679108606095,shop_total_revenue,Выручка магазина,baseline_hgb_v2
2023-12-05 00:00:00,0,Татнефть-АЗС-001,0.0,21,0,1,0,0,1,0.08673581602778985,shop_total_revenue,Выручка магазина,baseline_hgb_v2
2023-12-05 00:00:00,1,Татнефть-АЗС-002,0.0,15,1,1,0,0,1,0.8084064919371308,shop_total_revenue,Выручка магазина,baseline_hgb_v2
2023-12-05 00:00:00,2,Татнефть-АЗС-003,0.0,30,1,0,1,0,1,0.6261775840345026,shop_total_revenue,Выручка магазина,baseline_hgb_v2
2023-12-05 00:00:00,3,Татнефть-АЗС-004,0.0,30,0,0,0,0,1,0.4829108964008346,shop_total_revenue,Выручка магазина,baseline_hgb_v2
2023-12-05 00:00:00,4,Татнефть-АЗС-005,0.0,11,0,0,1,0,1,-0.0954930918748383,shop_total_revenue,Выручка магазина,baseline_hgb_v2
2023-12-05 01:00:00,0,Татнефть-АЗС-001,0.0,28,0,1,0,1,1,0.8084064919371308,shop_total_revenue,Выручка магазина,baseline_hgb_v2
2023-12-05 01:00:00,1,Татнефть-АЗС-002,0.0,14,1,1,0,1,1,0.8084064919371308,shop_total_revenue,Выручка магазина,baseline_hgb_v2
2023-12-05 01:00:00,2,Татнефть-АЗС-003,0.0,26,0,0,1,1,1,0.14308531484498066,shop_total_revenue,Выручка магазина,baseline_hgb_v2
2023-12-05 01:00:00,3,Татнефть-АЗС-004,0.0,23,1,0,0,1,1,-0.2387597795085063,shop_total_revenue,Выручка магазина,baseline_hgb_v2
2023-12-05 01:00:00,4,Татнефть-АЗС-005,0.0,9,0,0,1,1,1,-0.0954930918748383,shop_total_revenue,Выручка магазина,baseline_hgb_v2
2023-12-05 02:00:00,0,Татнефть-АЗС-001,0.0,24,0,1,0,2,1,1.84201308781841,shop_total_revenue,Выручка магазина,baseline_hgb_v2
2023-12-05 02:00:00,1,Татнефть-АЗС-002,0.0,15,0,1,0,2,1,0.8084064919371308,shop_total_revenue,Выручка магазина,baseline_hgb_v2
2023-12-05 02:00:00,2,Татнефть-АЗС-003,0.0,30,0,0,1,2,1,0.6261775840345026,shop_total_revenue,Выручка магазина,baseline_hgb_v2
2023-12-05 02:00:00,3,Татнефть-АЗС-004,0.0,22,0,0,0,2,1,-0.2387597795085063,shop_total_revenue,Выручка магазина,baseline_hgb_v2
2023-12-05 02:00:00,4,Татнефть-АЗС-005,0.0,9,0,0,1,2,1,0.2815392870732721,shop_total_revenue,Выручка магазина,baseline_hgb_v2
2023-12-05 03:00:00,0,Татнефть-АЗС-001,0.0,31,0,1,0,3,1,0.8084064919371308,shop_total_revenue,Выручка магазина,baseline_hgb_v2
2023-12-05 03:00:00,1,Татнефть-АЗС-002,0.0,10,0,1,0,3,1,0.08673581602778985,shop_total_revenue,Выручка магазина,baseline_hgb_v2
2023-12-05 03:00:00,2,Татнефть-АЗС-003,0.0,21,0,0,1,3,1,-0.0954930918748383,shop_total_revenue,Выручка магазина,baseline_hgb_v2
2023-12-05 03:00:00,3,Татнефть-АЗС-004,0.0,35,0,0,0,3,1,0.4829108964008346,shop_total_revenue,Выручка магазина,baseline_hgb_v2
2023-12-05 03:00:00,4,Татнефть-АЗС-005,0.0,13,0,0,1,3,1,0.6261775840345026,shop_total_revenue,Выручка магазина,baseline_hgb_v2
2023-12-05 04:00:00,0,Татнефть-АЗС-001,0.0,21,0,1,0,4,1,0.08673581602778985,shop_total_revenue,Выручка магазина,baseline_hgb_v2
2023-12-05 04:00:00,1,Татнефть-АЗС-002,0.0,14,0,1,0,4,1,0.8084064919371308,shop_total_revenue,Выручка магазина,baseline_hgb_v2
2023-12-05 04:00:00,2,Татнефть-АЗС-003,0.0,20,0,0,1,4,1,-0.0954930918748383,shop_total_revenue,Выручка магазина,baseline_hgb_v2
2023-12-05 04:00:00,3,Татнефть-АЗС-004,0.0,22,0,0,0,4,1,-0.2387597795085063,shop_total_revenue,Выручка магазина,baseline_hgb_v2
2023-12-05 04:00:00,4,Татнефть-АЗС-005,0.0,10,0,0,1,4,1,-0.0954930918748383,shop_total_revenue,Выручка магазина,baseline_hgb_v2
2023-12-05 05:00:00,0,Татнефть-АЗС-001,0.0,24,1,1,0,5,1,0.08673581602778985,shop_total_revenue,Выручка магазина,baseline_hgb_v2
2023-12-05 05:00:00,1,Татнефть-АЗС-002,0.0,15,0,1,0,5,1,0.8084064919371308,shop_total_revenue,Выручка магазина,baseline_hgb_v2
2023-12-05 05:00:00,2,Татнефть-АЗС-003,0.0,32,0,0,1,5,1,0.6261775840345026,shop_total_revenue,Выручка магазина,baseline_hgb_v2
2023-12-05 05:00:00,3,Татнефть-АЗС-004,0.0,30,1,0,0,5,1,0.4829108964008346,shop_total_revenue,Выручка магазина,baseline_hgb_v2
2023-12-05 05:00:00,4,Татнефть-АЗС-005,0.0,16,1,0,1,5,1,0.6261775840345026,shop_total_revenue,Выручка магазина,baseline_hgb_v2
2023-12-05 06:00:00,0,Татнефть-АЗС-001,0.0,114,0,1,0,6,1,0.08673581602778985,shop_total_revenue,Выручка магазина,baseline_hgb_v2
2023-12-05 06:00:00,1,Татнефть-АЗС-002,0.0,80,1,1,0,6,1,0.8084064919371308,shop_total_revenue,Выручка магазина,baseline_hgb_v2
2023-12-05 06:00:00,2,Татнефть-АЗС-003,0.0,115,0,0,1,6,1,-0.0954930918748383,shop_total_revenue,Выручка магазина,baseline_hgb_v2
2023-12-05 06:00:00,3,Татнефть-АЗС-004,0.0,155,0,0,0,6,1,2.8317407662126373,shop_total_revenue,Выручка магазина,baseline_hgb_v2
2023-12-05 06:00:00,4,Татнефть-АЗС-005,0.0,109,0,0,1,6,1,0.6261775840345026,shop_total_revenue,Выручка магазина,baseline_hgb_v2
2023-12-05 07:00:00,0,Татнефть-АЗС-001,321.0,309,0,1,0,7,1,391.2117323372382,shop_total_revenue,Выручка магазина,baseline_hgb_v2
2023-12-05 07:00:00,1,Татнефть-АЗС-002,0.0,114,0,1,0,7,1,2.4772783183660874,shop_total_revenue,Выручка магазина,baseline_hgb_v2
2023-12-05 07:00:00,2,Татнефть-АЗС-003,762.0,396,0,0,1,7,1,742.8484947100727,shop_total_revenue,Выручка магазина,baseline_hgb_v2
2023-12-05 07:00:00,3,Татнефть-АЗС-004,628.0,496,0,0,0,7,1,996.1457161686398,shop_total_revenue,Выручка магазина,baseline_hgb_v2
2023-12-05 07:00:00,4,Татнефть-АЗС-005,235.0,258,0,0,1,7,1,278.2978439188092,shop_total_revenue,Выручка магазина,baseline_hgb_v2
2023-12-05 08:00:00,0,Татнефть-АЗС-001,669.0,399,0,1,0,8,1,797.5116402938561,shop_total_revenue,Выручка магазина,baseline_hgb_v2
2023-12-05 08:00:00,1,Татнефть-АЗС-002,302.0,180,1,1,0,8,1,300.6460201207841,shop_total_revenue,Выручка магазина,baseline_hgb_v2
2023-12-05 08:00:00,2,Татнефть-АЗС-003,730.0,360,0,0,1,8,1,665.1022560423776,shop_total_revenue,Выручка магазина,baseline_hgb_v2
2023-12-05 08:00:00,3,Татнефть-АЗС-004,975.0,508,0,0,0,8,1,998.2227422365885,shop_total_revenue,Выручка магазина,baseline_hgb_v2
2023-12-05 08:00:00,4,Татнефть-АЗС-005,254.0,305,0,0,1,8,1,367.80362961410293,shop_total_revenue,Выручка магазина,baseline_hgb_v2
2023-12-05 09:00:00,0,Татнефть-АЗС-001,316.0,230,0,1,0,9,1,247.23830241414655,shop_total_revenue,Выручка магазина,baseline_hgb_v2
2023-12-05 09:00:00,1,Татнефть-АЗС-002,0.0,154,0,1,0,9,1,92.87505688443362,shop_total_revenue,Выручка магазина,baseline_hgb_v2
2023-12-05 09:00:00,2,Татнефть-АЗС-003,713.0,369,0,0,1,9,1,694.7007105147416,shop_total_revenue,Выручка магазина,baseline_hgb_v2
2023-12-05 09:00:00,3,Татнефть-АЗС-004,645.0,491,0,0,0,9,1,980.6963954800997,shop_total_revenue,Выручка магазина,baseline_hgb_v2
2023-12-05 09:00:00,4,Татнефть-АЗС-005,250.0,217,0,0,1,9,1,199.39555786318627,shop_total_revenue,Выручка магазина,baseline_hgb_v2
2023-12-05 10:00:00,0,Татнефть-АЗС-001,0.0,101,0,1,0,10,1,0.4637681949759002,shop_total_revenue,Выручка магазина,baseline_hgb_v2
2023-12-05 10:00:00,1,Татнефть-АЗС-002,0.0,73,1,1,0,10,1,0.8084064919371308,shop_total_revenue,Выручка магазина,baseline_hgb_v2
2023-12-05 10:00:00,2,Татнефть-АЗС-003,0.0,99,1,0,1,10,1,-0.0954930918748383,shop_total_revenue,Выручка магазина,baseline_hgb_v2
2023-12-05 10:00:00,3,Татнефть-АЗС-004,0.0,151,0,0,0,10,1,-1.3439977426061365,shop_total_revenue,Выручка магазина,baseline_hgb_v2
2023-12-05 10:00:00,4,Татнефть-АЗС-005,0.0,81,0,0,1,10,1,-0.0954930918748383,shop_total_revenue,Выручка магазина,baseline_hgb_v2
2023-12-05 11:00:00,0,Татнефть-АЗС-001,0.0,91,0,1,0,11,1,0.08673581602778985,shop_total_revenue,Выручка магазина,baseline_hgb_v2
2023-12-05 11:00:00,1,Татнефть-АЗС-002,0.0,49,0,1,0,11,1,0.08673581602778985,shop_total_revenue,Выручка магазина,baseline_hgb_v2
2023-12-05 11:00:00,2,Татнефть-АЗС-003,0.0,151,1,0,1,11,1,-6.225859680536315,shop_total_revenue,Выручка магазина,baseline_hgb_v2
2023-12-05 11:00:00,3,Татнефть-АЗС-004,0.0,157,0,0,0,11,1,1.8457960971331062,shop_total_revenue,Выручка магазина,baseline_hgb_v2
2023-12-05 11:00:00,4,Татнефть-АЗС-005,0.0,45,1,0,1,11,1,-0.0954930918748383,shop_total_revenue,Выручка магазина,baseline_hgb_v2
2023-12-05 12:00:00,0,Татнефть-АЗС-001,323.0,173,1,1,0,12,1,208.29366614960318,shop_total_revenue,Выручка магазина,baseline_hgb_v2
2023-12-05 12:00:00,1,Татнефть-АЗС-002,0.0,80,1,1,0,12,1,1.0755284244516075,shop_total_revenue,Выручка магазина,baseline_hgb_v2
2023-12-05 12:00:00,2,Татнефть-АЗС-003,0.0,145,0,0,1,12,1,22.45521076216967,shop_total_revenue,Выручка магазина,baseline_hgb_v2
2023-12-05 12:00:00,3,Татнефть-АЗС-004,0.0,143,1,0,0,12,1,12.400553504530698,shop_total_revenue,Выручка магазина,baseline_hgb_v2
2023-12-05 12:00:00,4,Татнефть-АЗС-005,0.0,64,0,0,1,12,1,0.8932995165489797,shop_total_revenue,Выручка магазина,baseline_hgb_v2
2023-12-05 13:00:00,0,Татнефть-АЗС-001,0.0,160,0,1,0,13,1,131.26255079070967,shop_total_revenue,Выручка магазина,baseline_hgb_v2
2023-12-05 13:00:00,1,Татнефть-АЗС-002,0.0,44,0,1,0,13,1,0.2761047092240636,shop_total_revenue,Выручка магазина,baseline_hgb_v2
2023-12-05 13:00:00,2,Татнефть-АЗС-003,0.0,158,1,0,1,13,1,122.32405150606877,shop_total_revenue,Выручка магазина,baseline_hgb_v2
2023-12-05 13:00:00,3,Татнефть-АЗС-004,0.0,111,0,0,0,13,1,-0.0493908863122325,shop_total_revenue,Выручка магазина,baseline_hgb_v2
2023-12-05 13:00:00,4,Татнефть-АЗС-005,0.0,54,0,0,1,13,1,0.09387580132143551,shop_total_revenue,Выручка магазина,baseline_hgb_v2
2023-12-05 14:00:00,0,Татнефть-АЗС-001,0.0,145,1,1,0,14,1,16.72077334297476,shop_total_revenue,Выручка магазина,baseline_hgb_v2
2023-12-05 14:00:00,1,Татнефть-АЗС-002,0.0,46,0,1,0,14,1,0.2761047092240636,shop_total_revenue,Выручка магазина,baseline_hgb_v2
2023-12-05 14:00:00,2,Татнефть-АЗС-003,0.0,141,0,0,1,14,1,12.798588709347376,shop_total_revenue,Выручка магазина,baseline_hgb_v2
2023-12-05 14:00:00,3,Татнефть-АЗС-004,0.0,138,0,0,0,14,1,2.8039107159805483,shop_total_revenue,Выручка магазина,baseline_hgb_v2
2023-12-05 14:00:00,4,Татнефть-АЗС-005,0.0,70,0,0,1,14,1,0.8932995165489797,shop_total_revenue,Выручка магазина,baseline_hgb_v2
2023-12-05 15:00:00,0,Татнефть-АЗС-001,0.0,140,1,1,0,15,1,-2.708243768115937,shop_total_revenue,Выручка магазина,baseline_hgb_v2
2023-12-05 15:00:00,1,Татнефть-АЗС-002,0.0,50,0,1,0,15,1,0.15468822879402203,shop_total_revenue,Выручка магазина,baseline_hgb_v2
2023-12-05 15:00:00,2,Татнефть-АЗС-003,0.0,141,0,0,1,15,1,-4.495271050325253,shop_total_revenue,Выручка магазина,baseline_hgb_v2
2023-12-05 15:00:00,3,Татнефть-АЗС-004,0.0,151,0,0,0,15,1,-4.652917307817227,shop_total_revenue,Выручка магазина,baseline_hgb_v2
2023-12-05 15:00:00,4,Татнефть-АЗС-005,0.0,69,1,0,1,15,1,0.5543430435564479,shop_total_revenue,Выручка магазина,baseline_hgb_v2
2023-12-05 16:00:00,0,Татнефть-АЗС-001,0.0,162,0,1,0,16,1,6.060534893393716,shop_total_revenue,Выручка магазина,baseline_hgb_v2
2023-12-05 16:00:00,1,Татнефть-АЗС-002,0.0,60,1,1,0,16,1,0.15468822879402203,shop_total_revenue,Выручка магазина,baseline_hgb_v2
2023-12-05 16:00:00,2,Татнефть-АЗС-003,0.0,210,0,0,1,16,1,11.488979016880469,shop_total_revenue,Выручка магазина,baseline_hgb_v2
2023-12-05 16:00:00,3,Татнефть-АЗС-004,0.0,156,1,0,0,16,1,-0.8861147215017066,shop_total_revenue,Выручка магазина,baseline_hgb_v2
2023-12-05 16:00:00,4,Татнефть-АЗС-005,0.0,72,0,0,1,16,1,0.5543430435564479,shop_total_revenue,Выручка магазина,baseline_hgb_v2
2023-12-05 17:00:00,0,Татнефть-АЗС-001,335.0,294,0,1,0,17,1,350.23233501578204,shop_total_revenue,Выручка магазина,baseline_hgb_v2
2023-12-05 17:00:00,1,Татнефть-АЗС-002,310.0,236,0,1,0,17,1,340.14078796635454,shop_total_revenue,Выручка магазина,baseline_hgb_v2
2023-12-05 17:00:00,2,Татнефть-АЗС-003,1031.0,656,0,0,1,17,1,1394.5735140952588,shop_total_revenue,Выручка магазина,baseline_hgb_v2
2023-12-05 17:00:00,3,Татнефть-АЗС-004,652.0,470,0,0,0,17,1,1003.6564404320407,shop_total_revenue,Выручка магазина,baseline_hgb_v2
2023-12-05 17:00:00,4,Татнефть-АЗС-005,231.0,195,0,0,1,17,1,197.48502170106602,shop_total_revenue,Выручка магазина,baseline_hgb_v2
2023-12-05 18:00:00,0,Татнефть-АЗС-001,616.0,308,1,1,0,18,1,360.5024051700366,shop_total_revenue,Выручка магазина,baseline_hgb_v2
2023-12-05 18:00:00,1,Татнефть-АЗС-002,298.0,246,0,1,0,18,1,344.88103166580436,shop_total_revenue,Выручка магазина,baseline_hgb_v2
2023-12-05 18:00:00,2,Татнефть-АЗС-003,1556.0,704,1,0,1,18,1,1600.6801406840425,shop_total_revenue,Выручка магазина,baseline_hgb_v2
2023-12-05 18:00:00,3,Татнефть-АЗС-004,608.0,427,0,0,0,18,1,763.2823843271501,shop_total_revenue,Выручка магазина,baseline_hgb_v2
2023-12-05 18:00:00,4,Татнефть-АЗС-005,0.0,132,0,0,1,18,1,4.613910830770407,shop_total_revenue,Выручка магазина,baseline_hgb_v2
2023-12-05 19:00:00,0,Татнефть-АЗС-001,981.0,453,0,1,0,19,1,896.3665960071562,shop_total_revenue,Выручка магазина,baseline_hgb_v2
2023-12-05 19:00:00,1,Татнефть-АЗС-002,320.0,216,1,1,0,19,1,297.1259376894202,shop_total_revenue,Выручка магазина,baseline_hgb_v2
2023-12-05 19:00:00,2,Татнефть-АЗС-003,1116.0,570,0,0,1,19,1,1272.755996808531,shop_total_revenue,Выручка магазина,baseline_hgb_v2
2023-12-05 19:00:00,3,Татнефть-АЗС-004,629.0,435,0,0,0,19,1,821.337609580757,shop_total_revenue,Выручка магазина,baseline_hgb_v2
2023-12-05 19:00:00,4,Татнефть-АЗС-005,228.0,229,0,0,1,19,1,253.60207645240388,shop_total_revenue,Выручка магазина,baseline_hgb_v2
2023-12-05 20:00:00,0,Татнефть-АЗС-001,0.0,124,0,1,0,20,1,0.1679973169074086,shop_total_revenue,Выручка магазина,baseline_hgb_v2
2023-12-05 20:00:00,1,Татнефть-АЗС-002,0.0,100,1,1,0,20,1,0.7365719514590761,shop_total_revenue,Выручка магазина,baseline_hgb_v2
2023-12-05 20:00:00,2,Татнефть-АЗС-003,0.0,210,0,0,1,20,1,14.387056832451753,shop_total_revenue,Выручка магазина,baseline_hgb_v2
2023-12-05 20:00:00,3,Татнефть-АЗС-004,0.0,135,0,0,0,20,1,-0.2811882014969619,shop_total_revenue,Выручка магазина,baseline_hgb_v2
2023-12-05 20:00:00,4,Татнефть-АЗС-005,0.0,49,0,0,1,20,1,-0.027540679108606095,shop_total_revenue,Выручка магазина,baseline_hgb_v2
2023-12-05 21:00:00,0,Татнефть-АЗС-001,0.0,101,1,1,0,21,1,0.23800871385832292,shop_total_revenue,Выручка магазина,baseline_hgb_v2
2023-12-05 21:00:00,1,Татнефть-АЗС-002,0.0,56,1,1,0,21,1,0.15468822879402203,shop_total_revenue,Выручка магазина,baseline_hgb_v2
2023-12-05 21:00:00,2,Татнефть-АЗС-003,0.0,139,1,0,1,21,1,-4.6523583677430675,shop_total_revenue,Выручка магазина,baseline_hgb_v2
2023-12-05 21:00:00,3,Татнефть-АЗС-004,0.0,155,0,0,0,21,1,-1.0960358622062796,shop_total_revenue,Выручка магазина,baseline_hgb_v2
2023-12-05 21:00:00,4,Татнефть-АЗС-005,0.0,48,0,0,1,21,1,-0.027540679108606095,shop_total_revenue,Выручка магазина,baseline_hgb_v2
2023-12-05 22:00:00,0,Татнефть-АЗС-001,0.0,28,0,1,0,22,1,0.7365719514590761,shop_total_revenue,Выручка магазина,baseline_hgb_v2
2023-12-05 22:00:00,1,Татнефть-АЗС-002,0.0,16,0,1,0,22,1,0.7365719514590761,shop_total_revenue,Выручка магазина,baseline_hgb_v2
2023-12-05 22:00:00,2,Татнефть-АЗС-003,0.0,29,0,0,1,22,1,0.5543430435564479,shop_total_revenue,Выручка магазина,baseline_hgb_v2
2023-12-05 22:00:00,3,Татнефть-АЗС-004,0.0,21,1,0,0,22,1,-0.1708073667422741,shop_total_revenue,Выручка магазина,baseline_hgb_v2
2023-12-05 22:00:00,4,Татнефть-АЗС-005,0.0,14,1,0,1,22,1,0.5543430435564479,shop_total_revenue,Выручка магазина,baseline_hgb_v2
2023-12-05 23:00:00,0,Татнефть-АЗС-001,0.0,31,0,1,0,23,1,0.7365719514590761,shop_total_revenue,Выручка магазина,baseline_hgb_v2
2023-12-05 23:00:00,1,Татнефть-АЗС-002,0.0,16,0,1,0,23,1,0.7498810395724627,shop_total_revenue,Выручка магазина,baseline_hgb_v2
2023-12-05 23:00:00,2,Татнефть-АЗС-003,0.0,24,0,0,1,23,1,-0.027540679108606095,shop_total_revenue,Выручка магазина,baseline_hgb_v2
2023-12-05 23:00:00,3,Татнефть-АЗС-004,0.0,32,1,0,0,23,1,0.41107635592277986,shop_total_revenue,Выручка магазина,baseline_hgb_v2
2023-12-05 23:00:00,4,Татнефть-АЗС-005,0.0,15,1,0,1,23,1,0.5543430435564479,shop_total_revenue,Выручка магазина,baseline_hgb_v2
2023-12-06 00:00:00,0,Татнефть-АЗС-001,0.0,22,0,1,0,0,2,0.08673581602778985,shop_total_revenue,Выручка магазина,baseline_hgb_v2
2023-12-06 00:00:00,1,Татнефть-АЗС-002,0.0,17,0,1,0,0,2,0.8084064919371308,shop_total_revenue,Выручка магазина,baseline_hgb_v2
2023-12-06 00:00:00,2,Татнефть-АЗС-003,0.0,32,1,0,1,0,2,0.6261775840345026,shop_total_revenue,Выручка магазина,baseline_hgb_v2
2023-12-06 00:00:00,3,Татнефть-АЗС-004,0.0,28,0,1,1,0,2,0.8084064919371308,shop_total_revenue,Выручка магазина,baseline_hgb_v2
2023-12-06 00:00:00,4,Татнефть-АЗС-005,0.0,10,1,0,1,0,2,-0.0954930918748383,shop_total_revenue,Выручка магазина,baseline_hgb_v2
2023-12-06 01:00:00,0,Татнефть-АЗС-001,0.0,19,0,1,0,1,2,0.4637681949759002,shop_total_revenue,Выручка магазина,baseline_hgb_v2
2023-12-06 01:00:00,1,Татнефть-АЗС-002,0.0,9,1,1,0,1,2,0.08673581602778985,shop_total_revenue,Выручка магазина,baseline_hgb_v2
2023-12-06 01:00:00,2,Татнефть-АЗС-003,0.0,31,0,0,1,1,2,0.6261775840345026,shop_total_revenue,Выручка магазина,baseline_hgb_v2
2023-12-06 01:00:00,3,Татнефть-АЗС-004,0.0,34,0,1,1,1,2,0.8084064919371308,shop_total_revenue,Выручка магазина,baseline_hgb_v2
2023-12-06 01:00:00,4,Татнефть-АЗС-005,0.0,9,0,0,1,1,2,0.2815392870732721,shop_total_revenue,Выручка магазина,baseline_hgb_v2
2023-12-06 02:00:00,0,Татнефть-АЗС-001,0.0,23,1,1,0,2,2,0.8084064919371308,shop_total_revenue,Выручка магазина,baseline_hgb_v2
2023-12-06 02:00:00,1,Татнефть-АЗС-002,0.0,13,0,1,0,2,2,0.8084064919371308,shop_total_revenue,Выручка магазина,baseline_hgb_v2
2023-12-06 02:00:00,2,Татнефть-АЗС-003,0.0,20,1,0,1,2,2,-0.0954930918748383,shop_total_revenue,Выручка магазина,baseline_hgb_v2
2023-12-06 02:00:00,3,Татнефть-АЗС-004,0.0,34,1,1,1,2,2,0.8084064919371308,shop_total_revenue,Выручка магазина,baseline_hgb_v2
2023-12-06 02:00:00,4,Татнефть-АЗС-005,0.0,10,0,0,1,2,2,-0.0954930918748383,shop_total_revenue,Выручка магазина,baseline_hgb_v2
2023-12-06 03:00:00,0,Татнефть-АЗС-001,0.0,31,0,1,0,3,2,0.8084064919371308,shop_total_revenue,Выручка магазина,baseline_hgb_v2
2023-12-06 03:00:00,1,Татнефть-АЗС-002,0.0,10,1,1,0,3,2,0.08673581602778985,shop_total_revenue,Выручка магазина,baseline_hgb_v2
2023-12-06 03:00:00,2,Татнефть-АЗС-003,0.0,27,0,0,1,3,2,0.6261775840345026,shop_total_revenue,Выручка магазина,baseline_hgb_v2
2023-12-06 03:00:00,3,Татнефть-АЗС-004,0.0,29,0,1,1,3,2,0.8084064919371308,shop_total_revenue,Выручка магазина,baseline_hgb_v2
2023-12-06 03:00:00,4,Татнефть-АЗС-005,0.0,9,1,0,1,3,2,-0.0954930918748383,shop_total_revenue,Выручка магазина,baseline_hgb_v2
2023-12-06 04:00:00,0,Татнефть-АЗС-001,0.0,31,1,1,0,4,2,0.8084064919371308,shop_total_revenue,Выручка магазина,baseline_hgb_v2
2023-12-06 04:00:00,1,Татнефть-АЗС-002,0.0,16,0,1,0,4,2,0.8084064919371308,shop_total_revenue,Выручка магазина,baseline_hgb_v2
2023-12-06 04:00:00,2,Татнефть-АЗС-003,0.0,29,1,0,1,4,2,0.6261775840345026,shop_total_revenue,Выручка магазина,baseline_hgb_v2
2023-12-06 04:00:00,3,Татнефть-АЗС-004,0.0,19,0,1,1,4,2,0.08673581602778985,shop_total_revenue,Выручка магазина,baseline_hgb_v2
2023-12-06 04:00:00,4,Татнефть-АЗС-005,0.0,14,0,0,1,4,2,0.6261775840345026,shop_total_revenue,Выручка магазина,baseline_hgb_v2
2023-12-06 05:00:00,0,Татнефть-АЗС-001,0.0,23,0,1,0,5,2,0.17005630109209072,shop_total_revenue,Выручка магазина,baseline_hgb_v2
2023-12-06 05:00:00,1,Татнефть-АЗС-002,0.0,14,0,1,0,5,2,0.8084064919371308,shop_total_revenue,Выручка магазина,baseline_hgb_v2
2023-12-06 05:00:00,2,Татнефть-АЗС-003,0.0,22,1,0,1,5,2,-0.0954930918748383,shop_total_revenue,Выручка магазина,baseline_hgb_v2
2023-12-06 05:00:00,3,Татнефть-АЗС-004,0.0,20,0,1,1,5,2,0.08673581602778985,shop_total_revenue,Выручка магазина,baseline_hgb_v2
2023-12-06 05:00:00,4,Татнефть-АЗС-005,0.0,15,0,0,1,5,2,0.6261775840345026,shop_total_revenue,Выручка магазина,baseline_hgb_v2
2023-12-06 06:00:00,0,Татнефть-АЗС-001,0.0,102,1,1,0,6,2,0.08673581602778985,shop_total_revenue,Выручка магазина,baseline_hgb_v2
2023-12-06 06:00:00,1,Татнефть-АЗС-002,0.0,80,1,1,0,6,2,0.8084064919371308,shop_total_revenue,Выручка магазина,baseline_hgb_v2
2023-12-06 06:00:00,2,Татнефть-АЗС-003,0.0,151,1,0,1,6,2,-6.225859680536315,shop_total_revenue,Выручка магазина,baseline_hgb_v2
2023-12-06 06:00:00,3,Татнефть-АЗС-004,0.0,170,1,1,1,6,2,8.743620143778386,shop_total_revenue,Выручка магазина,baseline_hgb_v2
2023-12-06 06:00:00,4,Татнефть-АЗС-005,0.0,100,1,0,1,6,2,0.6261775840345026,shop_total_revenue,Выручка магазина,baseline_hgb_v2
2023-12-06 07:00:00,0,Татнефть-АЗС-001,641.0,394,0,1,0,7,2,726.3738343311928,shop_total_revenue,Выручка магазина,baseline_hgb_v2
2023-12-06 07:00:00,1,Татнефть-АЗС-002,0.0,148,0,1,0,7,2,33.12997819366041,shop_total_revenue,Выручка магазина,baseline_hgb_v2
2023-12-06 07:00:00,2,Татнефть-АЗС-003,365.0,269,0,0,1,7,2,271.99654433487177,shop_total_revenue,Выручка магазина,baseline_hgb_v2
2023-12-06 07:00:00,3,Татнефть-АЗС-004,716.0,412,0,1,1,7,2,627.0293887461668,shop_total_revenue,Выручка магазина,baseline_hgb_v2
2023-12-06 07:00:00,4,Татнефть-АЗС-005,237.0,262,0,0,1,7,2,281.05678938927946,shop_total_revenue,Выручка магазина,baseline_hgb_v2
2023-12-06 08:00:00,0,Татнефть-АЗС-001,320.0,278,0,1,0,8,2,350.56744022607313,shop_total_revenue,Выручка магазина,baseline_hgb_v2
2023-12-06 08:00:00,1,Татнефть-АЗС-002,303.0,179,1,1,0,8,2,251.8685733621351,shop_total_revenue,Выручка магазина,baseline_hgb_v2
2023-12-06 08:00:00,2,Татнефть-АЗС-003,380.0,259,1,0,1,8,2,265.83291667108864,shop_total_revenue,Выручка магазина,baseline_hgb_v2
2023-12-06 08:00:00,3,Татнефть-АЗС-004,1460.0,585,0,1,1,8,2,1196.8728415949047,shop_total_revenue,Выручка магазина,baseline_hgb_v2
2023-12-06 08:00:00,4,Татнефть-АЗС-005,259.0,276,1,0,1,8,2,313.7400044489015,shop_total_revenue,Выручка магазина,baseline_hgb_v2
2023-12-06 09:00:00,0,Татнефть-АЗС-001,959.0,413,0,1,0,9,2,792.044395350131,shop_total_revenue,Выручка магазина,baseline_hgb_v2
2023-12-06 09:00:00,1,Татнефть-АЗС-002,0.0,118,0,1,0,9,2,2.4772783183660874,shop_total_revenue,Выручка магазина,baseline_hgb_v2
2023-12-06 09:00:00,2,Татнефть-АЗС-003,376.0,362,0,0,1,9,2,687.5429424400568,shop_total_revenue,Выручка магазина,baseline_hgb_v2
2023-12-06 09:00:00,3,Татнефть-АЗС-004,360.0,356,0,1,1,9,2,473.0025055354479,shop_total_revenue,Выручка магазина,baseline_hgb_v2
2023-12-06 09:00:00,4,Татнефть-АЗС-005,235.0,300,1,0,1,9,2,351.5838949709763,shop_total_revenue,Выручка магазина,baseline_hgb_v2
2023-12-06 10:00:00,0,Татнефть-АЗС-001,0.0,140,1,1,0,10,2,-2.8325278516379186,shop_total_revenue,Выручка магазина,baseline_hgb_v2
2023-12-06 10:00:00,1,Татнефть-АЗС-002,0.0,53,1,1,0,10,2,0.32531422274760874,shop_total_revenue,Выручка магазина,baseline_hgb_v2
2023-12-06 10:00:00,2,Татнефть-АЗС-003,0.0,111,1,0,1,10,2,-0.0954930918748383,shop_total_revenue,Выручка магазина,baseline_hgb_v2
2023-12-06 10:00:00,3,Татнефть-АЗС-004,0.0,209,0,1,1,10,2,18.89777862446311,shop_total_revenue,Выручка магазина,baseline_hgb_v2
2023-12-06 10:00:00,4,Татнефть-АЗС-005,0.0,116,0,0,1,10,2,0.6261775840345026,shop_total_revenue,Выручка магазина,baseline_hgb_v2
2023-12-06 11:00:00,0,Татнефть-АЗС-001,0.0,108,1,1,0,11,2,0.08673581602778985,shop_total_revenue,Выручка магазина,baseline_hgb_v2
2023-12-06 11:00:00,1,Татнефть-АЗС-002,0.0,73,0,1,0,11,2,0.8084064919371308,shop_total_revenue,Выручка магазина,baseline_hgb_v2
2023-12-06 11:00:00,2,Татнефть-АЗС-003,0.0,114,0,0,1,11,2,-0.0954930918748383,shop_total_revenue,Выручка магазина,baseline_hgb_v2
2023-12-06 11:00:00,3,Татнефть-АЗС-004,0.0,110,0,1,1,11,2,0.08673581602778985,shop_total_revenue,Выручка магазина,baseline_hgb_v2
2023-12-06 11:00:00,4,Татнефть-АЗС-005,0.0,77,0,0,1,11,2,0.6261775840345026,shop_total_revenue,Выручка магазина,baseline_hgb_v2
2023-12-06 12:00:00,0,Татнефть-АЗС-001,0.0,158,0,1,0,12,2,118.80364017847484,shop_total_revenue,Выручка магазина,baseline_hgb_v2
2023-12-06 12:00:00,1,Татнефть-АЗС-002,0.0,49,0,1,0,12,2,0.2761047092240636,shop_total_revenue,Выручка магазина,baseline_hgb_v2
2023-12-06 12:00:00,2,Татнефть-АЗС-003,0.0,143,1,0,1,12,2,12.140040288191694,shop_total_revenue,Выручка магазина,baseline_hgb_v2
2023-12-06 12:00:00,3,Татнефть-АЗС-004,0.0,103,1,1,1,12,2,0.2761047092240636,shop_total_revenue,Выручка магазина,baseline_hgb_v2
2023-12-06 12:00:00,4,Татнефть-АЗС-005,0.0,46,1,0,1,12,2,0.09387580132143551,shop_total_revenue,Выручка магазина,baseline_hgb_v2
2023-12-06 13:00:00,0,Татнефть-АЗС-001,0.0,116,1,1,0,13,2,2.328713619839775,shop_total_revenue,Выручка магазина,baseline_hgb_v2
2023-12-06 13:00:00,1,Татнефть-АЗС-002,0.0,69,0,1,0,13,2,1.0755284244516075,shop_total_revenue,Выручка магазина,baseline_hgb_v2
2023-12-06 13:00:00,2,Татнефть-АЗС-003,0.0,135,1,0,1,13,2,-5.541287908422894,shop_total_revenue,Выручка магазина,baseline_hgb_v2
2023-12-06 13:00:00,3,Татнефть-АЗС-004,0.0,153,1,1,1,13,2,84.98001403833099,shop_total_revenue,Выручка магазина,baseline_hgb_v2
2023-12-06 13:00:00,4,Татнефть-АЗС-005,0.0,68,1,0,1,13,2,0.8932995165489797,shop_total_revenue,Выручка магазина,baseline_hgb_v2
2023-12-06 14:00:00,0,Татнефть-АЗС-001,0.0,111,1,1,0,14,2,2.328713619839775,shop_total_revenue,Выручка магазина,baseline_hgb_v2
2023-12-06 14:00:00,1,Татнефть-АЗС-002,0.0,52,0,1,0,14,2,0.2761047092240636,shop_total_revenue,Выручка магазина,baseline_hgb_v2
2023-12-06 14:00:00,2,Татнефть-АЗС-003,0.0,146,0,0,1,14,2,17.965095484395086,shop_total_revenue,Выручка магазина,baseline_hgb_v2
2023-12-06 14:00:00,3,Татнефть-АЗС-004,0.0,97,0,1,1,14,2,0.2761047092240636,shop_total_revenue,Выручка магазина,baseline_hgb_v2
2023-12-06 14:00:00,4,Татнефть-АЗС-005,0.0,47,1,0,1,14,2,0.09387580132143551,shop_total_revenue,Выручка магазина,baseline_hgb_v2
2023-12-06 15:00:00,0,Татнефть-АЗС-001,0.0,100,0,1,0,15,2,0.15468822879402203,shop_total_revenue,Выручка магазина,baseline_hgb_v2
2023-12-06 15:00:00,1,Татнефть-АЗС-002,0.0,75,1,1,0,15,2,0.7365719514590761,shop_total_revenue,Выручка магазина,baseline_hgb_v2
2023-12-06 15:00:00,2,Татнефть-АЗС-003,0.0,85,1,0,1,15,2,0.29302523165951816,shop_total_revenue,Выручка магазина,baseline_hgb_v2
2023-12-06 15:00:00,3,Татнефть-АЗС-004,0.0,160,0,1,1,15,2,3.6556087559357953,shop_total_revenue,Выручка магазина,baseline_hgb_v2
2023-12-06 15:00:00,4,Татнефть-АЗС-005,0.0,45,0,0,1,15,2,-0.027540679108606095,shop_total_revenue,Выручка магазина,baseline_hgb_v2
2023-12-06 16:00:00,0,Татнефть-АЗС-001,0.0,118,0,1,0,16,2,0.23800871385832292,shop_total_revenue,Выручка магазина,baseline_hgb_v2
2023-12-06 16:00:00,1,Татнефть-АЗС-002,0.0,106,0,1,0,16,2,0.7365719514590761,shop_total_revenue,Выручка магазина,baseline_hgb_v2
2023-12-06 16:00:00,2,Татнефть-АЗС-003,0.0,159,1,0,1,16,2,6.798050971496596,shop_total_revenue,Выручка магазина,baseline_hgb_v2
2023-12-06 16:00:00,3,Татнефть-АЗС-004,0.0,97,1,1,1,16,2,0.15468822879402203,shop_total_revenue,Выручка магазина,baseline_hgb_v2
2023-12-06 16:00:00,4,Татнефть-АЗС-005,0.0,78,0,0,1,16,2,0.5543430435564479,shop_total_revenue,Выручка магазина,baseline_hgb_v2
2023-12-06 17:00:00,0,Татнефть-АЗС-001,648.0,413,1,1,0,17,2,801.0518367719264,shop_total_revenue,Выручка магазина,baseline_hgb_v2
2023-12-06 17:00:00,1,Татнефть-АЗС-002,597.0,297,1,1,0,17,2,516.7256796360781,shop_total_revenue,Выручка магазина,baseline_hgb_v2
2023-12-06 17:00:00,2,Татнефть-АЗС-003,716.0,638,0,0,1,17,2,1361.832261258161,shop_total_revenue,Выручка магазина,baseline_hgb_v2
2023-12-06 17:00:00,3,Татнефть-АЗС-004,717.0,321,0,1,1,17,2,350.72029205578025,shop_total_revenue,Выручка магазина,baseline_hgb_v2
2023-12-06 17:00:00,4,Татнефть-АЗС-005,252.0,210,0,0,1,17,2,216.74419132677008,shop_total_revenue,Выручка магазина,baseline_hgb_v2
2023-12-06 18:00:00,0,Татнефть-АЗС-001,321.0,276,0,1,0,18,2,332.07874035262785,shop_total_revenue,Выручка магазина,baseline_hgb_v2
2023-12-06 18:00:00,1,Татнефть-АЗС-002,321.0,223,0,1,0,18,2,298.8194462154173,shop_total_revenue,Выручка магазина,baseline_hgb_v2
2023-12-06 18:00:00,2,Татнефть-АЗС-003,732.0,402,1,0,1,18,2,661.1549358132007,shop_total_revenue,Выручка магазина,baseline_hgb_v2
2023-12-06 18:00:00,3,Татнефть-АЗС-004,378.0,278,0,1,1,18,2,280.33188336147225,shop_total_revenue,Выручка магазина,baseline_hgb_v2
2023-12-06 18:00:00,4,Татнефть-АЗС-005,235.0,201,0,0,1,18,2,204.24843081146338,shop_total_revenue,Выручка магазина,baseline_hgb_v2
2023-12-06 19:00:00,0,Татнефть-АЗС-001,993.0,501,0,1,0,19,2,1051.7874699776194,shop_total_revenue,Выручка магазина,baseline_hgb_v2
2023-12-06 19:00:00,1,Татнефть-АЗС-002,617.0,300,0,1,0,19,2,503.6341148695092,shop_total_revenue,Выручка магазина,baseline_hgb_v2
2023-12-06 19:00:00,2,Татнефть-АЗС-003,358.0,451,0,0,1,19,2,710.8630022127078,shop_total_revenue,Выручка магазина,baseline_hgb_v2
2023-12-06 19:00:00,3,Татнефть-АЗС-004,1108.0,451,0,1,1,19,2,896.1093231773679,shop_total_revenue,Выручка магазина,baseline_hgb_v2
2023-12-06 19:00:00,4,Татнефть-АЗС-005,0.0,144,1,0,1,19,2,6.7580523956948975,shop_total_revenue,Выручка магазина,baseline_hgb_v2
2023-12-06 20:00:00,0,Татнефть-АЗС-001,0.0,109,0,1,0,20,2,0.15468822879402203,shop_total_revenue,Выручка магазина,baseline_hgb_v2
2023-12-06 20:00:00,1,Татнефть-АЗС-002,0.0,73,0,1,0,20,2,0.15468822879402203,shop_total_revenue,Выручка магазина,baseline_hgb_v2
2023-12-06 20:00:00,2,Татнефть-АЗС-003,343.0,264,1,0,1,20,2,159.6823144051396,shop_total_revenue,Выручка магазина,baseline_hgb_v2
2023-12-06 20:00:00,3,Татнефть-АЗС-004,0.0,153,0,1,1,20,2,-3.4300232729113387,shop_total_revenue,Выручка магазина,baseline_hgb_v2
2023-12-06 20:00:00,4,Татнефть-АЗС-005,0.0,65,0,0,1,20,2,0.5543430435564479,shop_total_revenue,Выручка магазина,baseline_hgb_v2
2023-12-06 21:00:00,0,Татнефть-АЗС-001,0.0,146,1,1,0,21,2,1.7978798924019819,shop_total_revenue,Выручка магазина,baseline_hgb_v2
2023-12-06 21:00:00,1,Татнефть-АЗС-002,0.0,66,1,1,0,21,2,0.7365719514590761,shop_total_revenue,Выручка магазина,baseline_hgb_v2
2023-12-06 21:00:00,2,Татнефть-АЗС-003,0.0,140,0,0,1,21,2,-4.6523583677430675,shop_total_revenue,Выручка магазина,baseline_hgb_v2
2023-12-06 21:00:00,3,Татнефть-АЗС-004,0.0,99,0,1,1,21,2,0.3919336544978454,shop_total_revenue,Выручка магазина,baseline_hgb_v2
2023-12-06 21:00:00,4,Татнефть-АЗС-005,0.0,52,0,0,1,21,2,0.5543430435564479,shop_total_revenue,Выручка магазина,baseline_hgb_v2
2023-12-06 22:00:00,0,Татнефть-АЗС-001,0.0,35,0,1,0,22,2,0.7365719514590761,shop_total_revenue,Выручка магазина,baseline_hgb_v2
2023-12-06 22:00:00,1,Татнефть-АЗС-002,0.0,14,0,1,0,22,2,0.7365719514590761,shop_total_revenue,Выручка магазина,baseline_hgb_v2
2023-12-06 22:00:00,2,Татнефть-АЗС-003,0.0,34,1,0,1,22,2,0.5543430435564479,shop_total_revenue,Выручка магазина,baseline_hgb_v2
2023-12-06 22:00:00,3,Татнефть-АЗС-004,0.0,35,0,1,1,22,2,0.7365719514590761,shop_total_revenue,Выручка магазина,baseline_hgb_v2
2023-12-06 22:00:00,4,Татнефть-АЗС-005,0.0,10,1,0,1,22,2,-0.027540679108606095,shop_total_revenue,Выручка магазина,baseline_hgb_v2
2023-12-06 23:00:00,0,Татнефть-АЗС-001,0.0,34,1,1,0,23,2,0.7365719514590761,shop_total_revenue,Выручка магазина,baseline_hgb_v2
2023-12-06 23:00:00,1,Татнефть-АЗС-002,0.0,11,1,1,0,23,2,0.15468822879402203,shop_total_revenue,Выручка магазина,baseline_hgb_v2
2023-12-06 23:00:00,2,Татнефть-АЗС-003,0.0,29,0,0,1,23,2,0.5543430435564479,shop_total_revenue,Выручка магазина,baseline_hgb_v2
2023-12-06 23:00:00,3,Татнефть-АЗС-004,0.0,21,0,1,1,23,2,0.15468822879402203,shop_total_revenue,Выручка магазина,baseline_hgb_v2
2023-12-06 23:00:00,4,Татнефть-АЗС-005,0.0,15,0,0,1,23,2,0.5543430435564479,shop_total_revenue,Выручка магазина,baseline_hgb_v2
2023-12-07 00:00:00,0,Татнефть-АЗС-001,0.0,21,0,1,0,0,3,0.08673581602778985,shop_total_revenue,Выручка магазина,baseline_hgb_v2
2023-12-07 00:00:00,1,Татнефть-АЗС-002,0.0,10,0,1,0,0,3,0.08673581602778985,shop_total_revenue,Выручка магазина,baseline_hgb_v2
2023-12-07 00:00:00,2,Татнефть-АЗС-003,0.0,28,1,0,1,0,3,0.6261775840345026,shop_total_revenue,Выручка магазина,baseline_hgb_v2
2023-12-07 00:00:00,3,Татнефть-АЗС-004,0.0,24,0,1,1,0,3,0.08673581602778985,shop_total_revenue,Выручка магазина,baseline_hgb_v2
2023-12-07 00:00:00,4,Татнефть-АЗС-005,0.0,11,0,0,1,0,3,-0.0954930918748383,shop_total_revenue,Выручка магазина,baseline_hgb_v2
2023-12-07 01:00:00,0,Татнефть-АЗС-001,0.0,23,0,1,0,1,3,0.08673581602778985,shop_total_revenue,Выручка магазина,baseline_hgb_v2
2023-12-07 01:00:00,1,Татнефть-АЗС-002,0.0,14,0,1,0,1,3,0.8084064919371308,shop_total_revenue,Выручка магазина,baseline_hgb_v2
2023-12-07 01:00:00,2,Татнефть-АЗС-003,0.0,32,1,0,1,1,3,0.6261775840345026,shop_total_revenue,Выручка магазина,baseline_hgb_v2
2023-12-07 01:00:00,3,Татнефть-АЗС-004,0.0,27,0,1,1,1,3,0.8084064919371308,shop_total_revenue,Выручка магазина,baseline_hgb_v2
2023-12-07 01:00:00,4,Татнефть-АЗС-005,0.0,15,1,0,1,1,3,0.6261775840345026,shop_total_revenue,Выручка магазина,baseline_hgb_v2
2023-12-07 02:00:00,0,Татнефть-АЗС-001,0.0,29,0,1,0,2,3,0.8084064919371308,shop_total_revenue,Выручка магазина,baseline_hgb_v2
2023-12-07 02:00:00,1,Татнефть-АЗС-002,0.0,15,1,1,0,2,3,0.8084064919371308,shop_total_revenue,Выручка магазина,baseline_hgb_v2
2023-12-07 02:00:00,2,Татнефть-АЗС-003,0.0,37,0,0,1,2,3,0.6261775840345026,shop_total_revenue,Выручка магазина,baseline_hgb_v2
2023-12-07 02:00:00,3,Татнефть-АЗС-004,0.0,22,0,1,1,2,3,0.08673581602778985,shop_total_revenue,Выручка магазина,baseline_hgb_v2
2023-12-07 02:00:00,4,Татнефть-АЗС-005,0.0,15,0,0,1,2,3,0.6261775840345026,shop_total_revenue,Выручка магазина,baseline_hgb_v2
2023-12-07 03:00:00,0,Татнефть-АЗС-001,0.0,29,0,1,0,3,3,0.8084064919371308,shop_total_revenue,Выручка магазина,baseline_hgb_v2
2023-12-07 03:00:00,1,Татнефть-АЗС-002,0.0,14,0,1,0,3,3,0.8084064919371308,shop_total_revenue,Выручка магазина,baseline_hgb_v2
2023-12-07 03:00:00,2,Татнефть-АЗС-003,0.0,32,0,0,1,3,3,0.6261775840345026,shop_total_revenue,Выручка магазина,baseline_hgb_v2
2023-12-07 03:00:00,3,Татнефть-АЗС-004,0.0,21,0,1,1,3,3,0.08673581602778985,shop_total_revenue,Выручка магазина,baseline_hgb_v2
2023-12-07 03:00:00,4,Татнефть-АЗС-005,0.0,14,1,0,1,3,3,0.6261775840345026,shop_total_revenue,Выручка магазина,baseline_hgb_v2
2023-12-07 04:00:00,0,Татнефть-АЗС-001,0.0,30,1,1,0,4,3,0.8084064919371308,shop_total_revenue,Выручка магазина,baseline_hgb_v2
2023-12-07 04:00:00,1,Татнефть-АЗС-002,0.0,10,0,1,0,4,3,0.08673581602778985,shop_total_revenue,Выручка магазина,baseline_hgb_v2
2023-12-07 04:00:00,2,Татнефть-АЗС-003,0.0,29,0,0,1,4,3,0.6261775840345026,shop_total_revenue,Выручка магазина,baseline_hgb_v2
2023-12-07 04:00:00,3,Татнефть-АЗС-004,0.0,23,1,1,1,4,3,0.4637681949759002,shop_total_revenue,Выручка магазина,baseline_hgb_v2
2023-12-07 04:00:00,4,Татнефть-АЗС-005,0.0,14,1,0,1,4,3,0.6261775840345026,shop_total_revenue,Выручка магазина,baseline_hgb_v2
2023-12-07 05:00:00,0,Татнефть-АЗС-001,0.0,31,0,1,0,5,3,0.8084064919371308,shop_total_revenue,Выручка магазина,baseline_hgb_v2
2023-12-07 05:00:00,1,Татнефть-АЗС-002,0.0,11,0,1,0,5,3,0.32531422274760874,shop_total_revenue,Выручка магазина,baseline_hgb_v2
2023-12-07 05:00:00,2,Татнефть-АЗС-003,0.0,28,0,0,1,5,3,0.6261775840345026,shop_total_revenue,Выручка магазина,baseline_hgb_v2
2023-12-07 05:00:00,3,Татнефть-АЗС-004,0.0,30,0,1,1,5,3,0.8084064919371308,shop_total_revenue,Выручка магазина,baseline_hgb_v2
2023-12-07 05:00:00,4,Татнефть-АЗС-005,0.0,11,0,0,1,5,3,-0.0954930918748383,shop_total_revenue,Выручка магазина,baseline_hgb_v2
2023-12-07 06:00:00,0,Татнефть-АЗС-001,0.0,143,1,1,0,6,3,-2.471080322353847,shop_total_revenue,Выручка магазина,baseline_hgb_v2
2023-12-07 06:00:00,1,Татнефть-АЗС-002,0.0,50,0,1,0,6,3,0.08673581602778985,shop_total_revenue,Выручка магазина,baseline_hgb_v2
2023-12-07 06:00:00,2,Татнефть-АЗС-003,0.0,83,0,0,1,6,3,-0.0954930918748383,shop_total_revenue,Выручка магазина,baseline_hgb_v2
2023-12-07 06:00:00,3,Татнефть-АЗС-004,0.0,163,0,1,1,6,3,11.285624115538592,shop_total_revenue,Выручка магазина,baseline_hgb_v2
2023-12-07 06:00:00,4,Татнефть-АЗС-005,0.0,106,0,0,1,6,3,0.6261775840345026,shop_total_revenue,Выручка магазина,baseline_hgb_v2
2023-12-07 07:00:00,0,Татнефть-АЗС-001,605.0,326,0,1,0,7,3,501.126005448725,shop_total_revenue,Выручка магазина,baseline_hgb_v2
2023-12-07 07:00:00,1,Татнефть-АЗС-002,309.0,193,0,1,0,7,3,305.7979846752892,shop_total_revenue,Выручка магазина,baseline_hgb_v2
2023-12-07 07:00:00,2,Татнефть-АЗС-003,736.0,375,1,0,1,7,3,718.0976180631576,shop_total_revenue,Выручка магазина,baseline_hgb_v2
2023-12-07 07:00:00,3,Татнефть-АЗС-004,1379.0,600,1,1,1,7,3,1269.817938704766,shop_total_revenue,Выручка магазина,baseline_hgb_v2
2023-12-07 07:00:00,4,Татнефть-АЗС-005,244.0,300,0,0,1,7,3,352.8970485725374,shop_total_revenue,Выручка магазина,baseline_hgb_v2
2023-12-07 08:00:00,0,Татнефть-АЗС-001,951.0,357,1,1,0,8,3,666.186193936151,shop_total_revenue,Выручка магазина,baseline_hgb_v2
2023-12-07 08:00:00,1,Татнефть-АЗС-002,311.0,201,0,1,0,8,3,314.8004968605829,shop_total_revenue,Выручка магазина,baseline_hgb_v2
2023-12-07 08:00:00,2,Татнефть-АЗС-003,354.0,300,0,0,1,8,3,334.38978983284204,shop_total_revenue,Выручка магазина,baseline_hgb_v2
2023-12-07 08:00:00,3,Татнефть-АЗС-004,718.0,458,1,1,1,8,3,710.3683922397305,shop_total_revenue,Выручка магазина,baseline_hgb_v2
2023-12-07 08:00:00,4,Татнефть-АЗС-005,241.0,296,0,0,1,8,3,326.31161053042297,shop_total_revenue,Выручка магазина,baseline_hgb_v2
2023-12-07 09:00:00,0,Татнефть-АЗС-001,321.0,245,0,1,0,9,3,309.8445950974088,shop_total_revenue,Выручка магазина,baseline_hgb_v2
2023-12-07 09:00:00,1,Татнефть-АЗС-002,321.0,170,1,1,0,9,3,251.3530790917278,shop_total_revenue,Выручка магазина,baseline_hgb_v2
2023-12-07 09:00:00,2,Татнефть-АЗС-003,358.0,275,1,0,1,9,3,290.73317766569124,shop_total_revenue,Выручка магазина,baseline_hgb_v2
2023-12-07 09:00:00,3,Татнефть-АЗС-004,1095.0,477,0,1,1,9,3,972.5942462477867,shop_total_revenue,Выручка магазина,baseline_hgb_v2
2023-12-07 09:00:00,4,Татнефть-АЗС-005,0.0,181,0,0,1,9,3,126.71228633380257,shop_total_revenue,Выручка магазина,baseline_hgb_v2
2023-12-07 10:00:00,0,Татнефть-АЗС-001,0.0,156,0,1,0,10,3,1.0358256237235504,shop_total_revenue,Выручка магазина,baseline_hgb_v2
2023-12-07 10:00:00,1,Татнефть-АЗС-002,0.0,55,0,1,0,10,3,0.08673581602778985,shop_total_revenue,Выручка магазина,baseline_hgb_v2
2023-12-07 10:00:00,2,Татнефть-АЗС-003,0.0,111,0,0,1,10,3,-0.0954930918748383,shop_total_revenue,Выручка магазина,baseline_hgb_v2
2023-12-07 10:00:00,3,Татнефть-АЗС-004,0.0,163,0,1,1,10,3,4.354517210859552,shop_total_revenue,Выручка магазина,baseline_hgb_v2
2023-12-07 10:00:00,4,Татнефть-АЗС-005,0.0,109,0,0,1,10,3,0.6261775840345026,shop_total_revenue,Выручка магазина,baseline_hgb_v2
2023-12-07 11:00:00,0,Татнефть-АЗС-001,0.0,120,0,1,0,11,3,0.08673581602778985,shop_total_revenue,Выручка магазина,baseline_hgb_v2
2023-12-07 11:00:00,1,Татнефть-АЗС-002,0.0,47,0,1,0,11,3,0.08673581602778985,shop_total_revenue,Выручка магазина,baseline_hgb_v2
2023-12-07 11:00:00,2,Татнефть-АЗС-003,0.0,151,0,0,1,11,3,-6.225859680536315,shop_total_revenue,Выручка магазина,baseline_hgb_v2
2023-12-07 11:00:00,3,Татнефть-АЗС-004,0.0,153,1,1,1,11,3,-4.764647203580526,shop_total_revenue,Выручка магазина,baseline_hgb_v2
2023-12-07 11:00:00,4,Татнефть-АЗС-005,0.0,42,1,0,1,11,3,-0.0954930918748383,shop_total_revenue,Выручка магазина,baseline_hgb_v2
2023-12-07 12:00:00,0,Татнефть-АЗС-001,0.0,151,0,1,0,12,3,75.05041077474492,shop_total_revenue,Выручка магазина,baseline_hgb_v2
2023-12-07 12:00:00,1,Татнефть-АЗС-002,0.0,45,0,1,0,12,3,0.2761047092240636,shop_total_revenue,Выручка магазина,baseline_hgb_v2
2023-12-07 12:00:00,2,Татнефть-АЗС-003,0.0,146,0,0,1,12,3,17.326616953294042,shop_total_revenue,Выручка магазина,baseline_hgb_v2
2023-12-07 12:00:00,3,Татнефть-АЗС-004,0.0,156,1,1,1,12,3,114.52435469725908,shop_total_revenue,Выручка магазина,baseline_hgb_v2
2023-12-07 12:00:00,4,Татнефть-АЗС-005,0.0,77,0,0,1,12,3,0.8932995165489797,shop_total_revenue,Выручка магазина,baseline_hgb_v2
2023-12-07 13:00:00,0,Татнефть-АЗС-001,0.0,88,0,1,0,13,3,3.0382675552890976,shop_total_revenue,Выручка магазина,baseline_hgb_v2
2023-12-07 13:00:00,1,Татнефть-АЗС-002,0.0,43,1,1,0,13,3,0.2761047092240636,shop_total_revenue,Выручка магазина,baseline_hgb_v2
2023-12-07 13:00:00,2,Татнефть-АЗС-003,0.0,99,0,0,1,13,3,0.09387580132143551,shop_total_revenue,Выручка магазина,baseline_hgb_v2
2023-12-07 13:00:00,3,Татнефть-АЗС-004,0.0,112,0,1,1,13,3,0.2761047092240636,shop_total_revenue,Выручка магазина,baseline_hgb_v2
2023-12-07 13:00:00,4,Татнефть-АЗС-005,0.0,67,1,0,1,13,3,0.8932995165489797,shop_total_revenue,Выручка магазина,baseline_hgb_v2
2023-12-07 14:00:00,0,Татнефть-АЗС-001,0.0,104,0,1,0,14,3,2.328713619839775,shop_total_revenue,Выручка магазина,baseline_hgb_v2
2023-12-07 14:00:00,1,Татнефть-АЗС-002,0.0,54,1,1,0,14,3,0.2761047092240636,shop_total_revenue,Выручка магазина,baseline_hgb_v2
2023-12-07 14:00:00,2,Татнефть-АЗС-003,0.0,157,0,0,1,14,3,117.83393622829419,shop_total_revenue,Выручка магазина,baseline_hgb_v2
2023-12-07 14:00:00,3,Татнефть-АЗС-004,0.0,151,0,1,1,14,3,71.98208240838629,shop_total_revenue,Выручка магазина,baseline_hgb_v2
2023-12-07 14:00:00,4,Татнефть-АЗС-005,0.0,63,0,0,1,14,3,0.8932995165489797,shop_total_revenue,Выручка магазина,baseline_hgb_v2
2023-12-07 15:00:00,0,Татнефть-АЗС-001,0.0,117,1,1,0,15,3,0.15468822879402203,shop_total_revenue,Выручка магазина,baseline_hgb_v2
2023-12-07 15:00:00,1,Татнефть-АЗС-002,0.0,46,0,1,0,15,3,0.39326663551384095,shop_total_revenue,Выручка магазина,baseline_hgb_v2
2023-12-07 15:00:00,2,Татнефть-АЗС-003,0.0,149,0,0,1,15,3,-4.144313012199486,shop_total_revenue,Выручка магазина,baseline_hgb_v2
2023-12-07 15:00:00,3,Татнефть-АЗС-004,0.0,100,0,1,1,15,3,0.3919336544978454,shop_total_revenue,Выручка магазина,baseline_hgb_v2
2023-12-07 15:00:00,4,Татнефть-АЗС-005,0.0,51,0,0,1,15,3,-0.027540679108606095,shop_total_revenue,Выручка магазина,baseline_hgb_v2
2023-12-07 16:00:00,0,Татнефть-АЗС-001,0.0,99,0,1,0,16,3,0.15468822879402203,shop_total_revenue,Выручка магазина,baseline_hgb_v2
2023-12-07 16:00:00,1,Татнефть-АЗС-002,0.0,81,0,1,0,16,3,0.15468822879402203,shop_total_revenue,Выручка магазина,baseline_hgb_v2
2023-12-07 16:00:00,2,Татнефть-АЗС-003,0.0,161,0,0,1,16,3,5.956490592629803,shop_total_revenue,Выручка магазина,baseline_hgb_v2
2023-12-07 16:00:00,3,Татнефть-АЗС-004,0.0,133,1,1,1,16,3,0.25422853474390744,shop_total_revenue,Выручка магазина,baseline_hgb_v2
2023-12-07 16:00:00,4,Татнефть-АЗС-005,0.0,49,0,0,1,16,3,-0.027540679108606095,shop_total_revenue,Выручка магазина,baseline_hgb_v2
2023-12-07 17:00:00,0,Татнефть-АЗС-001,318.0,290,1,1,0,17,3,333.8413939630092,shop_total_revenue,Выручка магазина,baseline_hgb_v2
2023-12-07 17:00:00,1,Татнефть-АЗС-002,659.0,284,1,1,0,17,3,459.4450536750148,shop_total_revenue,Выручка магазина,baseline_hgb_v2
2023-12-07 17:00:00,2,Татнефть-АЗС-003,733.0,479,1,0,1,17,3,843.5491249595673,shop_total_revenue,Выручка магазина,baseline_hgb_v2
2023-12-07 17:00:00,3,Татнефть-АЗС-004,378.0,289,1,1,1,17,3,317.87328547459504,shop_total_revenue,Выручка магазина,baseline_hgb_v2
2023-12-07 17:00:00,4,Татнефть-АЗС-005,233.0,169,1,0,1,17,3,110.00501013678495,shop_total_revenue,Выручка магазина,baseline_hgb_v2
2023-12-07 18:00:00,0,Татнефть-АЗС-001,652.0,391,1,1,0,18,3,733.537156578505,shop_total_revenue,Выручка магазина,baseline_hgb_v2
2023-12-07 18:00:00,1,Татнефть-АЗС-002,314.0,276,1,1,0,18,3,446.67904607231674,shop_total_revenue,Выручка магазина,baseline_hgb_v2
2023-12-07 18:00:00,2,Татнефть-АЗС-003,757.0,433,0,0,1,18,3,762.8552689295755,shop_total_revenue,Выручка магазина,baseline_hgb_v2
2023-12-07 18:00:00,3,Татнефть-АЗС-004,711.0,347,1,1,1,18,3,488.86789869909063,shop_total_revenue,Выручка магазина,baseline_hgb_v2
2023-12-07 18:00:00,4,Татнефть-АЗС-005,240.0,197,1,0,1,18,3,201.82968079591296,shop_total_revenue,Выручка магазина,baseline_hgb_v2
2023-12-07 19:00:00,0,Татнефть-АЗС-001,946.0,407,0,1,0,19,3,761.9183456790429,shop_total_revenue,Выручка магазина,baseline_hgb_v2
2023-12-07 19:00:00,1,Татнефть-АЗС-002,313.0,239,0,1,0,19,3,336.7393919339251,shop_total_revenue,Выручка магазина,baseline_hgb_v2
2023-12-07 19:00:00,2,Татнефть-АЗС-003,1433.0,669,1,0,1,19,3,1330.4455191768807,shop_total_revenue,Выручка магазина,baseline_hgb_v2
2023-12-07 19:00:00,3,Татнефть-АЗС-004,715.0,380,1,1,1,19,3,649.2420502743145,shop_total_revenue,Выручка магазина,baseline_hgb_v2
2023-12-07 19:00:00,4,Татнефть-АЗС-005,233.0,172,1,0,1,19,3,104.57208043360566,shop_total_revenue,Выручка магазина,baseline_hgb_v2
2023-12-07 20:00:00,0,Татнефть-АЗС-001,0.0,162,0,1,0,20,3,5.850613752689143,shop_total_revenue,Выручка магазина,baseline_hgb_v2
2023-12-07 20:00:00,1,Татнефть-АЗС-002,0.0,112,1,1,0,20,3,0.7365719514590761,shop_total_revenue,Выручка магазина,baseline_hgb_v2
2023-12-07 20:00:00,2,Татнефть-АЗС-003,0.0,203,0,0,1,20,3,2.702633115156564,shop_total_revenue,Выручка магазина,baseline_hgb_v2
2023-12-07 20:00:00,3,Татнефть-АЗС-004,0.0,102,1,1,1,20,3,0.4752541395621463,shop_total_revenue,Выручка магазина,baseline_hgb_v2
2023-12-07 20:00:00,4,Татнефть-АЗС-005,0.0,66,0,0,1,20,3,0.5543430435564479,shop_total_revenue,Выручка магазина,baseline_hgb_v2
2023-12-07 21:00:00,0,Татнефть-АЗС-001,0.0,136,1,1,0,21,3,0.04430739403933425,shop_total_revenue,Выручка магазина,baseline_hgb_v2
2023-12-07 21:00:00,1,Татнефть-АЗС-002,0.0,78,0,1,0,21,3,0.7365719514590761,shop_total_revenue,Выручка магазина,baseline_hgb_v2
2023-12-07 21:00:00,2,Татнефть-АЗС-003,0.0,93,0,0,1,21,3,-0.027540679108606095,shop_total_revenue,Выручка магазина,baseline_hgb_v2
2023-12-07 21:00:00,3,Татнефть-АЗС-004,0.0,150,1,1,1,21,3,-4.287338473709491,shop_total_revenue,Выручка магазина,baseline_hgb_v2
2023-12-07 21:00:00,4,Татнефть-АЗС-005,0.0,50,0,0,1,21,3,-0.027540679108606095,shop_total_revenue,Выручка магазина,baseline_hgb_v2
2023-12-07 22:00:00,0,Татнефть-АЗС-001,0.0,35,0,1,0,22,3,0.7365719514590761,shop_total_revenue,Выручка магазина,baseline_hgb_v2
2023-12-07 22:00:00,1,Татнефть-АЗС-002,0.0,12,0,1,0,22,3,0.7365719514590761,shop_total_revenue,Выручка магазина,baseline_hgb_v2
2023-12-07 22:00:00,2,Татнефть-АЗС-003,0.0,33,0,0,1,22,3,0.5543430435564479,shop_total_revenue,Выручка магазина,baseline_hgb_v2
2023-12-07 22:00:00,3,Татнефть-АЗС-004,0.0,32,0,1,1,22,3,0.7365719514590761,shop_total_revenue,Выручка магазина,baseline_hgb_v2
2023-12-07 22:00:00,4,Татнефть-АЗС-005,0.0,17,1,0,1,22,3,0.5543430435564479,shop_total_revenue,Выручка магазина,baseline_hgb_v2
2023-12-07 23:00:00,0,Татнефть-АЗС-001,0.0,22,0,1,0,23,3,0.15468822879402203,shop_total_revenue,Выручка магазина,baseline_hgb_v2
2023-12-07 23:00:00,1,Татнефть-АЗС-002,0.0,10,0,1,0,23,3,0.15468822879402203,shop_total_revenue,Выручка магазина,baseline_hgb_v2
2023-12-07 23:00:00,2,Татнефть-АЗС-003,0.0,33,0,0,1,23,3,0.5543430435564479,shop_total_revenue,Выручка магазина,baseline_hgb_v2
2023-12-07 23:00:00,3,Татнефть-АЗС-004,0.0,26,0,1,1,23,3,0.7365719514590761,shop_total_revenue,Выручка магазина,baseline_hgb_v2
2023-12-07 23:00:00,4,Татнефть-АЗС-005,0.0,16,0,0,1,23,3,0.5543430435564479,shop_total_revenue,Выручка магазина,baseline_hgb_v2
2023-12-08 00:00:00,0,Татнефть-АЗС-001,0.0,31,0,1,0,0,4,0.8084064919371308,shop_total_revenue,Выручка магазина,baseline_hgb_v2
2023-12-08 00:00:00,1,Татнефть-АЗС-002,0.0,14,0,1,0,0,4,0.8084064919371308,shop_total_revenue,Выручка магазина,baseline_hgb_v2
2023-12-08 00:00:00,2,Татнефть-АЗС-003,0.0,31,1,0,1,0,4,0.6261775840345026,shop_total_revenue,Выручка магазина,baseline_hgb_v2
2023-12-08 00:00:00,3,Татнефть-АЗС-004,0.0,23,0,1,1,0,4,0.08673581602778985,shop_total_revenue,Выручка магазина,baseline_hgb_v2
2023-12-08 00:00:00,4,Татнефть-АЗС-005,0.0,9,0,0,1,0,4,-0.0954930918748383,shop_total_revenue,Выручка магазина,baseline_hgb_v2
2023-12-08 01:00:00,0,Татнефть-АЗС-001,0.0,33,0,1,0,1,4,0.8084064919371308,shop_total_revenue,Выручка магазина,baseline_hgb_v2
2023-12-08 01:00:00,1,Татнефть-АЗС-002,0.0,10,0,1,0,1,4,0.08673581602778985,shop_total_revenue,Выручка магазина,baseline_hgb_v2
2023-12-08 01:00:00,2,Татнефть-АЗС-003,0.0,22,1,0,1,1,4,-0.0954930918748383,shop_total_revenue,Выручка магазина,baseline_hgb_v2
2023-12-08 01:00:00,3,Татнефть-АЗС-004,0.0,22,0,1,1,1,4,0.08673581602778985,shop_total_revenue,Выручка магазина,baseline_hgb_v2
2023-12-08 01:00:00,4,Татнефть-АЗС-005,0.0,12,0,0,1,1,4,-0.0954930918748383,shop_total_revenue,Выручка магазина,baseline_hgb_v2
2023-12-08 02:00:00,0,Татнефть-АЗС-001,0.0,23,0,1,0,2,4,0.08673581602778985,shop_total_revenue,Выручка магазина,baseline_hgb_v2
2023-12-08 02:00:00,1,Татнефть-АЗС-002,0.0,16,0,1,0,2,4,0.8084064919371308,shop_total_revenue,Выручка магазина,baseline_hgb_v2
2023-12-08 02:00:00,2,Татнефть-АЗС-003,0.0,22,0,0,1,2,4,-0.0954930918748383,shop_total_revenue,Выручка магазина,baseline_hgb_v2
2023-12-08 02:00:00,3,Татнефть-АЗС-004,0.0,23,1,1,1,2,4,0.17005630109209072,shop_total_revenue,Выручка магазина,baseline_hgb_v2
2023-12-08 02:00:00,4,Татнефть-АЗС-005,0.0,10,0,0,1,2,4,-0.0954930918748383,shop_total_revenue,Выручка магазина,baseline_hgb_v2
2023-12-08 03:00:00,0,Татнефть-АЗС-001,0.0,19,0,1,0,3,4,0.08673581602778985,shop_total_revenue,Выручка магазина,baseline_hgb_v2
2023-12-08 03:00:00,1,Татнефть-АЗС-002,0.0,10,0,1,0,3,4,0.08673581602778985,shop_total_revenue,Выручка магазина,baseline_hgb_v2
2023-12-08 03:00:00,2,Татнефть-АЗС-003,0.0,22,0,0,1,3,4,-0.0954930918748383,shop_total_revenue,Выручка магазина,baseline_hgb_v2
2023-12-08 03:00:00,3,Татнефть-АЗС-004,0.0,25,1,1,1,3,4,0.08673581602778985,shop_total_revenue,Выручка магазина,baseline_hgb_v2
2023-12-08 03:00:00,4,Татнефть-АЗС-005,0.0,10,0,0,1,3,4,-0.0954930918748383,shop_total_revenue,Выручка магазина,baseline_hgb_v2
2023-12-08 04:00:00,0,Татнефть-АЗС-001,0.0,34,0,1,0,4,4,0.8084064919371308,shop_total_revenue,Выручка магазина,baseline_hgb_v2
2023-12-08 04:00:00,1,Татнефть-АЗС-002,0.0,10,0,1,0,4,4,0.08673581602778985,shop_total_revenue,Выручка магазина,baseline_hgb_v2
2023-12-08 04:00:00,2,Татнефть-АЗС-003,0.0,16,1,0,1,4,4,-0.0954930918748383,shop_total_revenue,Выручка магазина,baseline_hgb_v2
2023-12-08 04:00:00,3,Татнефть-АЗС-004,0.0,23,1,1,1,4,4,0.08673581602778985,shop_total_revenue,Выручка магазина,baseline_hgb_v2
2023-12-08 04:00:00,4,Татнефть-АЗС-005,0.0,9,0,0,1,4,4,-0.0954930918748383,shop_total_revenue,Выручка магазина,baseline_hgb_v2
2023-12-08 05:00:00,0,Татнефть-АЗС-001,0.0,24,0,1,0,5,4,0.32531422274760874,shop_total_revenue,Выручка магазина,baseline_hgb_v2
2023-12-08 05:00:00,1,Татнефть-АЗС-002,0.0,11,1,1,0,5,4,0.32531422274760874,shop_total_revenue,Выручка магазина,baseline_hgb_v2
2023-12-08 05:00:00,2,Татнефть-АЗС-003,0.0,26,0,0,1,5,4,-0.0954930918748383,shop_total_revenue,Выручка магазина,baseline_hgb_v2
2023-12-08 05:00:00,3,Татнефть-АЗС-004,0.0,22,1,1,1,5,4,0.4637681949759002,shop_total_revenue,Выручка магазина,baseline_hgb_v2
2023-12-08 05:00:00,4,Татнефть-АЗС-005,0.0,14,0,0,1,5,4,0.6261775840345026,shop_total_revenue,Выручка магазина,baseline_hgb_v2
2023-12-08 06:00:00,0,Татнефть-АЗС-001,0.0,103,1,1,0,6,4,0.08673581602778985,shop_total_revenue,Выручка магазина,baseline_hgb_v2
2023-12-08 06:00:00,1,Татнефть-АЗС-002,0.0,49,1,1,0,6,4,0.4637681949759002,shop_total_revenue,Выручка магазина,baseline_hgb_v2
2023-12-08 06:00:00,2,Татнефть-АЗС-003,0.0,136,1,0,1,6,4,0.14383416731933413,shop_total_revenue,Выручка магазина,baseline_hgb_v2
2023-12-08 06:00:00,3,Татнефть-АЗС-004,0.0,160,0,1,1,6,4,7.396530779189553,shop_total_revenue,Выручка магазина,baseline_hgb_v2
2023-12-08 06:00:00,4,Татнефть-АЗС-005,0.0,60,1,0,1,6,4,-0.0954930918748383,shop_total_revenue,Выручка магазина,baseline_hgb_v2
2023-12-08 07:00:00,0,Татнефть-АЗС-001,981.0,370,1,1,0,7,4,684.5795904553805,shop_total_revenue,Выручка магазина,baseline_hgb_v2
2023-12-08 07:00:00,1,Татнефть-АЗС-002,310.0,190,0,1,0,7,4,306.121804364995,shop_total_revenue,Выручка магазина,baseline_hgb_v2
2023-12-08 07:00:00,2,Татнефть-АЗС-003,744.0,340,0,0,1,7,4,535.8862252293018,shop_total_revenue,Выручка магазина,baseline_hgb_v2
2023-12-08 07:00:00,3,Татнефть-АЗС-004,726.0,379,0,1,1,7,4,529.1183258555601,shop_total_revenue,Выручка магазина,baseline_hgb_v2
2023-12-08 07:00:00,4,Татнефть-АЗС-005,0.0,206,0,0,1,7,4,196.94621045456412,shop_total_revenue,Выручка магазина,baseline_hgb_v2
2023-12-08 08:00:00,0,Татнефть-АЗС-001,312.0,277,1,1,0,8,4,349.16010579972976,shop_total_revenue,Выручка магазина,baseline_hgb_v2
2023-12-08 08:00:00,1,Татнефть-АЗС-002,327.0,201,0,1,0,8,4,323.5063442375462,shop_total_revenue,Выручка магазина,baseline_hgb_v2
2023-12-08 08:00:00,2,Татнефть-АЗС-003,372.0,284,0,0,1,8,4,323.11401654240717,shop_total_revenue,Выручка магазина,baseline_hgb_v2
2023-12-08 08:00:00,3,Татнефть-АЗС-004,1776.0,586,0,1,1,8,4,1208.5868185312572,shop_total_revenue,Выручка магазина,baseline_hgb_v2
2023-12-08 08:00:00,4,Татнефть-АЗС-005,238.0,267,0,0,1,8,4,298.00727873943316,shop_total_revenue,Выручка магазина,baseline_hgb_v2
2023-12-08 09:00:00,0,Татнефть-АЗС-001,635.0,364,0,1,0,9,4,663.4739718539716,shop_total_revenue,Выручка магазина,baseline_hgb_v2
2023-12-08 09:00:00,1,Татнефть-АЗС-002,326.0,203,0,1,0,9,4,318.82893317707305,shop_total_revenue,Выручка магазина,baseline_hgb_v2
2023-12-08 09:00:00,2,Татнефть-АЗС-003,365.0,275,0,0,1,9,4,296.98788410672176,shop_total_revenue,Выручка магазина,baseline_hgb_v2
2023-12-08 09:00:00,3,Татнефть-АЗС-004,1134.0,615,0,1,1,9,4,1337.5635691337482,shop_total_revenue,Выручка магазина,baseline_hgb_v2
2023-12-08 09:00:00,4,Татнефть-АЗС-005,239.0,284,0,0,1,9,4,321.35125938189725,shop_total_revenue,Выручка магазина,baseline_hgb_v2
2023-12-08 10:00:00,0,Татнефть-АЗС-001,0.0,155,0,1,0,10,4,1.0358256237235504,shop_total_revenue,Выручка магазина,baseline_hgb_v2
2023-12-08 10:00:00,1,Татнефть-АЗС-002,0.0,74,0,1,0,10,4,0.8084064919371308,shop_total_revenue,Выручка магазина,baseline_hgb_v2
2023-12-08 10:00:00,2,Татнефть-АЗС-003,0.0,100,0,0,1,10,4,-0.0954930918748383,shop_total_revenue,Выручка магазина,baseline_hgb_v2
2023-12-08 10:00:00,3,Татнефть-АЗС-004,0.0,143,0,1,1,10,4,-0.4644960847517574,shop_total_revenue,Выручка магазина,baseline_hgb_v2
2023-12-08 10:00:00,4,Татнефть-АЗС-005,0.0,100,0,0,1,10,4,0.6261775840345026,shop_total_revenue,Выручка магазина,baseline_hgb_v2
2023-12-08 11:00:00,0,Татнефть-АЗС-001,0.0,90,1,1,0,11,4,0.08673581602778985,shop_total_revenue,Выручка магазина,baseline_hgb_v2
2023-12-08 11:00:00,1,Татнефть-АЗС-002,0.0,85,0,1,0,11,4,0.8084064919371308,shop_total_revenue,Выручка магазина,baseline_hgb_v2
2023-12-08 11:00:00,2,Татнефть-АЗС-003,0.0,162,0,0,1,11,4,-1.099424954095759,shop_total_revenue,Выручка магазина,baseline_hgb_v2
2023-12-08 11:00:00,3,Татнефть-АЗС-004,0.0,149,1,1,1,11,4,-5.5271495867856295,shop_total_revenue,Выручка магазина,baseline_hgb_v2
2023-12-08 11:00:00,4,Татнефть-АЗС-005,0.0,50,0,0,1,11,4,-0.012172606810537431,shop_total_revenue,Выручка магазина,baseline_hgb_v2
2023-12-08 12:00:00,0,Татнефть-АЗС-001,0.0,114,0,1,0,12,4,2.328713619839775,shop_total_revenue,Выручка магазина,baseline_hgb_v2
2023-12-08 12:00:00,1,Татнефть-АЗС-002,0.0,76,0,1,0,12,4,1.0755284244516075,shop_total_revenue,Выручка магазина,baseline_hgb_v2
2023-12-08 12:00:00,2,Татнефть-АЗС-003,0.0,131,0,0,1,12,4,5.638183311506571,shop_total_revenue,Выручка магазина,baseline_hgb_v2
2023-12-08 12:00:00,3,Татнефть-АЗС-004,0.0,113,0,1,1,12,4,0.8142106125546781,shop_total_revenue,Выручка магазина,baseline_hgb_v2
2023-12-08 12:00:00,4,Татнефть-АЗС-005,0.0,46,1,0,1,12,4,0.09387580132143551,shop_total_revenue,Выручка магазина,baseline_hgb_v2
2023-12-08 13:00:00,0,Татнефть-АЗС-001,0.0,102,0,1,0,13,4,-0.32728803902374665,shop_total_revenue,Выручка магазина,baseline_hgb_v2
2023-12-08 13:00:00,1,Татнефть-АЗС-002,0.0,49,0,1,0,13,4,0.2761047092240636,shop_total_revenue,Выручка магазина,baseline_hgb_v2
2023-12-08 13:00:00,2,Татнефть-АЗС-003,0.0,99,1,0,1,13,4,0.09387580132143551,shop_total_revenue,Выручка магазина,baseline_hgb_v2
2023-12-08 13:00:00,3,Татнефть-АЗС-004,0.0,98,0,1,1,13,4,0.2761047092240636,shop_total_revenue,Выручка магазина,baseline_hgb_v2
2023-12-08 13:00:00,4,Татнефть-АЗС-005,0.0,77,0,0,1,13,4,0.8932995165489797,shop_total_revenue,Выручка магазина,baseline_hgb_v2
2023-12-08 14:00:00,0,Татнефть-АЗС-001,0.0,149,1,1,0,14,4,51.918291009876896,shop_total_revenue,Выручка магазина,baseline_hgb_v2
2023-12-08 14:00:00,1,Татнефть-АЗС-002,0.0,44,0,1,0,14,4,0.2761047092240636,shop_total_revenue,Выручка магазина,baseline_hgb_v2
2023-12-08 14:00:00,2,Татнефть-АЗС-003,0.0,128,0,0,1,14,4,0.509589502630946,shop_total_revenue,Выручка магазина,baseline_hgb_v2
2023-12-08 14:00:00,3,Татнефть-АЗС-004,0.0,93,0,1,1,14,4,0.7308901274903772,shop_total_revenue,Выручка магазина,baseline_hgb_v2
2023-12-08 14:00:00,4,Татнефть-АЗС-005,0.0,52,0,0,1,14,4,0.09387580132143551,shop_total_revenue,Выручка магазина,baseline_hgb_v2
2023-12-08 15:00:00,0,Татнефть-АЗС-001,0.0,119,0,1,0,15,4,0.15468822879402203,shop_total_revenue,Выручка магазина,baseline_hgb_v2
2023-12-08 15:00:00,1,Татнефть-АЗС-002,0.0,66,1,1,0,15,4,0.7365719514590761,shop_total_revenue,Выручка магазина,baseline_hgb_v2
2023-12-08 15:00:00,2,Татнефть-АЗС-003,0.0,152,1,0,1,15,4,-3.652335419385406,shop_total_revenue,Выручка магазина,baseline_hgb_v2
2023-12-08 15:00:00,3,Татнефть-АЗС-004,0.0,132,0,1,1,15,4,0.25422853474390744,shop_total_revenue,Выручка магазина,baseline_hgb_v2
2023-12-08 15:00:00,4,Татнефть-АЗС-005,0.0,55,1,0,1,15,4,-0.027540679108606095,shop_total_revenue,Выручка магазина,baseline_hgb_v2
2023-12-08 16:00:00,0,Татнефть-АЗС-001,0.0,101,1,1,0,16,4,0.15468822879402203,shop_total_revenue,Выручка магазина,baseline_hgb_v2
2023-12-08 16:00:00,1,Татнефть-АЗС-002,0.0,68,0,1,0,16,4,0.15468822879402203,shop_total_revenue,Выручка магазина,baseline_hgb_v2
2023-12-08 16:00:00,2,Татнефть-АЗС-003,0.0,225,1,0,1,16,4,50.409796826500184,shop_total_revenue,Выручка магазина,baseline_hgb_v2
2023-12-08 16:00:00,3,Татнефть-АЗС-004,0.0,164,0,1,1,16,4,4.811716824043636,shop_total_revenue,Выручка магазина,baseline_hgb_v2
2023-12-08 16:00:00,4,Татнефть-АЗС-005,0.0,52,0,0,1,16,4,0.29302523165951816,shop_total_revenue,Выручка магазина,baseline_hgb_v2
2023-12-08 17:00:00,0,Татнефть-АЗС-001,965.0,454,1,1,0,17,4,934.4318895375449,shop_total_revenue,Выручка магазина,baseline_hgb_v2
2023-12-08 17:00:00,1,Татнефть-АЗС-002,302.0,221,0,1,0,17,4,307.81590071154966,shop_total_revenue,Выручка магазина,baseline_hgb_v2
2023-12-08 17:00:00,2,Татнефть-АЗС-003,1441.0,692,0,0,1,17,4,1402.4524185836235,shop_total_revenue,Выручка магазина,baseline_hgb_v2
2023-12-08 17:00:00,3,Татнефть-АЗС-004,1097.0,431,0,1,1,17,4,858.2949919407464,shop_total_revenue,Выручка магазина,baseline_hgb_v2
2023-12-08 17:00:00,4,Татнефть-АЗС-005,0.0,135,0,0,1,17,4,2.8877723297146907,shop_total_revenue,Выручка магазина,baseline_hgb_v2
2023-12-08 18:00:00,0,Татнефть-АЗС-001,642.0,450,1,1,0,18,4,904.2367036502056,shop_total_revenue,Выручка магазина,baseline_hgb_v2
2023-12-08 18:00:00,1,Татнефть-АЗС-002,629.0,305,0,1,0,18,4,531.8662269833026,shop_total_revenue,Выручка магазина,baseline_hgb_v2
2023-12-08 18:00:00,2,Татнефть-АЗС-003,1055.0,546,0,0,1,18,4,1159.3067862054288,shop_total_revenue,Выручка магазина,baseline_hgb_v2
2023-12-08 18:00:00,3,Татнефть-АЗС-004,357.0,291,0,1,1,18,4,298.6299601217456,shop_total_revenue,Выручка магазина,baseline_hgb_v2
2023-12-08 18:00:00,4,Татнефть-АЗС-005,230.0,202,0,0,1,18,4,209.56020401264843,shop_total_revenue,Выручка магазина,baseline_hgb_v2
2023-12-08 19:00:00,0,Татнефть-АЗС-001,308.0,320,0,1,0,19,4,395.8399412319124,shop_total_revenue,Выручка магазина,baseline_hgb_v2
2023-12-08 19:00:00,1,Татнефть-АЗС-002,627.0,308,0,1,0,19,4,525.6411942285619,shop_total_revenue,Выручка магазина,baseline_hgb_v2
2023-12-08 19:00:00,2,Татнефть-АЗС-003,1391.0,604,0,0,1,19,4,1239.1292629445365,shop_total_revenue,Выручка магазина,baseline_hgb_v2
2023-12-08 19:00:00,3,Татнефть-АЗС-004,1406.0,470,0,1,1,19,4,955.1951839990476,shop_total_revenue,Выручка магазина,baseline_hgb_v2
2023-12-08 19:00:00,4,Татнефть-АЗС-005,0.0,152,0,0,1,19,4,14.255598746677123,shop_total_revenue,Выручка магазина,baseline_hgb_v2
2023-12-08 20:00:00,0,Татнефть-АЗС-001,0.0,102,0,1,0,20,4,0.15468822879402203,shop_total_revenue,Выручка магазина,baseline_hgb_v2
2023-12-08 20:00:00,1,Татнефть-АЗС-002,0.0,84,0,1,0,20,4,0.1679973169074086,shop_total_revenue,Выручка магазина,baseline_hgb_v2
2023-12-08 20:00:00,2,Татнефть-АЗС-003,0.0,247,0,0,1,20,4,114.46696114494297,shop_total_revenue,Выручка магазина,baseline_hgb_v2
2023-12-08 20:00:00,3,Татнефть-АЗС-004,0.0,153,0,1,1,20,4,-3.4300232729113387,shop_total_revenue,Выручка магазина,baseline_hgb_v2
2023-12-08 20:00:00,4,Татнефть-АЗС-005,0.0,52,0,0,1,20,4,-0.027540679108606095,shop_total_revenue,Выручка магазина,baseline_hgb_v2
2023-12-08 21:00:00,0,Татнефть-АЗС-001,0.0,103,0,1,0,21,4,0.15468822879402203,shop_total_revenue,Выручка магазина,baseline_hgb_v2
2023-12-08 21:00:00,1,Татнефть-АЗС-002,0.0,55,1,1,0,21,4,0.15468822879402203,shop_total_revenue,Выручка магазина,baseline_hgb_v2
2023-12-08 21:00:00,2,Татнефть-АЗС-003,0.0,107,0,0,1,21,4,-0.027540679108606095,shop_total_revenue,Выручка магазина,baseline_hgb_v2
2023-12-08 21:00:00,3,Татнефть-АЗС-004,0.0,166,0,1,1,21,4,4.60593513635176,shop_total_revenue,Выручка магазина,baseline_hgb_v2
2023-12-08 21:00:00,4,Татнефть-АЗС-005,0.0,45,0,0,1,21,4,-0.027540679108606095,shop_total_revenue,Выручка магазина,baseline_hgb_v2
2023-12-08 22:00:00,0,Татнефть-АЗС-001,0.0,24,0,1,0,22,4,0.23800871385832292,shop_total_revenue,Выручка магазина,baseline_hgb_v2
2023-12-08 22:00:00,1,Татнефть-АЗС-002,0.0,10,0,1,0,22,4,0.15468822879402203,shop_total_revenue,Выручка магазина,baseline_hgb_v2
2023-12-08 22:00:00,2,Татнефть-АЗС-003,0.0,18,1,0,1,22,4,-0.027540679108606095,shop_total_revenue,Выручка магазина,baseline_hgb_v2
2023-12-08 22:00:00,3,Татнефть-АЗС-004,0.0,32,0,1,1,22,4,0.7365719514590761,shop_total_revenue,Выручка магазина,baseline_hgb_v2
2023-12-08 22:00:00,4,Татнефть-АЗС-005,0.0,9,1,0,1,22,4,-0.027540679108606095,shop_total_revenue,Выручка магазина,baseline_hgb_v2
2023-12-08 23:00:00,0,Татнефть-АЗС-001,0.0,33,1,1,0,23,4,0.7365719514590761,shop_total_revenue,Выручка магазина,baseline_hgb_v2
2023-12-08 23:00:00,1,Татнефть-АЗС-002,0.0,14,0,1,0,23,4,0.7365719514590761,shop_total_revenue,Выручка магазина,baseline_hgb_v2
2023-12-08 23:00:00,2,Татнефть-АЗС-003,0.0,26,0,0,1,23,4,-0.027540679108606095,shop_total_revenue,Выручка магазина,baseline_hgb_v2
2023-12-08 23:00:00,3,Татнефть-АЗС-004,0.0,31,0,1,1,23,4,0.15468822879402203,shop_total_revenue,Выручка магазина,baseline_hgb_v2
2023-12-08 23:00:00,4,Татнефть-АЗС-005,0.0,13,0,0,1,23,4,0.5543430435564479,shop_total_revenue,Выручка магазина,baseline_hgb_v2
2023-12-09 00:00:00,0,Татнефть-АЗС-001,0.0,28,0,1,0,0,5,0.2628567879097715,shop_total_revenue,Выручка магазина,baseline_hgb_v2
2023-12-09 00:00:00,1,Татнефть-АЗС-002,0.0,11,0,1,0,0,5,-0.22023548127975054,shop_total_revenue,Выручка магазина,baseline_hgb_v2
2023-12-09 00:00:00,2,Татнефть-АЗС-003,0.0,41,0,0,1,0,5,0.31920628672696216,shop_total_revenue,Выручка магазина,baseline_hgb_v2
2023-12-09 00:00:00,3,Татнефть-АЗС-004,0.0,35,0,1,1,0,5,0.5014351946295903,shop_total_revenue,Выручка магазина,baseline_hgb_v2
2023-12-09 00:00:00,4,Татнефть-АЗС-005,0.0,8,0,0,1,0,5,1.4028894314787828,shop_total_revenue,Выручка магазина,baseline_hgb_v2
2023-12-09 01:00:00,0,Татнефть-АЗС-001,0.0,40,0,1,0,1,5,0.5014351946295903,shop_total_revenue,Выручка магазина,baseline_hgb_v2
2023-12-09 01:00:00,1,Татнефть-АЗС-002,0.0,9,0,1,0,1,5,-0.22023548127975054,shop_total_revenue,Выручка магазина,baseline_hgb_v2
2023-12-09 01:00:00,2,Татнефть-АЗС-003,0.0,25,0,0,1,1,5,-0.4024643891823787,shop_total_revenue,Выручка магазина,baseline_hgb_v2
2023-12-09 01:00:00,3,Татнефть-АЗС-004,0.0,27,0,1,1,1,5,-0.22023548127975054,shop_total_revenue,Выручка магазина,baseline_hgb_v2
2023-12-09 01:00:00,4,Татнефть-АЗС-005,0.0,9,0,0,1,1,5,-0.4024643891823787,shop_total_revenue,Выручка магазина,baseline_hgb_v2
2023-12-09 02:00:00,0,Татнефть-АЗС-001,0.0,33,1,1,0,2,5,0.5014351946295903,shop_total_revenue,Выручка магазина,baseline_hgb_v2
2023-12-09 02:00:00,1,Татнефть-АЗС-002,0.0,8,1,1,0,2,5,-0.22023548127975054,shop_total_revenue,Выручка магазина,baseline_hgb_v2
2023-12-09 02:00:00,2,Татнефть-АЗС-003,0.0,24,1,0,1,2,5,-0.4024643891823787,shop_total_revenue,Выручка магазина,baseline_hgb_v2
2023-12-09 02:00:00,3,Татнефть-АЗС-004,0.0,41,0,1,1,2,5,0.5014351946295903,shop_total_revenue,Выручка магазина,baseline_hgb_v2
2023-12-09 02:00:00,4,Татнефть-АЗС-005,0.0,10,0,0,1,2,5,0.31920628672696216,shop_total_revenue,Выручка магазина,baseline_hgb_v2
2023-12-09 03:00:00,0,Татнефть-АЗС-001,0.0,43,0,1,0,3,5,0.5014351946295903,shop_total_revenue,Выручка магазина,baseline_hgb_v2
2023-12-09 03:00:00,1,Татнефть-АЗС-002,0.0,8,0,1,0,3,5,-0.22023548127975054,shop_total_revenue,Выручка магазина,baseline_hgb_v2
2023-12-09 03:00:00,2,Татнефть-АЗС-003,0.0,22,1,0,1,3,5,-0.4024643891823787,shop_total_revenue,Выручка магазина,baseline_hgb_v2
2023-12-09 03:00:00,3,Татнефть-АЗС-004,0.0,29,0,1,1,3,5,-0.22023548127975054,shop_total_revenue,Выручка магазина,baseline_hgb_v2
2023-12-09 03:00:00,4,Татнефть-АЗС-005,0.0,13,0,0,1,3,5,0.31920628672696216,shop_total_revenue,Выручка магазина,baseline_hgb_v2
2023-12-09 04:00:00,0,Татнефть-АЗС-001,0.0,27,0,1,0,4,5,-0.22023548127975054,shop_total_revenue,Выручка магазина,baseline_hgb_v2
2023-12-09 04:00:00,1,Татнефть-АЗС-002,0.0,9,0,1,0,4,5,-0.22023548127975054,shop_total_revenue,Выручка магазина,baseline_hgb_v2
2023-12-09 04:00:00,2,Татнефть-АЗС-003,0.0,31,0,0,1,4,5,0.31920628672696216,shop_total_revenue,Выручка магазина,baseline_hgb_v2
2023-12-09 04:00:00,3,Татнефть-АЗС-004,0.0,26,0,1,1,4,5,0.15679689766835977,shop_total_revenue,Выручка магазина,baseline_hgb_v2
2023-12-09 04:00:00,4,Татнефть-АЗС-005,0.0,14,0,0,1,4,5,0.31920628672696216,shop_total_revenue,Выручка магазина,baseline_hgb_v2
2023-12-09 05:00:00,0,Татнефть-АЗС-001,0.0,38,0,1,0,5,5,0.5014351946295903,shop_total_revenue,Выручка магазина,baseline_hgb_v2
2023-12-09 05:00:00,1,Татнефть-АЗС-002,0.0,11,0,1,0,5,5,0.5014351946295903,shop_total_revenue,Выручка магазина,baseline_hgb_v2
2023-12-09 05:00:00,2,Татнефть-АЗС-003,0.0,25,0,0,1,5,5,-0.4024643891823787,shop_total_revenue,Выручка магазина,baseline_hgb_v2
2023-12-09 05:00:00,3,Татнефть-АЗС-004,0.0,35,0,1,1,5,5,0.5014351946295903,shop_total_revenue,Выручка магазина,baseline_hgb_v2
2023-12-09 05:00:00,4,Татнефть-АЗС-005,0.0,10,0,0,1,5,5,0.31920628672696216,shop_total_revenue,Выручка магазина,baseline_hgb_v2
2023-12-09 06:00:00,0,Татнефть-АЗС-001,0.0,184,1,1,0,6,5,-5.470863063798173,shop_total_revenue,Выручка магазина,baseline_hgb_v2
2023-12-09 06:00:00,1,Татнефть-АЗС-002,0.0,61,0,1,0,6,5,0.5014351946295903,shop_total_revenue,Выручка магазина,baseline_hgb_v2
2023-12-09 06:00:00,2,Татнефть-АЗС-003,0.0,190,0,0,1,6,5,10.280669208635878,shop_total_revenue,Выручка магазина,baseline_hgb_v2
2023-12-09 06:00:00,3,Татнефть-АЗС-004,0.0,198,1,1,1,6,5,2.102335079275006,shop_total_revenue,Выручка магазина,baseline_hgb_v2
2023-12-09 06:00:00,4,Татнефть-АЗС-005,0.0,74,1,0,1,6,5,0.31920628672696216,shop_total_revenue,Выручка магазина,baseline_hgb_v2
2023-12-09 07:00:00,0,Татнефть-АЗС-001,968.0,437,1,1,0,7,5,863.905535803976,shop_total_revenue,Выручка магазина,baseline_hgb_v2
2023-12-09 07:00:00,1,Татнефть-АЗС-002,0.0,98,0,1,0,7,5,0.03912582901565712,shop_total_revenue,Выручка магазина,baseline_hgb_v2
2023-12-09 07:00:00,2,Татнефть-АЗС-003,1068.0,459,0,0,1,7,5,947.6377353633327,shop_total_revenue,Выручка магазина,baseline_hgb_v2
2023-12-09 07:00:00,3,Татнефть-АЗС-004,1468.0,650,0,1,1,7,5,1310.8630771819785,shop_total_revenue,Выручка магазина,baseline_hgb_v2
2023-12-09 07:00:00,4,Татнефть-АЗС-005,0.0,136,1,0,1,7,5,11.384279330810633,shop_total_revenue,Выручка магазина,baseline_hgb_v2
2023-12-09 08:00:00,0,Татнефть-АЗС-001,631.0,486,1,1,0,8,5,985.2360054034093,shop_total_revenue,Выручка магазина,baseline_hgb_v2
2023-12-09 08:00:00,1,Татнефть-АЗС-002,304.0,155,0,1,0,8,5,115.27926323242642,shop_total_revenue,Выручка магазина,baseline_hgb_v2
2023-12-09 08:00:00,2,Татнефть-АЗС-003,720.0,449,1,0,1,8,5,898.4836814481026,shop_total_revenue,Выручка магазина,baseline_hgb_v2
2023-12-09 08:00:00,3,Татнефть-АЗС-004,720.0,478,0,1,1,8,5,767.628218201648,shop_total_revenue,Выручка магазина,baseline_hgb_v2
2023-12-09 08:00:00,4,Татнефть-АЗС-005,0.0,161,0,0,1,8,5,77.72102235084763,shop_total_revenue,Выручка магазина,baseline_hgb_v2
2023-12-09 09:00:00,0,Татнефть-АЗС-001,304.0,336,0,1,0,9,5,489.1761057538776,shop_total_revenue,Выручка магазина,baseline_hgb_v2
2023-12-09 09:00:00,1,Татнефть-АЗС-002,0.0,141,0,1,0,9,5,42.57636936373771,shop_total_revenue,Выручка магазина,baseline_hgb_v2
2023-12-09 09:00:00,2,Татнефть-АЗС-003,729.0,505,0,0,1,9,5,1092.0143491095587,shop_total_revenue,Выручка магазина,baseline_hgb_v2
2023-12-09 09:00:00,3,Татнефть-АЗС-004,740.0,466,0,1,1,9,5,737.1830417650832,shop_total_revenue,Выручка магазина,baseline_hgb_v2
2023-12-09 09:00:00,4,Татнефть-АЗС-005,0.0,160,0,0,1,9,5,84.87778082192999,shop_total_revenue,Выручка магазина,baseline_hgb_v2
2023-12-09 10:00:00,0,Татнефть-АЗС-001,0.0,133,1,1,0,10,5,-2.0920644873754575,shop_total_revenue,Выручка магазина,baseline_hgb_v2
2023-12-09 10:00:00,1,Татнефть-АЗС-002,0.0,57,1,1,0,10,5,0.5014351946295903,shop_total_revenue,Выручка магазина,baseline_hgb_v2
2023-12-09 10:00:00,2,Татнефть-АЗС-003,0.0,128,0,0,1,10,5,-0.4024643891823787,shop_total_revenue,Выручка магазина,baseline_hgb_v2
2023-12-09 10:00:00,3,Татнефть-АЗС-004,0.0,149,1,1,1,10,5,-1.1105044673106128,shop_total_revenue,Выручка магазина,baseline_hgb_v2
2023-12-09 10:00:00,4,Татнефть-АЗС-005,0.0,61,1,0,1,10,5,-0.4024643891823787,shop_total_revenue,Выручка магазина,baseline_hgb_v2
2023-12-09 11:00:00,0,Татнефть-АЗС-001,0.0,174,0,1,0,11,5,1.507205918118086,shop_total_revenue,Выручка магазина,baseline_hgb_v2
2023-12-09 11:00:00,1,Татнефть-АЗС-002,0.0,45,0,1,0,11,5,-0.22023548127975054,shop_total_revenue,Выручка магазина,baseline_hgb_v2
2023-12-09 11:00:00,2,Татнефть-АЗС-003,0.0,131,1,0,1,11,5,-0.4024643891823787,shop_total_revenue,Выручка магазина,baseline_hgb_v2
2023-12-09 11:00:00,3,Татнефть-АЗС-004,0.0,121,1,1,1,11,5,0.2628567879097715,shop_total_revenue,Выручка магазина,baseline_hgb_v2
2023-12-09 11:00:00,4,Татнефть-АЗС-005,0.0,41,0,0,1,11,5,-0.4024643891823787,shop_total_revenue,Выручка магазина,baseline_hgb_v2
2023-12-09 12:00:00,0,Татнефть-АЗС-001,307.0,179,1,1,0,12,5,224.19326054742172,shop_total_revenue,Выручка магазина,baseline_hgb_v2
2023-12-09 12:00:00,1,Татнефть-АЗС-002,0.0,57,0,1,0,12,5,0.7685571271440673,shop_total_revenue,Выручка магазина,baseline_hgb_v2
2023-12-09 12:00:00,2,Татнефть-АЗС-003,0.0,121,0,0,1,12,5,-0.2130954959861049,shop_total_revenue,Выручка магазина,baseline_hgb_v2
2023-12-09 12:00:00,3,Татнефть-АЗС-004,0.0,138,1,1,1,12,5,0.7112787489194229,shop_total_revenue,Выручка магазина,baseline_hgb_v2
2023-12-09 12:00:00,4,Татнефть-АЗС-005,0.0,62,0,0,1,12,5,0.5863282192414392,shop_total_revenue,Выручка магазина,baseline_hgb_v2
2023-12-09 13:00:00,0,Татнефть-АЗС-001,0.0,158,1,1,0,13,5,119.15145682007302,shop_total_revenue,Выручка магазина,baseline_hgb_v2
2023-12-09 13:00:00,1,Татнефть-АЗС-002,0.0,33,0,1,0,13,5,-0.030866588083476747,shop_total_revenue,Выручка магазина,baseline_hgb_v2
2023-12-09 13:00:00,2,Татнефть-АЗС-003,0.0,137,1,0,1,13,5,-2.378636395965621,shop_total_revenue,Выручка магазина,baseline_hgb_v2
2023-12-09 13:00:00,3,Татнефть-АЗС-004,351.0,168,0,1,1,13,5,176.73872036382062,shop_total_revenue,Выручка магазина,baseline_hgb_v2
2023-12-09 13:00:00,4,Татнефть-АЗС-005,0.0,37,0,0,1,13,5,-0.2130954959861049,shop_total_revenue,Выручка магазина,baseline_hgb_v2
2023-12-09 14:00:00,0,Татнефть-АЗС-001,0.0,120,0,1,0,14,5,2.0217423225322344,shop_total_revenue,Выручка магазина,baseline_hgb_v2
2023-12-09 14:00:00,1,Татнефть-АЗС-002,0.0,40,0,1,0,14,5,0.20771181863634217,shop_total_revenue,Выручка магазина,baseline_hgb_v2
2023-12-09 14:00:00,2,Татнефть-АЗС-003,356.0,193,1,0,1,14,5,277.4848871104359,shop_total_revenue,Выручка магазина,baseline_hgb_v2
2023-12-09 14:00:00,3,Татнефть-АЗС-004,364.0,201,0,1,1,14,5,281.5515073678301,shop_total_revenue,Выручка магазина,baseline_hgb_v2
2023-12-09 14:00:00,4,Татнефть-АЗС-005,0.0,58,0,0,1,14,5,0.5863282192414392,shop_total_revenue,Выручка магазина,baseline_hgb_v2
2023-12-09 15:00:00,0,Татнефть-АЗС-001,0.0,132,0,1,0,15,5,-2.163899027853512,shop_total_revenue,Выручка магазина,baseline_hgb_v2
2023-12-09 15:00:00,1,Татнефть-АЗС-002,0.0,57,1,1,0,15,5,0.4296006541515356,shop_total_revenue,Выручка магазина,baseline_hgb_v2
2023-12-09 15:00:00,2,Татнефть-АЗС-003,0.0,178,1,0,1,15,5,5.2199003651414095,shop_total_revenue,Выручка магазина,baseline_hgb_v2
2023-12-09 15:00:00,3,Татнефть-АЗС-004,0.0,150,0,1,1,15,5,-4.585005896255316,shop_total_revenue,Выручка магазина,baseline_hgb_v2
2023-12-09 15:00:00,4,Татнефть-АЗС-005,0.0,54,0,0,1,15,5,0.24737174624890745,shop_total_revenue,Выручка магазина,baseline_hgb_v2
2023-12-09 16:00:00,0,Татнефть-АЗС-001,0.0,168,0,1,0,16,5,2.6854161452977534,shop_total_revenue,Выручка магазина,baseline_hgb_v2
2023-12-09 16:00:00,1,Татнефть-АЗС-002,0.0,54,0,1,0,16,5,-0.15228306851351836,shop_total_revenue,Выручка магазина,baseline_hgb_v2
2023-12-09 16:00:00,2,Татнефть-АЗС-003,0.0,155,1,0,1,16,5,-1.5185603957284146,shop_total_revenue,Выручка магазина,baseline_hgb_v2
2023-12-09 16:00:00,3,Татнефть-АЗС-004,0.0,164,0,1,1,16,5,4.036004462183262,shop_total_revenue,Выручка магазина,baseline_hgb_v2
2023-12-09 16:00:00,4,Татнефть-АЗС-005,0.0,57,1,0,1,16,5,0.24737174624890745,shop_total_revenue,Выручка магазина,baseline_hgb_v2
2023-12-09 17:00:00,0,Татнефть-АЗС-001,654.0,371,0,1,0,17,5,567.158862589752,shop_total_revenue,Выручка магазина,baseline_hgb_v2
2023-12-09 17:00:00,1,Татнефть-АЗС-002,329.0,229,1,1,0,17,5,326.17307138628456,shop_total_revenue,Выручка магазина,baseline_hgb_v2
2023-12-09 17:00:00,2,Татнефть-АЗС-003,726.0,555,0,0,1,17,5,1047.0996978579096,shop_total_revenue,Выручка магазина,baseline_hgb_v2
2023-12-09 17:00:00,3,Татнефть-АЗС-004,1396.0,473,0,1,1,17,5,982.8013329774471,shop_total_revenue,Выручка магазина,baseline_hgb_v2
2023-12-09 17:00:00,4,Татнефть-АЗС-005,0.0,113,0,0,1,17,5,1.7636303382322294,shop_total_revenue,Выручка магазина,baseline_hgb_v2
2023-12-09 18:00:00,0,Татнефть-АЗС-001,608.0,441,0,1,0,18,5,891.497997630419,shop_total_revenue,Выручка магазина,baseline_hgb_v2
2023-12-09 18:00:00,1,Татнефть-АЗС-002,306.0,197,0,1,0,18,5,259.99106577669454,shop_total_revenue,Выручка магазина,baseline_hgb_v2
2023-12-09 18:00:00,2,Татнефть-АЗС-003,1133.0,774,0,0,1,18,5,1608.4539760070475,shop_total_revenue,Выручка магазина,baseline_hgb_v2
2023-12-09 18:00:00,3,Татнефть-АЗС-004,1109.0,554,0,1,1,18,5,1231.3403080087544,shop_total_revenue,Выручка магазина,baseline_hgb_v2
2023-12-09 18:00:00,4,Татнефть-АЗС-005,0.0,100,0,0,1,18,5,-0.6934062041808444,shop_total_revenue,Выручка магазина,baseline_hgb_v2
2023-12-09 19:00:00,0,Татнефть-АЗС-001,1281.0,548,0,1,0,19,5,1177.8028559185047,shop_total_revenue,Выручка магазина,baseline_hgb_v2
2023-12-09 19:00:00,1,Татнефть-АЗС-002,0.0,158,0,1,0,19,5,36.58773567081179,shop_total_revenue,Выручка магазина,baseline_hgb_v2
2023-12-09 19:00:00,2,Татнефть-АЗС-003,1430.0,721,0,0,1,19,5,1525.3901973507075,shop_total_revenue,Выручка магазина,baseline_hgb_v2
2023-12-09 19:00:00,3,Татнефть-АЗС-004,1141.0,510,1,1,1,19,5,1147.2918826970583,shop_total_revenue,Выручка магазина,baseline_hgb_v2
2023-12-09 19:00:00,4,Татнефть-АЗС-005,0.0,112,1,0,1,19,5,1.1779703731770428,shop_total_revenue,Выручка магазина,baseline_hgb_v2
2023-12-09 20:00:00,0,Татнефть-АЗС-001,0.0,198,0,1,0,20,5,14.191256437223114,shop_total_revenue,Выручка магазина,baseline_hgb_v2
2023-12-09 20:00:00,1,Татнефть-АЗС-002,0.0,87,1,1,0,20,5,0.4296006541515356,shop_total_revenue,Выручка магазина,baseline_hgb_v2
2023-12-09 20:00:00,2,Татнефть-АЗС-003,0.0,286,0,0,1,20,5,188.37996846341596,shop_total_revenue,Выручка магазина,baseline_hgb_v2
2023-12-09 20:00:00,3,Татнефть-АЗС-004,0.0,108,0,1,1,20,5,0.08496235719030501,shop_total_revenue,Выручка магазина,baseline_hgb_v2
2023-12-09 20:00:00,4,Татнефть-АЗС-005,0.0,40,0,0,1,20,5,-0.3345119764161465,shop_total_revenue,Выручка магазина,baseline_hgb_v2
2023-12-09 21:00:00,0,Татнефть-АЗС-001,0.0,204,0,1,0,21,5,16.982059612153154,shop_total_revenue,Выручка магазина,baseline_hgb_v2
2023-12-09 21:00:00,1,Татнефть-АЗС-002,0.0,52,1,1,0,21,5,0.4296006541515356,shop_total_revenue,Выручка магазина,baseline_hgb_v2
2023-12-09 21:00:00,2,Татнефть-АЗС-003,0.0,178,0,0,1,21,5,-4.330266179226632,shop_total_revenue,Выручка магазина,baseline_hgb_v2
2023-12-09 21:00:00,3,Татнефть-АЗС-004,0.0,117,0,1,1,21,5,-0.15228306851351836,shop_total_revenue,Выручка магазина,baseline_hgb_v2
2023-12-09 21:00:00,4,Татнефть-АЗС-005,0.0,52,1,0,1,21,5,0.24737174624890745,shop_total_revenue,Выручка магазина,baseline_hgb_v2
2023-12-09 22:00:00,0,Татнефть-АЗС-001,0.0,39,1,1,0,22,5,0.4296006541515356,shop_total_revenue,Выручка магазина,baseline_hgb_v2
2023-12-09 22:00:00,1,Татнефть-АЗС-002,0.0,12,0,1,0,22,5,-0.15228306851351836,shop_total_revenue,Выручка магазина,baseline_hgb_v2
2023-12-09 22:00:00,2,Татнефть-АЗС-003,0.0,27,0,0,1,22,5,-0.09726655071232318,shop_total_revenue,Выручка магазина,baseline_hgb_v2
2023-12-09 22:00:00,3,Татнефть-АЗС-004,0.0,26,0,1,1,22,5,-0.15228306851351836,shop_total_revenue,Выручка магазина,baseline_hgb_v2
2023-12-09 22:00:00,4,Татнефть-АЗС-005,0.0,10,0,0,1,22,5,0.24737174624890745,shop_total_revenue,Выручка магазина,baseline_hgb_v2
2023-12-09 23:00:00,0,Татнефть-АЗС-001,0.0,30,0,1,0,23,5,-0.15228306851351836,shop_total_revenue,Выручка магазина,baseline_hgb_v2
2023-12-09 23:00:00,1,Татнефть-АЗС-002,0.0,9,0,1,0,23,5,-0.15228306851351836,shop_total_revenue,Выручка магазина,baseline_hgb_v2
2023-12-09 23:00:00,2,Татнефть-АЗС-003,0.0,34,0,0,1,23,5,0.24737174624890745,shop_total_revenue,Выручка магазина,baseline_hgb_v2
2023-12-09 23:00:00,3,Татнефть-АЗС-004,0.0,31,0,1,1,23,5,0.4296006541515356,shop_total_revenue,Выручка магазина,baseline_hgb_v2
2023-12-09 23:00:00,4,Татнефть-АЗС-005,0.0,13,1,0,1,23,5,0.24737174624890745,shop_total_revenue,Выручка магазина,baseline_hgb_v2
2023-12-10 00:00:00,0,Татнефть-АЗС-001,0.0,27,0,1,0,0,6,-0.22023548127975054,shop_total_revenue,Выручка магазина,baseline_hgb_v2
2023-12-10 00:00:00,1,Татнефть-АЗС-002,0.0,12,0,1,0,0,6,0.5014351946295903,shop_total_revenue,Выручка магазина,baseline_hgb_v2
2023-12-10 00:00:00,2,Татнефть-АЗС-003,0.0,43,0,0,1,0,6,0.31920628672696216,shop_total_revenue,Выручка магазина,baseline_hgb_v2
2023-12-10 00:00:00,3,Татнефть-АЗС-004,0.0,30,1,1,1,0,6,-0.22023548127975054,shop_total_revenue,Выручка магазина,baseline_hgb_v2
2023-12-10 00:00:00,4,Татнефть-АЗС-005,0.0,9,0,0,1,0,6,0.08062788000714337,shop_total_revenue,Выручка магазина,baseline_hgb_v2
2023-12-10 01:00:00,0,Татнефть-АЗС-001,0.0,35,0,1,0,1,6,0.5014351946295903,shop_total_revenue,Выручка магазина,baseline_hgb_v2
2023-12-10 01:00:00,1,Татнефть-АЗС-002,0.0,12,1,1,0,1,6,0.01834292544006836,shop_total_revenue,Выручка магазина,baseline_hgb_v2
2023-12-10 01:00:00,2,Татнефть-АЗС-003,0.0,35,0,0,1,1,6,0.31920628672696216,shop_total_revenue,Выручка магазина,baseline_hgb_v2
2023-12-10 01:00:00,3,Татнефть-АЗС-004,0.0,32,0,1,1,1,6,-0.22023548127975054,shop_total_revenue,Выручка магазина,baseline_hgb_v2
2023-12-10 01:00:00,4,Татнефть-АЗС-005,0.0,8,0,0,1,1,6,-0.4024643891823787,shop_total_revenue,Выручка магазина,baseline_hgb_v2
2023-12-10 02:00:00,0,Татнефть-АЗС-001,0.0,26,0,1,0,2,6,-0.22023548127975054,shop_total_revenue,Выручка магазина,baseline_hgb_v2
2023-12-10 02:00:00,1,Татнефть-АЗС-002,0.0,8,1,1,0,2,6,-0.22023548127975054,shop_total_revenue,Выручка магазина,baseline_hgb_v2
2023-12-10 02:00:00,2,Татнефть-АЗС-003,0.0,26,0,0,1,2,6,-0.4024643891823787,shop_total_revenue,Выручка магазина,baseline_hgb_v2
2023-12-10 02:00:00,3,Татнефть-АЗС-004,0.0,28,0,1,1,2,6,0.15679689766835977,shop_total_revenue,Выручка магазина,baseline_hgb_v2
2023-12-10 02:00:00,4,Татнефть-АЗС-005,0.0,8,1,0,1,2,6,-0.025432010234268387,shop_total_revenue,Выручка магазина,baseline_hgb_v2
2023-12-10 03:00:00,0,Татнефть-АЗС-001,0.0,24,0,1,0,3,6,-0.22023548127975054,shop_total_revenue,Выручка магазина,baseline_hgb_v2
2023-12-10 03:00:00,1,Татнефть-АЗС-002,0.0,8,0,1,0,3,6,-0.22023548127975054,shop_total_revenue,Выручка магазина,baseline_hgb_v2
2023-12-10 03:00:00,2,Татнефть-АЗС-003,0.0,29,0,0,1,3,6,-0.4024643891823787,shop_total_revenue,Выручка магазина,baseline_hgb_v2
2023-12-10 03:00:00,3,Татнефть-АЗС-004,0.0,28,0,1,1,3,6,0.15679689766835977,shop_total_revenue,Выручка магазина,baseline_hgb_v2
2023-12-10 03:00:00,4,Татнефть-АЗС-005,0.0,7,0,0,1,3,6,-0.4024643891823787,shop_total_revenue,Выручка магазина,baseline_hgb_v2
2023-12-10 04:00:00,0,Татнефть-АЗС-001,0.0,43,0,1,0,4,6,0.5014351946295903,shop_total_revenue,Выручка магазина,baseline_hgb_v2
2023-12-10 04:00:00,1,Татнефть-АЗС-002,0.0,11,0,1,0,4,6,0.5014351946295903,shop_total_revenue,Выручка магазина,baseline_hgb_v2
2023-12-10 04:00:00,2,Татнефть-АЗС-003,0.0,37,0,0,1,4,6,0.31920628672696216,shop_total_revenue,Выручка магазина,baseline_hgb_v2
2023-12-10 04:00:00,3,Татнефть-АЗС-004,0.0,35,0,1,1,4,6,0.5014351946295903,shop_total_revenue,Выручка магазина,baseline_hgb_v2
2023-12-10 04:00:00,4,Татнефть-АЗС-005,0.0,8,1,0,1,4,6,-0.1638859824625598,shop_total_revenue,Выручка магазина,baseline_hgb_v2
2023-12-10 05:00:00,0,Татнефть-АЗС-001,0.0,27,0,1,0,5,6,-0.22023548127975054,shop_total_revenue,Выручка магазина,baseline_hgb_v2
2023-12-10 05:00:00,1,Татнефть-АЗС-002,0.0,9,0,1,0,5,6,1.5851183393814108,shop_total_revenue,Выручка магазина,baseline_hgb_v2
2023-12-10 05:00:00,2,Татнефть-АЗС-003,0.0,28,0,0,1,5,6,-0.4024643891823787,shop_total_revenue,Выручка магазина,baseline_hgb_v2
2023-12-10 05:00:00,3,Татнефть-АЗС-004,0.0,37,0,1,1,5,6,0.5014351946295903,shop_total_revenue,Выручка магазина,baseline_hgb_v2
2023-12-10 05:00:00,4,Татнефть-АЗС-005,0.0,12,0,0,1,5,6,0.31920628672696216,shop_total_revenue,Выручка магазина,baseline_hgb_v2
2023-12-10 06:00:00,0,Татнефть-АЗС-001,0.0,180,0,1,0,6,6,1.8928367249301616,shop_total_revenue,Выручка магазина,baseline_hgb_v2
2023-12-10 06:00:00,1,Татнефть-АЗС-002,0.0,54,0,1,0,6,6,0.5014351946295903,shop_total_revenue,Выручка магазина,baseline_hgb_v2
2023-12-10 06:00:00,2,Татнефть-АЗС-003,0.0,116,1,0,1,6,6,-0.4024643891823787,shop_total_revenue,Выручка магазина,baseline_hgb_v2
2023-12-10 06:00:00,3,Татнефть-АЗС-004,0.0,287,1,1,1,6,6,206.52234957622446,shop_total_revenue,Выручка магазина,baseline_hgb_v2
2023-12-10 06:00:00,4,Татнефть-АЗС-005,0.0,74,0,0,1,6,6,0.31920628672696216,shop_total_revenue,Выручка магазина,baseline_hgb_v2
2023-12-10 07:00:00,0,Татнефть-АЗС-001,330.0,342,0,1,0,7,6,496.65396250388415,shop_total_revenue,Выручка магазина,baseline_hgb_v2
2023-12-10 07:00:00,1,Татнефть-АЗС-002,0.0,104,1,1,0,7,6,-0.7523785330167041,shop_total_revenue,Выручка магазина,baseline_hgb_v2
2023-12-10 07:00:00,2,Татнефть-АЗС-003,363.0,264,0,0,1,7,6,268.4146639648805,shop_total_revenue,Выручка магазина,baseline_hgb_v2
2023-12-10 07:00:00,3,Татнефть-АЗС-004,1436.0,708,1,1,1,7,6,1552.8242828674438,shop_total_revenue,Выручка магазина,baseline_hgb_v2
2023-12-10 07:00:00,4,Татнефть-АЗС-005,255.0,254,0,0,1,7,6,268.66863909800315,shop_total_revenue,Выручка магазина,baseline_hgb_v2
2023-12-10 08:00:00,0,Татнефть-АЗС-001,621.0,342,0,1,0,8,6,495.9466992722978,shop_total_revenue,Выручка магазина,baseline_hgb_v2
2023-12-10 08:00:00,1,Татнефть-АЗС-002,0.0,104,0,1,0,8,6,-0.7523785330167041,shop_total_revenue,Выручка магазина,baseline_hgb_v2
2023-12-10 08:00:00,2,Татнефть-АЗС-003,352.0,332,0,0,1,8,6,463.9201167232291,shop_total_revenue,Выручка магазина,baseline_hgb_v2
2023-12-10 08:00:00,3,Татнефть-АЗС-004,1817.0,802,0,1,1,8,6,1711.2998105258582,shop_total_revenue,Выручка магазина,baseline_hgb_v2
2023-12-10 08:00:00,4,Татнефть-АЗС-005,239.0,201,0,0,1,8,6,182.4724152366157,shop_total_revenue,Выручка магазина,baseline_hgb_v2
2023-12-10 09:00:00,0,Татнефть-АЗС-001,1007.0,482,0,1,0,9,6,982.64341484268,shop_total_revenue,Выручка магазина,baseline_hgb_v2
2023-12-10 09:00:00,1,Татнефть-АЗС-002,0.0,136,0,1,0,9,6,34.35095657034487,shop_total_revenue,Выручка магазина,baseline_hgb_v2
2023-12-10 09:00:00,2,Татнефть-АЗС-003,369.0,357,1,0,1,9,6,583.9157080992865,shop_total_revenue,Выручка магазина,baseline_hgb_v2
2023-12-10 09:00:00,3,Татнефть-АЗС-004,1889.0,748,0,1,1,9,6,1705.204274573063,shop_total_revenue,Выручка магазина,baseline_hgb_v2
2023-12-10 09:00:00,4,Татнефть-АЗС-005,0.0,154,0,0,1,9,6,32.02527005632251,shop_total_revenue,Выручка магазина,baseline_hgb_v2
2023-12-10 10:00:00,0,Татнефть-АЗС-001,0.0,125,1,1,0,10,6,-0.22023548127975054,shop_total_revenue,Выручка магазина,baseline_hgb_v2
2023-12-10 10:00:00,1,Татнефть-АЗС-002,0.0,37,0,1,0,10,6,-0.22023548127975054,shop_total_revenue,Выручка магазина,baseline_hgb_v2
2023-12-10 10:00:00,2,Татнефть-АЗС-003,0.0,165,1,0,1,10,6,5.005364341183637,shop_total_revenue,Выручка магазина,baseline_hgb_v2
2023-12-10 10:00:00,3,Татнефть-АЗС-004,360.0,272,0,1,1,10,6,155.3412607764917,shop_total_revenue,Выручка магазина,baseline_hgb_v2
2023-12-10 10:00:00,4,Татнефть-АЗС-005,0.0,67,0,0,1,10,6,0.31920628672696216,shop_total_revenue,Выручка магазина,baseline_hgb_v2
2023-12-10 11:00:00,0,Татнефть-АЗС-001,0.0,185,0,1,0,11,6,3.511215891260978,shop_total_revenue,Выручка магазина,baseline_hgb_v2
2023-12-10 11:00:00,1,Татнефть-АЗС-002,0.0,45,0,1,0,11,6,-0.22023548127975054,shop_total_revenue,Выручка магазина,baseline_hgb_v2
2023-12-10 11:00:00,2,Татнефть-АЗС-003,0.0,178,1,0,1,11,6,3.8846437191625838,shop_total_revenue,Выручка магазина,baseline_hgb_v2
2023-12-10 11:00:00,3,Татнефть-АЗС-004,0.0,183,0,1,1,11,6,-0.11211365659607878,shop_total_revenue,Выручка магазина,baseline_hgb_v2
2023-12-10 11:00:00,4,Татнефть-АЗС-005,0.0,64,1,0,1,11,6,0.31920628672696216,shop_total_revenue,Выручка магазина,baseline_hgb_v2
2023-12-10 12:00:00,0,Татнефть-АЗС-001,0.0,130,1,1,0,12,6,-0.8728377430511058,shop_total_revenue,Выручка магазина,baseline_hgb_v2
2023-12-10 12:00:00,1,Татнефть-АЗС-002,0.0,59,0,1,0,12,6,0.7685571271440673,shop_total_revenue,Выручка магазина,baseline_hgb_v2
2023-12-10 12:00:00,2,Татнефть-АЗС-003,0.0,161,1,0,1,12,6,133.98160128651793,shop_total_revenue,Выручка магазина,baseline_hgb_v2
2023-12-10 12:00:00,3,Татнефть-АЗС-004,0.0,134,1,1,1,12,6,-2.2797279731272946,shop_total_revenue,Выручка магазина,baseline_hgb_v2
2023-12-10 12:00:00,4,Татнефть-АЗС-005,0.0,52,1,0,1,12,6,0.5863282192414392,shop_total_revenue,Выручка магазина,baseline_hgb_v2
2023-12-10 13:00:00,0,Татнефть-АЗС-001,0.0,130,1,1,0,13,6,2.0217423225322344,shop_total_revenue,Выручка магазина,baseline_hgb_v2
2023-12-10 13:00:00,1,Татнефть-АЗС-002,0.0,61,0,1,0,13,6,0.7685571271440673,shop_total_revenue,Выручка магазина,baseline_hgb_v2
2023-12-10 13:00:00,2,Татнефть-АЗС-003,354.0,179,1,0,1,13,6,233.47227336416213,shop_total_revenue,Выручка магазина,baseline_hgb_v2
2023-12-10 13:00:00,3,Татнефть-АЗС-004,353.0,175,1,1,1,13,6,211.61840852718404,shop_total_revenue,Выручка магазина,baseline_hgb_v2
2023-12-10 13:00:00,4,Татнефть-АЗС-005,0.0,40,0,0,1,13,6,-0.2130954959861049,shop_total_revenue,Выручка магазина,baseline_hgb_v2
2023-12-10 14:00:00,0,Татнефть-АЗС-001,0.0,122,0,1,0,14,6,2.0217423225322344,shop_total_revenue,Выручка магазина,baseline_hgb_v2
2023-12-10 14:00:00,1,Татнефть-АЗС-002,0.0,53,1,1,0,14,6,0.7685571271440673,shop_total_revenue,Выручка магазина,baseline_hgb_v2
2023-12-10 14:00:00,2,Татнефть-АЗС-003,0.0,199,0,0,1,14,6,289.3296442600873,shop_total_revenue,Выручка магазина,baseline_hgb_v2
2023-12-10 14:00:00,3,Татнефть-АЗС-004,0.0,159,0,1,1,14,6,119.16701188913305,shop_total_revenue,Выручка магазина,baseline_hgb_v2
2023-12-10 14:00:00,4,Татнефть-АЗС-005,0.0,51,0,0,1,14,6,0.5863282192414392,shop_total_revenue,Выручка магазина,baseline_hgb_v2
2023-12-10 15:00:00,0,Татнефть-АЗС-001,0.0,181,1,1,0,15,6,-2.9521976885748256,shop_total_revenue,Выручка магазина,baseline_hgb_v2
2023-12-10 15:00:00,1,Татнефть-АЗС-002,0.0,37,0,1,0,15,6,-0.06896258344921748,shop_total_revenue,Выручка магазина,baseline_hgb_v2
2023-12-10 15:00:00,2,Татнефть-АЗС-003,0.0,198,0,0,1,15,6,5.555456351539387,shop_total_revenue,Выручка магазина,baseline_hgb_v2
2023-12-10 15:00:00,3,Татнефть-АЗС-004,0.0,120,0,1,1,15,6,-0.15228306851351836,shop_total_revenue,Выручка магазина,baseline_hgb_v2
2023-12-10 15:00:00,4,Татнефть-АЗС-005,0.0,49,0,0,1,15,6,0.24737174624890745,shop_total_revenue,Выручка магазина,baseline_hgb_v2
2023-12-10 16:00:00,0,Татнефть-АЗС-001,0.0,114,0,1,0,16,6,-0.15228306851351836,shop_total_revenue,Выручка магазина,baseline_hgb_v2
2023-12-10 16:00:00,1,Татнефть-АЗС-002,0.0,93,1,1,0,16,6,0.4296006541515356,shop_total_revenue,Выручка магазина,baseline_hgb_v2
2023-12-10 16:00:00,2,Татнефть-АЗС-003,0.0,247,1,0,1,16,6,115.09393641953397,shop_total_revenue,Выручка магазина,baseline_hgb_v2
2023-12-10 16:00:00,3,Татнефть-АЗС-004,0.0,125,0,1,1,16,6,-0.15228306851351836,shop_total_revenue,Выручка магазина,baseline_hgb_v2
2023-12-10 16:00:00,4,Татнефть-АЗС-005,0.0,58,1,0,1,16,6,0.24737174624890745,shop_total_revenue,Выручка магазина,baseline_hgb_v2
2023-12-10 17:00:00,0,Татнефть-АЗС-001,1285.0,511,0,1,0,17,6,1079.530791574328,shop_total_revenue,Выручка магазина,baseline_hgb_v2
2023-12-10 17:00:00,1,Татнефть-АЗС-002,293.0,258,1,1,0,17,6,422.40466024337553,shop_total_revenue,Выручка магазина,baseline_hgb_v2
2023-12-10 17:00:00,2,Татнефть-АЗС-003,721.0,490,1,0,1,17,6,836.8945606242532,shop_total_revenue,Выручка магазина,baseline_hgb_v2
2023-12-10 17:00:00,3,Татнефть-АЗС-004,1082.0,512,0,1,1,17,6,1101.2772096822264,shop_total_revenue,Выручка магазина,baseline_hgb_v2
2023-12-10 17:00:00,4,Татнефть-АЗС-005,0.0,168,1,0,1,17,6,113.25764996861871,shop_total_revenue,Выручка магазина,baseline_hgb_v2
2023-12-10 18:00:00,0,Татнефть-АЗС-001,937.0,492,0,1,0,18,6,1033.085235405511,shop_total_revenue,Выручка магазина,baseline_hgb_v2
2023-12-10 18:00:00,1,Татнефть-АЗС-002,300.0,263,1,1,0,18,6,423.1791640144771,shop_total_revenue,Выручка магазина,baseline_hgb_v2
2023-12-10 18:00:00,2,Татнефть-АЗС-003,1807.0,690,0,0,1,18,6,1475.7149533688057,shop_total_revenue,Выручка магазина,baseline_hgb_v2
2023-12-10 18:00:00,3,Татнефть-АЗС-004,712.0,416,0,1,1,18,6,640.3882800935207,shop_total_revenue,Выручка магазина,baseline_hgb_v2
2023-12-10 18:00:00,4,Татнефть-АЗС-005,0.0,152,0,0,1,18,6,32.450549351980925,shop_total_revenue,Выручка магазина,baseline_hgb_v2
2023-12-10 19:00:00,0,Татнефть-АЗС-001,602.0,387,0,1,0,19,6,685.3267450494144,shop_total_revenue,Выручка магазина,baseline_hgb_v2
2023-12-10 19:00:00,1,Татнефть-АЗС-002,317.0,254,0,1,0,19,6,378.766683345292,shop_total_revenue,Выручка магазина,baseline_hgb_v2
2023-12-10 19:00:00,2,Татнефть-АЗС-003,1534.0,728,0,0,1,19,6,1626.5742681641743,shop_total_revenue,Выручка магазина,baseline_hgb_v2
2023-12-10 19:00:00,3,Татнефть-АЗС-004,1060.0,512,0,1,1,19,6,1089.6797359505968,shop_total_revenue,Выручка магазина,baseline_hgb_v2
2023-12-10 19:00:00,4,Татнефть-АЗС-005,0.0,128,1,0,1,19,6,1.383000218031352,shop_total_revenue,Выручка магазина,baseline_hgb_v2
2023-12-10 20:00:00,0,Татнефть-АЗС-001,0.0,119,0,1,0,20,6,0.08496235719030501,shop_total_revenue,Выручка магазина,baseline_hgb_v2
2023-12-10 20:00:00,1,Татнефть-АЗС-002,0.0,88,0,1,0,20,6,0.4296006541515356,shop_total_revenue,Выручка магазина,baseline_hgb_v2
2023-12-10 20:00:00,2,Татнефть-АЗС-003,0.0,263,0,0,1,20,6,139.243545748431,shop_total_revenue,Выручка магазина,baseline_hgb_v2
2023-12-10 20:00:00,3,Татнефть-АЗС-004,0.0,196,0,1,1,20,6,0.9664965283660928,shop_total_revenue,Выручка магазина,baseline_hgb_v2
2023-12-10 20:00:00,4,Татнефть-АЗС-005,0.0,61,1,0,1,20,6,0.24737174624890745,shop_total_revenue,Выручка магазина,baseline_hgb_v2
2023-12-10 21:00:00,0,Татнефть-АЗС-001,0.0,176,0,1,0,21,6,2.0779565512673956,shop_total_revenue,Выручка магазина,baseline_hgb_v2
2023-12-10 21:00:00,1,Татнефть-АЗС-002,0.0,59,0,1,0,21,6,0.4296006541515356,shop_total_revenue,Выручка магазина,baseline_hgb_v2
2023-12-10 21:00:00,2,Татнефть-АЗС-003,0.0,159,0,0,1,21,6,-2.090989900125483,shop_total_revenue,Выручка магазина,baseline_hgb_v2
2023-12-10 21:00:00,3,Татнефть-АЗС-004,0.0,159,0,1,1,21,6,4.122121304479987,shop_total_revenue,Выручка магазина,baseline_hgb_v2
2023-12-10 21:00:00,4,Татнефть-АЗС-005,0.0,56,0,0,1,21,6,0.24737174624890745,shop_total_revenue,Выручка магазина,baseline_hgb_v2
2023-12-10 22:00:00,0,Татнефть-АЗС-001,0.0,41,0,1,0,22,6,0.4296006541515356,shop_total_revenue,Выручка магазина,baseline_hgb_v2
2023-12-10 22:00:00,1,Татнефть-АЗС-002,0.0,8,0,1,0,22,6,-0.15228306851351836,shop_total_revenue,Выручка магазина,baseline_hgb_v2
2023-12-10 22:00:00,2,Татнефть-АЗС-003,0.0,35,1,0,1,22,6,0.24737174624890745,shop_total_revenue,Выручка магазина,baseline_hgb_v2
2023-12-10 22:00:00,3,Татнефть-АЗС-004,0.0,26,0,1,1,22,6,-0.15228306851351836,shop_total_revenue,Выручка магазина,baseline_hgb_v2
2023-12-10 22:00:00,4,Татнефть-АЗС-005,0.0,12,1,0,1,22,6,0.24737174624890745,shop_total_revenue,Выручка магазина,baseline_hgb_v2
2023-12-10 23:00:00,0,Татнефть-АЗС-001,0.0,21,0,1,0,23,6,-0.15228306851351836,shop_total_revenue,Выручка магазина,baseline_hgb_v2
2023-12-10 23:00:00,1,Татнефть-АЗС-002,0.0,12,1,1,0,23,6,0.4296006541515356,shop_total_revenue,Выручка магазина,baseline_hgb_v2
2023-12-10 23:00:00,2,Татнефть-АЗС-003,0.0,41,1,0,1,23,6,0.24737174624890745,shop_total_revenue,Выручка магазина,baseline_hgb_v2
2023-12-10 23:00:00,3,Татнефть-АЗС-004,0.0,28,1,1,1,23,6,-0.15228306851351836,shop_total_revenue,Выручка магазина,baseline_hgb_v2
2023-12-10 23:00:00,4,Татнефть-АЗС-005,0.0,7,1,0,1,23,6,-0.3345119764161465,shop_total_revenue,Выручка магазина,baseline_hgb_v2
2023-12-11 00:00:00,0,Татнефть-АЗС-001,0.0,21,0,1,0,0,0,0.08673581602778985,shop_total_revenue,Выручка магазина,baseline_hgb_v2
2023-12-11 00:00:00,1,Татнефть-АЗС-002,0.0,9,1,1,0,0,0,0.08673581602778985,shop_total_revenue,Выручка магазина,baseline_hgb_v2
2023-12-11 00:00:00,2,Татнефть-АЗС-003,0.0,31,1,0,1,0,0,0.6261775840345026,shop_total_revenue,Выручка магазина,baseline_hgb_v2
2023-12-11 00:00:00,3,Татнефть-АЗС-004,0.0,33,1,1,1,0,0,0.8084064919371308,shop_total_revenue,Выручка магазина,baseline_hgb_v2
2023-12-11 00:00:00,4,Татнефть-АЗС-005,0.0,16,0,0,1,0,0,0.6261775840345026,shop_total_revenue,Выручка магазина,baseline_hgb_v2
2023-12-11 01:00:00,0,Татнефть-АЗС-001,0.0,18,0,1,0,1,0,0.08673581602778985,shop_total_revenue,Выручка магазина,baseline_hgb_v2
2023-12-11 01:00:00,1,Татнефть-АЗС-002,0.0,15,0,1,0,1,0,0.8084064919371308,shop_total_revenue,Выручка магазина,baseline_hgb_v2
2023-12-11 01:00:00,2,Татнефть-АЗС-003,0.0,33,0,0,1,1,0,0.6261775840345026,shop_total_revenue,Выручка магазина,baseline_hgb_v2
2023-12-11 01:00:00,3,Татнефть-АЗС-004,0.0,31,0,1,1,1,0,0.8084064919371308,shop_total_revenue,Выручка магазина,baseline_hgb_v2
2023-12-11 01:00:00,4,Татнефть-АЗС-005,0.0,11,0,0,1,1,0,-0.0954930918748383,shop_total_revenue,Выручка магазина,baseline_hgb_v2
2023-12-11 02:00:00,0,Татнефть-АЗС-001,0.0,21,0,1,0,2,0,0.08673581602778985,shop_total_revenue,Выручка магазина,baseline_hgb_v2
2023-12-11 02:00:00,1,Татнефть-АЗС-002,0.0,10,0,1,0,2,0,0.17005630109209072,shop_total_revenue,Выручка магазина,baseline_hgb_v2
2023-12-11 02:00:00,2,Татнефть-АЗС-003,0.0,35,0,0,1,2,0,0.6261775840345026,shop_total_revenue,Выручка магазина,baseline_hgb_v2
2023-12-11 02:00:00,3,Татнефть-АЗС-004,0.0,27,0,1,1,2,0,0.8084064919371308,shop_total_revenue,Выручка магазина,baseline_hgb_v2
2023-12-11 02:00:00,4,Татнефть-АЗС-005,0.0,15,0,0,1,2,0,0.6261775840345026,shop_total_revenue,Выручка магазина,baseline_hgb_v2
2023-12-11 03:00:00,0,Татнефть-АЗС-001,0.0,33,0,1,0,3,0,0.8084064919371308,shop_total_revenue,Выручка магазина,baseline_hgb_v2
2023-12-11 03:00:00,1,Татнефть-АЗС-002,0.0,10,0,1,0,3,0,0.08673581602778985,shop_total_revenue,Выручка магазина,baseline_hgb_v2
2023-12-11 03:00:00,2,Татнефть-АЗС-003,0.0,26,0,0,1,3,0,0.6261775840345026,shop_total_revenue,Выручка магазина,baseline_hgb_v2
2023-12-11 03:00:00,3,Татнефть-АЗС-004,0.0,22,0,1,1,3,0,0.08673581602778985,shop_total_revenue,Выручка магазина,baseline_hgb_v2
2023-12-11 03:00:00,4,Татнефть-АЗС-005,0.0,14,0,0,1,3,0,0.6261775840345026,shop_total_revenue,Выручка магазина,baseline_hgb_v2
2023-12-11 04:00:00,0,Татнефть-АЗС-001,0.0,21,0,1,0,4,0,0.08673581602778985,shop_total_revenue,Выручка магазина,baseline_hgb_v2
2023-12-11 04:00:00,1,Татнефть-АЗС-002,0.0,12,0,1,0,4,0,0.8084064919371308,shop_total_revenue,Выручка магазина,baseline_hgb_v2
2023-12-11 04:00:00,2,Татнефть-АЗС-003,0.0,25,0,0,1,4,0,-0.0954930918748383,shop_total_revenue,Выручка магазина,baseline_hgb_v2
2023-12-11 04:00:00,3,Татнефть-АЗС-004,0.0,21,0,1,1,4,0,0.08673581602778985,shop_total_revenue,Выручка магазина,baseline_hgb_v2
2023-12-11 04:00:00,4,Татнефть-АЗС-005,0.0,15,0,0,1,4,0,0.6261775840345026,shop_total_revenue,Выручка магазина,baseline_hgb_v2
2023-12-11 05:00:00,0,Татнефть-АЗС-001,0.0,34,1,1,0,5,0,0.8084064919371308,shop_total_revenue,Выручка магазина,baseline_hgb_v2
2023-12-11 05:00:00,1,Татнефть-АЗС-002,0.0,14,0,1,0,5,0,0.8084064919371308,shop_total_revenue,Выручка магазина,baseline_hgb_v2
2023-12-11 05:00:00,2,Татнефть-АЗС-003,0.0,25,0,0,1,5,0,0.6261775840345026,shop_total_revenue,Выручка магазина,baseline_hgb_v2
2023-12-11 05:00:00,3,Татнефть-АЗС-004,0.0,25,0,1,1,5,0,0.08673581602778985,shop_total_revenue,Выручка магазина,baseline_hgb_v2
2023-12-11 05:00:00,4,Татнефть-АЗС-005,0.0,10,0,0,1,5,0,-0.0954930918748383,shop_total_revenue,Выручка магазина,baseline_hgb_v2
2023-12-11 06:00:00,0,Татнефть-АЗС-001,0.0,109,1,1,0,6,0,0.08673581602778985,shop_total_revenue,Выручка магазина,baseline_hgb_v2
2023-12-11 06:00:00,1,Татнефть-АЗС-002,0.0,79,1,1,0,6,0,0.8084064919371308,shop_total_revenue,Выручка магазина,baseline_hgb_v2
2023-12-11 06:00:00,2,Татнефть-АЗС-003,0.0,145,0,0,1,6,0,-5.7785291902615326,shop_total_revenue,Выручка магазина,baseline_hgb_v2
2023-12-11 06:00:00,3,Татнефть-АЗС-004,0.0,164,0,1,1,6,0,13.134229383852833,shop_total_revenue,Выручка магазина,baseline_hgb_v2
2023-12-11 06:00:00,4,Татнефть-АЗС-005,0.0,76,1,0,1,6,0,-0.0954930918748383,shop_total_revenue,Выручка магазина,baseline_hgb_v2
2023-12-11 07:00:00,0,Татнефть-АЗС-001,626.0,370,0,1,0,7,0,685.628473656414,shop_total_revenue,Выручка магазина,baseline_hgb_v2
2023-12-11 07:00:00,1,Татнефть-АЗС-002,0.0,147,1,1,0,7,0,21.83386434458893,shop_total_revenue,Выручка магазина,baseline_hgb_v2
2023-12-11 07:00:00,2,Татнефть-АЗС-003,373.0,269,0,0,1,7,0,274.71941425109554,shop_total_revenue,Выручка магазина,baseline_hgb_v2
2023-12-11 07:00:00,3,Татнефть-АЗС-004,369.0,390,0,1,1,7,0,572.0658046176299,shop_total_revenue,Выручка магазина,baseline_hgb_v2
2023-12-11 07:00:00,4,Татнефть-АЗС-005,494.0,326,0,0,1,7,0,410.102810328046,shop_total_revenue,Выручка магазина,baseline_hgb_v2
2023-12-11 08:00:00,0,Татнефть-АЗС-001,995.0,427,0,1,0,8,0,869.417065857121,shop_total_revenue,Выручка магазина,baseline_hgb_v2
2023-12-11 08:00:00,1,Татнефть-АЗС-002,298.0,189,0,1,0,8,0,305.38132192083185,shop_total_revenue,Выручка магазина,baseline_hgb_v2
2023-12-11 08:00:00,2,Татнефть-АЗС-003,360.0,271,1,0,1,8,0,314.5645626701334,shop_total_revenue,Выручка магазина,baseline_hgb_v2
2023-12-11 08:00:00,3,Татнефть-АЗС-004,1381.0,597,0,1,1,8,0,1214.593322093684,shop_total_revenue,Выручка магазина,baseline_hgb_v2
2023-12-11 08:00:00,4,Татнефть-АЗС-005,0.0,211,0,0,1,8,0,201.85259440559935,shop_total_revenue,Выручка магазина,baseline_hgb_v2
2023-12-11 09:00:00,0,Татнефть-АЗС-001,618.0,358,0,1,0,9,0,624.5732724323075,shop_total_revenue,Выручка магазина,baseline_hgb_v2
2023-12-11 09:00:00,1,Татнефть-АЗС-002,314.0,193,1,1,0,9,0,303.185011494166,shop_total_revenue,Выручка магазина,baseline_hgb_v2
2023-12-11 09:00:00,2,Татнефть-АЗС-003,345.0,290,0,0,1,9,0,310.1023786175145,shop_total_revenue,Выручка магазина,baseline_hgb_v2
2023-12-11 09:00:00,3,Татнефть-АЗС-004,344.0,392,1,1,1,9,0,598.615889985315,shop_total_revenue,Выручка магазина,baseline_hgb_v2
2023-12-11 09:00:00,4,Татнефть-АЗС-005,0.0,173,1,0,1,9,0,97.92012676779937,shop_total_revenue,Выручка магазина,baseline_hgb_v2
2023-12-11 10:00:00,0,Татнефть-АЗС-001,0.0,109,0,1,0,10,0,0.08673581602778985,shop_total_revenue,Выручка магазина,baseline_hgb_v2
2023-12-11 10:00:00,1,Татнефть-АЗС-002,0.0,51,1,1,0,10,0,0.4637681949759002,shop_total_revenue,Выручка магазина,baseline_hgb_v2
2023-12-11 10:00:00,2,Татнефть-АЗС-003,0.0,137,0,0,1,10,0,0.14383416731933413,shop_total_revenue,Выручка магазина,baseline_hgb_v2
2023-12-11 10:00:00,3,Татнефть-АЗС-004,367.0,239,0,1,1,10,0,47.2041861811551,shop_total_revenue,Выручка магазина,baseline_hgb_v2
2023-12-11 10:00:00,4,Татнефть-АЗС-005,0.0,101,0,0,1,10,0,0.6261775840345026,shop_total_revenue,Выручка магазина,baseline_hgb_v2
2023-12-11 11:00:00,0,Татнефть-АЗС-001,0.0,93,1,1,0,11,0,0.4637681949759002,shop_total_revenue,Выручка магазина,baseline_hgb_v2
2023-12-11 11:00:00,1,Татнефть-АЗС-002,0.0,45,1,1,0,11,0,0.08673581602778985,shop_total_revenue,Выручка магазина,baseline_hgb_v2
2023-12-11 11:00:00,2,Татнефть-АЗС-003,0.0,97,0,0,1,11,0,-0.0954930918748383,shop_total_revenue,Выручка магазина,baseline_hgb_v2
2023-12-11 11:00:00,3,Татнефть-АЗС-004,0.0,92,1,1,1,11,0,0.08673581602778985,shop_total_revenue,Выручка магазина,baseline_hgb_v2
2023-12-11 11:00:00,4,Татнефть-АЗС-005,0.0,73,1,0,1,11,0,0.6261775840345026,shop_total_revenue,Выручка магазина,baseline_hgb_v2
2023-12-11 12:00:00,0,Татнефть-АЗС-001,0.0,110,0,1,0,12,0,2.328713619839775,shop_total_revenue,Выручка магазина,baseline_hgb_v2
2023-12-11 12:00:00,1,Татнефть-АЗС-002,0.0,64,0,1,0,12,0,1.0755284244516075,shop_total_revenue,Выручка магазина,baseline_hgb_v2
2023-12-11 12:00:00,2,Татнефть-АЗС-003,0.0,146,1,0,1,12,0,17.965095484395086,shop_total_revenue,Выручка магазина,baseline_hgb_v2
2023-12-11 12:00:00,3,Татнефть-АЗС-004,0.0,137,1,1,1,12,0,0.5931850077364393,shop_total_revenue,Выручка магазина,baseline_hgb_v2
2023-12-11 12:00:00,4,Татнефть-АЗС-005,0.0,72,0,0,1,12,0,0.8932995165489797,shop_total_revenue,Выручка магазина,baseline_hgb_v2
2023-12-11 13:00:00,0,Татнефть-АЗС-001,0.0,110,0,1,0,13,0,-0.5658664457435655,shop_total_revenue,Выручка магазина,baseline_hgb_v2
2023-12-11 13:00:00,1,Татнефть-АЗС-002,0.0,78,0,1,0,13,0,1.0755284244516075,shop_total_revenue,Выручка магазина,baseline_hgb_v2
2023-12-11 13:00:00,2,Татнефть-АЗС-003,0.0,157,0,0,1,13,0,117.83393622829419,shop_total_revenue,Выручка магазина,baseline_hgb_v2
2023-12-11 13:00:00,3,Татнефть-АЗС-004,0.0,94,0,1,1,13,0,0.2761047092240636,shop_total_revenue,Выручка магазина,baseline_hgb_v2
2023-12-11 13:00:00,4,Татнефть-АЗС-005,0.0,50,0,0,1,13,0,0.09387580132143551,shop_total_revenue,Выручка магазина,baseline_hgb_v2
2023-12-11 14:00:00,0,Татнефть-АЗС-001,316.0,130,0,1,0,14,0,0.48832578666698795,shop_total_revenue,Выручка магазина,baseline_hgb_v2
2023-12-11 14:00:00,1,Татнефть-АЗС-002,0.0,64,0,1,0,14,0,1.0755284244516075,shop_total_revenue,Выручка магазина,baseline_hgb_v2
2023-12-11 14:00:00,2,Татнефть-АЗС-003,0.0,134,0,0,1,14,0,6.359489707629794,shop_total_revenue,Выручка магазина,baseline_hgb_v2
2023-12-11 14:00:00,3,Татнефть-АЗС-004,0.0,97,1,1,1,14,0,0.2761047092240636,shop_total_revenue,Выручка магазина,baseline_hgb_v2
2023-12-11 14:00:00,4,Татнефть-АЗС-005,0.0,65,0,0,1,14,0,0.8932995165489797,shop_total_revenue,Выручка магазина,baseline_hgb_v2
2023-12-11 15:00:00,0,Татнефть-АЗС-001,0.0,154,0,1,0,15,0,1.2413498043305313,shop_total_revenue,Выручка магазина,baseline_hgb_v2
2023-12-11 15:00:00,1,Татнефть-АЗС-002,0.0,61,0,1,0,15,0,0.7365719514590761,shop_total_revenue,Выручка магазина,baseline_hgb_v2
2023-12-11 15:00:00,2,Татнефть-АЗС-003,0.0,142,0,0,1,15,0,-4.495271050325253,shop_total_revenue,Выручка магазина,baseline_hgb_v2
2023-12-11 15:00:00,3,Татнефть-АЗС-004,0.0,142,0,1,1,15,0,0.5828113595589053,shop_total_revenue,Выручка магазина,baseline_hgb_v2
2023-12-11 15:00:00,4,Татнефть-АЗС-005,0.0,53,0,0,1,15,0,-0.027540679108606095,shop_total_revenue,Выручка магазина,baseline_hgb_v2
2023-12-11 16:00:00,0,Татнефть-АЗС-001,0.0,142,0,1,0,16,0,2.1347759105788344,shop_total_revenue,Выручка магазина,baseline_hgb_v2
2023-12-11 16:00:00,1,Татнефть-АЗС-002,0.0,87,1,1,0,16,0,0.3919336544978454,shop_total_revenue,Выручка магазина,baseline_hgb_v2
2023-12-11 16:00:00,2,Татнефть-АЗС-003,0.0,226,0,0,1,16,0,47.301797870224334,shop_total_revenue,Выручка магазина,baseline_hgb_v2
2023-12-11 16:00:00,3,Татнефть-АЗС-004,0.0,153,0,1,1,16,0,-3.220102132206765,shop_total_revenue,Выручка магазина,baseline_hgb_v2
2023-12-11 16:00:00,4,Татнефть-АЗС-005,0.0,50,1,0,1,16,0,-0.027540679108606095,shop_total_revenue,Выручка магазина,baseline_hgb_v2
2023-12-11 17:00:00,0,Татнефть-АЗС-001,318.0,309,1,1,0,17,0,367.41963802441376,shop_total_revenue,Выручка магазина,baseline_hgb_v2
2023-12-11 17:00:00,1,Татнефть-АЗС-002,330.0,281,0,1,0,17,0,465.0591509214946,shop_total_revenue,Выручка магазина,baseline_hgb_v2
2023-12-11 17:00:00,2,Татнефть-АЗС-003,1078.0,561,0,0,1,17,0,1182.5876516453682,shop_total_revenue,Выручка магазина,baseline_hgb_v2
2023-12-11 17:00:00,3,Татнефть-АЗС-004,723.0,388,0,1,1,17,0,671.293151194563,shop_total_revenue,Выручка магазина,baseline_hgb_v2
2023-12-11 17:00:00,4,Татнефть-АЗС-005,0.0,133,0,0,1,17,0,3.2005851843198614,shop_total_revenue,Выручка магазина,baseline_hgb_v2
2023-12-11 18:00:00,0,Татнефть-АЗС-001,918.0,428,1,1,0,18,0,860.4971960760346,shop_total_revenue,Выручка магазина,baseline_hgb_v2
2023-12-11 18:00:00,1,Татнефть-АЗС-002,641.0,278,1,1,0,18,0,455.19097655786544,shop_total_revenue,Выручка магазина,baseline_hgb_v2
2023-12-11 18:00:00,2,Татнефть-АЗС-003,1105.0,629,0,0,1,18,0,1370.3032698760132,shop_total_revenue,Выручка магазина,baseline_hgb_v2
2023-12-11 18:00:00,3,Татнефть-АЗС-004,353.0,309,1,1,1,18,0,332.64589093895535,shop_total_revenue,Выручка магазина,baseline_hgb_v2
2023-12-11 18:00:00,4,Татнефть-АЗС-005,239.0,170,1,0,1,18,0,114.18702086736347,shop_total_revenue,Выручка магазина,baseline_hgb_v2
2023-12-11 19:00:00,0,Татнефть-АЗС-001,616.0,429,0,1,0,19,0,835.5912217878451,shop_total_revenue,Выручка магазина,baseline_hgb_v2
2023-12-11 19:00:00,1,Татнефть-АЗС-002,603.0,266,0,1,0,19,0,449.32142416383664,shop_total_revenue,Выручка магазина,baseline_hgb_v2
2023-12-11 19:00:00,2,Татнефть-АЗС-003,1449.0,559,1,0,1,19,0,1405.926763523123,shop_total_revenue,Выручка магазина,baseline_hgb_v2
2023-12-11 19:00:00,3,Татнефть-АЗС-004,381.0,305,0,1,1,19,0,336.3579834731752,shop_total_revenue,Выручка магазина,baseline_hgb_v2
2023-12-11 19:00:00,4,Татнефть-АЗС-005,235.0,216,0,0,1,19,0,236.16582319005676,shop_total_revenue,Выручка магазина,baseline_hgb_v2
2023-12-11 20:00:00,0,Татнефть-АЗС-001,0.0,138,1,1,0,20,0,-0.13200065428966692,shop_total_revenue,Выручка магазина,baseline_hgb_v2
2023-12-11 20:00:00,1,Татнефть-АЗС-002,0.0,107,0,1,0,20,0,0.7365719514590761,shop_total_revenue,Выручка магазина,baseline_hgb_v2
2023-12-11 20:00:00,2,Татнефть-АЗС-003,0.0,197,0,0,1,20,0,17.554793837550214,shop_total_revenue,Выручка магазина,baseline_hgb_v2
2023-12-11 20:00:00,3,Татнефть-АЗС-004,0.0,114,0,1,1,20,0,0.7365719514590761,shop_total_revenue,Выручка магазина,baseline_hgb_v2
2023-12-11 20:00:00,4,Татнефть-АЗС-005,0.0,56,1,0,1,20,0,0.5543430435564479,shop_total_revenue,Выручка магазина,baseline_hgb_v2
2023-12-11 21:00:00,0,Татнефть-АЗС-001,0.0,164,1,1,0,21,0,8.137886544591396,shop_total_revenue,Выручка магазина,baseline_hgb_v2
2023-12-11 21:00:00,1,Татнефть-АЗС-002,0.0,67,0,1,0,21,0,0.7365719514590761,shop_total_revenue,Выручка магазина,baseline_hgb_v2
2023-12-11 21:00:00,2,Татнефть-АЗС-003,0.0,101,0,0,1,21,0,-0.027540679108606095,shop_total_revenue,Выручка магазина,baseline_hgb_v2
2023-12-11 21:00:00,3,Татнефть-АЗС-004,0.0,130,1,1,1,21,0,0.7365719514590761,shop_total_revenue,Выручка магазина,baseline_hgb_v2
2023-12-11 21:00:00,4,Татнефть-АЗС-005,0.0,61,0,0,1,21,0,-0.027540679108606095,shop_total_revenue,Выручка магазина,baseline_hgb_v2
2023-12-11 22:00:00,0,Татнефть-АЗС-001,0.0,20,0,1,0,22,0,0.15468822879402203,shop_total_revenue,Выручка магазина,baseline_hgb_v2
2023-12-11 22:00:00,1,Татнефть-АЗС-002,0.0,10,0,1,0,22,0,0.15468822879402203,shop_total_revenue,Выручка магазина,baseline_hgb_v2
2023-12-11 22:00:00,2,Татнефть-АЗС-003,0.0,21,0,0,1,22,0,-0.027540679108606095,shop_total_revenue,Выручка магазина,baseline_hgb_v2
2023-12-11 22:00:00,3,Татнефть-АЗС-004,0.0,30,0,1,1,22,0,0.7365719514590761,shop_total_revenue,Выручка магазина,baseline_hgb_v2
2023-12-11 22:00:00,4,Татнефть-АЗС-005,0.0,13,0,0,1,22,0,-0.027540679108606095,shop_total_revenue,Выручка магазина,baseline_hgb_v2
2023-12-11 23:00:00,0,Татнефть-АЗС-001,0.0,20,1,1,0,23,0,0.39326663551384095,shop_total_revenue,Выручка магазина,baseline_hgb_v2
2023-12-11 23:00:00,1,Татнефть-АЗС-002,0.0,10,1,1,0,23,0,0.15468822879402203,shop_total_revenue,Выручка магазина,baseline_hgb_v2
2023-12-11 23:00:00,2,Татнефть-АЗС-003,0.0,20,0,0,1,23,0,-0.027540679108606095,shop_total_revenue,Выручка магазина,baseline_hgb_v2
2023-12-11 23:00:00,3,Татнефть-АЗС-004,0.0,21,0,1,1,23,0,0.15468822879402203,shop_total_revenue,Выручка магазина,baseline_hgb_v2
2023-12-11 23:00:00,4,Татнефть-АЗС-005,0.0,9,0,0,1,23,0,-0.027540679108606095,shop_total_revenue,Выручка магазина,baseline_hgb_v2
2023-12-12 00:00:00,0,Татнефть-АЗС-001,0.0,31,1,1,0,0,1,0.8084064919371308,shop_total_revenue,Выручка магазина,baseline_hgb_v2
2023-12-12 00:00:00,1,Татнефть-АЗС-002,0.0,14,0,1,0,0,1,0.8084064919371308,shop_total_revenue,Выручка магазина,baseline_hgb_v2
2023-12-12 00:00:00,2,Татнефть-АЗС-003,0.0,31,0,0,1,0,1,0.6261775840345026,shop_total_revenue,Выручка магазина,baseline_hgb_v2
2023-12-12 00:00:00,3,Татнефть-АЗС-004,0.0,20,0,1,1,0,1,0.08673581602778985,shop_total_revenue,Выручка магазина,baseline_hgb_v2
2023-12-12 00:00:00,4,Татнефть-АЗС-005,0.0,13,1,0,1,0,1,0.6261775840345026,shop_total_revenue,Выручка магазина,baseline_hgb_v2
2023-12-12 01:00:00,0,Татнефть-АЗС-001,0.0,20,1,1,0,1,1,0.08673581602778985,shop_total_revenue,Выручка магазина,baseline_hgb_v2
2023-12-12 01:00:00,1,Татнефть-АЗС-002,0.0,10,0,1,0,1,1,0.08673581602778985,shop_total_revenue,Выручка магазина,baseline_hgb_v2
2023-12-12 01:00:00,2,Татнефть-АЗС-003,0.0,30,0,0,1,1,1,0.6261775840345026,shop_total_revenue,Выручка магазина,baseline_hgb_v2
2023-12-12 01:00:00,3,Татнефть-АЗС-004,0.0,25,0,1,1,1,1,0.08673581602778985,shop_total_revenue,Выручка магазина,baseline_hgb_v2
2023-12-12 01:00:00,4,Татнефть-АЗС-005,0.0,12,0,0,1,1,1,0.6261775840345026,shop_total_revenue,Выручка магазина,baseline_hgb_v2
2023-12-12 02:00:00,0,Татнефть-АЗС-001,0.0,26,0,1,0,2,1,0.8084064919371308,shop_total_revenue,Выручка магазина,baseline_hgb_v2
2023-12-12 02:00:00,1,Татнефть-АЗС-002,0.0,10,0,1,0,2,1,0.08673581602778985,shop_total_revenue,Выручка магазина,baseline_hgb_v2
2023-12-12 02:00:00,2,Татнефть-АЗС-003,0.0,31,1,0,1,2,1,0.6261775840345026,shop_total_revenue,Выручка магазина,baseline_hgb_v2
2023-12-12 02:00:00,3,Татнефть-АЗС-004,0.0,20,1,1,1,2,1,0.08673581602778985,shop_total_revenue,Выручка магазина,baseline_hgb_v2
2023-12-12 02:00:00,4,Татнефть-АЗС-005,0.0,11,0,0,1,2,1,-0.0954930918748383,shop_total_revenue,Выручка магазина,baseline_hgb_v2
2023-12-12 03:00:00,0,Татнефть-АЗС-001,0.0,22,1,1,0,3,1,0.08673581602778985,shop_total_revenue,Выручка магазина,baseline_hgb_v2
2023-12-12 03:00:00,1,Татнефть-АЗС-002,0.0,14,1,1,0,3,1,0.8084064919371308,shop_total_revenue,Выручка магазина,baseline_hgb_v2
2023-12-12 03:00:00,2,Татнефть-АЗС-003,0.0,19,0,0,1,3,1,-0.0954930918748383,shop_total_revenue,Выручка магазина,baseline_hgb_v2
2023-12-12 03:00:00,3,Татнефть-АЗС-004,0.0,23,0,1,1,3,1,0.08673581602778985,shop_total_revenue,Выручка магазина,baseline_hgb_v2
2023-12-12 03:00:00,4,Татнефть-АЗС-005,0.0,15,0,0,1,3,1,0.6261775840345026,shop_total_revenue,Выручка магазина,baseline_hgb_v2
2023-12-12 04:00:00,0,Татнефть-АЗС-001,0.0,30,0,1,0,4,1,0.8084064919371308,shop_total_revenue,Выручка магазина,baseline_hgb_v2
2023-12-12 04:00:00,1,Татнефть-АЗС-002,0.0,11,0,1,0,4,1,0.17005630109209072,shop_total_revenue,Выручка магазина,baseline_hgb_v2
2023-12-12 04:00:00,2,Татнефть-АЗС-003,0.0,23,0,0,1,4,1,-0.0954930918748383,shop_total_revenue,Выручка магазина,baseline_hgb_v2
2023-12-12 04:00:00,3,Татнефть-АЗС-004,0.0,23,0,1,1,4,1,0.17005630109209072,shop_total_revenue,Выручка магазина,baseline_hgb_v2
2023-12-12 04:00:00,4,Татнефть-АЗС-005,0.0,10,0,0,1,4,1,-0.0954930918748383,shop_total_revenue,Выручка магазина,baseline_hgb_v2
2023-12-12 05:00:00,0,Татнефть-АЗС-001,0.0,23,1,1,0,5,1,0.08673581602778985,shop_total_revenue,Выручка магазина,baseline_hgb_v2
2023-12-12 05:00:00,1,Татнефть-АЗС-002,0.0,11,0,1,0,5,1,0.08673581602778985,shop_total_revenue,Выручка магазина,baseline_hgb_v2
2023-12-12 05:00:00,2,Татнефть-АЗС-003,0.0,24,0,0,1,5,1,-0.0954930918748383,shop_total_revenue,Выручка магазина,baseline_hgb_v2
2023-12-12 05:00:00,3,Татнефть-АЗС-004,0.0,34,0,1,1,5,1,0.8084064919371308,shop_total_revenue,Выручка магазина,baseline_hgb_v2
2023-12-12 05:00:00,4,Татнефть-АЗС-005,0.0,10,0,0,1,5,1,-0.0954930918748383,shop_total_revenue,Выручка магазина,baseline_hgb_v2
2023-12-12 06:00:00,0,Татнефть-АЗС-001,0.0,114,0,1,0,6,1,0.08673581602778985,shop_total_revenue,Выручка магазина,baseline_hgb_v2
2023-12-12 06:00:00,1,Татнефть-АЗС-002,0.0,54,0,1,0,6,1,0.17005630109209072,shop_total_revenue,Выручка магазина,baseline_hgb_v2
2023-12-12 06:00:00,2,Татнефть-АЗС-003,0.0,91,0,0,1,6,1,-0.0954930918748383,shop_total_revenue,Выручка магазина,baseline_hgb_v2
2023-12-12 06:00:00,3,Татнефть-АЗС-004,0.0,190,0,1,1,6,1,9.117583672802644,shop_total_revenue,Выручка магазина,baseline_hgb_v2
2023-12-12 06:00:00,4,Татнефть-АЗС-005,0.0,92,0,0,1,6,1,0.6261775840345026,shop_total_revenue,Выручка магазина,baseline_hgb_v2
2023-12-12 07:00:00,0,Татнефть-АЗС-001,314.0,300,0,1,0,7,1,380.2382588251386,shop_total_revenue,Выручка магазина,baseline_hgb_v2
2023-12-12 07:00:00,1,Татнефть-АЗС-002,324.0,187,1,1,0,7,1,309.4730821989821,shop_total_revenue,Выручка магазина,baseline_hgb_v2
2023-12-12 07:00:00,2,Татнефть-АЗС-003,702.0,377,0,0,1,7,1,704.6128041879817,shop_total_revenue,Выручка магазина,baseline_hgb_v2
2023-12-12 07:00:00,3,Татнефть-АЗС-004,734.0,382,0,1,1,7,1,560.4619779895395,shop_total_revenue,Выручка магазина,baseline_hgb_v2
2023-12-12 07:00:00,4,Татнефть-АЗС-005,0.0,192,0,0,1,7,1,160.68423889158774,shop_total_revenue,Выручка магазина,baseline_hgb_v2
2023-12-12 08:00:00,0,Татнефть-АЗС-001,306.0,271,0,1,0,8,1,340.75715486390766,shop_total_revenue,Выручка магазина,baseline_hgb_v2
2023-12-12 08:00:00,1,Татнефть-АЗС-002,315.0,195,0,1,0,8,1,308.0631726063972,shop_total_revenue,Выручка магазина,baseline_hgb_v2
2023-12-12 08:00:00,2,Татнефть-АЗС-003,378.0,253,0,0,1,8,1,265.17374711480227,shop_total_revenue,Выручка магазина,baseline_hgb_v2
2023-12-12 08:00:00,3,Татнефть-АЗС-004,722.0,434,0,1,1,8,1,672.8192918973102,shop_total_revenue,Выручка магазина,baseline_hgb_v2
2023-12-12 08:00:00,4,Татнефть-АЗС-005,234.0,223,0,0,1,8,1,224.1034099021944,shop_total_revenue,Выручка магазина,baseline_hgb_v2
2023-12-12 09:00:00,0,Татнефть-АЗС-001,626.0,363,0,1,0,9,1,688.4900778927956,shop_total_revenue,Выручка магазина,baseline_hgb_v2
2023-12-12 09:00:00,1,Татнефть-АЗС-002,0.0,143,0,1,0,9,1,48.62979252315582,shop_total_revenue,Выручка магазина,baseline_hgb_v2
2023-12-12 09:00:00,2,Татнефть-АЗС-003,378.0,266,0,0,1,9,1,274.97187548541075,shop_total_revenue,Выручка магазина,baseline_hgb_v2
2023-12-12 09:00:00,3,Татнефть-АЗС-004,724.0,393,1,1,1,9,1,573.5951540951188,shop_total_revenue,Выручка магазина,baseline_hgb_v2
2023-12-12 09:00:00,4,Татнефть-АЗС-005,233.0,181,0,0,1,9,1,127.05058571209689,shop_total_revenue,Выручка магазина,baseline_hgb_v2
2023-12-12 10:00:00,0,Татнефть-АЗС-001,0.0,175,0,1,0,10,1,7.225166612914982,shop_total_revenue,Выручка магазина,baseline_hgb_v2
2023-12-12 10:00:00,1,Татнефть-АЗС-002,0.0,74,1,1,0,10,1,0.8084064919371308,shop_total_revenue,Выручка магазина,baseline_hgb_v2
2023-12-12 10:00:00,2,Татнефть-АЗС-003,0.0,95,0,0,1,10,1,-0.0954930918748383,shop_total_revenue,Выручка магазина,baseline_hgb_v2
2023-12-12 10:00:00,3,Татнефть-АЗС-004,0.0,160,0,1,1,10,1,7.396530779189553,shop_total_revenue,Выручка магазина,baseline_hgb_v2
2023-12-12 10:00:00,4,Татнефть-АЗС-005,0.0,75,0,0,1,10,1,-0.0954930918748383,shop_total_revenue,Выручка магазина,baseline_hgb_v2
2023-12-12 11:00:00,0,Татнефть-АЗС-001,0.0,154,0,1,0,11,1,1.0358256237235504,shop_total_revenue,Выручка магазина,baseline_hgb_v2
2023-12-12 11:00:00,1,Татнефть-АЗС-002,0.0,50,0,1,0,11,1,0.08673581602778985,shop_total_revenue,Выручка магазина,baseline_hgb_v2
2023-12-12 11:00:00,2,Татнефть-АЗС-003,0.0,109,0,0,1,11,1,-0.0954930918748383,shop_total_revenue,Выручка магазина,baseline_hgb_v2
2023-12-12 11:00:00,3,Татнефть-АЗС-004,0.0,151,0,1,1,11,1,-5.793626393357674,shop_total_revenue,Выручка магазина,baseline_hgb_v2
2023-12-12 11:00:00,4,Татнефть-АЗС-005,0.0,46,0,0,1,11,1,-0.0954930918748383,shop_total_revenue,Выручка магазина,baseline_hgb_v2
2023-12-12 12:00:00,0,Татнефть-АЗС-001,0.0,90,1,1,0,12,1,-0.5658664457435655,shop_total_revenue,Выручка магазина,baseline_hgb_v2
2023-12-12 12:00:00,1,Татнефть-АЗС-002,0.0,53,0,1,0,12,1,0.2761047092240636,shop_total_revenue,Выручка магазина,baseline_hgb_v2
2023-12-12 12:00:00,2,Татнефть-АЗС-003,0.0,98,0,0,1,12,1,0.3324542080412545,shop_total_revenue,Выручка магазина,baseline_hgb_v2
2023-12-12 12:00:00,3,Татнефть-АЗС-004,0.0,107,0,1,1,12,1,0.5146831159438827,shop_total_revenue,Выручка магазина,baseline_hgb_v2
2023-12-12 12:00:00,4,Татнефть-АЗС-005,0.0,78,0,0,1,12,1,0.8932995165489797,shop_total_revenue,Выручка магазина,baseline_hgb_v2
2023-12-12 13:00:00,0,Татнефть-АЗС-001,0.0,157,1,1,0,13,1,119.44211870957588,shop_total_revenue,Выручка магазина,baseline_hgb_v2
2023-12-12 13:00:00,1,Татнефть-АЗС-002,0.0,52,0,1,0,13,1,0.7308901274903772,shop_total_revenue,Выручка магазина,baseline_hgb_v2
2023-12-12 13:00:00,2,Татнефть-АЗС-003,0.0,156,1,0,1,13,1,108.13987740182372,shop_total_revenue,Выручка магазина,baseline_hgb_v2
2023-12-12 13:00:00,3,Татнефть-АЗС-004,0.0,108,0,1,1,13,1,0.2761047092240636,shop_total_revenue,Выручка магазина,baseline_hgb_v2
2023-12-12 13:00:00,4,Татнефть-АЗС-005,0.0,43,1,0,1,13,1,0.548661219587749,shop_total_revenue,Выручка магазина,baseline_hgb_v2
2023-12-12 14:00:00,0,Татнефть-АЗС-001,0.0,107,0,1,0,14,1,-0.5658664457435655,shop_total_revenue,Выручка магазина,baseline_hgb_v2
2023-12-12 14:00:00,1,Татнефть-АЗС-002,0.0,54,0,1,0,14,1,0.7308901274903772,shop_total_revenue,Выручка магазина,baseline_hgb_v2
2023-12-12 14:00:00,2,Татнефть-АЗС-003,0.0,142,1,0,1,14,1,12.798588709347376,shop_total_revenue,Выручка магазина,baseline_hgb_v2
2023-12-12 14:00:00,3,Татнефть-АЗС-004,0.0,114,1,1,1,14,1,0.2761047092240636,shop_total_revenue,Выручка магазина,baseline_hgb_v2
2023-12-12 14:00:00,4,Татнефть-АЗС-005,0.0,73,0,0,1,14,1,0.8932995165489797,shop_total_revenue,Выручка магазина,baseline_hgb_v2
2023-12-12 15:00:00,0,Татнефть-АЗС-001,0.0,159,0,1,0,15,1,4.686320662479923,shop_total_revenue,Выручка магазина,baseline_hgb_v2
2023-12-12 15:00:00,1,Татнефть-АЗС-002,0.0,51,0,1,0,15,1,0.15468822879402203,shop_total_revenue,Выручка магазина,baseline_hgb_v2
2023-12-12 15:00:00,2,Татнефть-АЗС-003,0.0,106,1,0,1,15,1,-0.027540679108606095,shop_total_revenue,Выручка магазина,baseline_hgb_v2
2023-12-12 15:00:00,3,Татнефть-АЗС-004,0.0,91,0,1,1,15,1,0.15468822879402203,shop_total_revenue,Выручка магазина,baseline_hgb_v2
2023-12-12 15:00:00,4,Татнефть-АЗС-005,0.0,48,0,0,1,15,1,-0.027540679108606095,shop_total_revenue,Выручка магазина,baseline_hgb_v2
2023-12-12 16:00:00,0,Татнефть-АЗС-001,0.0,147,0,1,0,16,1,-4.672817597841578,shop_total_revenue,Выручка магазина,baseline_hgb_v2
2023-12-12 16:00:00,1,Татнефть-АЗС-002,0.0,104,1,1,0,16,1,0.7365719514590761,shop_total_revenue,Выручка магазина,baseline_hgb_v2
2023-12-12 16:00:00,2,Татнефть-АЗС-003,0.0,183,1,0,1,16,1,-1.022025279053728,shop_total_revenue,Выручка магазина,baseline_hgb_v2
2023-12-12 16:00:00,3,Татнефть-АЗС-004,0.0,93,1,1,1,16,1,0.15468822879402203,shop_total_revenue,Выручка магазина,baseline_hgb_v2
2023-12-12 16:00:00,4,Татнефть-АЗС-005,0.0,51,0,0,1,16,1,-0.027540679108606095,shop_total_revenue,Выручка магазина,baseline_hgb_v2
2023-12-12 17:00:00,0,Татнефть-АЗС-001,1239.0,485,1,1,0,17,1,1015.7412826747844,shop_total_revenue,Выручка магазина,baseline_hgb_v2
2023-12-12 17:00:00,1,Татнефть-АЗС-002,645.0,306,1,1,0,17,1,535.5556587368455,shop_total_revenue,Выручка магазина,baseline_hgb_v2
2023-12-12 17:00:00,2,Татнефть-АЗС-003,1061.0,574,1,0,1,17,1,1247.5378445566607,shop_total_revenue,Выручка магазина,baseline_hgb_v2
2023-12-12 17:00:00,3,Татнефть-АЗС-004,713.0,431,0,1,1,17,1,853.2739993659757,shop_total_revenue,Выручка магазина,baseline_hgb_v2
2023-12-12 17:00:00,4,Татнефть-АЗС-005,248.0,231,0,0,1,17,1,259.5367347281357,shop_total_revenue,Выручка магазина,baseline_hgb_v2
2023-12-12 18:00:00,0,Татнефть-АЗС-001,612.0,387,0,1,0,18,1,729.471023575551,shop_total_revenue,Выручка магазина,baseline_hgb_v2
2023-12-12 18:00:00,1,Татнефть-АЗС-002,306.0,261,0,1,0,18,1,437.64551371744784,shop_total_revenue,Выручка магазина,baseline_hgb_v2
2023-12-12 18:00:00,2,Татнефть-АЗС-003,1878.0,686,0,0,1,18,1,1446.3161619647788,shop_total_revenue,Выручка магазина,baseline_hgb_v2
2023-12-12 18:00:00,3,Татнефть-АЗС-004,1059.0,419,0,1,1,18,1,783.6183532333798,shop_total_revenue,Выручка магазина,baseline_hgb_v2
2023-12-12 18:00:00,4,Татнефть-АЗС-005,236.0,210,0,0,1,18,1,218.67346297983585,shop_total_revenue,Выручка магазина,baseline_hgb_v2
2023-12-12 19:00:00,0,Татнефть-АЗС-001,948.0,439,0,1,0,19,1,864.2680193696056,shop_total_revenue,Выручка магазина,baseline_hgb_v2
2023-12-12 19:00:00,1,Татнефть-АЗС-002,332.0,223,0,1,0,19,1,305.69141831254603,shop_total_revenue,Выручка магазина,baseline_hgb_v2
2023-12-12 19:00:00,2,Татнефть-АЗС-003,1005.0,690,1,0,1,19,1,1475.124269007933,shop_total_revenue,Выручка магазина,baseline_hgb_v2
2023-12-12 19:00:00,3,Татнефть-АЗС-004,371.0,322,0,1,1,19,1,376.76816153933424,shop_total_revenue,Выручка магазина,baseline_hgb_v2
2023-12-12 19:00:00,4,Татнефть-АЗС-005,238.0,186,0,0,1,19,1,164.8019846532368,shop_total_revenue,Выручка магазина,baseline_hgb_v2
2023-12-12 20:00:00,0,Татнефть-АЗС-001,0.0,142,1,1,0,20,1,-2.7209943528312572,shop_total_revenue,Выручка магазина,baseline_hgb_v2
2023-12-12 20:00:00,1,Татнефть-АЗС-002,0.0,76,1,1,0,20,1,0.15468822879402203,shop_total_revenue,Выручка магазина,baseline_hgb_v2
2023-12-12 20:00:00,2,Татнефть-АЗС-003,0.0,153,0,0,1,20,1,-2.1665688274545865,shop_total_revenue,Выручка магазина,baseline_hgb_v2
2023-12-12 20:00:00,3,Татнефть-АЗС-004,0.0,104,0,1,1,20,1,0.15468822879402203,shop_total_revenue,Выручка магазина,baseline_hgb_v2
2023-12-12 20:00:00,4,Татнефть-АЗС-005,0.0,74,0,0,1,20,1,0.5543430435564479,shop_total_revenue,Выручка магазина,baseline_hgb_v2
2023-12-12 21:00:00,0,Татнефть-АЗС-001,0.0,148,0,1,0,21,1,2.2758128080000293,shop_total_revenue,Выручка магазина,baseline_hgb_v2
2023-12-12 21:00:00,1,Татнефть-АЗС-002,0.0,67,0,1,0,21,1,0.7365719514590761,shop_total_revenue,Выручка магазина,baseline_hgb_v2
2023-12-12 21:00:00,2,Татнефть-АЗС-003,0.0,142,1,0,1,21,1,-4.705192191029827,shop_total_revenue,Выручка магазина,baseline_hgb_v2
2023-12-12 21:00:00,3,Татнефть-АЗС-004,0.0,110,0,1,1,21,1,0.39326663551384095,shop_total_revenue,Выручка магазина,baseline_hgb_v2
2023-12-12 21:00:00,4,Татнефть-АЗС-005,0.0,74,1,0,1,21,1,0.5543430435564479,shop_total_revenue,Выручка магазина,baseline_hgb_v2
2023-12-12 22:00:00,0,Татнефть-АЗС-001,0.0,33,0,1,0,22,1,0.7365719514590761,shop_total_revenue,Выручка магазина,baseline_hgb_v2
2023-12-12 22:00:00,1,Татнефть-АЗС-002,0.0,12,1,1,0,22,1,0.15468822879402203,shop_total_revenue,Выручка магазина,baseline_hgb_v2
2023-12-12 22:00:00,2,Татнефть-АЗС-003,0.0,31,0,0,1,22,1,0.5543430435564479,shop_total_revenue,Выручка магазина,baseline_hgb_v2
2023-12-12 22:00:00,3,Татнефть-АЗС-004,0.0,27,0,1,1,22,1,0.7365719514590761,shop_total_revenue,Выручка магазина,baseline_hgb_v2
2023-12-12 22:00:00,4,Татнефть-АЗС-005,0.0,13,0,0,1,22,1,0.5543430435564479,shop_total_revenue,Выручка магазина,baseline_hgb_v2
2023-12-12 23:00:00,0,Татнефть-АЗС-001,0.0,32,0,1,0,23,1,0.7365719514590761,shop_total_revenue,Выручка магазина,baseline_hgb_v2
2023-12-12 23:00:00,1,Татнефть-АЗС-002,0.0,17,0,1,0,23,1,0.7365719514590761,shop_total_revenue,Выручка магазина,baseline_hgb_v2
2023-12-12 23:00:00,2,Татнефть-АЗС-003,0.0,34,1,0,1,23,1,0.5543430435564479,shop_total_revenue,Выручка магазина,baseline_hgb_v2
2023-12-12 23:00:00,3,Татнефть-АЗС-004,0.0,31,1,1,1,23,1,0.7365719514590761,shop_total_revenue,Выручка магазина,baseline_hgb_v2
2023-12-12 23:00:00,4,Татнефть-АЗС-005,0.0,16,0,0,1,23,1,0.5543430435564479,shop_total_revenue,Выручка магазина,baseline_hgb_v2
2023-12-13 00:00:00,0,Татнефть-АЗС-001,0.0,30,0,1,0,0,2,0.8084064919371308,shop_total_revenue,Выручка магазина,baseline_hgb_v2
2023-12-13 00:00:00,1,Татнефть-АЗС-002,0.0,15,1,1,0,0,2,0.8084064919371308,shop_total_revenue,Выручка магазина,baseline_hgb_v2
2023-12-13 00:00:00,2,Татнефть-АЗС-003,0.0,31,1,0,1,0,2,0.6261775840345026,shop_total_revenue,Выручка магазина,baseline_hgb_v2
2023-12-13 00:00:00,3,Татнефть-АЗС-004,0.0,24,0,1,1,0,2,0.08673581602778985,shop_total_revenue,Выручка магазина,baseline_hgb_v2
2023-12-13 00:00:00,4,Татнефть-АЗС-005,0.0,10,1,0,1,0,2,-0.0954930918748383,shop_total_revenue,Выручка магазина,baseline_hgb_v2
2023-12-13 01:00:00,0,Татнефть-АЗС-001,0.0,37,0,1,0,1,2,0.8084064919371308,shop_total_revenue,Выручка магазина,baseline_hgb_v2
2023-12-13 01:00:00,1,Татнефть-АЗС-002,0.0,13,0,1,0,1,2,0.8084064919371308,shop_total_revenue,Выручка магазина,baseline_hgb_v2
2023-12-13 01:00:00,2,Татнефть-АЗС-003,0.0,20,1,0,1,1,2,-0.0954930918748383,shop_total_revenue,Выручка магазина,baseline_hgb_v2
2023-12-13 01:00:00,3,Татнефть-АЗС-004,0.0,33,0,1,1,1,2,0.8084064919371308,shop_total_revenue,Выручка магазина,baseline_hgb_v2
2023-12-13 01:00:00,4,Татнефть-АЗС-005,0.0,9,0,0,1,1,2,-0.0954930918748383,shop_total_revenue,Выручка магазина,baseline_hgb_v2
2023-12-13 02:00:00,0,Татнефть-АЗС-001,0.0,33,0,1,0,2,2,0.8084064919371308,shop_total_revenue,Выручка магазина,baseline_hgb_v2
2023-12-13 02:00:00,1,Татнефть-АЗС-002,0.0,10,1,1,0,2,2,0.08673581602778985,shop_total_revenue,Выручка магазина,baseline_hgb_v2
2023-12-13 02:00:00,2,Татнефть-АЗС-003,0.0,31,1,0,1,2,2,0.6261775840345026,shop_total_revenue,Выручка магазина,baseline_hgb_v2
2023-12-13 02:00:00,3,Татнефть-АЗС-004,0.0,20,0,1,1,2,2,0.08673581602778985,shop_total_revenue,Выручка магазина,baseline_hgb_v2
2023-12-13 02:00:00,4,Татнефть-АЗС-005,0.0,9,1,0,1,2,2,0.14308531484498066,shop_total_revenue,Выручка магазина,baseline_hgb_v2
2023-12-13 03:00:00,0,Татнефть-АЗС-001,0.0,30,1,1,0,3,2,0.8084064919371308,shop_total_revenue,Выручка магазина,baseline_hgb_v2
2023-12-13 03:00:00,1,Татнефть-АЗС-002,0.0,11,0,1,0,3,2,0.08673581602778985,shop_total_revenue,Выручка магазина,baseline_hgb_v2
2023-12-13 03:00:00,2,Татнефть-АЗС-003,0.0,20,1,0,1,3,2,0.3875991773146838,shop_total_revenue,Выручка магазина,baseline_hgb_v2
2023-12-13 03:00:00,3,Татнефть-АЗС-004,0.0,20,1,1,1,3,2,0.08673581602778985,shop_total_revenue,Выручка магазина,baseline_hgb_v2
2023-12-13 03:00:00,4,Татнефть-АЗС-005,0.0,10,1,0,1,3,2,-0.0954930918748383,shop_total_revenue,Выручка магазина,baseline_hgb_v2
2023-12-13 04:00:00,0,Татнефть-АЗС-001,0.0,22,0,1,0,4,2,0.4637681949759002,shop_total_revenue,Выручка магазина,baseline_hgb_v2
2023-12-13 04:00:00,1,Татнефть-АЗС-002,0.0,10,0,1,0,4,2,0.08673581602778985,shop_total_revenue,Выручка магазина,baseline_hgb_v2
2023-12-13 04:00:00,2,Татнефть-АЗС-003,0.0,21,0,0,1,4,2,-0.0954930918748383,shop_total_revenue,Выручка магазина,baseline_hgb_v2
2023-12-13 04:00:00,3,Татнефть-АЗС-004,0.0,21,1,1,1,4,2,0.08673581602778985,shop_total_revenue,Выручка магазина,baseline_hgb_v2
2023-12-13 04:00:00,4,Татнефть-АЗС-005,0.0,11,0,0,1,4,2,0.3875991773146838,shop_total_revenue,Выручка магазина,baseline_hgb_v2
2023-12-13 05:00:00,0,Татнефть-АЗС-001,0.0,19,0,1,0,5,2,0.08673581602778985,shop_total_revenue,Выручка магазина,baseline_hgb_v2
2023-12-13 05:00:00,1,Татнефть-АЗС-002,0.0,10,0,1,0,5,2,0.4637681949759002,shop_total_revenue,Выручка магазина,baseline_hgb_v2
2023-12-13 05:00:00,2,Татнефть-АЗС-003,0.0,31,0,0,1,5,2,0.6261775840345026,shop_total_revenue,Выручка магазина,baseline_hgb_v2
2023-12-13 05:00:00,3,Татнефть-АЗС-004,0.0,31,1,1,1,5,2,0.8084064919371308,shop_total_revenue,Выручка магазина,baseline_hgb_v2
2023-12-13 05:00:00,4,Татнефть-АЗС-005,0.0,13,0,0,1,5,2,-0.012172606810537431,shop_total_revenue,Выручка магазина,baseline_hgb_v2
2023-12-13 06:00:00,0,Татнефть-АЗС-001,0.0,115,1,1,0,6,2,0.08673581602778985,shop_total_revenue,Выручка магазина,baseline_hgb_v2
2023-12-13 06:00:00,1,Татнефть-АЗС-002,0.0,56,0,1,0,6,2,0.08673581602778985,shop_total_revenue,Выручка магазина,baseline_hgb_v2
2023-12-13 06:00:00,2,Татнефть-АЗС-003,0.0,112,0,0,1,6,2,-0.0954930918748383,shop_total_revenue,Выручка магазина,baseline_hgb_v2
2023-12-13 06:00:00,3,Татнефть-АЗС-004,353.0,247,0,1,1,6,2,94.52776714805415,shop_total_revenue,Выручка магазина,baseline_hgb_v2
2023-12-13 06:00:00,4,Татнефть-АЗС-005,0.0,82,0,0,1,6,2,-0.0954930918748383,shop_total_revenue,Выручка магазина,baseline_hgb_v2
2023-12-13 07:00:00,0,Татнефть-АЗС-001,629.0,378,0,1,0,7,2,700.020338021765,shop_total_revenue,Выручка магазина,baseline_hgb_v2
2023-12-13 07:00:00,1,Татнефть-АЗС-002,318.0,180,1,1,0,7,2,285.83514429041685,shop_total_revenue,Выручка магазина,baseline_hgb_v2
2023-12-13 07:00:00,2,Татнефть-АЗС-003,705.0,434,1,0,1,7,2,923.2055739512905,shop_total_revenue,Выручка магазина,baseline_hgb_v2
2023-12-13 07:00:00,3,Татнефть-АЗС-004,1090.0,576,0,1,1,7,2,1239.8798063639213,shop_total_revenue,Выручка магазина,baseline_hgb_v2
2023-12-13 07:00:00,4,Татнефть-АЗС-005,487.0,283,1,0,1,7,2,312.69352113077895,shop_total_revenue,Выручка магазина,baseline_hgb_v2
2023-12-13 08:00:00,0,Татнефть-АЗС-001,615.0,378,0,1,0,8,2,681.2671255376406,shop_total_revenue,Выручка магазина,baseline_hgb_v2
2023-12-13 08:00:00,1,Татнефть-АЗС-002,0.0,133,0,1,0,8,2,2.8732288189162603,shop_total_revenue,Выручка магазина,baseline_hgb_v2
2023-12-13 08:00:00,2,Татнефть-АЗС-003,371.0,245,0,0,1,8,2,253.51123056981527,shop_total_revenue,Выручка магазина,baseline_hgb_v2
2023-12-13 08:00:00,3,Татнефть-АЗС-004,742.0,438,0,1,1,8,2,664.2079351221114,shop_total_revenue,Выручка магазина,baseline_hgb_v2
2023-12-13 08:00:00,4,Татнефть-АЗС-005,228.0,252,1,0,1,8,2,271.25191828646405,shop_total_revenue,Выручка магазина,baseline_hgb_v2
2023-12-13 09:00:00,0,Татнефть-АЗС-001,644.0,394,1,1,0,9,2,746.2206406015518,shop_total_revenue,Выручка магазина,baseline_hgb_v2
2023-12-13 09:00:00,1,Татнефть-АЗС-002,0.0,121,0,1,0,9,2,1.3087415773856135,shop_total_revenue,Выручка магазина,baseline_hgb_v2
2023-12-13 09:00:00,2,Татнефть-АЗС-003,370.0,274,0,0,1,9,2,285.2503604949552,shop_total_revenue,Выручка магазина,baseline_hgb_v2
2023-12-13 09:00:00,3,Татнефть-АЗС-004,1092.0,617,0,1,1,9,2,1263.6685988861018,shop_total_revenue,Выручка магазина,baseline_hgb_v2
2023-12-13 09:00:00,4,Татнефть-АЗС-005,232.0,285,0,0,1,9,2,316.5559938758335,shop_total_revenue,Выручка магазина,baseline_hgb_v2
2023-12-13 10:00:00,0,Татнефть-АЗС-001,0.0,98,0,1,0,10,2,0.08673581602778985,shop_total_revenue,Выручка магазина,baseline_hgb_v2
2023-12-13 10:00:00,1,Татнефть-АЗС-002,0.0,57,0,1,0,10,2,0.08673581602778985,shop_total_revenue,Выручка магазина,baseline_hgb_v2
2023-12-13 10:00:00,2,Татнефть-АЗС-003,0.0,98,1,0,1,10,2,0.2815392870732721,shop_total_revenue,Выручка магазина,baseline_hgb_v2
2023-12-13 10:00:00,3,Татнефть-АЗС-004,0.0,196,0,1,1,10,2,1.9314988661103365,shop_total_revenue,Выручка магазина,baseline_hgb_v2
2023-12-13 10:00:00,4,Татнефть-АЗС-005,0.0,82,0,0,1,10,2,-0.0954930918748383,shop_total_revenue,Выручка магазина,baseline_hgb_v2
2023-12-13 11:00:00,0,Татнефть-АЗС-001,0.0,155,1,1,0,11,2,1.0358256237235504,shop_total_revenue,Выручка магазина,baseline_hgb_v2
2023-12-13 11:00:00,1,Татнефть-АЗС-002,0.0,78,0,1,0,11,2,0.8084064919371308,shop_total_revenue,Выручка магазина,baseline_hgb_v2
2023-12-13 11:00:00,2,Татнефть-АЗС-003,0.0,89,0,0,1,11,2,-0.0954930918748383,shop_total_revenue,Выручка магазина,baseline_hgb_v2
2023-12-13 11:00:00,3,Татнефть-АЗС-004,0.0,104,1,1,1,11,2,0.08673581602778985,shop_total_revenue,Выручка магазина,baseline_hgb_v2
2023-12-13 11:00:00,4,Татнефть-АЗС-005,0.0,47,0,0,1,11,2,-0.0954930918748383,shop_total_revenue,Выручка магазина,baseline_hgb_v2
2023-12-13 12:00:00,0,Татнефть-АЗС-001,0.0,113,0,1,0,12,2,-0.5658664457435655,shop_total_revenue,Выручка магазина,baseline_hgb_v2
2023-12-13 12:00:00,1,Татнефть-АЗС-002,0.0,75,1,1,0,12,2,1.0755284244516075,shop_total_revenue,Выручка магазина,baseline_hgb_v2
2023-12-13 12:00:00,2,Татнефть-АЗС-003,0.0,108,0,0,1,12,2,0.09387580132143551,shop_total_revenue,Выручка магазина,baseline_hgb_v2
2023-12-13 12:00:00,3,Татнефть-АЗС-004,0.0,141,0,1,1,12,2,12.97605347934301,shop_total_revenue,Выручка магазина,baseline_hgb_v2
2023-12-13 12:00:00,4,Татнефть-АЗС-005,0.0,50,0,0,1,12,2,0.09387580132143551,shop_total_revenue,Выручка магазина,baseline_hgb_v2
2023-12-13 13:00:00,0,Татнефть-АЗС-001,0.0,101,0,1,0,13,2,-0.5658664457435655,shop_total_revenue,Выручка магазина,baseline_hgb_v2
2023-12-13 13:00:00,1,Татнефть-АЗС-002,0.0,50,0,1,0,13,2,0.2761047092240636,shop_total_revenue,Выручка магазина,baseline_hgb_v2
2023-12-13 13:00:00,2,Татнефть-АЗС-003,0.0,89,0,0,1,13,2,0.09387580132143551,shop_total_revenue,Выручка магазина,baseline_hgb_v2
2023-12-13 13:00:00,3,Татнефть-АЗС-004,0.0,134,0,1,1,13,2,0.5931850077364393,shop_total_revenue,Выручка магазина,baseline_hgb_v2
2023-12-13 13:00:00,4,Татнефть-АЗС-005,0.0,52,0,0,1,13,2,0.09387580132143551,shop_total_revenue,Выручка магазина,baseline_hgb_v2
2023-12-13 14:00:00,0,Татнефть-АЗС-001,0.0,168,0,1,0,14,2,180.49365735595055,shop_total_revenue,Выручка магазина,baseline_hgb_v2
2023-12-13 14:00:00,1,Татнефть-АЗС-002,0.0,45,1,1,0,14,2,0.2761047092240636,shop_total_revenue,Выручка магазина,baseline_hgb_v2
2023-12-13 14:00:00,2,Татнефть-АЗС-003,0.0,159,1,0,1,14,2,120.8313869045855,shop_total_revenue,Выручка магазина,baseline_hgb_v2
2023-12-13 14:00:00,3,Татнефть-АЗС-004,0.0,95,0,1,1,14,2,0.2761047092240636,shop_total_revenue,Выручка магазина,baseline_hgb_v2
2023-12-13 14:00:00,4,Татнефть-АЗС-005,0.0,43,0,0,1,14,2,0.09387580132143551,shop_total_revenue,Выручка магазина,baseline_hgb_v2
2023-12-13 15:00:00,0,Татнефть-АЗС-001,0.0,92,0,1,0,15,2,0.15468822879402203,shop_total_revenue,Выручка магазина,baseline_hgb_v2
2023-12-13 15:00:00,1,Татнефть-АЗС-002,0.0,66,0,1,0,15,2,0.7365719514590761,shop_total_revenue,Выручка магазина,baseline_hgb_v2
2023-12-13 15:00:00,2,Татнефть-АЗС-003,0.0,150,0,0,1,15,2,-4.509650620183559,shop_total_revenue,Выручка магазина,baseline_hgb_v2
2023-12-13 15:00:00,3,Татнефть-АЗС-004,0.0,142,1,1,1,15,2,-4.063037763146612,shop_total_revenue,Выручка магазина,baseline_hgb_v2
2023-12-13 15:00:00,4,Татнефть-АЗС-005,0.0,48,0,0,1,15,2,-0.027540679108606095,shop_total_revenue,Выручка магазина,baseline_hgb_v2
2023-12-13 16:00:00,0,Татнефть-АЗС-001,0.0,117,0,1,0,16,2,0.15468822879402203,shop_total_revenue,Выручка магазина,baseline_hgb_v2
2023-12-13 16:00:00,1,Татнефть-АЗС-002,0.0,77,0,1,0,16,2,0.15468822879402203,shop_total_revenue,Выручка магазина,baseline_hgb_v2
2023-12-13 16:00:00,2,Татнефть-АЗС-003,0.0,230,0,0,1,16,2,46.77386761910783,shop_total_revenue,Выручка магазина,baseline_hgb_v2
2023-12-13 16:00:00,3,Татнефть-АЗС-004,0.0,117,1,1,1,16,2,0.15468822879402203,shop_total_revenue,Выручка магазина,baseline_hgb_v2
2023-12-13 16:00:00,4,Татнефть-АЗС-005,0.0,50,0,0,1,16,2,0.055779805955694775,shop_total_revenue,Выручка магазина,baseline_hgb_v2
2023-12-13 17:00:00,0,Татнефть-АЗС-001,889.0,428,0,1,0,17,2,835.7982975895744,shop_total_revenue,Выручка магазина,baseline_hgb_v2
2023-12-13 17:00:00,1,Татнефть-АЗС-002,322.0,227,0,1,0,17,2,305.9307242668251,shop_total_revenue,Выручка магазина,baseline_hgb_v2
2023-12-13 17:00:00,2,Татнефть-АЗС-003,341.0,458,0,0,1,17,2,866.2378962049377,shop_total_revenue,Выручка магазина,baseline_hgb_v2
2023-12-13 17:00:00,3,Татнефть-АЗС-004,729.0,427,0,1,1,17,2,824.2676371006687,shop_total_revenue,Выручка магазина,baseline_hgb_v2
2023-12-13 17:00:00,4,Татнефть-АЗС-005,234.0,203,0,0,1,17,2,205.06418364458696,shop_total_revenue,Выручка магазина,baseline_hgb_v2
2023-12-13 18:00:00,0,Татнефть-АЗС-001,598.0,424,0,1,0,18,2,832.227186020438,shop_total_revenue,Выручка магазина,baseline_hgb_v2
2023-12-13 18:00:00,1,Татнефть-АЗС-002,603.0,310,1,1,0,18,2,524.8685181787146,shop_total_revenue,Выручка магазина,baseline_hgb_v2
2023-12-13 18:00:00,2,Татнефть-АЗС-003,1451.0,653,0,0,1,18,2,1300.8820586148115,shop_total_revenue,Выручка магазина,baseline_hgb_v2
2023-12-13 18:00:00,3,Татнефть-АЗС-004,347.0,280,1,1,1,18,2,273.2346669144468,shop_total_revenue,Выручка магазина,baseline_hgb_v2
2023-12-13 18:00:00,4,Татнефть-АЗС-005,0.0,146,0,0,1,18,2,6.552207998717722,shop_total_revenue,Выручка магазина,baseline_hgb_v2
2023-12-13 19:00:00,0,Татнефть-АЗС-001,322.0,308,1,1,0,19,2,376.58938879114106,shop_total_revenue,Выручка магазина,baseline_hgb_v2
2023-12-13 19:00:00,1,Татнефть-АЗС-002,318.0,304,0,1,0,19,2,525.6411942285619,shop_total_revenue,Выручка магазина,baseline_hgb_v2
2023-12-13 19:00:00,2,Татнефть-АЗС-003,368.0,463,1,0,1,19,2,794.2007163077067,shop_total_revenue,Выручка магазина,baseline_hgb_v2
2023-12-13 19:00:00,3,Татнефть-АЗС-004,365.0,266,1,1,1,19,2,289.86136424563966,shop_total_revenue,Выручка магазина,baseline_hgb_v2
2023-12-13 19:00:00,4,Татнефть-АЗС-005,241.0,179,0,0,1,19,2,111.37324697994161,shop_total_revenue,Выручка магазина,baseline_hgb_v2
2023-12-13 20:00:00,0,Татнефть-АЗС-001,0.0,123,0,1,0,20,2,0.1679973169074086,shop_total_revenue,Выручка магазина,baseline_hgb_v2
2023-12-13 20:00:00,1,Татнефть-АЗС-002,0.0,93,0,1,0,20,2,0.15468822879402203,shop_total_revenue,Выручка магазина,baseline_hgb_v2
2023-12-13 20:00:00,2,Татнефть-АЗС-003,0.0,184,1,0,1,20,2,2.6795159226576755,shop_total_revenue,Выручка магазина,baseline_hgb_v2
2023-12-13 20:00:00,3,Татнефть-АЗС-004,0.0,130,1,1,1,20,2,0.7365719514590761,shop_total_revenue,Выручка магазина,baseline_hgb_v2
2023-12-13 20:00:00,4,Татнефть-АЗС-005,0.0,76,1,0,1,20,2,0.5543430435564479,shop_total_revenue,Выручка магазина,baseline_hgb_v2
2023-12-13 21:00:00,0,Татнефть-АЗС-001,0.0,145,0,1,0,21,2,-0.6547719797697152,shop_total_revenue,Выручка магазина,baseline_hgb_v2
2023-12-13 21:00:00,1,Татнефть-АЗС-002,0.0,56,1,1,0,21,2,0.15468822879402203,shop_total_revenue,Выручка магазина,baseline_hgb_v2
2023-12-13 21:00:00,2,Татнефть-АЗС-003,0.0,157,1,0,1,21,2,2.6766674883760464,shop_total_revenue,Выручка магазина,baseline_hgb_v2
2023-12-13 21:00:00,3,Татнефть-АЗС-004,0.0,133,1,1,1,21,2,-0.40778929837612,shop_total_revenue,Выручка магазина,baseline_hgb_v2
2023-12-13 21:00:00,4,Татнефть-АЗС-005,0.0,65,0,0,1,21,2,0.5543430435564479,shop_total_revenue,Выручка магазина,baseline_hgb_v2
2023-12-13 22:00:00,0,Татнефть-АЗС-001,0.0,28,0,1,0,22,2,0.7365719514590761,shop_total_revenue,Выручка магазина,baseline_hgb_v2
2023-12-13 22:00:00,1,Татнефть-АЗС-002,0.0,15,1,1,0,22,2,0.7365719514590761,shop_total_revenue,Выручка магазина,baseline_hgb_v2
2023-12-13 22:00:00,2,Татнефть-АЗС-003,0.0,32,0,0,1,22,2,0.5543430435564479,shop_total_revenue,Выручка магазина,baseline_hgb_v2
2023-12-13 22:00:00,3,Татнефть-АЗС-004,0.0,24,0,1,1,22,2,0.15468822879402203,shop_total_revenue,Выручка магазина,baseline_hgb_v2
2023-12-13 22:00:00,4,Татнефть-АЗС-005,0.0,13,0,0,1,22,2,-0.027540679108606095,shop_total_revenue,Выручка магазина,baseline_hgb_v2
2023-12-13 23:00:00,0,Татнефть-АЗС-001,0.0,30,0,1,0,23,2,0.7365719514590761,shop_total_revenue,Выручка магазина,baseline_hgb_v2
2023-12-13 23:00:00,1,Татнефть-АЗС-002,0.0,12,1,1,0,23,2,0.15468822879402203,shop_total_revenue,Выручка магазина,baseline_hgb_v2
2023-12-13 23:00:00,2,Татнефть-АЗС-003,0.0,26,0,0,1,23,2,0.5543430435564479,shop_total_revenue,Выручка магазина,baseline_hgb_v2
2023-12-13 23:00:00,3,Татнефть-АЗС-004,0.0,16,0,1,1,23,2,0.15468822879402203,shop_total_revenue,Выручка магазина,baseline_hgb_v2
2023-12-13 23:00:00,4,Татнефть-АЗС-005,0.0,15,0,0,1,23,2,0.5543430435564479,shop_total_revenue,Выручка магазина,baseline_hgb_v2
2023-12-14 00:00:00,0,Татнефть-АЗС-001,0.0,23,0,1,0,0,3,0.08673581602778985,shop_total_revenue,Выручка магазина,baseline_hgb_v2
2023-12-14 00:00:00,1,Татнефть-АЗС-002,0.0,13,0,1,0,0,3,0.8084064919371308,shop_total_revenue,Выручка магазина,baseline_hgb_v2
2023-12-14 00:00:00,2,Татнефть-АЗС-003,0.0,25,0,0,1,0,3,-0.0954930918748383,shop_total_revenue,Выручка магазина,baseline_hgb_v2
2023-12-14 00:00:00,3,Татнефть-АЗС-004,0.0,35,0,1,1,0,3,0.8084064919371308,shop_total_revenue,Выручка магазина,baseline_hgb_v2
2023-12-14 00:00:00,4,Татнефть-АЗС-005,0.0,11,0,0,1,0,3,-0.0954930918748383,shop_total_revenue,Выручка магазина,baseline_hgb_v2
2023-12-14 01:00:00,0,Татнефть-АЗС-001,0.0,24,0,1,0,1,3,0.08673581602778985,shop_total_revenue,Выручка магазина,baseline_hgb_v2
2023-12-14 01:00:00,1,Татнефть-АЗС-002,0.0,14,0,1,0,1,3,0.8084064919371308,shop_total_revenue,Выручка магазина,baseline_hgb_v2
2023-12-14 01:00:00,2,Татнефть-АЗС-003,0.0,33,0,0,1,1,3,0.6261775840345026,shop_total_revenue,Выручка магазина,baseline_hgb_v2
2023-12-14 01:00:00,3,Татнефть-АЗС-004,0.0,35,0,1,1,1,3,0.8084064919371308,shop_total_revenue,Выручка магазина,baseline_hgb_v2
2023-12-14 01:00:00,4,Татнефть-АЗС-005,0.0,15,1,0,1,1,3,0.6261775840345026,shop_total_revenue,Выручка магазина,baseline_hgb_v2
2023-12-14 02:00:00,0,Татнефть-АЗС-001,0.0,31,0,1,0,2,3,0.8084064919371308,shop_total_revenue,Выручка магазина,baseline_hgb_v2
2023-12-14 02:00:00,1,Татнефть-АЗС-002,0.0,15,0,1,0,2,3,0.8084064919371308,shop_total_revenue,Выручка магазина,baseline_hgb_v2
2023-12-14 02:00:00,2,Татнефть-АЗС-003,0.0,27,1,0,1,2,3,0.6261775840345026,shop_total_revenue,Выручка магазина,baseline_hgb_v2
2023-12-14 02:00:00,3,Татнефть-АЗС-004,0.0,32,0,1,1,2,3,0.8084064919371308,shop_total_revenue,Выручка магазина,baseline_hgb_v2
2023-12-14 02:00:00,4,Татнефть-АЗС-005,0.0,10,1,0,1,2,3,-0.012172606810537431,shop_total_revenue,Выручка магазина,baseline_hgb_v2
2023-12-14 03:00:00,0,Татнефть-АЗС-001,0.0,31,0,1,0,3,3,0.8084064919371308,shop_total_revenue,Выручка магазина,baseline_hgb_v2
2023-12-14 03:00:00,1,Татнефть-АЗС-002,0.0,14,0,1,0,3,3,0.8084064919371308,shop_total_revenue,Выручка магазина,baseline_hgb_v2
2023-12-14 03:00:00,2,Татнефть-АЗС-003,0.0,29,1,0,1,3,3,0.6261775840345026,shop_total_revenue,Выручка магазина,baseline_hgb_v2
2023-12-14 03:00:00,3,Татнефть-АЗС-004,0.0,23,0,1,1,3,3,0.569828085217312,shop_total_revenue,Выручка магазина,baseline_hgb_v2
2023-12-14 03:00:00,4,Татнефть-АЗС-005,0.0,15,1,0,1,3,3,0.6261775840345026,shop_total_revenue,Выручка магазина,baseline_hgb_v2
2023-12-14 04:00:00,0,Татнефть-АЗС-001,0.0,25,0,1,0,4,3,0.08673581602778985,shop_total_revenue,Выручка магазина,baseline_hgb_v2
2023-12-14 04:00:00,1,Татнефть-АЗС-002,0.0,10,0,1,0,4,3,0.08673581602778985,shop_total_revenue,Выручка магазина,baseline_hgb_v2
2023-12-14 04:00:00,2,Татнефть-АЗС-003,0.0,34,0,0,1,4,3,0.6261775840345026,shop_total_revenue,Выручка магазина,baseline_hgb_v2
2023-12-14 04:00:00,3,Татнефть-АЗС-004,0.0,21,0,1,1,4,3,0.08673581602778985,shop_total_revenue,Выручка магазина,baseline_hgb_v2
2023-12-14 04:00:00,4,Татнефть-АЗС-005,0.0,15,1,0,1,4,3,0.6261775840345026,shop_total_revenue,Выручка магазина,baseline_hgb_v2
2023-12-14 05:00:00,0,Татнефть-АЗС-001,0.0,31,0,1,0,5,3,0.8084064919371308,shop_total_revenue,Выручка магазина,baseline_hgb_v2
2023-12-14 05:00:00,1,Татнефть-АЗС-002,0.0,11,0,1,0,5,3,0.08673581602778985,shop_total_revenue,Выручка магазина,baseline_hgb_v2
2023-12-14 05:00:00,2,Татнефть-АЗС-003,0.0,35,1,0,1,5,3,0.6261775840345026,shop_total_revenue,Выручка магазина,baseline_hgb_v2
2023-12-14 05:00:00,3,Татнефть-АЗС-004,0.0,20,0,1,1,5,3,0.32531422274760874,shop_total_revenue,Выручка магазина,baseline_hgb_v2
2023-12-14 05:00:00,4,Татнефть-АЗС-005,0.0,15,0,0,1,5,3,0.6261775840345026,shop_total_revenue,Выручка магазина,baseline_hgb_v2
2023-12-14 06:00:00,0,Татнефть-АЗС-001,0.0,98,0,1,0,6,3,0.08673581602778985,shop_total_revenue,Выручка магазина,baseline_hgb_v2
2023-12-14 06:00:00,1,Татнефть-АЗС-002,0.0,68,0,1,0,6,3,0.8084064919371308,shop_total_revenue,Выручка магазина,baseline_hgb_v2
2023-12-14 06:00:00,2,Татнефть-АЗС-003,0.0,141,0,0,1,6,3,-5.557027117794941,shop_total_revenue,Выручка магазина,baseline_hgb_v2
2023-12-14 06:00:00,3,Татнефть-АЗС-004,0.0,148,0,1,1,6,3,-0.5020209612217826,shop_total_revenue,Выручка магазина,baseline_hgb_v2
2023-12-14 06:00:00,4,Татнефть-АЗС-005,0.0,113,0,0,1,6,3,0.6261775840345026,shop_total_revenue,Выручка магазина,baseline_hgb_v2
2023-12-14 07:00:00,0,Татнефть-АЗС-001,318.0,291,0,1,0,7,3,373.9539444663094,shop_total_revenue,Выручка магазина,baseline_hgb_v2
2023-12-14 07:00:00,1,Татнефть-АЗС-002,319.0,175,0,1,0,7,3,244.95517802372254,shop_total_revenue,Выручка магазина,baseline_hgb_v2
2023-12-14 07:00:00,2,Татнефть-АЗС-003,692.0,398,0,0,1,7,3,775.679715955023,shop_total_revenue,Выручка магазина,baseline_hgb_v2
2023-12-14 07:00:00,3,Татнефть-АЗС-004,1083.0,475,0,1,1,7,3,985.5192798887969,shop_total_revenue,Выручка магазина,baseline_hgb_v2
2023-12-14 07:00:00,4,Татнефть-АЗС-005,235.0,290,0,0,1,7,3,327.2448836859786,shop_total_revenue,Выручка магазина,baseline_hgb_v2
2023-12-14 08:00:00,0,Татнефть-АЗС-001,308.0,309,0,1,0,8,3,383.5969814893308,shop_total_revenue,Выручка магазина,baseline_hgb_v2
2023-12-14 08:00:00,1,Татнефть-АЗС-002,315.0,206,0,1,0,8,3,328.7191513294485,shop_total_revenue,Выручка магазина,baseline_hgb_v2
2023-12-14 08:00:00,2,Татнефть-АЗС-003,349.0,268,0,0,1,8,3,290.873750667023,shop_total_revenue,Выручка магазина,baseline_hgb_v2
2023-12-14 08:00:00,3,Татнефть-АЗС-004,1127.0,581,0,1,1,8,3,1229.709101444158,shop_total_revenue,Выручка магазина,baseline_hgb_v2
2023-12-14 08:00:00,4,Татнефть-АЗС-005,235.0,313,0,0,1,8,3,385.6346759892025,shop_total_revenue,Выручка магазина,baseline_hgb_v2
2023-12-14 09:00:00,0,Татнефть-АЗС-001,922.0,485,0,1,0,9,3,973.8552324729842,shop_total_revenue,Выручка магазина,baseline_hgb_v2
2023-12-14 09:00:00,1,Татнефть-АЗС-002,0.0,137,0,1,0,9,3,9.57957567136534,shop_total_revenue,Выручка магазина,baseline_hgb_v2
2023-12-14 09:00:00,2,Татнефть-АЗС-003,741.0,363,0,0,1,9,3,696.2942284956833,shop_total_revenue,Выручка магазина,baseline_hgb_v2
2023-12-14 09:00:00,3,Татнефть-АЗС-004,2174.0,659,0,1,1,9,3,1382.208634756061,shop_total_revenue,Выручка магазина,baseline_hgb_v2
2023-12-14 09:00:00,4,Татнефть-АЗС-005,242.0,246,1,0,1,9,3,255.3315295306649,shop_total_revenue,Выручка магазина,baseline_hgb_v2
2023-12-14 10:00:00,0,Татнефть-АЗС-001,0.0,139,1,1,0,10,3,-2.8325278516379186,shop_total_revenue,Выручка магазина,baseline_hgb_v2
2023-12-14 10:00:00,1,Татнефть-АЗС-002,0.0,76,0,1,0,10,3,0.8084064919371308,shop_total_revenue,Выручка магазина,baseline_hgb_v2
2023-12-14 10:00:00,2,Татнефть-АЗС-003,0.0,100,0,0,1,10,3,-0.0954930918748383,shop_total_revenue,Выручка магазина,baseline_hgb_v2
2023-12-14 10:00:00,3,Татнефть-АЗС-004,0.0,194,1,1,1,10,3,7.088552314435773,shop_total_revenue,Выручка магазина,baseline_hgb_v2
2023-12-14 10:00:00,4,Татнефть-АЗС-005,0.0,61,0,0,1,10,3,-0.0954930918748383,shop_total_revenue,Выручка магазина,baseline_hgb_v2
2023-12-14 11:00:00,0,Татнефть-АЗС-001,0.0,141,1,1,0,11,3,-2.471080322353847,shop_total_revenue,Выручка магазина,baseline_hgb_v2
2023-12-14 11:00:00,1,Татнефть-АЗС-002,0.0,64,0,1,0,11,3,0.8084064919371308,shop_total_revenue,Выручка магазина,baseline_hgb_v2
2023-12-14 11:00:00,2,Татнефть-АЗС-003,0.0,105,0,0,1,11,3,-0.0954930918748383,shop_total_revenue,Выручка магазина,baseline_hgb_v2
2023-12-14 11:00:00,3,Татнефть-АЗС-004,0.0,98,0,1,1,11,3,0.08673581602778985,shop_total_revenue,Выручка магазина,baseline_hgb_v2
2023-12-14 11:00:00,4,Татнефть-АЗС-005,0.0,75,0,0,1,11,3,0.6261775840345026,shop_total_revenue,Выручка магазина,baseline_hgb_v2
2023-12-14 12:00:00,0,Татнефть-АЗС-001,0.0,131,0,1,0,12,3,3.3829058522503286,shop_total_revenue,Выручка магазина,baseline_hgb_v2
2023-12-14 12:00:00,1,Татнефть-АЗС-002,0.0,67,0,1,0,12,3,1.0755284244516075,shop_total_revenue,Выручка магазина,baseline_hgb_v2
2023-12-14 12:00:00,2,Татнефть-АЗС-003,0.0,105,0,0,1,12,3,0.09387580132143551,shop_total_revenue,Выручка магазина,baseline_hgb_v2
2023-12-14 12:00:00,3,Татнефть-АЗС-004,0.0,100,1,1,1,12,3,0.2761047092240636,shop_total_revenue,Выручка магазина,baseline_hgb_v2
2023-12-14 12:00:00,4,Татнефть-АЗС-005,0.0,71,0,0,1,12,3,0.8932995165489797,shop_total_revenue,Выручка магазина,baseline_hgb_v2
2023-12-14 13:00:00,0,Татнефть-АЗС-001,0.0,105,0,1,0,13,3,-0.5658664457435655,shop_total_revenue,Выручка магазина,baseline_hgb_v2
2023-12-14 13:00:00,1,Татнефть-АЗС-002,0.0,83,0,1,0,13,3,1.0755284244516075,shop_total_revenue,Выручка магазина,baseline_hgb_v2
2023-12-14 13:00:00,2,Татнефть-АЗС-003,0.0,95,0,0,1,13,3,0.09387580132143551,shop_total_revenue,Выручка магазина,baseline_hgb_v2
2023-12-14 13:00:00,3,Татнефть-АЗС-004,0.0,134,0,1,1,13,3,0.5931850077364393,shop_total_revenue,Выручка магазина,baseline_hgb_v2
2023-12-14 13:00:00,4,Татнефть-АЗС-005,0.0,72,1,0,1,13,3,0.8932995165489797,shop_total_revenue,Выручка магазина,baseline_hgb_v2
2023-12-14 14:00:00,0,Татнефть-АЗС-001,0.0,117,0,1,0,14,3,2.412034104904076,shop_total_revenue,Выручка магазина,baseline_hgb_v2
2023-12-14 14:00:00,1,Татнефть-АЗС-002,0.0,49,0,1,0,14,3,0.2761047092240636,shop_total_revenue,Выручка магазина,baseline_hgb_v2
2023-12-14 14:00:00,2,Татнефть-АЗС-003,0.0,138,0,0,1,14,3,8.237162590254513,shop_total_revenue,Выручка магазина,baseline_hgb_v2
2023-12-14 14:00:00,3,Татнефть-АЗС-004,0.0,114,0,1,1,14,3,0.2761047092240636,shop_total_revenue,Выручка магазина,baseline_hgb_v2
2023-12-14 14:00:00,4,Татнефть-АЗС-005,0.0,71,1,0,1,14,3,0.8932995165489797,shop_total_revenue,Выручка магазина,baseline_hgb_v2
2023-12-14 15:00:00,0,Татнефть-АЗС-001,0.0,149,0,1,0,15,3,2.485733948704603,shop_total_revenue,Выручка магазина,baseline_hgb_v2
2023-12-14 15:00:00,1,Татнефть-АЗС-002,0.0,38,0,1,0,15,3,0.23800871385832292,shop_total_revenue,Выручка магазина,baseline_hgb_v2
2023-12-14 15:00:00,2,Татнефть-АЗС-003,0.0,153,0,0,1,15,3,-3.652335419385406,shop_total_revenue,Выручка магазина,baseline_hgb_v2
2023-12-14 15:00:00,3,Татнефть-АЗС-004,0.0,104,0,1,1,15,3,0.15468822879402203,shop_total_revenue,Выручка магазина,baseline_hgb_v2
2023-12-14 15:00:00,4,Татнефть-АЗС-005,0.0,66,1,0,1,15,3,0.055779805955694775,shop_total_revenue,Выручка магазина,baseline_hgb_v2
2023-12-14 16:00:00,0,Татнефть-АЗС-001,0.0,132,0,1,0,16,3,0.25422853474390744,shop_total_revenue,Выручка магазина,baseline_hgb_v2
2023-12-14 16:00:00,1,Татнефть-АЗС-002,0.0,79,1,1,0,16,3,0.15468822879402203,shop_total_revenue,Выручка магазина,baseline_hgb_v2
2023-12-14 16:00:00,2,Татнефть-АЗС-003,0.0,177,1,0,1,16,3,2.6914219544584546,shop_total_revenue,Выручка магазина,baseline_hgb_v2
2023-12-14 16:00:00,3,Татнефть-АЗС-004,0.0,154,0,1,1,16,3,-0.31061474668939665,shop_total_revenue,Выручка магазина,baseline_hgb_v2
2023-12-14 16:00:00,4,Татнефть-АЗС-005,0.0,77,0,0,1,16,3,0.5543430435564479,shop_total_revenue,Выручка магазина,baseline_hgb_v2
2023-12-14 17:00:00,0,Татнефть-АЗС-001,621.0,397,1,1,0,17,3,757.9581869849858,shop_total_revenue,Выручка магазина,baseline_hgb_v2
2023-12-14 17:00:00,1,Татнефть-АЗС-002,0.0,230,1,1,0,17,3,307.96549712000285,shop_total_revenue,Выручка магазина,baseline_hgb_v2
2023-12-14 17:00:00,2,Татнефть-АЗС-003,719.0,436,0,0,1,17,3,707.0180041709401,shop_total_revenue,Выручка магазина,baseline_hgb_v2
2023-12-14 17:00:00,3,Татнефть-АЗС-004,1092.0,476,1,1,1,17,3,1039.5060704793996,shop_total_revenue,Выручка магазина,baseline_hgb_v2
2023-12-14 17:00:00,4,Татнефть-АЗС-005,247.0,188,0,0,1,17,3,176.80356350005266,shop_total_revenue,Выручка магазина,baseline_hgb_v2
2023-12-14 18:00:00,0,Татнефть-АЗС-001,325.0,302,1,1,0,18,3,374.76022850470633,shop_total_revenue,Выручка магазина,baseline_hgb_v2
2023-12-14 18:00:00,1,Татнефть-АЗС-002,326.0,226,0,1,0,18,3,294.34933481949696,shop_total_revenue,Выручка магазина,baseline_hgb_v2
2023-12-14 18:00:00,2,Татнефть-АЗС-003,1012.0,578,1,0,1,18,3,1314.5819043161343,shop_total_revenue,Выручка магазина,baseline_hgb_v2
2023-12-14 18:00:00,3,Татнефть-АЗС-004,369.0,276,0,1,1,18,3,280.35667752836054,shop_total_revenue,Выручка магазина,baseline_hgb_v2
2023-12-14 18:00:00,4,Татнефть-АЗС-005,249.0,238,0,0,1,18,3,258.00133111839085,shop_total_revenue,Выручка магазина,baseline_hgb_v2
2023-12-14 19:00:00,0,Татнефть-АЗС-001,317.0,299,1,1,0,19,3,356.0776212905187,shop_total_revenue,Выручка магазина,baseline_hgb_v2
2023-12-14 19:00:00,1,Татнефть-АЗС-002,616.0,325,1,1,0,19,3,595.4892777543923,shop_total_revenue,Выручка магазина,baseline_hgb_v2
2023-12-14 19:00:00,2,Татнефть-АЗС-003,1461.0,661,0,0,1,19,3,1331.4042174690812,shop_total_revenue,Выручка магазина,baseline_hgb_v2
2023-12-14 19:00:00,3,Татнефть-АЗС-004,373.0,310,0,1,1,19,3,341.20013670437226,shop_total_revenue,Выручка магазина,baseline_hgb_v2
2023-12-14 19:00:00,4,Татнефть-АЗС-005,0.0,179,0,0,1,19,3,114.80461602089488,shop_total_revenue,Выручка магазина,baseline_hgb_v2
2023-12-14 20:00:00,0,Татнефть-АЗС-001,0.0,128,1,1,0,20,3,0.7365719514590761,shop_total_revenue,Выручка магазина,baseline_hgb_v2
2023-12-14 20:00:00,1,Татнефть-АЗС-002,0.0,110,1,1,0,20,3,0.7365719514590761,shop_total_revenue,Выручка магазина,baseline_hgb_v2
2023-12-14 20:00:00,2,Татнефть-АЗС-003,0.0,190,0,0,1,20,3,1.2455650963123044,shop_total_revenue,Выручка магазина,baseline_hgb_v2
2023-12-14 20:00:00,3,Татнефть-АЗС-004,0.0,154,0,1,1,20,3,-0.5205358873939697,shop_total_revenue,Выручка магазина,baseline_hgb_v2
2023-12-14 20:00:00,4,Татнефть-АЗС-005,0.0,62,1,0,1,20,3,0.5543430435564479,shop_total_revenue,Выручка магазина,baseline_hgb_v2
2023-12-14 21:00:00,0,Татнефть-АЗС-001,0.0,157,0,1,0,21,3,2.4490771229750385,shop_total_revenue,Выручка магазина,baseline_hgb_v2
2023-12-14 21:00:00,1,Татнефть-АЗС-002,0.0,49,1,1,0,21,3,0.15468822879402203,shop_total_revenue,Выручка магазина,baseline_hgb_v2
2023-12-14 21:00:00,2,Татнефть-АЗС-003,0.0,96,0,0,1,21,3,-0.027540679108606095,shop_total_revenue,Выручка магазина,baseline_hgb_v2
2023-12-14 21:00:00,3,Татнефть-АЗС-004,0.0,159,0,1,1,21,3,6.325397600365776,shop_total_revenue,Выручка магазина,baseline_hgb_v2
2023-12-14 21:00:00,4,Татнефть-АЗС-005,0.0,74,0,0,1,21,3,0.5543430435564479,shop_total_revenue,Выручка магазина,baseline_hgb_v2
2023-12-14 22:00:00,0,Татнефть-АЗС-001,0.0,31,0,1,0,22,3,0.7365719514590761,shop_total_revenue,Выручка магазина,baseline_hgb_v2
2023-12-14 22:00:00,1,Татнефть-АЗС-002,0.0,14,0,1,0,22,3,0.7365719514590761,shop_total_revenue,Выручка магазина,baseline_hgb_v2
2023-12-14 22:00:00,2,Татнефть-АЗС-003,0.0,19,0,0,1,22,3,0.20970474659521726,shop_total_revenue,Выручка магазина,baseline_hgb_v2
2023-12-14 22:00:00,3,Татнефть-АЗС-004,0.0,23,1,1,1,22,3,0.15468822879402203,shop_total_revenue,Выручка магазина,baseline_hgb_v2
2023-12-14 22:00:00,4,Татнефть-АЗС-005,0.0,12,0,0,1,22,3,-0.027540679108606095,shop_total_revenue,Выручка магазина,baseline_hgb_v2
2023-12-14 23:00:00,0,Татнефть-АЗС-001,0.0,29,0,1,0,23,3,0.7365719514590761,shop_total_revenue,Выручка магазина,baseline_hgb_v2
2023-12-14 23:00:00,1,Татнефть-АЗС-002,0.0,14,1,1,0,23,3,0.7365719514590761,shop_total_revenue,Выручка магазина,baseline_hgb_v2
2023-12-14 23:00:00,2,Татнефть-АЗС-003,0.0,23,0,0,1,23,3,-0.027540679108606095,shop_total_revenue,Выручка магазина,baseline_hgb_v2
2023-12-14 23:00:00,3,Татнефть-АЗС-004,0.0,28,0,1,1,23,3,0.7365719514590761,shop_total_revenue,Выручка магазина,baseline_hgb_v2
2023-12-14 23:00:00,4,Татнефть-АЗС-005,0.0,13,0,0,1,23,3,-0.027540679108606095,shop_total_revenue,Выручка магазина,baseline_hgb_v2
2023-12-15 00:00:00,0,Татнефть-АЗС-001,0.0,31,0,1,0,0,4,0.8084064919371308,shop_total_revenue,Выручка магазина,baseline_hgb_v2
2023-12-15 00:00:00,1,Татнефть-АЗС-002,0.0,14,0,1,0,0,4,0.8084064919371308,shop_total_revenue,Выручка магазина,baseline_hgb_v2
2023-12-15 00:00:00,2,Татнефть-АЗС-003,0.0,29,1,0,1,0,4,0.6261775840345026,shop_total_revenue,Выручка магазина,baseline_hgb_v2
2023-12-15 00:00:00,3,Татнефть-АЗС-004,0.0,28,0,1,1,0,4,0.8084064919371308,shop_total_revenue,Выручка магазина,baseline_hgb_v2
2023-12-15 00:00:00,4,Татнефть-АЗС-005,0.0,14,0,0,1,0,4,0.6261775840345026,shop_total_revenue,Выручка магазина,baseline_hgb_v2
2023-12-15 01:00:00,0,Татнефть-АЗС-001,0.0,29,1,1,0,1,4,0.8084064919371308,shop_total_revenue,Выручка магазина,baseline_hgb_v2
2023-12-15 01:00:00,1,Татнефть-АЗС-002,0.0,16,0,1,0,1,4,0.8084064919371308,shop_total_revenue,Выручка магазина,baseline_hgb_v2
2023-12-15 01:00:00,2,Татнефть-АЗС-003,0.0,28,0,0,1,1,4,0.6261775840345026,shop_total_revenue,Выручка магазина,baseline_hgb_v2
2023-12-15 01:00:00,3,Татнефть-АЗС-004,0.0,19,1,1,1,1,4,0.8084064919371308,shop_total_revenue,Выручка магазина,baseline_hgb_v2
2023-12-15 01:00:00,4,Татнефть-АЗС-005,0.0,17,0,0,1,1,4,0.6261775840345026,shop_total_revenue,Выручка магазина,baseline_hgb_v2
2023-12-15 02:00:00,0,Татнефть-АЗС-001,0.0,34,1,1,0,2,4,0.8084064919371308,shop_total_revenue,Выручка магазина,baseline_hgb_v2
2023-12-15 02:00:00,1,Татнефть-АЗС-002,0.0,11,0,1,0,2,4,0.08673581602778985,shop_total_revenue,Выручка магазина,baseline_hgb_v2
2023-12-15 02:00:00,2,Татнефть-АЗС-003,0.0,31,1,0,1,2,4,0.6261775840345026,shop_total_revenue,Выручка магазина,baseline_hgb_v2
2023-12-15 02:00:00,3,Татнефть-АЗС-004,0.0,23,1,1,1,2,4,0.4637681949759002,shop_total_revenue,Выручка магазина,baseline_hgb_v2
2023-12-15 02:00:00,4,Татнефть-АЗС-005,0.0,10,1,0,1,2,4,-0.0954930918748383,shop_total_revenue,Выручка магазина,baseline_hgb_v2
2023-12-15 03:00:00,0,Татнефть-АЗС-001,0.0,21,1,1,0,3,4,0.08673581602778985,shop_total_revenue,Выручка магазина,baseline_hgb_v2
2023-12-15 03:00:00,1,Татнефть-АЗС-002,0.0,15,0,1,0,3,4,0.8084064919371308,shop_total_revenue,Выручка магазина,baseline_hgb_v2
2023-12-15 03:00:00,2,Татнефть-АЗС-003,0.0,23,0,0,1,3,4,-0.0954930918748383,shop_total_revenue,Выручка магазина,baseline_hgb_v2
2023-12-15 03:00:00,3,Татнефть-АЗС-004,0.0,22,0,1,1,3,4,0.08673581602778985,shop_total_revenue,Выручка магазина,baseline_hgb_v2
2023-12-15 03:00:00,4,Татнефть-АЗС-005,0.0,9,1,0,1,3,4,-0.0954930918748383,shop_total_revenue,Выручка магазина,baseline_hgb_v2
2023-12-15 04:00:00,0,Татнефть-АЗС-001,0.0,24,0,1,0,4,4,0.08673581602778985,shop_total_revenue,Выручка магазина,baseline_hgb_v2
2023-12-15 04:00:00,1,Татнефть-АЗС-002,0.0,16,1,1,0,4,4,0.8084064919371308,shop_total_revenue,Выручка магазина,baseline_hgb_v2
2023-12-15 04:00:00,2,Татнефть-АЗС-003,0.0,32,1,0,1,4,4,0.6261775840345026,shop_total_revenue,Выручка магазина,baseline_hgb_v2
2023-12-15 04:00:00,3,Татнефть-АЗС-004,0.0,25,1,1,1,4,4,0.08673581602778985,shop_total_revenue,Выручка магазина,baseline_hgb_v2
2023-12-15 04:00:00,4,Татнефть-АЗС-005,0.0,9,0,0,1,4,4,-0.0954930918748383,shop_total_revenue,Выручка магазина,baseline_hgb_v2
2023-12-15 05:00:00,0,Татнефть-АЗС-001,0.0,24,1,1,0,5,4,0.17005630109209072,shop_total_revenue,Выручка магазина,baseline_hgb_v2
2023-12-15 05:00:00,1,Татнефть-АЗС-002,0.0,15,0,1,0,5,4,0.8084064919371308,shop_total_revenue,Выручка магазина,baseline_hgb_v2
2023-12-15 05:00:00,2,Татнефть-АЗС-003,0.0,22,1,0,1,5,4,-0.0954930918748383,shop_total_revenue,Выручка магазина,baseline_hgb_v2
2023-12-15 05:00:00,3,Татнефть-АЗС-004,0.0,20,1,1,1,5,4,0.08673581602778985,shop_total_revenue,Выручка магазина,baseline_hgb_v2
2023-12-15 05:00:00,4,Татнефть-АЗС-005,0.0,13,1,0,1,5,4,0.6261775840345026,shop_total_revenue,Выручка магазина,baseline_hgb_v2
2023-12-15 06:00:00,0,Татнефть-АЗС-001,0.0,110,1,1,0,6,4,0.4637681949759002,shop_total_revenue,Выручка магазина,baseline_hgb_v2
2023-12-15 06:00:00,1,Татнефть-АЗС-002,0.0,50,1,1,0,6,4,0.08673581602778985,shop_total_revenue,Выручка магазина,baseline_hgb_v2
2023-12-15 06:00:00,2,Татнефть-АЗС-003,0.0,145,0,0,1,6,4,-5.7785291902615326,shop_total_revenue,Выручка магазина,baseline_hgb_v2
2023-12-15 06:00:00,3,Татнефть-АЗС-004,0.0,223,1,1,1,6,4,54.307247225373494,shop_total_revenue,Выручка магазина,baseline_hgb_v2
2023-12-15 06:00:00,4,Татнефть-АЗС-005,0.0,72,0,0,1,6,4,-0.0954930918748383,shop_total_revenue,Выручка магазина,baseline_hgb_v2
2023-12-15 07:00:00,0,Татнефть-АЗС-001,607.0,387,0,1,0,7,4,709.613535970418,shop_total_revenue,Выручка магазина,baseline_hgb_v2
2023-12-15 07:00:00,1,Татнефть-АЗС-002,0.0,123,0,1,0,7,4,6.242425785236449,shop_total_revenue,Выручка магазина,baseline_hgb_v2
2023-12-15 07:00:00,2,Татнефть-АЗС-003,1138.0,429,0,0,1,7,4,870.4557957701837,shop_total_revenue,Выручка магазина,baseline_hgb_v2
2023-12-15 07:00:00,3,Татнефть-АЗС-004,345.0,390,0,1,1,7,4,569.1414532127719,shop_total_revenue,Выручка магазина,baseline_hgb_v2
2023-12-15 07:00:00,4,Татнефть-АЗС-005,251.0,273,1,0,1,7,4,313.7400044489015,shop_total_revenue,Выручка магазина,baseline_hgb_v2
2023-12-15 08:00:00,0,Татнефть-АЗС-001,301.0,276,0,1,0,8,4,345.52476224259897,shop_total_revenue,Выручка магазина,baseline_hgb_v2
2023-12-15 08:00:00,1,Татнефть-АЗС-002,315.0,194,0,1,0,8,4,307.8624225546392,shop_total_revenue,Выручка магазина,baseline_hgb_v2
2023-12-15 08:00:00,2,Татнефть-АЗС-003,371.0,245,0,0,1,8,4,255.7334223237056,shop_total_revenue,Выручка магазина,baseline_hgb_v2
2023-12-15 08:00:00,3,Татнефть-АЗС-004,1110.0,580,0,1,1,8,4,1240.4838812180008,shop_total_revenue,Выручка магазина,baseline_hgb_v2
2023-12-15 08:00:00,4,Татнефть-АЗС-005,0.0,203,1,0,1,8,4,179.8096049084637,shop_total_revenue,Выручка магазина,baseline_hgb_v2
2023-12-15 09:00:00,0,Татнефть-АЗС-001,623.0,381,0,1,0,9,4,698.793821492372,shop_total_revenue,Выручка магазина,baseline_hgb_v2
2023-12-15 09:00:00,1,Татнефть-АЗС-002,0.0,127,1,1,0,9,4,8.737812679307556,shop_total_revenue,Выручка магазина,baseline_hgb_v2
2023-12-15 09:00:00,2,Татнефть-АЗС-003,753.0,405,0,0,1,9,4,769.274718533374,shop_total_revenue,Выручка магазина,baseline_hgb_v2
2023-12-15 09:00:00,3,Татнефть-АЗС-004,1055.0,468,0,1,1,9,4,932.634341820433,shop_total_revenue,Выручка магазина,baseline_hgb_v2
2023-12-15 09:00:00,4,Татнефть-АЗС-005,0.0,174,1,0,1,9,4,102.96893693872168,shop_total_revenue,Выручка магазина,baseline_hgb_v2
2023-12-15 10:00:00,0,Татнефть-АЗС-001,0.0,142,0,1,0,10,4,-2.471080322353847,shop_total_revenue,Выручка магазина,baseline_hgb_v2
2023-12-15 10:00:00,1,Татнефть-АЗС-002,0.0,74,0,1,0,10,4,0.8084064919371308,shop_total_revenue,Выручка магазина,baseline_hgb_v2
2023-12-15 10:00:00,2,Татнефть-АЗС-003,0.0,106,0,0,1,10,4,-0.0954930918748383,shop_total_revenue,Выручка магазина,baseline_hgb_v2
2023-12-15 10:00:00,3,Татнефть-АЗС-004,0.0,216,0,1,1,10,4,49.390656964476,shop_total_revenue,Выручка магазина,baseline_hgb_v2
2023-12-15 10:00:00,4,Татнефть-АЗС-005,0.0,73,0,0,1,10,4,-0.0954930918748383,shop_total_revenue,Выручка магазина,baseline_hgb_v2
2023-12-15 11:00:00,0,Татнефть-АЗС-001,0.0,158,0,1,0,11,4,4.480796481872941,shop_total_revenue,Выручка магазина,baseline_hgb_v2
2023-12-15 11:00:00,1,Татнефть-АЗС-002,0.0,59,1,1,0,11,4,0.17005630109209072,shop_total_revenue,Выручка магазина,baseline_hgb_v2
2023-12-15 11:00:00,2,Татнефть-АЗС-003,0.0,147,1,0,1,11,4,-8.472085297804938,shop_total_revenue,Выручка магазина,baseline_hgb_v2
2023-12-15 11:00:00,3,Татнефть-АЗС-004,0.0,117,1,1,1,11,4,0.08673581602778985,shop_total_revenue,Выручка магазина,baseline_hgb_v2
2023-12-15 11:00:00,4,Татнефть-АЗС-005,0.0,66,1,0,1,11,4,0.6261775840345026,shop_total_revenue,Выручка магазина,baseline_hgb_v2
2023-12-15 12:00:00,0,Татнефть-АЗС-001,0.0,96,0,1,0,12,4,-0.5658664457435655,shop_total_revenue,Выручка магазина,baseline_hgb_v2
2023-12-15 12:00:00,1,Татнефть-АЗС-002,0.0,45,1,1,0,12,4,0.2761047092240636,shop_total_revenue,Выручка магазина,baseline_hgb_v2
2023-12-15 12:00:00,2,Татнефть-АЗС-003,0.0,104,0,0,1,12,4,0.3324542080412545,shop_total_revenue,Выручка магазина,baseline_hgb_v2
2023-12-15 12:00:00,3,Татнефть-АЗС-004,0.0,99,0,1,1,12,4,0.2761047092240636,shop_total_revenue,Выручка магазина,baseline_hgb_v2
2023-12-15 12:00:00,4,Татнефть-АЗС-005,0.0,47,0,0,1,12,4,0.09387580132143551,shop_total_revenue,Выручка магазина,baseline_hgb_v2
2023-12-15 13:00:00,0,Татнефть-АЗС-001,0.0,91,0,1,0,13,4,2.328713619839775,shop_total_revenue,Выручка магазина,baseline_hgb_v2
2023-12-15 13:00:00,1,Татнефть-АЗС-002,0.0,51,1,1,0,13,4,0.2761047092240636,shop_total_revenue,Выручка магазина,baseline_hgb_v2
2023-12-15 13:00:00,2,Татнефть-АЗС-003,0.0,134,0,0,1,13,4,0.027246085915777388,shop_total_revenue,Выручка магазина,baseline_hgb_v2
2023-12-15 13:00:00,3,Татнефть-АЗС-004,0.0,98,0,1,1,13,4,0.2761047092240636,shop_total_revenue,Выручка магазина,baseline_hgb_v2
2023-12-15 13:00:00,4,Татнефть-АЗС-005,0.0,68,0,0,1,13,4,0.8932995165489797,shop_total_revenue,Выручка магазина,baseline_hgb_v2
2023-12-15 14:00:00,0,Татнефть-АЗС-001,0.0,136,0,1,0,14,4,2.90056243553516,shop_total_revenue,Выручка магазина,baseline_hgb_v2
2023-12-15 14:00:00,1,Татнефть-АЗС-002,0.0,53,0,1,0,14,4,0.2761047092240636,shop_total_revenue,Выручка магазина,baseline_hgb_v2
2023-12-15 14:00:00,2,Татнефть-АЗС-003,0.0,83,1,0,1,14,4,0.09387580132143551,shop_total_revenue,Выручка магазина,baseline_hgb_v2
2023-12-15 14:00:00,3,Татнефть-АЗС-004,0.0,114,0,1,1,14,4,0.3594251942883645,shop_total_revenue,Выручка магазина,baseline_hgb_v2
2023-12-15 14:00:00,4,Татнефть-АЗС-005,0.0,69,1,0,1,14,4,0.8932995165489797,shop_total_revenue,Выручка магазина,baseline_hgb_v2
2023-12-15 15:00:00,0,Татнефть-АЗС-001,0.0,109,0,1,0,15,4,0.15468822879402203,shop_total_revenue,Выручка магазина,baseline_hgb_v2
2023-12-15 15:00:00,1,Татнефть-АЗС-002,0.0,75,0,1,0,15,4,0.7365719514590761,shop_total_revenue,Выручка магазина,baseline_hgb_v2
2023-12-15 15:00:00,2,Татнефть-АЗС-003,0.0,107,1,0,1,15,4,-0.027540679108606095,shop_total_revenue,Выручка магазина,baseline_hgb_v2
2023-12-15 15:00:00,3,Татнефть-АЗС-004,0.0,142,1,1,1,15,4,-4.063037763146612,shop_total_revenue,Выручка магазина,baseline_hgb_v2
2023-12-15 15:00:00,4,Татнефть-АЗС-005,0.0,77,0,0,1,15,4,0.5543430435564479,shop_total_revenue,Выручка магазина,baseline_hgb_v2
2023-12-15 16:00:00,0,Татнефть-АЗС-001,0.0,149,1,1,0,16,4,-0.46442744136552294,shop_total_revenue,Выручка магазина,baseline_hgb_v2
2023-12-15 16:00:00,1,Татнефть-АЗС-002,0.0,104,0,1,0,16,4,0.7365719514590761,shop_total_revenue,Выручка магазина,baseline_hgb_v2
2023-12-15 16:00:00,2,Татнефть-АЗС-003,0.0,229,0,0,1,16,4,50.409796826500184,shop_total_revenue,Выручка магазина,baseline_hgb_v2
2023-12-15 16:00:00,3,Татнефть-АЗС-004,0.0,145,0,1,1,16,4,-4.19001264061889,shop_total_revenue,Выручка магазина,baseline_hgb_v2
2023-12-15 16:00:00,4,Татнефть-АЗС-005,0.0,55,1,0,1,16,4,0.21103772761121287,shop_total_revenue,Выручка магазина,baseline_hgb_v2
2023-12-15 17:00:00,0,Татнефть-АЗС-001,310.0,269,0,1,0,17,4,329.6229241030377,shop_total_revenue,Выручка магазина,baseline_hgb_v2
2023-12-15 17:00:00,1,Татнефть-АЗС-002,320.0,293,0,1,0,17,4,478.8385491950872,shop_total_revenue,Выручка магазина,baseline_hgb_v2
2023-12-15 17:00:00,2,Татнефть-АЗС-003,709.0,485,1,0,1,17,4,847.2447146275518,shop_total_revenue,Выручка магазина,baseline_hgb_v2
2023-12-15 17:00:00,3,Татнефть-АЗС-004,357.0,302,1,1,1,17,4,340.5836558996584,shop_total_revenue,Выручка магазина,baseline_hgb_v2
2023-12-15 17:00:00,4,Татнефть-АЗС-005,0.0,140,0,0,1,17,4,2.240636614238692,shop_total_revenue,Выручка магазина,baseline_hgb_v2
2023-12-15 18:00:00,0,Татнефть-АЗС-001,651.0,422,1,1,0,18,4,823.763905185533,shop_total_revenue,Выручка магазина,baseline_hgb_v2
2023-12-15 18:00:00,1,Татнефть-АЗС-002,301.0,263,0,1,0,18,4,400.6369592409769,shop_total_revenue,Выручка магазина,baseline_hgb_v2
2023-12-15 18:00:00,2,Татнефть-АЗС-003,1063.0,680,0,0,1,18,4,1451.1176836860934,shop_total_revenue,Выручка магазина,baseline_hgb_v2
2023-12-15 18:00:00,3,Татнефть-АЗС-004,716.0,317,0,1,1,18,4,347.26281806478806,shop_total_revenue,Выручка магазина,baseline_hgb_v2
2023-12-15 18:00:00,4,Татнефть-АЗС-005,0.0,145,1,0,1,18,4,7.032345675827687,shop_total_revenue,Выручка магазина,baseline_hgb_v2
2023-12-15 19:00:00,0,Татнефть-АЗС-001,620.0,414,0,1,0,19,4,784.8616052341445,shop_total_revenue,Выручка магазина,baseline_hgb_v2
2023-12-15 19:00:00,1,Татнефть-АЗС-002,590.0,272,0,1,0,19,4,446.0073284193581,shop_total_revenue,Выручка магазина,baseline_hgb_v2
2023-12-15 19:00:00,2,Татнефть-АЗС-003,1045.0,602,1,0,1,19,4,1193.2648059431172,shop_total_revenue,Выручка магазина,baseline_hgb_v2
2023-12-15 19:00:00,3,Татнефть-АЗС-004,1078.0,441,0,1,1,19,4,863.1552803826252,shop_total_revenue,Выручка магазина,baseline_hgb_v2
2023-12-15 19:00:00,4,Татнефть-АЗС-005,0.0,153,0,0,1,19,4,25.460587212045905,shop_total_revenue,Выручка магазина,baseline_hgb_v2
2023-12-15 20:00:00,0,Татнефть-АЗС-001,0.0,156,1,1,0,20,4,2.7271163962613496,shop_total_revenue,Выручка магазина,baseline_hgb_v2
2023-12-15 20:00:00,1,Татнефть-АЗС-002,0.0,99,0,1,0,20,4,0.7365719514590761,shop_total_revenue,Выручка магазина,baseline_hgb_v2
2023-12-15 20:00:00,2,Татнефть-АЗС-003,0.0,208,0,0,1,20,4,20.091373028722877,shop_total_revenue,Выручка магазина,baseline_hgb_v2
2023-12-15 20:00:00,3,Татнефть-АЗС-004,0.0,132,1,1,1,20,4,-0.40778929837612,shop_total_revenue,Выручка магазина,baseline_hgb_v2
2023-12-15 20:00:00,4,Татнефть-АЗС-005,0.0,52,0,0,1,20,4,0.21103772761121287,shop_total_revenue,Выручка магазина,baseline_hgb_v2
2023-12-15 21:00:00,0,Татнефть-АЗС-001,0.0,147,0,1,0,21,4,-4.882738738546151,shop_total_revenue,Выручка магазина,baseline_hgb_v2
2023-12-15 21:00:00,1,Татнефть-АЗС-002,0.0,52,1,1,0,21,4,0.3919336544978454,shop_total_revenue,Выручка магазина,baseline_hgb_v2
2023-12-15 21:00:00,2,Татнефть-АЗС-003,0.0,157,0,0,1,21,4,8.380983684647163,shop_total_revenue,Выручка магазина,baseline_hgb_v2
2023-12-15 21:00:00,3,Татнефть-АЗС-004,0.0,151,0,1,1,21,4,-2.094141223175672,shop_total_revenue,Выручка магазина,baseline_hgb_v2
2023-12-15 21:00:00,4,Татнефть-АЗС-005,0.0,44,1,0,1,21,4,0.055779805955694775,shop_total_revenue,Выручка магазина,baseline_hgb_v2
2023-12-15 22:00:00,0,Татнефть-АЗС-001,0.0,23,0,1,0,22,4,0.15468822879402203,shop_total_revenue,Выручка магазина,baseline_hgb_v2
2023-12-15 22:00:00,1,Татнефть-АЗС-002,0.0,9,0,1,0,22,4,0.15468822879402203,shop_total_revenue,Выручка магазина,baseline_hgb_v2
2023-12-15 22:00:00,2,Татнефть-АЗС-003,0.0,32,1,0,1,22,4,0.5543430435564479,shop_total_revenue,Выручка магазина,baseline_hgb_v2
2023-12-15 22:00:00,3,Татнефть-АЗС-004,0.0,24,0,1,1,22,4,0.15468822879402203,shop_total_revenue,Выручка магазина,baseline_hgb_v2
2023-12-15 22:00:00,4,Татнефть-АЗС-005,0.0,14,0,0,1,22,4,0.5543430435564479,shop_total_revenue,Выручка магазина,baseline_hgb_v2
2023-12-15 23:00:00,0,Татнефть-АЗС-001,0.0,24,1,1,0,23,4,0.15468822879402203,shop_total_revenue,Выручка магазина,baseline_hgb_v2
2023-12-15 23:00:00,1,Татнефть-АЗС-002,0.0,12,0,1,0,23,4,0.15468822879402203,shop_total_revenue,Выручка магазина,baseline_hgb_v2
2023-12-15 23:00:00,2,Татнефть-АЗС-003,0.0,32,0,0,1,23,4,0.5543430435564479,shop_total_revenue,Выручка магазина,baseline_hgb_v2
2023-12-15 23:00:00,3,Татнефть-АЗС-004,0.0,28,0,1,1,23,4,0.7365719514590761,shop_total_revenue,Выручка магазина,baseline_hgb_v2
2023-12-15 23:00:00,4,Татнефть-АЗС-005,0.0,14,0,0,1,23,4,0.5543430435564479,shop_total_revenue,Выручка магазина,baseline_hgb_v2
2023-12-16 00:00:00,0,Татнефть-АЗС-001,0.0,36,1,1,0,0,5,0.5014351946295903,shop_total_revenue,Выручка магазина,baseline_hgb_v2
2023-12-16 00:00:00,1,Татнефть-АЗС-002,0.0,11,1,1,0,0,5,0.5014351946295903,shop_total_revenue,Выручка магазина,baseline_hgb_v2
2023-12-16 00:00:00,2,Татнефть-АЗС-003,0.0,33,0,0,1,0,5,0.31920628672696216,shop_total_revenue,Выручка магазина,baseline_hgb_v2
2023-12-16 00:00:00,3,Татнефть-АЗС-004,0.0,41,0,1,1,0,5,0.5014351946295903,shop_total_revenue,Выручка магазина,baseline_hgb_v2
2023-12-16 00:00:00,4,Татнефть-АЗС-005,0.0,9,0,0,1,0,5,-0.3191439041180778,shop_total_revenue,Выручка магазина,baseline_hgb_v2
2023-12-16 01:00:00,0,Татнефть-АЗС-001,0.0,40,0,1,0,1,5,0.5014351946295903,shop_total_revenue,Выручка магазина,baseline_hgb_v2
2023-12-16 01:00:00,1,Татнефть-АЗС-002,0.0,11,1,1,0,1,5,0.5014351946295903,shop_total_revenue,Выручка магазина,baseline_hgb_v2
2023-12-16 01:00:00,2,Татнефть-АЗС-003,0.0,39,1,0,1,1,5,0.31920628672696216,shop_total_revenue,Выручка магазина,baseline_hgb_v2
2023-12-16 01:00:00,3,Татнефть-АЗС-004,0.0,34,0,1,1,1,5,0.5014351946295903,shop_total_revenue,Выручка магазина,baseline_hgb_v2
2023-12-16 01:00:00,4,Татнефть-АЗС-005,0.0,9,1,0,1,1,5,-0.3191439041180778,shop_total_revenue,Выручка магазина,baseline_hgb_v2
2023-12-16 02:00:00,0,Татнефть-АЗС-001,0.0,25,0,1,0,2,5,-0.22023548127975054,shop_total_revenue,Выручка магазина,baseline_hgb_v2
2023-12-16 02:00:00,1,Татнефть-АЗС-002,0.0,11,0,1,0,2,5,0.5014351946295903,shop_total_revenue,Выручка магазина,baseline_hgb_v2
2023-12-16 02:00:00,2,Татнефть-АЗС-003,0.0,26,1,0,1,2,5,-0.4024643891823787,shop_total_revenue,Выручка магазина,baseline_hgb_v2
2023-12-16 02:00:00,3,Татнефть-АЗС-004,0.0,29,0,1,1,2,5,-0.22023548127975054,shop_total_revenue,Выручка магазина,baseline_hgb_v2
2023-12-16 02:00:00,4,Татнефть-АЗС-005,0.0,7,0,0,1,2,5,-0.4024643891823787,shop_total_revenue,Выручка магазина,baseline_hgb_v2
2023-12-16 03:00:00,0,Татнефть-АЗС-001,0.0,29,1,1,0,3,5,-0.22023548127975054,shop_total_revenue,Выручка магазина,baseline_hgb_v2
2023-12-16 03:00:00,1,Татнефть-АЗС-002,0.0,8,1,1,0,3,5,-0.22023548127975054,shop_total_revenue,Выручка магазина,baseline_hgb_v2
2023-12-16 03:00:00,2,Татнефть-АЗС-003,0.0,36,1,0,1,3,5,0.31920628672696216,shop_total_revenue,Выручка магазина,baseline_hgb_v2
2023-12-16 03:00:00,3,Татнефть-АЗС-004,0.0,42,0,1,1,3,5,0.5014351946295903,shop_total_revenue,Выручка магазина,baseline_hgb_v2
2023-12-16 03:00:00,4,Татнефть-АЗС-005,0.0,11,0,0,1,3,5,0.31920628672696216,shop_total_revenue,Выручка магазина,baseline_hgb_v2
2023-12-16 04:00:00,0,Татнефть-АЗС-001,0.0,26,1,1,0,4,5,-0.22023548127975054,shop_total_revenue,Выручка магазина,baseline_hgb_v2
2023-12-16 04:00:00,1,Татнефть-АЗС-002,0.0,11,1,1,0,4,5,0.5014351946295903,shop_total_revenue,Выручка магазина,baseline_hgb_v2
2023-12-16 04:00:00,2,Татнефть-АЗС-003,0.0,39,1,0,1,4,5,0.31920628672696216,shop_total_revenue,Выручка магазина,baseline_hgb_v2
2023-12-16 04:00:00,3,Татнефть-АЗС-004,0.0,41,0,1,1,4,5,0.5014351946295903,shop_total_revenue,Выручка магазина,baseline_hgb_v2
2023-12-16 04:00:00,4,Татнефть-АЗС-005,0.0,11,0,0,1,4,5,0.31920628672696216,shop_total_revenue,Выручка магазина,baseline_hgb_v2
2023-12-16 05:00:00,0,Татнефть-АЗС-001,0.0,32,0,1,0,5,5,0.5014351946295903,shop_total_revenue,Выручка магазина,baseline_hgb_v2
2023-12-16 05:00:00,1,Татнефть-АЗС-002,0.0,8,0,1,0,5,5,0.15679689766835977,shop_total_revenue,Выручка магазина,baseline_hgb_v2
2023-12-16 05:00:00,2,Татнефть-АЗС-003,0.0,37,0,0,1,5,5,0.31920628672696216,shop_total_revenue,Выручка магазина,baseline_hgb_v2
2023-12-16 05:00:00,3,Татнефть-АЗС-004,0.0,25,0,1,1,5,5,-0.22023548127975054,shop_total_revenue,Выручка магазина,baseline_hgb_v2
2023-12-16 05:00:00,4,Татнефть-АЗС-005,0.0,13,0,0,1,5,5,0.31920628672696216,shop_total_revenue,Выручка магазина,baseline_hgb_v2
2023-12-16 06:00:00,0,Татнефть-АЗС-001,0.0,122,0,1,0,6,5,0.01834292544006836,shop_total_revenue,Выручка магазина,baseline_hgb_v2
2023-12-16 06:00:00,1,Татнефть-АЗС-002,0.0,54,0,1,0,6,5,0.5014351946295903,shop_total_revenue,Выручка магазина,baseline_hgb_v2
2023-12-16 06:00:00,2,Татнефть-АЗС-003,0.0,163,0,0,1,6,5,2.4016149462895693,shop_total_revenue,Выручка магазина,baseline_hgb_v2
2023-12-16 06:00:00,3,Татнефть-АЗС-004,0.0,175,0,1,1,6,5,7.3250402177682,shop_total_revenue,Выручка магазина,baseline_hgb_v2
2023-12-16 06:00:00,4,Татнефть-АЗС-005,0.0,81,1,0,1,6,5,0.31920628672696216,shop_total_revenue,Выручка магазина,baseline_hgb_v2
2023-12-16 07:00:00,0,Татнефть-АЗС-001,923.0,541,0,1,0,7,5,1155.833557461145,shop_total_revenue,Выручка магазина,baseline_hgb_v2
2023-12-16 07:00:00,1,Татнефть-АЗС-002,0.0,129,1,1,0,7,5,0.02060434648157975,shop_total_revenue,Выручка магазина,baseline_hgb_v2
2023-12-16 07:00:00,2,Татнефть-АЗС-003,1031.0,423,0,0,1,7,5,880.6613292129609,shop_total_revenue,Выручка магазина,baseline_hgb_v2
2023-12-16 07:00:00,3,Татнефть-АЗС-004,1133.0,550,0,1,1,7,5,847.7089794337932,shop_total_revenue,Выручка магазина,baseline_hgb_v2
2023-12-16 07:00:00,4,Татнефть-АЗС-005,0.0,138,1,0,1,7,5,12.936344773288708,shop_total_revenue,Выручка магазина,baseline_hgb_v2
2023-12-16 08:00:00,0,Татнефть-АЗС-001,325.0,313,0,1,0,8,5,380.3016829011895,shop_total_revenue,Выручка магазина,baseline_hgb_v2
2023-12-16 08:00:00,1,Татнефть-АЗС-002,0.0,96,0,1,0,8,5,6.715900007518147,shop_total_revenue,Выручка магазина,baseline_hgb_v2
2023-12-16 08:00:00,2,Татнефть-АЗС-003,733.0,408,0,0,1,8,5,758.7507854316266,shop_total_revenue,Выручка магазина,baseline_hgb_v2
2023-12-16 08:00:00,3,Татнефть-АЗС-004,771.0,449,0,1,1,8,5,670.0560241106289,shop_total_revenue,Выручка магазина,baseline_hgb_v2
2023-12-16 08:00:00,4,Татнефть-АЗС-005,0.0,148,0,0,1,8,5,15.376715505407898,shop_total_revenue,Выручка магазина,baseline_hgb_v2
2023-12-16 09:00:00,0,Татнефть-АЗС-001,924.0,445,1,1,0,9,5,931.2300354784328,shop_total_revenue,Выручка магазина,baseline_hgb_v2
2023-12-16 09:00:00,1,Татнефть-АЗС-002,322.0,145,0,1,0,9,5,45.38777912137709,shop_total_revenue,Выручка магазина,baseline_hgb_v2
2023-12-16 09:00:00,2,Татнефть-АЗС-003,736.0,435,0,0,1,9,5,901.9358475095217,shop_total_revenue,Выручка магазина,baseline_hgb_v2
2023-12-16 09:00:00,3,Татнефть-АЗС-004,704.0,445,0,1,1,9,5,669.8455282584066,shop_total_revenue,Выручка магазина,baseline_hgb_v2
2023-12-16 09:00:00,4,Татнефть-АЗС-005,0.0,135,0,0,1,9,5,7.132443098084537,shop_total_revenue,Выручка магазина,baseline_hgb_v2
2023-12-16 10:00:00,0,Татнефть-АЗС-001,0.0,149,0,1,0,10,5,-4.812163286550022,shop_total_revenue,Выручка магазина,baseline_hgb_v2
2023-12-16 10:00:00,1,Татнефть-АЗС-002,0.0,39,0,1,0,10,5,1.5851183393814108,shop_total_revenue,Выручка магазина,baseline_hgb_v2
2023-12-16 10:00:00,2,Татнефть-АЗС-003,0.0,170,0,0,1,10,5,7.04687168678672,shop_total_revenue,Выручка магазина,baseline_hgb_v2
2023-12-16 10:00:00,3,Татнефть-АЗС-004,0.0,198,0,1,1,10,5,13.885199279989427,shop_total_revenue,Выручка магазина,baseline_hgb_v2
2023-12-16 10:00:00,4,Татнефть-АЗС-005,0.0,79,0,0,1,10,5,0.31920628672696216,shop_total_revenue,Выручка магазина,baseline_hgb_v2
2023-12-16 11:00:00,0,Татнефть-АЗС-001,0.0,174,0,1,0,11,5,4.05227427743459,shop_total_revenue,Выручка магазина,baseline_hgb_v2
2023-12-16 11:00:00,1,Татнефть-АЗС-002,0.0,37,0,1,0,11,5,-0.22023548127975054,shop_total_revenue,Выручка магазина,baseline_hgb_v2
2023-12-16 11:00:00,2,Татнефть-АЗС-003,0.0,136,1,0,1,11,5,-2.568005289161895,shop_total_revenue,Выручка магазина,baseline_hgb_v2
2023-12-16 11:00:00,3,Татнефть-АЗС-004,0.0,166,1,1,1,11,5,2.77187525263398,shop_total_revenue,Выручка магазина,baseline_hgb_v2
2023-12-16 11:00:00,4,Татнефть-АЗС-005,0.0,52,0,0,1,11,5,0.31920628672696216,shop_total_revenue,Выручка магазина,baseline_hgb_v2
2023-12-16 12:00:00,0,Татнефть-АЗС-001,0.0,103,1,1,0,12,5,-0.8728377430511058,shop_total_revenue,Выручка магазина,baseline_hgb_v2
2023-12-16 12:00:00,1,Татнефть-АЗС-002,0.0,60,0,1,0,12,5,0.7685571271440673,shop_total_revenue,Выручка магазина,baseline_hgb_v2
2023-12-16 12:00:00,2,Татнефть-АЗС-003,369.0,166,0,0,1,12,5,172.37649542403193,shop_total_revenue,Выручка магазина,baseline_hgb_v2
2023-12-16 12:00:00,3,Татнефть-АЗС-004,0.0,138,0,1,1,12,5,0.25649333065310925,shop_total_revenue,Выручка магазина,baseline_hgb_v2
2023-12-16 12:00:00,4,Татнефть-АЗС-005,0.0,37,0,0,1,12,5,-0.2130954959861049,shop_total_revenue,Выручка магазина,baseline_hgb_v2
2023-12-16 13:00:00,0,Татнефть-АЗС-001,0.0,108,0,1,0,13,5,-0.8728377430511058,shop_total_revenue,Выручка магазина,baseline_hgb_v2
2023-12-16 13:00:00,1,Татнефть-АЗС-002,0.0,59,1,1,0,13,5,0.7685571271440673,shop_total_revenue,Выручка магазина,baseline_hgb_v2
2023-12-16 13:00:00,2,Татнефть-АЗС-003,0.0,126,0,0,1,13,5,-0.2130954959861049,shop_total_revenue,Выручка магазина,baseline_hgb_v2
2023-12-16 13:00:00,3,Татнефть-АЗС-004,0.0,156,0,1,1,13,5,116.96692752407881,shop_total_revenue,Выручка магазина,baseline_hgb_v2
2023-12-16 13:00:00,4,Татнефть-АЗС-005,0.0,44,0,0,1,13,5,-0.2130954959861049,shop_total_revenue,Выручка магазина,baseline_hgb_v2
2023-12-16 14:00:00,0,Татнефть-АЗС-001,0.0,124,0,1,0,14,5,2.0217423225322344,shop_total_revenue,Выручка магазина,baseline_hgb_v2
2023-12-16 14:00:00,1,Татнефть-АЗС-002,0.0,39,0,1,0,14,5,-0.030866588083476747,shop_total_revenue,Выручка магазина,baseline_hgb_v2
2023-12-16 14:00:00,2,Татнефть-АЗС-003,0.0,177,0,0,1,14,5,222.5528966359706,shop_total_revenue,Выручка магазина,baseline_hgb_v2
2023-12-16 14:00:00,3,Татнефть-АЗС-004,0.0,131,1,1,1,14,5,-0.030866588083476747,shop_total_revenue,Выручка магазина,baseline_hgb_v2
2023-12-16 14:00:00,4,Татнефть-АЗС-005,0.0,59,0,0,1,14,5,0.5863282192414392,shop_total_revenue,Выручка магазина,baseline_hgb_v2
2023-12-16 15:00:00,0,Татнефть-АЗС-001,0.0,122,0,1,0,15,5,-0.06896258344921748,shop_total_revenue,Выручка магазина,baseline_hgb_v2
2023-12-16 15:00:00,1,Татнефть-АЗС-002,0.0,55,0,1,0,15,5,0.4296006541515356,shop_total_revenue,Выручка магазина,baseline_hgb_v2
2023-12-16 15:00:00,2,Татнефть-АЗС-003,0.0,167,0,0,1,15,5,3.2177740852291623,shop_total_revenue,Выручка магазина,baseline_hgb_v2
2023-12-16 15:00:00,3,Татнефть-АЗС-004,0.0,169,1,1,1,15,5,4.534414223888182,shop_total_revenue,Выручка магазина,baseline_hgb_v2
2023-12-16 15:00:00,4,Татнефть-АЗС-005,0.0,61,1,0,1,15,5,0.24737174624890745,shop_total_revenue,Выручка магазина,baseline_hgb_v2
2023-12-16 16:00:00,0,Татнефть-АЗС-001,0.0,166,0,1,0,16,5,6.148670842422878,shop_total_revenue,Выручка магазина,baseline_hgb_v2
2023-12-16 16:00:00,1,Татнефть-АЗС-002,0.0,86,0,1,0,16,5,0.4296006541515356,shop_total_revenue,Выручка магазина,baseline_hgb_v2
2023-12-16 16:00:00,2,Татнефть-АЗС-003,0.0,252,0,0,1,16,5,123.8708719051675,shop_total_revenue,Выручка магазина,baseline_hgb_v2
2023-12-16 16:00:00,3,Татнефть-АЗС-004,0.0,180,1,1,1,16,5,-1.8424394271216407,shop_total_revenue,Выручка магазина,baseline_hgb_v2
2023-12-16 16:00:00,4,Татнефть-АЗС-005,0.0,57,0,0,1,16,5,0.24737174624890745,shop_total_revenue,Выручка магазина,baseline_hgb_v2
2023-12-16 17:00:00,0,Татнефть-АЗС-001,960.0,513,0,1,0,17,5,1070.8307777164755,shop_total_revenue,Выручка магазина,baseline_hgb_v2
2023-12-16 17:00:00,1,Татнефть-АЗС-002,326.0,226,0,1,0,17,5,325.601523846597,shop_total_revenue,Выручка магазина,baseline_hgb_v2
2023-12-16 17:00:00,2,Татнефть-АЗС-003,1442.0,723,0,0,1,17,5,1623.7900086649204,shop_total_revenue,Выручка магазина,baseline_hgb_v2
2023-12-16 17:00:00,3,Татнефть-АЗС-004,1072.0,401,0,1,1,17,5,699.9364505590091,shop_total_revenue,Выручка магазина,baseline_hgb_v2
2023-12-16 17:00:00,4,Татнефть-АЗС-005,0.0,162,0,0,1,17,5,83.86860422927164,shop_total_revenue,Выручка магазина,baseline_hgb_v2
2023-12-16 18:00:00,0,Татнефть-АЗС-001,312.0,351,0,1,0,18,5,500.57280350015986,shop_total_revenue,Выручка магазина,baseline_hgb_v2
2023-12-16 18:00:00,1,Татнефть-АЗС-002,306.0,195,1,1,0,18,5,268.5913983210141,shop_total_revenue,Выручка магазина,baseline_hgb_v2
2023-12-16 18:00:00,2,Татнефть-АЗС-003,1519.0,689,0,0,1,18,5,1480.2036879756968,shop_total_revenue,Выручка магазина,baseline_hgb_v2
2023-12-16 18:00:00,3,Татнефть-АЗС-004,373.0,376,0,1,1,18,5,513.1330150889488,shop_total_revenue,Выручка магазина,baseline_hgb_v2
2023-12-16 18:00:00,4,Татнефть-АЗС-005,0.0,165,0,0,1,18,5,96.72428192155846,shop_total_revenue,Выручка магазина,baseline_hgb_v2
2023-12-16 19:00:00,0,Татнефть-АЗС-001,650.0,494,1,1,0,19,5,1076.6120078603392,shop_total_revenue,Выручка магазина,baseline_hgb_v2
2023-12-16 19:00:00,1,Татнефть-АЗС-002,326.0,236,0,1,0,19,5,339.0672102184303,shop_total_revenue,Выручка магазина,baseline_hgb_v2
2023-12-16 19:00:00,2,Татнефть-АЗС-003,1097.0,583,0,0,1,19,5,1119.3594339566896,shop_total_revenue,Выручка магазина,baseline_hgb_v2
2023-12-16 19:00:00,3,Татнефть-АЗС-004,719.0,445,0,1,1,19,5,853.0796207521335,shop_total_revenue,Выручка магазина,baseline_hgb_v2
2023-12-16 19:00:00,4,Татнефть-АЗС-005,0.0,109,0,0,1,19,5,0.4162238849631644,shop_total_revenue,Выручка магазина,baseline_hgb_v2
2023-12-16 20:00:00,0,Татнефть-АЗС-001,0.0,173,0,1,0,20,5,2.0779565512673956,shop_total_revenue,Выручка магазина,baseline_hgb_v2
2023-12-16 20:00:00,1,Татнефть-АЗС-002,0.0,62,1,1,0,20,5,-0.15228306851351836,shop_total_revenue,Выручка магазина,baseline_hgb_v2
2023-12-16 20:00:00,2,Татнефть-АЗС-003,0.0,209,0,0,1,20,5,7.236841830582823,shop_total_revenue,Выручка магазина,baseline_hgb_v2
2023-12-16 20:00:00,3,Татнефть-АЗС-004,0.0,119,1,1,1,20,5,-0.06896258344921748,shop_total_revenue,Выручка магазина,baseline_hgb_v2
2023-12-16 20:00:00,4,Татнефть-АЗС-005,0.0,64,1,0,1,20,5,0.24737174624890745,shop_total_revenue,Выручка магазина,baseline_hgb_v2
2023-12-16 21:00:00,0,Татнефть-АЗС-001,0.0,183,0,1,0,21,5,1.7740286009812505,shop_total_revenue,Выручка магазина,baseline_hgb_v2
2023-12-16 21:00:00,1,Татнефть-АЗС-002,0.0,47,1,1,0,21,5,-0.15228306851351836,shop_total_revenue,Выручка магазина,baseline_hgb_v2
2023-12-16 21:00:00,2,Татнефть-АЗС-003,0.0,101,1,0,1,21,5,-0.2511914913518456,shop_total_revenue,Выручка магазина,baseline_hgb_v2
2023-12-16 21:00:00,3,Татнефть-АЗС-004,0.0,170,0,1,1,21,5,-0.44362403934713657,shop_total_revenue,Выручка магазина,baseline_hgb_v2
2023-12-16 21:00:00,4,Татнефть-АЗС-005,0.0,41,0,0,1,21,5,1.470841844245015,shop_total_revenue,Выручка магазина,baseline_hgb_v2
2023-12-16 22:00:00,0,Татнефть-АЗС-001,0.0,37,0,1,0,22,5,0.4296006541515356,shop_total_revenue,Выручка магазина,baseline_hgb_v2
2023-12-16 22:00:00,1,Татнефть-АЗС-002,0.0,10,0,1,0,22,5,0.4296006541515356,shop_total_revenue,Выручка магазина,baseline_hgb_v2
2023-12-16 22:00:00,2,Татнефть-АЗС-003,0.0,33,0,0,1,22,5,0.24737174624890745,shop_total_revenue,Выручка магазина,baseline_hgb_v2
2023-12-16 22:00:00,3,Татнефть-АЗС-004,0.0,36,1,1,1,22,5,0.08496235719030501,shop_total_revenue,Выручка магазина,baseline_hgb_v2
2023-12-16 22:00:00,4,Татнефть-АЗС-005,0.0,12,0,0,1,22,5,0.24737174624890745,shop_total_revenue,Выручка магазина,baseline_hgb_v2
2023-12-16 23:00:00,0,Татнефть-АЗС-001,0.0,26,0,1,0,23,5,-0.06896258344921748,shop_total_revenue,Выручка магазина,baseline_hgb_v2
2023-12-16 23:00:00,1,Татнефть-АЗС-002,0.0,13,0,1,0,23,5,0.4296006541515356,shop_total_revenue,Выручка магазина,baseline_hgb_v2
2023-12-16 23:00:00,2,Татнефть-АЗС-003,0.0,37,1,0,1,23,5,0.24737174624890745,shop_total_revenue,Выручка магазина,baseline_hgb_v2
2023-12-16 23:00:00,3,Татнефть-АЗС-004,0.0,34,1,1,1,23,5,0.4296006541515356,shop_total_revenue,Выручка магазина,baseline_hgb_v2
2023-12-16 23:00:00,4,Татнефть-АЗС-005,0.0,7,0,0,1,23,5,-0.09726655071232318,shop_total_revenue,Выручка магазина,baseline_hgb_v2
2023-12-17 00:00:00,0,Татнефть-АЗС-001,0.0,29,0,1,0,0,6,-0.22023548127975054,shop_total_revenue,Выручка магазина,baseline_hgb_v2
2023-12-17 00:00:00,1,Татнефть-АЗС-002,0.0,13,0,1,0,0,6,0.5014351946295903,shop_total_revenue,Выручка магазина,baseline_hgb_v2
2023-12-17 00:00:00,2,Татнефть-АЗС-003,0.0,31,1,0,1,0,6,-0.4024643891823787,shop_total_revenue,Выручка магазина,baseline_hgb_v2
2023-12-17 00:00:00,3,Татнефть-АЗС-004,0.0,31,0,1,1,0,6,0.01834292544006836,shop_total_revenue,Выручка магазина,baseline_hgb_v2
2023-12-17 00:00:00,4,Татнефть-АЗС-005,0.0,12,1,0,1,0,6,0.31920628672696216,shop_total_revenue,Выручка магазина,baseline_hgb_v2
2023-12-17 01:00:00,0,Татнефть-АЗС-001,0.0,28,1,1,0,1,6,-0.22023548127975054,shop_total_revenue,Выручка магазина,baseline_hgb_v2
2023-12-17 01:00:00,1,Татнефть-АЗС-002,0.0,8,0,1,0,1,6,-0.22023548127975054,shop_total_revenue,Выручка магазина,baseline_hgb_v2
2023-12-17 01:00:00,2,Татнефть-АЗС-003,0.0,43,0,0,1,1,6,0.31920628672696216,shop_total_revenue,Выручка магазина,baseline_hgb_v2
2023-12-17 01:00:00,3,Татнефть-АЗС-004,0.0,35,0,1,1,1,6,0.5014351946295903,shop_total_revenue,Выручка магазина,baseline_hgb_v2
2023-12-17 01:00:00,4,Татнефть-АЗС-005,0.0,14,0,0,1,1,6,2.124560107388124,shop_total_revenue,Выручка магазина,baseline_hgb_v2
2023-12-17 02:00:00,0,Татнефть-АЗС-001,0.0,23,0,1,0,2,6,-0.22023548127975054,shop_total_revenue,Выручка магазина,baseline_hgb_v2
2023-12-17 02:00:00,1,Татнефть-АЗС-002,0.0,11,1,1,0,2,6,0.5014351946295903,shop_total_revenue,Выручка магазина,baseline_hgb_v2
2023-12-17 02:00:00,2,Татнефть-АЗС-003,0.0,26,1,0,1,2,6,-0.3191439041180778,shop_total_revenue,Выручка магазина,baseline_hgb_v2
2023-12-17 02:00:00,3,Татнефть-АЗС-004,0.0,26,0,1,1,2,6,-0.22023548127975054,shop_total_revenue,Выручка магазина,baseline_hgb_v2
2023-12-17 02:00:00,4,Татнефть-АЗС-005,0.0,10,0,0,1,2,6,0.31920628672696216,shop_total_revenue,Выручка магазина,baseline_hgb_v2
2023-12-17 03:00:00,0,Татнефть-АЗС-001,0.0,24,1,1,0,3,6,-0.22023548127975054,shop_total_revenue,Выручка магазина,baseline_hgb_v2
2023-12-17 03:00:00,1,Татнефть-АЗС-002,0.0,11,0,1,0,3,6,0.5014351946295903,shop_total_revenue,Выручка магазина,baseline_hgb_v2
2023-12-17 03:00:00,2,Татнефть-АЗС-003,0.0,26,0,0,1,3,6,-0.4024643891823787,shop_total_revenue,Выручка магазина,baseline_hgb_v2
2023-12-17 03:00:00,3,Татнефть-АЗС-004,0.0,38,1,1,1,3,6,0.5014351946295903,shop_total_revenue,Выручка магазина,baseline_hgb_v2
2023-12-17 03:00:00,4,Татнефть-АЗС-005,0.0,11,1,0,1,3,6,0.31920628672696216,shop_total_revenue,Выручка магазина,baseline_hgb_v2
2023-12-17 04:00:00,0,Татнефть-АЗС-001,0.0,38,0,1,0,4,6,0.5014351946295903,shop_total_revenue,Выручка магазина,baseline_hgb_v2
2023-12-17 04:00:00,1,Татнефть-АЗС-002,0.0,13,1,1,0,4,6,0.5014351946295903,shop_total_revenue,Выручка магазина,baseline_hgb_v2
2023-12-17 04:00:00,2,Татнефть-АЗС-003,0.0,23,1,0,1,4,6,-0.025432010234268387,shop_total_revenue,Выручка магазина,baseline_hgb_v2
2023-12-17 04:00:00,3,Татнефть-АЗС-004,0.0,25,1,1,1,4,6,-0.22023548127975054,shop_total_revenue,Выручка магазина,baseline_hgb_v2
2023-12-17 04:00:00,4,Татнефть-АЗС-005,0.0,12,0,0,1,4,6,0.31920628672696216,shop_total_revenue,Выручка магазина,baseline_hgb_v2
2023-12-17 05:00:00,0,Татнефть-АЗС-001,0.0,37,0,1,0,5,6,0.5014351946295903,shop_total_revenue,Выручка магазина,baseline_hgb_v2
2023-12-17 05:00:00,1,Татнефть-АЗС-002,0.0,13,0,1,0,5,6,0.5014351946295903,shop_total_revenue,Выручка магазина,baseline_hgb_v2
2023-12-17 05:00:00,2,Татнефть-АЗС-003,0.0,26,0,0,1,5,6,-0.4024643891823787,shop_total_revenue,Выручка магазина,baseline_hgb_v2
2023-12-17 05:00:00,3,Татнефть-АЗС-004,0.0,31,1,1,1,5,6,-0.22023548127975054,shop_total_revenue,Выручка магазина,baseline_hgb_v2
2023-12-17 05:00:00,4,Татнефть-АЗС-005,0.0,13,0,0,1,5,6,0.31920628672696216,shop_total_revenue,Выручка магазина,baseline_hgb_v2
2023-12-17 06:00:00,0,Татнефть-АЗС-001,0.0,119,0,1,0,6,6,-0.22023548127975054,shop_total_revenue,Выручка магазина,baseline_hgb_v2
2023-12-17 06:00:00,1,Татнефть-АЗС-002,0.0,40,0,1,0,6,6,-0.22023548127975054,shop_total_revenue,Выручка магазина,baseline_hgb_v2
2023-12-17 06:00:00,2,Татнефть-АЗС-003,0.0,122,0,0,1,6,6,-0.4024643891823787,shop_total_revenue,Выручка магазина,baseline_hgb_v2
2023-12-17 06:00:00,3,Татнефть-АЗС-004,367.0,301,1,1,1,6,6,231.0671130321754,shop_total_revenue,Выручка магазина,baseline_hgb_v2
2023-12-17 06:00:00,4,Татнефть-АЗС-005,0.0,96,0,0,1,6,6,0.31920628672696216,shop_total_revenue,Выручка магазина,baseline_hgb_v2
2023-12-17 07:00:00,0,Татнефть-АЗС-001,332.0,308,0,1,0,7,6,377.2306760798637,shop_total_revenue,Выручка магазина,baseline_hgb_v2
2023-12-17 07:00:00,1,Татнефть-АЗС-002,0.0,139,0,1,0,7,6,36.7684805032842,shop_total_revenue,Выручка магазина,baseline_hgb_v2
2023-12-17 07:00:00,2,Татнефть-АЗС-003,731.0,477,1,0,1,7,6,994.7241660344065,shop_total_revenue,Выручка магазина,baseline_hgb_v2
2023-12-17 07:00:00,3,Татнефть-АЗС-004,1462.0,635,0,1,1,7,6,1327.9841433968513,shop_total_revenue,Выручка магазина,baseline_hgb_v2
2023-12-17 07:00:00,4,Татнефть-АЗС-005,0.0,141,0,0,1,7,6,7.652145524663809,shop_total_revenue,Выручка магазина,baseline_hgb_v2
2023-12-17 08:00:00,0,Татнефть-АЗС-001,981.0,441,0,1,0,8,6,925.59720631475,shop_total_revenue,Выручка магазина,baseline_hgb_v2
2023-12-17 08:00:00,1,Татнефть-АЗС-002,0.0,145,0,1,0,8,6,49.97419031134783,shop_total_revenue,Выручка магазина,baseline_hgb_v2
2023-12-17 08:00:00,2,Татнефть-АЗС-003,1101.0,434,0,0,1,8,6,862.0810400755051,shop_total_revenue,Выручка магазина,baseline_hgb_v2
2023-12-17 08:00:00,3,Татнефть-АЗС-004,715.0,459,0,1,1,8,6,696.0192098924662,shop_total_revenue,Выручка магазина,baseline_hgb_v2
2023-12-17 08:00:00,4,Татнефть-АЗС-005,0.0,138,0,0,1,8,6,12.45620709617874,shop_total_revenue,Выручка магазина,baseline_hgb_v2
2023-12-17 09:00:00,0,Татнефть-АЗС-001,924.0,437,0,1,0,9,6,901.2821104550386,shop_total_revenue,Выручка магазина,baseline_hgb_v2
2023-12-17 09:00:00,1,Татнефть-АЗС-002,0.0,95,1,1,0,9,6,-0.7523785330167041,shop_total_revenue,Выручка магазина,baseline_hgb_v2
2023-12-17 09:00:00,2,Татнефть-АЗС-003,759.0,461,0,0,1,9,6,961.1232928818381,shop_total_revenue,Выручка магазина,baseline_hgb_v2
2023-12-17 09:00:00,3,Татнефть-АЗС-004,733.0,435,0,1,1,9,6,660.7077501182614,shop_total_revenue,Выручка магазина,baseline_hgb_v2
2023-12-17 09:00:00,4,Татнефть-АЗС-005,248.0,248,0,0,1,9,6,248.067812423821,shop_total_revenue,Выручка магазина,baseline_hgb_v2
2023-12-17 10:00:00,0,Татнефть-АЗС-001,0.0,187,1,1,0,10,6,4.52917045248844,shop_total_revenue,Выручка магазина,baseline_hgb_v2
2023-12-17 10:00:00,1,Татнефть-АЗС-002,0.0,58,0,1,0,10,6,0.5014351946295903,shop_total_revenue,Выручка магазина,baseline_hgb_v2
2023-12-17 10:00:00,2,Татнефть-АЗС-003,0.0,117,0,0,1,10,6,-0.3191439041180778,shop_total_revenue,Выручка магазина,baseline_hgb_v2
2023-12-17 10:00:00,3,Татнефть-АЗС-004,370.0,308,1,1,1,10,6,254.2354777531306,shop_total_revenue,Выручка магазина,baseline_hgb_v2
2023-12-17 10:00:00,4,Татнефть-АЗС-005,0.0,58,0,0,1,10,6,-0.3191439041180778,shop_total_revenue,Выручка магазина,baseline_hgb_v2
2023-12-17 11:00:00,0,Татнефть-АЗС-001,0.0,147,0,1,0,11,6,-7.701898089338798,shop_total_revenue,Выручка магазина,baseline_hgb_v2
2023-12-17 11:00:00,1,Татнефть-АЗС-002,0.0,57,0,1,0,11,6,0.5014351946295903,shop_total_revenue,Выручка магазина,baseline_hgb_v2
2023-12-17 11:00:00,2,Татнефть-АЗС-003,0.0,110,1,0,1,11,6,-0.4024643891823787,shop_total_revenue,Выручка магазина,baseline_hgb_v2
2023-12-17 11:00:00,3,Татнефть-АЗС-004,0.0,181,0,1,1,11,6,-6.720289817450313,shop_total_revenue,Выручка магазина,baseline_hgb_v2
2023-12-17 11:00:00,4,Татнефть-АЗС-005,0.0,62,0,0,1,11,6,0.31920628672696216,shop_total_revenue,Выручка магазина,baseline_hgb_v2
2023-12-17 12:00:00,0,Татнефть-АЗС-001,0.0,134,0,1,0,12,6,-3.1216991280949236,shop_total_revenue,Выручка магазина,baseline_hgb_v2
2023-12-17 12:00:00,1,Татнефть-АЗС-002,0.0,52,1,1,0,12,6,2.573910947805229,shop_total_revenue,Выручка магазина,baseline_hgb_v2
2023-12-17 12:00:00,2,Татнефть-АЗС-003,0.0,189,1,0,1,12,6,280.86154864002754,shop_total_revenue,Выручка магазина,baseline_hgb_v2
2023-12-17 12:00:00,3,Татнефть-АЗС-004,0.0,145,0,1,1,12,6,15.939283958504925,shop_total_revenue,Выручка магазина,baseline_hgb_v2
2023-12-17 12:00:00,4,Татнефть-АЗС-005,0.0,33,0,0,1,12,6,-0.2130954959861049,shop_total_revenue,Выручка магазина,baseline_hgb_v2
2023-12-17 13:00:00,0,Татнефть-АЗС-001,0.0,168,0,1,0,13,6,175.66042058050402,shop_total_revenue,Выручка магазина,baseline_hgb_v2
2023-12-17 13:00:00,1,Татнефть-АЗС-002,0.0,42,0,1,0,13,6,-0.030866588083476747,shop_total_revenue,Выручка магазина,baseline_hgb_v2
2023-12-17 13:00:00,2,Татнефть-АЗС-003,0.0,130,1,0,1,13,6,-0.2130954959861049,shop_total_revenue,Выручка магазина,baseline_hgb_v2
2023-12-17 13:00:00,3,Татнефть-АЗС-004,375.0,161,0,1,1,13,6,129.62809981980186,shop_total_revenue,Выручка магазина,baseline_hgb_v2
2023-12-17 13:00:00,4,Татнефть-АЗС-005,0.0,38,0,0,1,13,6,-0.2130954959861049,shop_total_revenue,Выручка магазина,baseline_hgb_v2
2023-12-17 14:00:00,0,Татнефть-АЗС-001,310.0,221,1,1,0,14,6,299.0747557755739,shop_total_revenue,Выручка магазина,baseline_hgb_v2
2023-12-17 14:00:00,1,Татнефть-АЗС-002,0.0,56,0,1,0,14,6,0.7685571271440673,shop_total_revenue,Выручка магазина,baseline_hgb_v2
2023-12-17 14:00:00,2,Татнефть-АЗС-003,0.0,169,0,0,1,14,6,179.74600318983533,shop_total_revenue,Выручка магазина,baseline_hgb_v2
2023-12-17 14:00:00,3,Татнефть-АЗС-004,0.0,128,1,1,1,14,6,0.4239188301828367,shop_total_revenue,Выручка магазина,baseline_hgb_v2
2023-12-17 14:00:00,4,Татнефть-АЗС-005,0.0,62,0,0,1,14,6,0.5863282192414392,shop_total_revenue,Выручка магазина,baseline_hgb_v2
2023-12-17 15:00:00,0,Татнефть-АЗС-001,0.0,166,0,1,0,15,6,5.017506118628467,shop_total_revenue,Выручка магазина,baseline_hgb_v2
2023-12-17 15:00:00,1,Татнефть-АЗС-002,0.0,55,0,1,0,15,6,0.4296006541515356,shop_total_revenue,Выручка магазина,baseline_hgb_v2
2023-12-17 15:00:00,2,Татнефть-АЗС-003,0.0,126,0,0,1,15,6,-0.3345119764161465,shop_total_revenue,Выручка магазина,baseline_hgb_v2
2023-12-17 15:00:00,3,Татнефть-АЗС-004,0.0,173,1,1,1,15,6,-3.1590620138159533,shop_total_revenue,Выручка магазина,baseline_hgb_v2
2023-12-17 15:00:00,4,Татнефть-АЗС-005,0.0,39,0,0,1,15,6,-0.3345119764161465,shop_total_revenue,Выручка магазина,baseline_hgb_v2
2023-12-17 16:00:00,0,Татнефть-АЗС-001,0.0,123,0,1,0,16,6,-0.15228306851351836,shop_total_revenue,Выручка магазина,baseline_hgb_v2
2023-12-17 16:00:00,1,Татнефть-АЗС-002,0.0,88,0,1,0,16,6,0.4296006541515356,shop_total_revenue,Выручка магазина,baseline_hgb_v2
2023-12-17 16:00:00,2,Татнефть-АЗС-003,0.0,196,0,0,1,16,6,0.386312736239654,shop_total_revenue,Выручка магазина,baseline_hgb_v2
2023-12-17 16:00:00,3,Татнефть-АЗС-004,0.0,122,0,1,1,16,6,-0.15228306851351836,shop_total_revenue,Выручка магазина,baseline_hgb_v2
2023-12-17 16:00:00,4,Татнефть-АЗС-005,0.0,43,0,0,1,16,6,-0.013946065648022248,shop_total_revenue,Выручка магазина,baseline_hgb_v2
2023-12-17 17:00:00,0,Татнефть-АЗС-001,601.0,388,0,1,0,17,6,582.882925145164,shop_total_revenue,Выручка магазина,baseline_hgb_v2
2023-12-17 17:00:00,1,Татнефть-АЗС-002,307.0,249,0,1,0,17,6,365.6947473533068,shop_total_revenue,Выручка магазина,baseline_hgb_v2
2023-12-17 17:00:00,2,Татнефть-АЗС-003,714.0,509,0,0,1,17,6,858.2567377646528,shop_total_revenue,Выручка магазина,baseline_hgb_v2
2023-12-17 17:00:00,3,Татнефть-АЗС-004,352.0,303,1,1,1,17,6,335.0873724249655,shop_total_revenue,Выручка магазина,baseline_hgb_v2
2023-12-17 17:00:00,4,Татнефть-АЗС-005,246.0,168,0,0,1,17,6,108.50028085296906,shop_total_revenue,Выручка магазина,baseline_hgb_v2
2023-12-17 18:00:00,0,Татнефть-АЗС-001,973.0,469,0,1,0,18,6,966.4508052208791,shop_total_revenue,Выручка магазина,baseline_hgb_v2
2023-12-17 18:00:00,1,Татнефть-АЗС-002,332.0,242,0,1,0,18,6,350.1484554658163,shop_total_revenue,Выручка магазина,baseline_hgb_v2
2023-12-17 18:00:00,2,Татнефть-АЗС-003,1833.0,685,0,0,1,18,6,1502.075198366455,shop_total_revenue,Выручка магазина,baseline_hgb_v2
2023-12-17 18:00:00,3,Татнефть-АЗС-004,361.0,378,1,1,1,18,6,568.799285922815,shop_total_revenue,Выручка магазина,baseline_hgb_v2
2023-12-17 18:00:00,4,Татнефть-АЗС-005,0.0,151,0,0,1,18,6,36.968406735913184,shop_total_revenue,Выручка магазина,baseline_hgb_v2
2023-12-17 19:00:00,0,Татнефть-АЗС-001,992.0,491,0,1,0,19,6,1052.997197768275,shop_total_revenue,Выручка магазина,baseline_hgb_v2
2023-12-17 19:00:00,1,Татнефть-АЗС-002,322.0,275,0,1,0,19,6,454.9338225491979,shop_total_revenue,Выручка магазина,baseline_hgb_v2
2023-12-17 19:00:00,2,Татнефть-АЗС-003,1404.0,713,0,0,1,19,6,1601.3686030198817,shop_total_revenue,Выручка магазина,baseline_hgb_v2
2023-12-17 19:00:00,3,Татнефть-АЗС-004,722.0,529,0,1,1,19,6,1131.1846211784195,shop_total_revenue,Выручка магазина,baseline_hgb_v2
2023-12-17 19:00:00,4,Татнефть-АЗС-005,0.0,143,1,0,1,19,6,23.139170102890315,shop_total_revenue,Выручка магазина,baseline_hgb_v2
2023-12-17 20:00:00,0,Татнефть-АЗС-001,0.0,134,0,1,0,20,6,-2.611065594261909,shop_total_revenue,Выручка магазина,baseline_hgb_v2
2023-12-17 20:00:00,1,Татнефть-АЗС-002,0.0,57,0,1,0,20,6,-0.15228306851351836,shop_total_revenue,Выручка магазина,baseline_hgb_v2
2023-12-17 20:00:00,2,Татнефть-АЗС-003,0.0,291,1,0,1,20,6,198.92714799001706,shop_total_revenue,Выручка магазина,baseline_hgb_v2
2023-12-17 20:00:00,3,Татнефть-АЗС-004,0.0,156,0,1,1,20,6,-1.296248249254345,shop_total_revenue,Выручка магазина,baseline_hgb_v2
2023-12-17 20:00:00,4,Татнефть-АЗС-005,0.0,54,0,0,1,20,6,0.24737174624890745,shop_total_revenue,Выручка магазина,baseline_hgb_v2
2023-12-17 21:00:00,0,Татнефть-АЗС-001,0.0,183,1,1,0,21,6,2.8682206296286825,shop_total_revenue,Выручка магазина,baseline_hgb_v2
2023-12-17 21:00:00,1,Татнефть-АЗС-002,0.0,43,1,1,0,21,6,-0.15228306851351836,shop_total_revenue,Выручка магазина,baseline_hgb_v2
2023-12-17 21:00:00,2,Татнефть-АЗС-003,0.0,164,1,0,1,21,6,3.0037134915118915,shop_total_revenue,Выручка магазина,baseline_hgb_v2
2023-12-17 21:00:00,3,Татнефть-АЗС-004,0.0,148,1,1,1,21,6,-4.697713227585793,shop_total_revenue,Выручка магазина,baseline_hgb_v2
2023-12-17 21:00:00,4,Татнефть-АЗС-005,0.0,38,1,0,1,21,6,-0.0959335696963276,shop_total_revenue,Выручка магазина,baseline_hgb_v2
2023-12-17 22:00:00,0,Татнефть-АЗС-001,0.0,32,0,1,0,22,6,-0.15228306851351836,shop_total_revenue,Выручка магазина,baseline_hgb_v2
2023-12-17 22:00:00,1,Татнефть-АЗС-002,0.0,7,0,1,0,22,6,-0.15228306851351836,shop_total_revenue,Выручка магазина,baseline_hgb_v2
2023-12-17 22:00:00,2,Татнефть-АЗС-003,0.0,26,0,0,1,22,6,-0.3345119764161465,shop_total_revenue,Выручка магазина,baseline_hgb_v2
2023-12-17 22:00:00,3,Татнефть-АЗС-004,0.0,28,0,1,1,22,6,-0.15228306851351836,shop_total_revenue,Выручка магазина,baseline_hgb_v2
2023-12-17 22:00:00,4,Татнефть-АЗС-005,0.0,7,0,0,1,22,6,-0.3345119764161465,shop_total_revenue,Выручка магазина,baseline_hgb_v2
2023-12-17 23:00:00,0,Татнефть-АЗС-001,0.0,23,0,1,0,23,6,-0.15228306851351836,shop_total_revenue,Выручка магазина,baseline_hgb_v2
2023-12-17 23:00:00,1,Татнефть-АЗС-002,0.0,12,1,1,0,23,6,0.4296006541515356,shop_total_revenue,Выручка магазина,baseline_hgb_v2
2023-12-17 23:00:00,2,Татнефть-АЗС-003,0.0,27,1,0,1,23,6,-0.2511914913518456,shop_total_revenue,Выручка магазина,baseline_hgb_v2
2023-12-17 23:00:00,3,Татнефть-АЗС-004,0.0,27,0,1,1,23,6,-0.15228306851351836,shop_total_revenue,Выручка магазина,baseline_hgb_v2
2023-12-17 23:00:00,4,Татнефть-АЗС-005,0.0,13,0,0,1,23,6,0.24737174624890745,shop_total_revenue,Выручка магазина,baseline_hgb_v2
2023-12-18 00:00:00,0,Татнефть-АЗС-001,0.0,27,0,1,0,0,0,0.8084064919371308,shop_total_revenue,Выручка магазина,baseline_hgb_v2
2023-12-18 00:00:00,1,Татнефть-АЗС-002,0.0,12,0,1,0,0,0,0.8084064919371308,shop_total_revenue,Выручка магазина,baseline_hgb_v2
2023-12-18 00:00:00,2,Татнефть-АЗС-003,0.0,29,0,0,1,0,0,0.6261775840345026,shop_total_revenue,Выручка магазина,baseline_hgb_v2
2023-12-18 00:00:00,3,Татнефть-АЗС-004,0.0,33,0,1,1,0,0,0.8084064919371308,shop_total_revenue,Выручка магазина,baseline_hgb_v2
2023-12-18 00:00:00,4,Татнефть-АЗС-005,0.0,18,0,0,1,0,0,0.6261775840345026,shop_total_revenue,Выручка магазина,baseline_hgb_v2
2023-12-18 01:00:00,0,Татнефть-АЗС-001,0.0,29,0,1,0,1,0,0.08673581602778985,shop_total_revenue,Выручка магазина,baseline_hgb_v2
2023-12-18 01:00:00,1,Татнефть-АЗС-002,0.0,8,0,1,0,1,0,0.08673581602778985,shop_total_revenue,Выручка магазина,baseline_hgb_v2
2023-12-18 01:00:00,2,Татнефть-АЗС-003,0.0,32,0,0,1,1,0,0.6261775840345026,shop_total_revenue,Выручка магазина,baseline_hgb_v2
2023-12-18 01:00:00,3,Татнефть-АЗС-004,0.0,28,1,1,1,1,0,0.08673581602778985,shop_total_revenue,Выручка магазина,baseline_hgb_v2
2023-12-18 01:00:00,4,Татнефть-АЗС-005,0.0,14,0,0,1,1,0,0.6261775840345026,shop_total_revenue,Выручка магазина,baseline_hgb_v2
2023-12-18 02:00:00,0,Татнефть-АЗС-001,0.0,20,0,1,0,2,0,0.08673581602778985,shop_total_revenue,Выручка магазина,baseline_hgb_v2
2023-12-18 02:00:00,1,Татнефть-АЗС-002,0.0,10,0,1,0,2,0,0.08673581602778985,shop_total_revenue,Выручка магазина,baseline_hgb_v2
2023-12-18 02:00:00,2,Татнефть-АЗС-003,0.0,22,0,0,1,2,0,-0.0954930918748383,shop_total_revenue,Выручка магазина,baseline_hgb_v2
2023-12-18 02:00:00,3,Татнефть-АЗС-004,0.0,20,0,1,1,2,0,0.08673581602778985,shop_total_revenue,Выручка магазина,baseline_hgb_v2
2023-12-18 02:00:00,4,Татнефть-АЗС-005,0.0,11,0,0,1,2,0,-0.0954930918748383,shop_total_revenue,Выручка магазина,baseline_hgb_v2
2023-12-18 03:00:00,0,Татнефть-АЗС-001,0.0,24,0,1,0,3,0,0.08673581602778985,shop_total_revenue,Выручка магазина,baseline_hgb_v2
2023-12-18 03:00:00,1,Татнефть-АЗС-002,0.0,18,1,1,0,3,0,0.8084064919371308,shop_total_revenue,Выручка магазина,baseline_hgb_v2
2023-12-18 03:00:00,2,Татнефть-АЗС-003,0.0,34,1,0,1,3,0,0.6261775840345026,shop_total_revenue,Выручка магазина,baseline_hgb_v2
2023-12-18 03:00:00,3,Татнефть-АЗС-004,0.0,23,0,1,1,3,0,0.08673581602778985,shop_total_revenue,Выручка магазина,baseline_hgb_v2
2023-12-18 03:00:00,4,Татнефть-АЗС-005,0.0,11,0,0,1,3,0,-0.0954930918748383,shop_total_revenue,Выручка магазина,baseline_hgb_v2
2023-12-18 04:00:00,0,Татнефть-АЗС-001,0.0,35,0,1,0,4,0,0.8084064919371308,shop_total_revenue,Выручка магазина,baseline_hgb_v2
2023-12-18 04:00:00,1,Татнефть-АЗС-002,0.0,13,0,1,0,4,0,0.8084064919371308,shop_total_revenue,Выручка магазина,baseline_hgb_v2
2023-12-18 04:00:00,2,Татнефть-АЗС-003,0.0,28,0,0,1,4,0,0.6261775840345026,shop_total_revenue,Выручка магазина,baseline_hgb_v2
2023-12-18 04:00:00,3,Татнефть-АЗС-004,0.0,31,1,1,1,4,0,0.8084064919371308,shop_total_revenue,Выручка магазина,baseline_hgb_v2
2023-12-18 04:00:00,4,Татнефть-АЗС-005,0.0,10,1,0,1,4,0,-0.0954930918748383,shop_total_revenue,Выручка магазина,baseline_hgb_v2
2023-12-18 05:00:00,0,Татнефть-АЗС-001,0.0,33,1,1,0,5,0,0.8084064919371308,shop_total_revenue,Выручка магазина,baseline_hgb_v2
2023-12-18 05:00:00,1,Татнефть-АЗС-002,0.0,10,1,1,0,5,0,0.08673581602778985,shop_total_revenue,Выручка магазина,baseline_hgb_v2
2023-12-18 05:00:00,2,Татнефть-АЗС-003,0.0,32,0,0,1,5,0,0.6261775840345026,shop_total_revenue,Выручка магазина,baseline_hgb_v2
2023-12-18 05:00:00,3,Татнефть-АЗС-004,0.0,23,1,1,1,5,0,0.17005630109209072,shop_total_revenue,Выручка магазина,baseline_hgb_v2
2023-12-18 05:00:00,4,Татнефть-АЗС-005,0.0,15,1,0,1,5,0,0.6261775840345026,shop_total_revenue,Выручка магазина,baseline_hgb_v2
2023-12-18 06:00:00,0,Татнефть-АЗС-001,0.0,148,0,1,0,6,0,-2.8734360785231776,shop_total_revenue,Выручка магазина,baseline_hgb_v2
2023-12-18 06:00:00,1,Татнефть-АЗС-002,0.0,67,0,1,0,6,0,0.8084064919371308,shop_total_revenue,Выручка магазина,baseline_hgb_v2
2023-12-18 06:00:00,2,Татнефть-АЗС-003,0.0,152,1,0,1,6,0,-5.196880490759167,shop_total_revenue,Выручка магазина,baseline_hgb_v2
2023-12-18 06:00:00,3,Татнефть-АЗС-004,0.0,139,0,1,1,6,0,-0.46111273433652256,shop_total_revenue,Выручка магазина,baseline_hgb_v2
2023-12-18 06:00:00,4,Татнефть-АЗС-005,0.0,76,0,0,1,6,0,-0.0954930918748383,shop_total_revenue,Выручка магазина,baseline_hgb_v2
2023-12-18 07:00:00,0,Татнефть-АЗС-001,313.0,256,0,1,0,7,0,323.88915634133775,shop_total_revenue,Выручка магазина,baseline_hgb_v2
2023-12-18 07:00:00,1,Татнефть-АЗС-002,313.0,156,0,1,0,7,0,135.64866412413664,shop_total_revenue,Выручка магазина,baseline_hgb_v2
2023-12-18 07:00:00,2,Татнефть-АЗС-003,371.0,256,0,0,1,7,0,254.2317279411958,shop_total_revenue,Выручка магазина,baseline_hgb_v2
2023-12-18 07:00:00,3,Татнефть-АЗС-004,1844.0,665,0,1,1,7,0,1362.8737377162288,shop_total_revenue,Выручка магазина,baseline_hgb_v2
2023-12-18 07:00:00,4,Татнефть-АЗС-005,0.0,214,0,0,1,7,0,205.53918987386396,shop_total_revenue,Выручка магазина,baseline_hgb_v2
2023-12-18 08:00:00,0,Татнефть-АЗС-001,303.0,267,0,1,0,8,0,336.44367841171146,shop_total_revenue,Выручка магазина,baseline_hgb_v2
2023-12-18 08:00:00,1,Татнефть-АЗС-002,0.0,131,0,1,0,8,0,2.8732288189162603,shop_total_revenue,Выручка магазина,baseline_hgb_v2
2023-12-18 08:00:00,2,Татнефть-АЗС-003,379.0,342,1,0,1,8,0,571.6076091013496,shop_total_revenue,Выручка магазина,baseline_hgb_v2
2023-12-18 08:00:00,3,Татнефть-АЗС-004,374.0,384,1,1,1,8,0,539.6988927474475,shop_total_revenue,Выручка магазина,baseline_hgb_v2
2023-12-18 08:00:00,4,Татнефть-АЗС-005,0.0,191,0,0,1,8,0,163.0489765133208,shop_total_revenue,Выручка магазина,baseline_hgb_v2
2023-12-18 09:00:00,0,Татнефть-АЗС-001,327.0,242,0,1,0,9,0,300.7072064985033,shop_total_revenue,Выручка магазина,baseline_hgb_v2
2023-12-18 09:00:00,1,Татнефть-АЗС-002,310.0,202,0,1,0,9,0,323.5063442375462,shop_total_revenue,Выручка магазина,baseline_hgb_v2
2023-12-18 09:00:00,2,Татнефть-АЗС-003,377.0,262,1,0,1,9,0,288.9482939900417,shop_total_revenue,Выручка магазина,baseline_hgb_v2
2023-12-18 09:00:00,3,Татнефть-АЗС-004,711.0,388,1,1,1,9,0,584.5372184252587,shop_total_revenue,Выручка магазина,baseline_hgb_v2
2023-12-18 09:00:00,4,Татнефть-АЗС-005,254.0,205,1,0,1,9,0,165.9542107186993,shop_total_revenue,Выручка магазина,baseline_hgb_v2
2023-12-18 10:00:00,0,Татнефть-АЗС-001,0.0,105,0,1,0,10,0,0.08673581602778985,shop_total_revenue,Выручка магазина,baseline_hgb_v2
2023-12-18 10:00:00,1,Татнефть-АЗС-002,0.0,39,0,1,0,10,0,0.08673581602778985,shop_total_revenue,Выручка магазина,baseline_hgb_v2
2023-12-18 10:00:00,2,Татнефть-АЗС-003,0.0,166,0,0,1,10,0,-0.28724355139195396,shop_total_revenue,Выручка магазина,baseline_hgb_v2
2023-12-18 10:00:00,3,Татнефть-АЗС-004,0.0,222,0,1,1,10,0,55.28482291435346,shop_total_revenue,Выручка магазина,baseline_hgb_v2
2023-12-18 10:00:00,4,Татнефть-АЗС-005,0.0,66,0,0,1,10,0,-0.0954930918748383,shop_total_revenue,Выручка магазина,baseline_hgb_v2
2023-12-18 11:00:00,0,Татнефть-АЗС-001,0.0,127,0,1,0,11,0,0.8084064919371308,shop_total_revenue,Выручка магазина,baseline_hgb_v2
2023-12-18 11:00:00,1,Татнефть-АЗС-002,0.0,44,1,1,0,11,0,0.08673581602778985,shop_total_revenue,Выручка магазина,baseline_hgb_v2
2023-12-18 11:00:00,2,Татнефть-АЗС-003,0.0,134,0,0,1,11,0,0.14383416731933413,shop_total_revenue,Выручка магазина,baseline_hgb_v2
2023-12-18 11:00:00,3,Татнефть-АЗС-004,0.0,136,0,1,1,11,0,0.32606307522196226,shop_total_revenue,Выручка магазина,baseline_hgb_v2
2023-12-18 11:00:00,4,Татнефть-АЗС-005,0.0,52,1,0,1,11,0,-0.0954930918748383,shop_total_revenue,Выручка магазина,baseline_hgb_v2
2023-12-18 12:00:00,0,Татнефть-АЗС-001,0.0,152,1,1,0,12,0,84.25960994196457,shop_total_revenue,Выручка магазина,baseline_hgb_v2
2023-12-18 12:00:00,1,Татнефть-АЗС-002,0.0,78,0,1,0,12,0,1.0755284244516075,shop_total_revenue,Выручка магазина,baseline_hgb_v2
2023-12-18 12:00:00,2,Татнефть-АЗС-003,0.0,153,0,0,1,12,0,87.09946729557612,shop_total_revenue,Выручка магазина,baseline_hgb_v2
2023-12-18 12:00:00,3,Татнефть-АЗС-004,0.0,157,0,1,1,12,0,121.37028818501884,shop_total_revenue,Выручка магазина,baseline_hgb_v2
2023-12-18 12:00:00,4,Татнефть-АЗС-005,0.0,64,1,0,1,12,0,0.8932995165489797,shop_total_revenue,Выручка магазина,baseline_hgb_v2
2023-12-18 13:00:00,0,Татнефть-АЗС-001,0.0,151,0,1,0,13,0,72.81639703145264,shop_total_revenue,Выручка магазина,baseline_hgb_v2
2023-12-18 13:00:00,1,Татнефть-АЗС-002,0.0,68,0,1,0,13,0,1.0755284244516075,shop_total_revenue,Выручка магазина,baseline_hgb_v2
2023-12-18 13:00:00,2,Татнефть-АЗС-003,0.0,142,0,0,1,13,0,6.591576183907662,shop_total_revenue,Выручка магазина,baseline_hgb_v2
2023-12-18 13:00:00,3,Татнефть-АЗС-004,0.0,110,1,1,1,13,0,0.7308901274903772,shop_total_revenue,Выручка магазина,baseline_hgb_v2
2023-12-18 13:00:00,4,Татнефть-АЗС-005,0.0,58,1,0,1,13,0,0.09387580132143551,shop_total_revenue,Выручка магазина,baseline_hgb_v2
2023-12-18 14:00:00,0,Татнефть-АЗС-001,0.0,114,0,1,0,14,0,-0.5658664457435655,shop_total_revenue,Выручка магазина,baseline_hgb_v2
2023-12-18 14:00:00,1,Татнефть-АЗС-002,0.0,54,1,1,0,14,0,0.969468534210196,shop_total_revenue,Выручка магазина,baseline_hgb_v2
2023-12-18 14:00:00,2,Татнефть-АЗС-003,0.0,90,0,0,1,14,0,0.09387580132143551,shop_total_revenue,Выручка магазина,baseline_hgb_v2
2023-12-18 14:00:00,3,Татнефть-АЗС-004,0.0,108,0,1,1,14,0,0.5146831159438827,shop_total_revenue,Выручка магазина,baseline_hgb_v2
2023-12-18 14:00:00,4,Татнефть-АЗС-005,0.0,75,0,0,1,14,0,0.8932995165489797,shop_total_revenue,Выручка магазина,baseline_hgb_v2
2023-12-18 15:00:00,0,Татнефть-АЗС-001,0.0,100,1,1,0,15,0,0.15468822879402203,shop_total_revenue,Выручка магазина,baseline_hgb_v2
2023-12-18 15:00:00,1,Татнефть-АЗС-002,0.0,82,0,1,0,15,0,0.7365719514590761,shop_total_revenue,Выручка магазина,baseline_hgb_v2
2023-12-18 15:00:00,2,Татнефть-АЗС-003,0.0,141,0,0,1,15,0,-4.495271050325253,shop_total_revenue,Выручка магазина,baseline_hgb_v2
2023-12-18 15:00:00,3,Татнефть-АЗС-004,0.0,152,0,1,1,15,0,-3.220102132206765,shop_total_revenue,Выручка магазина,baseline_hgb_v2
2023-12-18 15:00:00,4,Татнефть-АЗС-005,0.0,66,0,0,1,15,0,0.5543430435564479,shop_total_revenue,Выручка магазина,baseline_hgb_v2
2023-12-18 16:00:00,0,Татнефть-АЗС-001,0.0,109,0,1,0,16,0,0.15468822879402203,shop_total_revenue,Выручка магазина,baseline_hgb_v2
2023-12-18 16:00:00,1,Татнефть-АЗС-002,0.0,105,0,1,0,16,0,0.7365719514590761,shop_total_revenue,Выручка магазина,baseline_hgb_v2
2023-12-18 16:00:00,2,Татнефть-АЗС-003,0.0,151,0,0,1,16,0,-0.5981882777675853,shop_total_revenue,Выручка магазина,baseline_hgb_v2
2023-12-18 16:00:00,3,Татнефть-АЗС-004,0.0,109,0,1,1,16,0,0.23800871385832292,shop_total_revenue,Выручка магазина,baseline_hgb_v2
2023-12-18 16:00:00,4,Татнефть-АЗС-005,0.0,51,0,0,1,16,0,0.20970474659521726,shop_total_revenue,Выручка магазина,baseline_hgb_v2
2023-12-18 17:00:00,0,Татнефть-АЗС-001,320.0,281,0,1,0,17,0,327.6417019109623,shop_total_revenue,Выручка магазина,baseline_hgb_v2
2023-12-18 17:00:00,1,Татнефть-АЗС-002,323.0,198,1,1,0,17,0,254.35271274324376,shop_total_revenue,Выручка магазина,baseline_hgb_v2
2023-12-18 17:00:00,2,Татнефть-АЗС-003,366.0,437,0,0,1,17,0,723.359412985154,shop_total_revenue,Выручка магазина,baseline_hgb_v2
2023-12-18 17:00:00,3,Татнефть-АЗС-004,358.0,336,1,1,1,17,0,435.3014704696872,shop_total_revenue,Выручка магазина,baseline_hgb_v2
2023-12-18 17:00:00,4,Татнефть-АЗС-005,0.0,155,0,0,1,17,0,43.91628081894033,shop_total_revenue,Выручка магазина,baseline_hgb_v2
2023-12-18 18:00:00,0,Татнефть-АЗС-001,305.0,315,0,1,0,18,0,392.3627475218071,shop_total_revenue,Выручка магазина,baseline_hgb_v2
2023-12-18 18:00:00,1,Татнефть-АЗС-002,612.0,280,1,1,0,18,0,471.73756115000344,shop_total_revenue,Выручка магазина,baseline_hgb_v2
2023-12-18 18:00:00,2,Татнефть-АЗС-003,736.0,535,0,0,1,18,0,1073.1352844845198,shop_total_revenue,Выручка магазина,baseline_hgb_v2
2023-12-18 18:00:00,3,Татнефть-АЗС-004,379.0,298,0,1,1,18,0,318.2042801384753,shop_total_revenue,Выручка магазина,baseline_hgb_v2
2023-12-18 18:00:00,4,Татнефть-АЗС-005,235.0,212,0,0,1,18,0,241.30322526673498,shop_total_revenue,Выручка магазина,baseline_hgb_v2
2023-12-18 19:00:00,0,Татнефть-АЗС-001,316.0,348,0,1,0,19,0,539.761527023341,shop_total_revenue,Выручка магазина,baseline_hgb_v2
2023-12-18 19:00:00,1,Татнефть-АЗС-002,0.0,204,1,1,0,19,0,266.8876229140453,shop_total_revenue,Выручка магазина,baseline_hgb_v2
2023-12-18 19:00:00,2,Татнефть-АЗС-003,733.0,454,0,0,1,19,0,730.0901766892389,shop_total_revenue,Выручка магазина,baseline_hgb_v2
2023-12-18 19:00:00,3,Татнефть-АЗС-004,363.0,273,0,1,1,19,0,275.2498308393358,shop_total_revenue,Выручка магазина,baseline_hgb_v2
2023-12-18 19:00:00,4,Татнефть-АЗС-005,235.0,187,0,0,1,19,0,174.58175338778193,shop_total_revenue,Выручка магазина,baseline_hgb_v2
2023-12-18 20:00:00,0,Татнефть-АЗС-001,0.0,92,0,1,0,20,0,0.15468822879402203,shop_total_revenue,Выручка магазина,baseline_hgb_v2
2023-12-18 20:00:00,1,Татнефть-АЗС-002,0.0,74,0,1,0,20,0,0.15468822879402203,shop_total_revenue,Выручка магазина,baseline_hgb_v2
2023-12-18 20:00:00,2,Татнефть-АЗС-003,0.0,162,0,0,1,20,0,4.5271937340657535,shop_total_revenue,Выручка магазина,baseline_hgb_v2
2023-12-18 20:00:00,3,Татнефть-АЗС-004,0.0,145,1,1,1,20,0,-4.399933781323464,shop_total_revenue,Выручка магазина,baseline_hgb_v2
2023-12-18 20:00:00,4,Татнефть-АЗС-005,0.0,47,0,0,1,20,0,-0.027540679108606095,shop_total_revenue,Выручка магазина,baseline_hgb_v2
2023-12-18 21:00:00,0,Татнефть-АЗС-001,0.0,92,1,1,0,21,0,0.15468822879402203,shop_total_revenue,Выручка магазина,baseline_hgb_v2
2023-12-18 21:00:00,1,Татнефть-АЗС-002,0.0,75,1,1,0,21,0,0.7365719514590761,shop_total_revenue,Выручка магазина,baseline_hgb_v2
2023-12-18 21:00:00,2,Татнефть-АЗС-003,0.0,149,0,0,1,21,0,-4.354234152904058,shop_total_revenue,Выручка магазина,baseline_hgb_v2
2023-12-18 21:00:00,3,Татнефть-АЗС-004,0.0,158,1,1,1,21,0,6.325397600365776,shop_total_revenue,Выручка магазина,baseline_hgb_v2
2023-12-18 21:00:00,4,Татнефть-АЗС-005,0.0,70,1,0,1,21,0,0.5543430435564479,shop_total_revenue,Выручка магазина,baseline_hgb_v2
2023-12-18 22:00:00,0,Татнефть-АЗС-001,0.0,23,1,1,0,22,0,0.15468822879402203,shop_total_revenue,Выручка магазина,baseline_hgb_v2
2023-12-18 22:00:00,1,Татнефть-АЗС-002,0.0,10,1,1,0,22,0,0.15468822879402203,shop_total_revenue,Выручка магазина,baseline_hgb_v2
2023-12-18 22:00:00,2,Татнефть-АЗС-003,0.0,20,1,0,1,22,0,0.21103772761121287,shop_total_revenue,Выручка магазина,baseline_hgb_v2
2023-12-18 22:00:00,3,Татнефть-АЗС-004,0.0,34,0,1,1,22,0,0.7365719514590761,shop_total_revenue,Выручка магазина,baseline_hgb_v2
2023-12-18 22:00:00,4,Татнефть-АЗС-005,0.0,14,1,0,1,22,0,-0.027540679108606095,shop_total_revenue,Выручка магазина,baseline_hgb_v2
2023-12-18 23:00:00,0,Татнефть-АЗС-001,0.0,33,1,1,0,23,0,-2.8645236872604958,shop_total_revenue,Выручка магазина,baseline_hgb_v2
2023-12-18 23:00:00,1,Татнефть-АЗС-002,0.0,14,1,1,0,23,0,0.15468822879402203,shop_total_revenue,Выручка магазина,baseline_hgb_v2
2023-12-18 23:00:00,2,Татнефть-АЗС-003,0.0,27,0,0,1,23,0,-0.027540679108606095,shop_total_revenue,Выручка магазина,baseline_hgb_v2
2023-12-18 23:00:00,3,Татнефть-АЗС-004,0.0,22,0,1,1,23,0,0.15468822879402203,shop_total_revenue,Выручка магазина,baseline_hgb_v2
2023-12-18 23:00:00,4,Татнефть-АЗС-005,0.0,15,0,0,1,23,0,0.5543430435564479,shop_total_revenue,Выручка магазина,baseline_hgb_v2
2023-12-19 00:00:00,0,Татнефть-АЗС-001,0.0,30,0,1,0,0,1,0.8084064919371308,shop_total_revenue,Выручка магазина,baseline_hgb_v2
2023-12-19 00:00:00,1,Татнефть-АЗС-002,0.0,11,1,1,0,0,1,0.08673581602778985,shop_total_revenue,Выручка магазина,baseline_hgb_v2
2023-12-19 00:00:00,2,Татнефть-АЗС-003,0.0,36,1,0,1,0,1,0.6261775840345026,shop_total_revenue,Выручка магазина,baseline_hgb_v2
2023-12-19 00:00:00,3,Татнефть-АЗС-004,0.0,21,0,1,1,0,1,0.4637681949759002,shop_total_revenue,Выручка магазина,baseline_hgb_v2
2023-12-19 00:00:00,4,Татнефть-АЗС-005,0.0,15,1,0,1,0,1,0.6261775840345026,shop_total_revenue,Выручка магазина,baseline_hgb_v2
2023-12-19 01:00:00,0,Татнефть-АЗС-001,0.0,24,0,1,0,1,1,0.08673581602778985,shop_total_revenue,Выручка магазина,baseline_hgb_v2
2023-12-19 01:00:00,1,Татнефть-АЗС-002,0.0,9,0,1,0,1,1,0.08673581602778985,shop_total_revenue,Выручка магазина,baseline_hgb_v2
2023-12-19 01:00:00,2,Татнефть-АЗС-003,0.0,32,0,0,1,1,1,0.6261775840345026,shop_total_revenue,Выручка магазина,baseline_hgb_v2
2023-12-19 01:00:00,3,Татнефть-АЗС-004,0.0,21,0,1,1,1,1,0.08673581602778985,shop_total_revenue,Выручка магазина,baseline_hgb_v2
2023-12-19 01:00:00,4,Татнефть-АЗС-005,0.0,16,1,0,1,1,1,0.6261775840345026,shop_total_revenue,Выручка магазина,baseline_hgb_v2
2023-12-19 02:00:00,0,Татнефть-АЗС-001,0.0,23,0,1,0,2,1,0.08673581602778985,shop_total_revenue,Выручка магазина,baseline_hgb_v2
2023-12-19 02:00:00,1,Татнефть-АЗС-002,0.0,16,0,1,0,2,1,0.8084064919371308,shop_total_revenue,Выручка магазина,baseline_hgb_v2
2023-12-19 02:00:00,2,Татнефть-АЗС-003,0.0,20,1,0,1,2,1,-0.012172606810537431,shop_total_revenue,Выручка магазина,baseline_hgb_v2
2023-12-19 02:00:00,3,Татнефть-АЗС-004,0.0,20,0,1,1,2,1,0.08673581602778985,shop_total_revenue,Выручка магазина,baseline_hgb_v2
2023-12-19 02:00:00,4,Татнефть-АЗС-005,0.0,10,0,0,1,2,1,0.2815392870732721,shop_total_revenue,Выручка магазина,baseline_hgb_v2
2023-12-19 03:00:00,0,Татнефть-АЗС-001,0.0,23,1,1,0,3,1,0.08673581602778985,shop_total_revenue,Выручка магазина,baseline_hgb_v2
2023-12-19 03:00:00,1,Татнефть-АЗС-002,0.0,10,0,1,0,3,1,0.08673581602778985,shop_total_revenue,Выручка магазина,baseline_hgb_v2
2023-12-19 03:00:00,2,Татнефть-АЗС-003,0.0,21,0,0,1,3,1,-0.0954930918748383,shop_total_revenue,Выручка магазина,baseline_hgb_v2
2023-12-19 03:00:00,3,Татнефть-АЗС-004,0.0,22,0,1,1,3,1,0.08673581602778985,shop_total_revenue,Выручка магазина,baseline_hgb_v2
2023-12-19 03:00:00,4,Татнефть-АЗС-005,0.0,14,0,0,1,3,1,0.6261775840345026,shop_total_revenue,Выручка магазина,baseline_hgb_v2
2023-12-19 04:00:00,0,Татнефть-АЗС-001,0.0,34,0,1,0,4,1,0.8084064919371308,shop_total_revenue,Выручка магазина,baseline_hgb_v2
2023-12-19 04:00:00,1,Татнефть-АЗС-002,0.0,14,0,1,0,4,1,0.8084064919371308,shop_total_revenue,Выручка магазина,baseline_hgb_v2
2023-12-19 04:00:00,2,Татнефть-АЗС-003,0.0,30,0,0,1,4,1,0.6261775840345026,shop_total_revenue,Выручка магазина,baseline_hgb_v2
2023-12-19 04:00:00,3,Татнефть-АЗС-004,0.0,34,1,1,1,4,1,0.8084064919371308,shop_total_revenue,Выручка магазина,baseline_hgb_v2
2023-12-19 04:00:00,4,Татнефть-АЗС-005,0.0,10,0,0,1,4,1,-0.012172606810537431,shop_total_revenue,Выручка магазина,baseline_hgb_v2
2023-12-19 05:00:00,0,Татнефть-АЗС-001,0.0,23,0,1,0,5,1,0.08673581602778985,shop_total_revenue,Выручка магазина,baseline_hgb_v2
2023-12-19 05:00:00,1,Татнефть-АЗС-002,0.0,16,0,1,0,5,1,0.8084064919371308,shop_total_revenue,Выручка магазина,baseline_hgb_v2
2023-12-19 05:00:00,2,Татнефть-АЗС-003,0.0,34,1,0,1,5,1,0.6261775840345026,shop_total_revenue,Выручка магазина,baseline_hgb_v2
2023-12-19 05:00:00,3,Татнефть-АЗС-004,0.0,25,0,1,1,5,1,0.4637681949759002,shop_total_revenue,Выручка магазина,baseline_hgb_v2
2023-12-19 05:00:00,4,Татнефть-АЗС-005,0.0,15,1,0,1,5,1,0.6261775840345026,shop_total_revenue,Выручка магазина,baseline_hgb_v2
2023-12-19 06:00:00,0,Татнефть-АЗС-001,0.0,112,1,1,0,6,1,0.08673581602778985,shop_total_revenue,Выручка магазина,baseline_hgb_v2
2023-12-19 06:00:00,1,Татнефть-АЗС-002,0.0,48,0,1,0,6,1,0.32531422274760874,shop_total_revenue,Выручка магазина,baseline_hgb_v2
2023-12-19 06:00:00,2,Татнефть-АЗС-003,0.0,132,0,0,1,6,1,0.14383416731933413,shop_total_revenue,Выручка магазина,baseline_hgb_v2
2023-12-19 06:00:00,3,Татнефть-АЗС-004,0.0,166,0,1,1,6,1,13.874924887273632,shop_total_revenue,Выручка магазина,baseline_hgb_v2
2023-12-19 06:00:00,4,Татнефть-АЗС-005,0.0,81,1,0,1,6,1,-0.0954930918748383,shop_total_revenue,Выручка магазина,baseline_hgb_v2
2023-12-19 07:00:00,0,Татнефть-АЗС-001,670.0,381,0,1,0,7,1,690.5210905337099,shop_total_revenue,Выручка магазина,baseline_hgb_v2
2023-12-19 07:00:00,1,Татнефть-АЗС-002,312.0,177,0,1,0,7,1,266.52126442504704,shop_total_revenue,Выручка магазина,baseline_hgb_v2
2023-12-19 07:00:00,2,Татнефть-АЗС-003,0.0,235,1,0,1,7,1,255.35855907112244,shop_total_revenue,Выручка магазина,baseline_hgb_v2
2023-12-19 07:00:00,3,Татнефть-АЗС-004,1155.0,576,1,1,1,7,1,1280.0238364307836,shop_total_revenue,Выручка магазина,baseline_hgb_v2
2023-12-19 07:00:00,4,Татнефть-АЗС-005,487.0,278,0,0,1,7,1,311.19542889244156,shop_total_revenue,Выручка магазина,baseline_hgb_v2
2023-12-19 08:00:00,0,Татнефть-АЗС-001,630.0,334,0,1,0,8,1,547.6932702062807,shop_total_revenue,Выручка магазина,baseline_hgb_v2
2023-12-19 08:00:00,1,Татнефть-АЗС-002,0.0,154,1,1,0,8,1,91.18336249228244,shop_total_revenue,Выручка магазина,baseline_hgb_v2
2023-12-19 08:00:00,2,Татнефть-АЗС-003,373.0,283,0,0,1,8,1,306.64297473935454,shop_total_revenue,Выручка магазина,baseline_hgb_v2
2023-12-19 08:00:00,3,Татнефть-АЗС-004,744.0,410,0,1,1,8,1,610.6946891395631,shop_total_revenue,Выручка магазина,baseline_hgb_v2
2023-12-19 08:00:00,4,Татнефть-АЗС-005,240.0,278,0,0,1,8,1,311.5771398883142,shop_total_revenue,Выручка магазина,baseline_hgb_v2
2023-12-19 09:00:00,0,Татнефть-АЗС-001,333.0,264,0,1,0,9,1,335.6939025455645,shop_total_revenue,Выручка магазина,baseline_hgb_v2
2023-12-19 09:00:00,1,Татнефть-АЗС-002,0.0,178,0,1,0,9,1,259.22532664066864,shop_total_revenue,Выручка магазина,baseline_hgb_v2
2023-12-19 09:00:00,2,Татнефть-АЗС-003,764.0,309,0,0,1,9,1,351.0026655008776,shop_total_revenue,Выручка магазина,baseline_hgb_v2
2023-12-19 09:00:00,3,Татнефть-АЗС-004,697.0,454,0,1,1,9,1,657.8993875931175,shop_total_revenue,Выручка магазина,baseline_hgb_v2
2023-12-19 09:00:00,4,Татнефть-АЗС-005,234.0,203,0,0,1,9,1,161.6141724086767,shop_total_revenue,Выручка магазина,baseline_hgb_v2
2023-12-19 10:00:00,0,Татнефть-АЗС-001,0.0,96,0,1,0,10,1,0.17005630109209072,shop_total_revenue,Выручка магазина,baseline_hgb_v2
2023-12-19 10:00:00,1,Татнефть-АЗС-002,0.0,43,0,1,0,10,1,0.08673581602778985,shop_total_revenue,Выручка магазина,baseline_hgb_v2
2023-12-19 10:00:00,2,Татнефть-АЗС-003,0.0,110,0,0,1,10,1,-0.012172606810537431,shop_total_revenue,Выручка магазина,baseline_hgb_v2
2023-12-19 10:00:00,3,Татнефть-АЗС-004,0.0,231,0,1,1,10,1,52.31063762883513,shop_total_revenue,Выручка магазина,baseline_hgb_v2
2023-12-19 10:00:00,4,Татнефть-АЗС-005,0.0,74,0,0,1,10,1,0.2815392870732721,shop_total_revenue,Выручка магазина,baseline_hgb_v2
2023-12-19 11:00:00,0,Татнефть-АЗС-001,0.0,97,0,1,0,11,1,0.08673581602778985,shop_total_revenue,Выручка магазина,baseline_hgb_v2
2023-12-19 11:00:00,1,Татнефть-АЗС-002,0.0,50,1,1,0,11,1,0.08673581602778985,shop_total_revenue,Выручка магазина,baseline_hgb_v2
2023-12-19 11:00:00,2,Татнефть-АЗС-003,0.0,98,0,0,1,11,1,-0.012172606810537431,shop_total_revenue,Выручка магазина,baseline_hgb_v2
2023-12-19 11:00:00,3,Татнефть-АЗС-004,0.0,151,1,1,1,11,1,-5.793626393357674,shop_total_revenue,Выручка магазина,baseline_hgb_v2
2023-12-19 11:00:00,4,Татнефть-АЗС-005,0.0,54,0,0,1,11,1,-0.0954930918748383,shop_total_revenue,Выручка магазина,baseline_hgb_v2
2023-12-19 12:00:00,0,Татнефть-АЗС-001,0.0,107,0,1,0,12,1,2.328713619839775,shop_total_revenue,Выручка магазина,baseline_hgb_v2
2023-12-19 12:00:00,1,Татнефть-АЗС-002,0.0,64,0,1,0,12,1,1.0755284244516075,shop_total_revenue,Выручка магазина,baseline_hgb_v2
2023-12-19 12:00:00,2,Татнефть-АЗС-003,0.0,104,0,0,1,12,1,-0.564672619834247,shop_total_revenue,Выручка магазина,baseline_hgb_v2
2023-12-19 12:00:00,3,Татнефть-АЗС-004,0.0,133,0,1,1,12,1,0.5931850077364393,shop_total_revenue,Выручка магазина,baseline_hgb_v2
2023-12-19 12:00:00,4,Татнефть-АЗС-005,0.0,60,0,0,1,12,1,0.8932995165489797,shop_total_revenue,Выручка магазина,baseline_hgb_v2
2023-12-19 13:00:00,0,Татнефть-АЗС-001,0.0,150,0,1,0,13,1,70.56029549697034,shop_total_revenue,Выручка магазина,baseline_hgb_v2
2023-12-19 13:00:00,1,Татнефть-АЗС-002,0.0,66,0,1,0,13,1,1.0755284244516075,shop_total_revenue,Выручка магазина,baseline_hgb_v2
2023-12-19 13:00:00,2,Татнефть-АЗС-003,0.0,115,0,0,1,13,1,0.09387580132143551,shop_total_revenue,Выручка магазина,baseline_hgb_v2
2023-12-19 13:00:00,3,Татнефть-АЗС-004,0.0,92,0,1,1,13,1,0.2761047092240636,shop_total_revenue,Выручка магазина,baseline_hgb_v2
2023-12-19 13:00:00,4,Татнефть-АЗС-005,0.0,78,0,0,1,13,1,0.8932995165489797,shop_total_revenue,Выручка магазина,baseline_hgb_v2
2023-12-19 14:00:00,0,Татнефть-АЗС-001,314.0,152,0,1,0,14,1,78.05259741652485,shop_total_revenue,Выручка магазина,baseline_hgb_v2
2023-12-19 14:00:00,1,Татнефть-АЗС-002,0.0,70,0,1,0,14,1,1.0755284244516075,shop_total_revenue,Выручка магазина,baseline_hgb_v2
2023-12-19 14:00:00,2,Татнефть-АЗС-003,0.0,154,0,0,1,14,1,118.83700520503803,shop_total_revenue,Выручка магазина,baseline_hgb_v2
2023-12-19 14:00:00,3,Татнефть-АЗС-004,0.0,163,1,1,1,14,1,131.83137611568765,shop_total_revenue,Выручка магазина,baseline_hgb_v2
2023-12-19 14:00:00,4,Татнефть-АЗС-005,0.0,50,0,0,1,14,1,0.09387580132143551,shop_total_revenue,Выручка магазина,baseline_hgb_v2
2023-12-19 15:00:00,0,Татнефть-АЗС-001,0.0,152,1,1,0,15,1,-1.6681375811868355,shop_total_revenue,Выручка магазина,baseline_hgb_v2
2023-12-19 15:00:00,1,Татнефть-АЗС-002,0.0,65,1,1,0,15,1,0.7365719514590761,shop_total_revenue,Выручка магазина,baseline_hgb_v2
2023-12-19 15:00:00,2,Татнефть-АЗС-003,0.0,148,0,0,1,15,1,-4.144313012199486,shop_total_revenue,Выручка магазина,baseline_hgb_v2
2023-12-19 15:00:00,3,Татнефть-АЗС-004,0.0,113,0,1,1,15,1,0.23800871385832292,shop_total_revenue,Выручка магазина,baseline_hgb_v2
2023-12-19 15:00:00,4,Татнефть-АЗС-005,0.0,51,0,0,1,15,1,-0.027540679108606095,shop_total_revenue,Выручка магазина,baseline_hgb_v2
2023-12-19 16:00:00,0,Татнефть-АЗС-001,0.0,113,1,1,0,16,1,0.15468822879402203,shop_total_revenue,Выручка магазина,baseline_hgb_v2
2023-12-19 16:00:00,1,Татнефть-АЗС-002,0.0,67,1,1,0,16,1,0.15468822879402203,shop_total_revenue,Выручка магазина,baseline_hgb_v2
2023-12-19 16:00:00,2,Татнефть-АЗС-003,0.0,153,1,0,1,16,1,0.25912692303056895,shop_total_revenue,Выручка магазина,baseline_hgb_v2
2023-12-19 16:00:00,3,Татнефть-АЗС-004,0.0,104,1,1,1,16,1,0.15468822879402203,shop_total_revenue,Выручка магазина,baseline_hgb_v2
2023-12-19 16:00:00,4,Татнефть-АЗС-005,0.0,68,1,0,1,16,1,0.5543430435564479,shop_total_revenue,Выручка магазина,baseline_hgb_v2
2023-12-19 17:00:00,0,Татнефть-АЗС-001,297.0,297,0,1,0,17,1,358.71400582700704,shop_total_revenue,Выручка магазина,baseline_hgb_v2
2023-12-19 17:00:00,1,Татнефть-АЗС-002,307.0,287,0,1,0,17,1,474.1725718902696,shop_total_revenue,Выручка магазина,baseline_hgb_v2
2023-12-19 17:00:00,2,Татнефть-АЗС-003,737.0,463,0,0,1,17,1,763.4239333143227,shop_total_revenue,Выручка магазина,baseline_hgb_v2
2023-12-19 17:00:00,3,Татнефть-АЗС-004,747.0,412,0,1,1,17,1,753.513173369624,shop_total_revenue,Выручка магазина,baseline_hgb_v2
2023-12-19 17:00:00,4,Татнефть-АЗС-005,243.0,221,0,0,1,17,1,246.88825097679052,shop_total_revenue,Выручка магазина,baseline_hgb_v2
2023-12-19 18:00:00,0,Татнефть-АЗС-001,647.0,391,1,1,0,18,1,728.6795584160434,shop_total_revenue,Выручка магазина,baseline_hgb_v2
2023-12-19 18:00:00,1,Татнефть-АЗС-002,631.0,289,1,1,0,18,1,474.45237756839083,shop_total_revenue,Выручка магазина,baseline_hgb_v2
2023-12-19 18:00:00,2,Татнефть-АЗС-003,780.0,498,0,0,1,18,1,798.2114451498412,shop_total_revenue,Выручка магазина,baseline_hgb_v2
2023-12-19 18:00:00,3,Татнефть-АЗС-004,1413.0,464,0,1,1,18,1,956.6255267156096,shop_total_revenue,Выручка магазина,baseline_hgb_v2
2023-12-19 18:00:00,4,Татнефть-АЗС-005,231.0,229,0,0,1,18,1,254.52714192055495,shop_total_revenue,Выручка магазина,baseline_hgb_v2
2023-12-19 19:00:00,0,Татнефть-АЗС-001,645.0,276,0,1,0,19,1,329.80353717397634,shop_total_revenue,Выручка магазина,baseline_hgb_v2
2023-12-19 19:00:00,1,Татнефть-АЗС-002,312.0,252,0,1,0,19,1,370.8218885743247,shop_total_revenue,Выручка магазина,baseline_hgb_v2
2023-12-19 19:00:00,2,Татнефть-АЗС-003,1036.0,663,0,0,1,19,1,1303.672593355974,shop_total_revenue,Выручка магазина,baseline_hgb_v2
2023-12-19 19:00:00,3,Татнефть-АЗС-004,1112.0,427,1,1,1,19,1,850.5668701210325,shop_total_revenue,Выручка магазина,baseline_hgb_v2
2023-12-19 19:00:00,4,Татнефть-АЗС-005,246.0,173,0,0,1,19,1,109.48767802330826,shop_total_revenue,Выручка магазина,baseline_hgb_v2
2023-12-19 20:00:00,0,Татнефть-АЗС-001,0.0,142,0,1,0,20,1,-2.7209943528312572,shop_total_revenue,Выручка магазина,baseline_hgb_v2
2023-12-19 20:00:00,1,Татнефть-АЗС-002,0.0,114,0,1,0,20,1,0.39326663551384095,shop_total_revenue,Выручка магазина,baseline_hgb_v2
2023-12-19 20:00:00,2,Татнефть-АЗС-003,0.0,265,1,0,1,20,1,151.30600875814991,shop_total_revenue,Выручка магазина,baseline_hgb_v2
2023-12-19 20:00:00,3,Татнефть-АЗС-004,0.0,155,1,1,1,20,1,-0.5205358873939697,shop_total_revenue,Выручка магазина,baseline_hgb_v2
2023-12-19 20:00:00,4,Татнефть-АЗС-005,0.0,73,1,0,1,20,1,0.5543430435564479,shop_total_revenue,Выручка магазина,baseline_hgb_v2
2023-12-19 21:00:00,0,Татнефть-АЗС-001,0.0,135,1,1,0,21,1,0.04430739403933425,shop_total_revenue,Выручка магазина,baseline_hgb_v2
2023-12-19 21:00:00,1,Татнефть-АЗС-002,0.0,72,0,1,0,21,1,0.7365719514590761,shop_total_revenue,Выручка магазина,baseline_hgb_v2
2023-12-19 21:00:00,2,Татнефть-АЗС-003,0.0,144,0,0,1,21,1,-0.18631794579658711,shop_total_revenue,Выручка магазина,baseline_hgb_v2
2023-12-19 21:00:00,3,Татнефть-АЗС-004,0.0,149,0,1,1,21,1,-3.9220008657254173,shop_total_revenue,Выручка магазина,baseline_hgb_v2
2023-12-19 21:00:00,4,Татнефть-АЗС-005,0.0,75,1,0,1,21,1,0.5543430435564479,shop_total_revenue,Выручка магазина,baseline_hgb_v2
2023-12-19 22:00:00,0,Татнефть-АЗС-001,0.0,25,0,1,0,22,1,0.15468822879402203,shop_total_revenue,Выручка магазина,baseline_hgb_v2
2023-12-19 22:00:00,1,Татнефть-АЗС-002,0.0,16,0,1,0,22,1,0.7365719514590761,shop_total_revenue,Выручка магазина,baseline_hgb_v2
2023-12-19 22:00:00,2,Татнефть-АЗС-003,0.0,31,1,0,1,22,1,0.5543430435564479,shop_total_revenue,Выручка магазина,baseline_hgb_v2
2023-12-19 22:00:00,3,Татнефть-АЗС-004,0.0,27,0,1,1,22,1,0.15468822879402203,shop_total_revenue,Выручка магазина,baseline_hgb_v2
2023-12-19 22:00:00,4,Татнефть-АЗС-005,0.0,14,0,0,1,22,1,0.5543430435564479,shop_total_revenue,Выручка магазина,baseline_hgb_v2
2023-12-19 23:00:00,0,Татнефть-АЗС-001,0.0,25,1,1,0,23,1,0.15468822879402203,shop_total_revenue,Выручка магазина,baseline_hgb_v2
2023-12-19 23:00:00,1,Татнефть-АЗС-002,0.0,10,1,1,0,23,1,0.15468822879402203,shop_total_revenue,Выручка магазина,baseline_hgb_v2
2023-12-19 23:00:00,2,Татнефть-АЗС-003,0.0,33,0,0,1,23,1,0.5543430435564479,shop_total_revenue,Выручка магазина,baseline_hgb_v2
2023-12-19 23:00:00,3,Татнефть-АЗС-004,0.0,32,0,1,1,23,1,0.7365719514590761,shop_total_revenue,Выручка магазина,baseline_hgb_v2
2023-12-19 23:00:00,4,Татнефть-АЗС-005,0.0,15,0,0,1,23,1,0.5543430435564479,shop_total_revenue,Выручка магазина,baseline_hgb_v2
2023-12-20 00:00:00,0,Татнефть-АЗС-001,0.0,29,0,1,0,0,2,0.8084064919371308,shop_total_revenue,Выручка магазина,baseline_hgb_v2
2023-12-20 00:00:00,1,Татнефть-АЗС-002,0.0,15,0,1,0,0,2,0.8084064919371308,shop_total_revenue,Выручка магазина,baseline_hgb_v2
2023-12-20 00:00:00,2,Татнефть-АЗС-003,0.0,30,0,0,1,0,2,0.6261775840345026,shop_total_revenue,Выручка магазина,baseline_hgb_v2
2023-12-20 00:00:00,3,Татнефть-АЗС-004,0.0,19,1,1,1,0,2,0.08673581602778985,shop_total_revenue,Выручка магазина,baseline_hgb_v2
2023-12-20 00:00:00,4,Татнефть-АЗС-005,0.0,14,0,0,1,0,2,0.14308531484498066,shop_total_revenue,Выручка магазина,baseline_hgb_v2
2023-12-20 01:00:00,0,Татнефть-АЗС-001,0.0,20,0,1,0,1,2,0.08673581602778985,shop_total_revenue,Выручка магазина,baseline_hgb_v2
2023-12-20 01:00:00,1,Татнефть-АЗС-002,0.0,11,0,1,0,1,2,0.4637681949759002,shop_total_revenue,Выручка магазина,baseline_hgb_v2
2023-12-20 01:00:00,2,Татнефть-АЗС-003,0.0,30,0,0,1,1,2,0.6261775840345026,shop_total_revenue,Выручка магазина,baseline_hgb_v2
2023-12-20 01:00:00,3,Татнефть-АЗС-004,0.0,28,1,1,1,1,2,0.8084064919371308,shop_total_revenue,Выручка магазина,baseline_hgb_v2
2023-12-20 01:00:00,4,Татнефть-АЗС-005,0.0,11,0,0,1,1,2,-0.0954930918748383,shop_total_revenue,Выручка магазина,baseline_hgb_v2
2023-12-20 02:00:00,0,Татнефть-АЗС-001,0.0,33,1,1,0,2,2,0.8084064919371308,shop_total_revenue,Выручка магазина,baseline_hgb_v2
2023-12-20 02:00:00,1,Татнефть-АЗС-002,0.0,12,0,1,0,2,2,0.08673581602778985,shop_total_revenue,Выручка магазина,baseline_hgb_v2
2023-12-20 02:00:00,2,Татнефть-АЗС-003,0.0,25,0,0,1,2,2,0.2815392870732721,shop_total_revenue,Выручка магазина,baseline_hgb_v2
2023-12-20 02:00:00,3,Татнефть-АЗС-004,0.0,22,1,1,1,2,2,0.08673581602778985,shop_total_revenue,Выручка магазина,baseline_hgb_v2
2023-12-20 02:00:00,4,Татнефть-АЗС-005,0.0,10,0,0,1,2,2,-0.0954930918748383,shop_total_revenue,Выручка магазина,baseline_hgb_v2
2023-12-20 03:00:00,0,Татнефть-АЗС-001,0.0,20,1,1,0,3,2,0.08673581602778985,shop_total_revenue,Выручка магазина,baseline_hgb_v2
2023-12-20 03:00:00,1,Татнефть-АЗС-002,0.0,15,0,1,0,3,2,0.8084064919371308,shop_total_revenue,Выручка магазина,baseline_hgb_v2
2023-12-20 03:00:00,2,Татнефть-АЗС-003,0.0,24,0,0,1,3,2,0.2815392870732721,shop_total_revenue,Выручка магазина,baseline_hgb_v2
2023-12-20 03:00:00,3,Татнефть-АЗС-004,0.0,23,0,1,1,3,2,0.08673581602778985,shop_total_revenue,Выручка магазина,baseline_hgb_v2
2023-12-20 03:00:00,4,Татнефть-АЗС-005,0.0,10,0,0,1,3,2,-0.0954930918748383,shop_total_revenue,Выручка магазина,baseline_hgb_v2
2023-12-20 04:00:00,0,Татнефть-АЗС-001,0.0,24,0,1,0,4,2,0.08673581602778985,shop_total_revenue,Выручка магазина,baseline_hgb_v2
2023-12-20 04:00:00,1,Татнефть-АЗС-002,0.0,16,0,1,0,4,2,0.8084064919371308,shop_total_revenue,Выручка магазина,baseline_hgb_v2
2023-12-20 04:00:00,2,Татнефть-АЗС-003,0.0,29,0,0,1,4,2,0.6261775840345026,shop_total_revenue,Выручка магазина,baseline_hgb_v2
2023-12-20 04:00:00,3,Татнефть-АЗС-004,0.0,28,0,1,1,4,2,0.8084064919371308,shop_total_revenue,Выручка магазина,baseline_hgb_v2
2023-12-20 04:00:00,4,Татнефть-АЗС-005,0.0,10,1,0,1,4,2,-0.0954930918748383,shop_total_revenue,Выручка магазина,baseline_hgb_v2
2023-12-20 05:00:00,0,Татнефть-АЗС-001,0.0,22,0,1,0,5,2,0.08673581602778985,shop_total_revenue,Выручка магазина,baseline_hgb_v2
2023-12-20 05:00:00,1,Татнефть-АЗС-002,0.0,15,0,1,0,5,2,0.8084064919371308,shop_total_revenue,Выручка магазина,baseline_hgb_v2
2023-12-20 05:00:00,2,Татнефть-АЗС-003,0.0,29,0,0,1,5,2,0.6261775840345026,shop_total_revenue,Выручка магазина,baseline_hgb_v2
2023-12-20 05:00:00,3,Татнефть-АЗС-004,0.0,22,0,1,1,5,2,0.08673581602778985,shop_total_revenue,Выручка магазина,baseline_hgb_v2
2023-12-20 05:00:00,4,Татнефть-АЗС-005,0.0,9,0,0,1,5,2,0.2815392870732721,shop_total_revenue,Выручка магазина,baseline_hgb_v2
2023-12-20 06:00:00,0,Татнефть-АЗС-001,0.0,90,0,1,0,6,2,0.08673581602778985,shop_total_revenue,Выручка магазина,baseline_hgb_v2
2023-12-20 06:00:00,1,Татнефть-АЗС-002,0.0,74,0,1,0,6,2,0.8084064919371308,shop_total_revenue,Выручка магазина,baseline_hgb_v2
2023-12-20 06:00:00,2,Татнефть-АЗС-003,0.0,136,0,0,1,6,2,0.14383416731933413,shop_total_revenue,Выручка магазина,baseline_hgb_v2
2023-12-20 06:00:00,3,Татнефть-АЗС-004,0.0,225,0,1,1,6,2,47.2041861811551,shop_total_revenue,Выручка магазина,baseline_hgb_v2
2023-12-20 06:00:00,4,Татнефть-АЗС-005,0.0,118,0,0,1,6,2,0.6261775840345026,shop_total_revenue,Выручка магазина,baseline_hgb_v2
2023-12-20 07:00:00,0,Татнефть-АЗС-001,632.0,370,0,1,0,7,2,686.7596383802086,shop_total_revenue,Выручка магазина,baseline_hgb_v2
2023-12-20 07:00:00,1,Татнефть-АЗС-002,0.0,144,0,1,0,7,2,29.00968766978991,shop_total_revenue,Выручка магазина,baseline_hgb_v2
2023-12-20 07:00:00,2,Татнефть-АЗС-003,375.0,264,0,0,1,7,2,288.2763125849726,shop_total_revenue,Выручка магазина,baseline_hgb_v2
2023-12-20 07:00:00,3,Татнефть-АЗС-004,708.0,390,1,1,1,7,2,586.953212023919,shop_total_revenue,Выручка магазина,baseline_hgb_v2
2023-12-20 07:00:00,4,Татнефть-АЗС-005,244.0,193,0,0,1,7,2,156.07580003668372,shop_total_revenue,Выручка магазина,baseline_hgb_v2
2023-12-20 08:00:00,0,Татнефть-АЗС-001,663.0,336,0,1,0,8,2,542.6401685253578,shop_total_revenue,Выручка магазина,baseline_hgb_v2
2023-12-20 08:00:00,1,Татнефть-АЗС-002,0.0,118,0,1,0,8,2,2.100245939417977,shop_total_revenue,Выручка магазина,baseline_hgb_v2
2023-12-20 08:00:00,2,Татнефть-АЗС-003,367.0,267,1,0,1,8,2,300.0704559767058,shop_total_revenue,Выручка магазина,baseline_hgb_v2
2023-12-20 08:00:00,3,Татнефть-АЗС-004,736.0,420,0,1,1,8,2,673.895290417936,shop_total_revenue,Выручка магазина,baseline_hgb_v2
2023-12-20 08:00:00,4,Татнефть-АЗС-005,0.0,169,1,0,1,8,2,92.39490479624007,shop_total_revenue,Выручка магазина,baseline_hgb_v2
2023-12-20 09:00:00,0,Татнефть-АЗС-001,300.0,266,0,1,0,9,2,338.621860163573,shop_total_revenue,Выручка магазина,baseline_hgb_v2
2023-12-20 09:00:00,1,Татнефть-АЗС-002,310.0,191,0,1,0,9,2,298.5020468909108,shop_total_revenue,Выручка магазина,baseline_hgb_v2
2023-12-20 09:00:00,2,Татнефть-АЗС-003,365.0,281,0,0,1,9,2,311.46476542106586,shop_total_revenue,Выручка магазина,baseline_hgb_v2
2023-12-20 09:00:00,3,Татнефть-АЗС-004,1062.0,580,0,1,1,9,2,1240.587132225049,shop_total_revenue,Выручка магазина,baseline_hgb_v2
2023-12-20 09:00:00,4,Татнефть-АЗС-005,237.0,251,0,0,1,9,2,276.8948667974109,shop_total_revenue,Выручка магазина,baseline_hgb_v2
2023-12-20 10:00:00,0,Татнефть-АЗС-001,0.0,151,0,1,0,10,2,-3.139912885095223,shop_total_revenue,Выручка магазина,baseline_hgb_v2
2023-12-20 10:00:00,1,Татнефть-АЗС-002,0.0,52,1,1,0,10,2,0.08673581602778985,shop_total_revenue,Выручка магазина,baseline_hgb_v2
2023-12-20 10:00:00,2,Татнефть-АЗС-003,0.0,99,0,0,1,10,2,-0.0954930918748383,shop_total_revenue,Выручка магазина,baseline_hgb_v2
2023-12-20 10:00:00,3,Татнефть-АЗС-004,0.0,144,0,1,1,10,2,-0.32116727751904295,shop_total_revenue,Выручка магазина,baseline_hgb_v2
2023-12-20 10:00:00,4,Татнефть-АЗС-005,0.0,65,0,0,1,10,2,-0.0954930918748383,shop_total_revenue,Выручка магазина,baseline_hgb_v2
2023-12-20 11:00:00,0,Татнефть-АЗС-001,0.0,140,0,1,0,11,2,-2.8325278516379186,shop_total_revenue,Выручка магазина,baseline_hgb_v2
2023-12-20 11:00:00,1,Татнефть-АЗС-002,0.0,52,0,1,0,11,2,0.17005630109209072,shop_total_revenue,Выручка магазина,baseline_hgb_v2
2023-12-20 11:00:00,2,Татнефть-АЗС-003,0.0,156,0,0,1,11,2,2.595727950987975,shop_total_revenue,Выручка магазина,baseline_hgb_v2
2023-12-20 11:00:00,3,Татнефть-АЗС-004,0.0,135,0,1,1,11,2,0.32606307522196226,shop_total_revenue,Выручка магазина,baseline_hgb_v2
2023-12-20 11:00:00,4,Татнефть-АЗС-005,0.0,67,0,0,1,11,2,0.6261775840345026,shop_total_revenue,Выручка магазина,baseline_hgb_v2
2023-12-20 12:00:00,0,Татнефть-АЗС-001,0.0,142,0,1,0,12,2,14.448846633510392,shop_total_revenue,Выручка магазина,baseline_hgb_v2
2023-12-20 12:00:00,1,Татнефть-АЗС-002,0.0,80,0,1,0,12,2,1.0755284244516075,shop_total_revenue,Выручка магазина,baseline_hgb_v2
2023-12-20 12:00:00,2,Татнефть-АЗС-003,0.0,95,0,0,1,12,2,0.09387580132143551,shop_total_revenue,Выручка магазина,baseline_hgb_v2
2023-12-20 12:00:00,3,Татнефть-АЗС-004,0.0,126,0,1,1,12,2,1.0755284244516075,shop_total_revenue,Выручка магазина,baseline_hgb_v2
2023-12-20 12:00:00,4,Татнефть-АЗС-005,0.0,70,0,0,1,12,2,0.8932995165489797,shop_total_revenue,Выручка магазина,baseline_hgb_v2
2023-12-20 13:00:00,0,Татнефть-АЗС-001,0.0,115,1,1,0,13,2,-0.32728803902374665,shop_total_revenue,Выручка магазина,baseline_hgb_v2
2023-12-20 13:00:00,1,Татнефть-АЗС-002,0.0,73,0,1,0,13,2,1.0755284244516075,shop_total_revenue,Выручка магазина,baseline_hgb_v2
2023-12-20 13:00:00,2,Татнефть-АЗС-003,0.0,124,0,0,1,13,2,0.09387580132143551,shop_total_revenue,Выручка магазина,baseline_hgb_v2
2023-12-20 13:00:00,3,Татнефть-АЗС-004,0.0,171,0,1,1,13,2,213.82168482306983,shop_total_revenue,Выручка магазина,baseline_hgb_v2
2023-12-20 13:00:00,4,Татнефть-АЗС-005,0.0,45,0,0,1,13,2,0.548661219587749,shop_total_revenue,Выручка магазина,baseline_hgb_v2
2023-12-20 14:00:00,0,Татнефть-АЗС-001,0.0,110,0,1,0,14,2,2.328713619839775,shop_total_revenue,Выручка магазина,baseline_hgb_v2
2023-12-20 14:00:00,1,Татнефть-АЗС-002,0.0,49,0,1,0,14,2,0.5146831159438827,shop_total_revenue,Выручка магазина,baseline_hgb_v2
2023-12-20 14:00:00,2,Татнефть-АЗС-003,0.0,117,1,0,1,14,2,-0.564672619834247,shop_total_revenue,Выручка магазина,baseline_hgb_v2
2023-12-20 14:00:00,3,Татнефть-АЗС-004,0.0,162,0,1,1,14,2,130.37756995498142,shop_total_revenue,Выручка магазина,baseline_hgb_v2
2023-12-20 14:00:00,4,Татнефть-АЗС-005,0.0,45,1,0,1,14,2,0.09387580132143551,shop_total_revenue,Выручка магазина,baseline_hgb_v2
2023-12-20 15:00:00,0,Татнефть-АЗС-001,0.0,116,0,1,0,15,2,0.15468822879402203,shop_total_revenue,Выручка магазина,baseline_hgb_v2
2023-12-20 15:00:00,1,Татнефть-АЗС-002,0.0,53,0,1,0,15,2,0.15468822879402203,shop_total_revenue,Выручка магазина,baseline_hgb_v2
2023-12-20 15:00:00,2,Татнефть-АЗС-003,0.0,97,1,0,1,15,2,-0.027540679108606095,shop_total_revenue,Выручка магазина,baseline_hgb_v2
2023-12-20 15:00:00,3,Татнефть-АЗС-004,0.0,108,1,1,1,15,2,0.15468822879402203,shop_total_revenue,Выручка магазина,baseline_hgb_v2
2023-12-20 15:00:00,4,Татнефть-АЗС-005,0.0,56,0,0,1,15,2,0.20970474659521726,shop_total_revenue,Выручка магазина,baseline_hgb_v2
2023-12-20 16:00:00,0,Татнефть-АЗС-001,0.0,126,0,1,0,16,2,0.7365719514590761,shop_total_revenue,Выручка магазина,baseline_hgb_v2
2023-12-20 16:00:00,1,Татнефть-АЗС-002,0.0,75,0,1,0,16,2,0.15468822879402203,shop_total_revenue,Выручка магазина,baseline_hgb_v2
2023-12-20 16:00:00,2,Татнефть-АЗС-003,0.0,172,0,0,1,16,2,3.2042005151859025,shop_total_revenue,Выручка магазина,baseline_hgb_v2
2023-12-20 16:00:00,3,Татнефть-АЗС-004,0.0,131,0,1,1,16,2,0.15468822879402203,shop_total_revenue,Выручка магазина,baseline_hgb_v2
2023-12-20 16:00:00,4,Татнефть-АЗС-005,0.0,43,0,0,1,16,2,-0.027540679108606095,shop_total_revenue,Выручка магазина,baseline_hgb_v2
2023-12-20 17:00:00,0,Татнефть-АЗС-001,587.0,447,0,1,0,17,2,921.9077412942794,shop_total_revenue,Выручка магазина,baseline_hgb_v2
2023-12-20 17:00:00,1,Татнефть-АЗС-002,321.0,198,0,1,0,17,2,247.77404164048113,shop_total_revenue,Выручка магазина,baseline_hgb_v2
2023-12-20 17:00:00,2,Татнефть-АЗС-003,713.0,455,0,0,1,17,2,738.8285107121278,shop_total_revenue,Выручка магазина,baseline_hgb_v2
2023-12-20 17:00:00,3,Татнефть-АЗС-004,752.0,435,0,1,1,17,2,844.3171899157251,shop_total_revenue,Выручка магазина,baseline_hgb_v2
2023-12-20 17:00:00,4,Татнефть-АЗС-005,240.0,203,1,0,1,17,2,209.6219363175674,shop_total_revenue,Выручка магазина,baseline_hgb_v2
2023-12-20 18:00:00,0,Татнефть-АЗС-001,629.0,436,1,1,0,18,2,903.1703786085485,shop_total_revenue,Выручка магазина,baseline_hgb_v2
2023-12-20 18:00:00,1,Татнефть-АЗС-002,304.0,248,0,1,0,18,2,369.5883537153974,shop_total_revenue,Выручка магазина,baseline_hgb_v2
2023-12-20 18:00:00,2,Татнефть-АЗС-003,1543.0,592,0,0,1,18,2,1287.8997872380505,shop_total_revenue,Выручка магазина,baseline_hgb_v2
2023-12-20 18:00:00,3,Татнефть-АЗС-004,362.0,353,0,1,1,18,2,493.1997208561202,shop_total_revenue,Выручка магазина,baseline_hgb_v2
2023-12-20 18:00:00,4,Татнефть-АЗС-005,240.0,200,1,0,1,18,2,202.79929683550756,shop_total_revenue,Выручка магазина,baseline_hgb_v2
2023-12-20 19:00:00,0,Татнефть-АЗС-001,940.0,407,0,1,0,19,2,763.3377795116786,shop_total_revenue,Выручка магазина,baseline_hgb_v2
2023-12-20 19:00:00,1,Татнефть-АЗС-002,0.0,212,1,1,0,19,2,300.1757712274604,shop_total_revenue,Выручка магазина,baseline_hgb_v2
2023-12-20 19:00:00,2,Татнефть-АЗС-003,366.0,465,1,0,1,19,2,796.8883968605327,shop_total_revenue,Выручка магазина,baseline_hgb_v2
2023-12-20 19:00:00,3,Татнефть-АЗС-004,739.0,300,0,1,1,19,2,313.5652502717265,shop_total_revenue,Выручка магазина,baseline_hgb_v2
2023-12-20 19:00:00,4,Татнефть-АЗС-005,0.0,148,0,0,1,19,2,16.304174671331964,shop_total_revenue,Выручка магазина,baseline_hgb_v2
2023-12-20 20:00:00,0,Татнефть-АЗС-001,0.0,105,1,1,0,20,2,0.15468822879402203,shop_total_revenue,Выручка магазина,baseline_hgb_v2
2023-12-20 20:00:00,1,Татнефть-АЗС-002,0.0,61,0,1,0,20,2,0.15468822879402203,shop_total_revenue,Выручка магазина,baseline_hgb_v2
2023-12-20 20:00:00,2,Татнефть-АЗС-003,0.0,191,1,0,1,20,2,5.394272864432103,shop_total_revenue,Выручка магазина,baseline_hgb_v2
2023-12-20 20:00:00,3,Татнефть-АЗС-004,0.0,102,1,1,1,20,2,0.15468822879402203,shop_total_revenue,Выручка магазина,baseline_hgb_v2
2023-12-20 20:00:00,4,Татнефть-АЗС-005,0.0,79,0,0,1,20,2,0.5543430435564479,shop_total_revenue,Выручка магазина,baseline_hgb_v2
2023-12-20 21:00:00,0,Татнефть-АЗС-001,0.0,110,1,1,0,21,2,1.84201308781841,shop_total_revenue,Выручка магазина,baseline_hgb_v2
2023-12-20 21:00:00,1,Татнефть-АЗС-002,0.0,74,1,1,0,21,2,0.7365719514590761,shop_total_revenue,Выручка магазина,baseline_hgb_v2
2023-12-20 21:00:00,2,Татнефть-АЗС-003,0.0,131,1,0,1,21,2,0.5543430435564479,shop_total_revenue,Выручка магазина,baseline_hgb_v2
2023-12-20 21:00:00,3,Татнефть-АЗС-004,0.0,148,1,1,1,21,2,-3.9220008657254173,shop_total_revenue,Выручка магазина,baseline_hgb_v2
2023-12-20 21:00:00,4,Татнефть-АЗС-005,0.0,52,0,0,1,21,2,0.39908512190093,shop_total_revenue,Выручка магазина,baseline_hgb_v2
2023-12-20 22:00:00,0,Татнефть-АЗС-001,0.0,31,1,1,0,22,2,0.7365719514590761,shop_total_revenue,Выручка магазина,baseline_hgb_v2
2023-12-20 22:00:00,1,Татнефть-АЗС-002,0.0,15,0,1,0,22,2,0.7365719514590761,shop_total_revenue,Выручка магазина,baseline_hgb_v2
2023-12-20 22:00:00,2,Татнефть-АЗС-003,0.0,34,0,0,1,22,2,0.5543430435564479,shop_total_revenue,Выручка магазина,baseline_hgb_v2
2023-12-20 22:00:00,3,Татнефть-АЗС-004,0.0,33,0,1,1,22,2,0.7365719514590761,shop_total_revenue,Выручка магазина,baseline_hgb_v2
2023-12-20 22:00:00,4,Татнефть-АЗС-005,0.0,13,0,0,1,22,2,0.5543430435564479,shop_total_revenue,Выручка магазина,baseline_hgb_v2
2023-12-20 23:00:00,0,Татнефть-АЗС-001,0.0,30,0,1,0,23,2,0.7365719514590761,shop_total_revenue,Выручка магазина,baseline_hgb_v2
2023-12-20 23:00:00,1,Татнефть-АЗС-002,0.0,15,1,1,0,23,2,0.7365719514590761,shop_total_revenue,Выручка магазина,baseline_hgb_v2
2023-12-20 23:00:00,2,Татнефть-АЗС-003,0.0,17,0,0,1,23,2,0.21103772761121287,shop_total_revenue,Выручка магазина,baseline_hgb_v2
2023-12-20 23:00:00,3,Татнефть-АЗС-004,0.0,19,1,1,1,23,2,0.23800871385832292,shop_total_revenue,Выручка магазина,baseline_hgb_v2
2023-12-20 23:00:00,4,Татнефть-АЗС-005,0.0,10,0,0,1,23,2,0.055779805955694775,shop_total_revenue,Выручка магазина,baseline_hgb_v2
2023-12-21 00:00:00,0,Татнефть-АЗС-001,0.0,31,0,1,0,0,3,0.8084064919371308,shop_total_revenue,Выручка магазина,baseline_hgb_v2
2023-12-21 00:00:00,1,Татнефть-АЗС-002,0.0,10,0,1,0,0,3,0.08673581602778985,shop_total_revenue,Выручка магазина,baseline_hgb_v2
2023-12-21 00:00:00,2,Татнефть-АЗС-003,0.0,25,1,0,1,0,3,-0.0954930918748383,shop_total_revenue,Выручка магазина,baseline_hgb_v2
2023-12-21 00:00:00,3,Татнефть-АЗС-004,0.0,32,0,1,1,0,3,0.08673581602778985,shop_total_revenue,Выручка магазина,baseline_hgb_v2
2023-12-21 00:00:00,4,Татнефть-АЗС-005,0.0,10,0,0,1,0,3,-0.012172606810537431,shop_total_revenue,Выручка магазина,baseline_hgb_v2
2023-12-21 01:00:00,0,Татнефть-АЗС-001,0.0,28,1,1,0,1,3,0.8084064919371308,shop_total_revenue,Выручка магазина,baseline_hgb_v2
2023-12-21 01:00:00,1,Татнефть-АЗС-002,0.0,13,0,1,0,1,3,0.8084064919371308,shop_total_revenue,Выручка магазина,baseline_hgb_v2
2023-12-21 01:00:00,2,Татнефть-АЗС-003,0.0,22,0,0,1,1,3,-0.0954930918748383,shop_total_revenue,Выручка магазина,baseline_hgb_v2
2023-12-21 01:00:00,3,Татнефть-АЗС-004,0.0,34,1,1,1,1,3,0.8084064919371308,shop_total_revenue,Выручка магазина,baseline_hgb_v2
2023-12-21 01:00:00,4,Татнефть-АЗС-005,0.0,14,0,0,1,1,3,0.6261775840345026,shop_total_revenue,Выручка магазина,baseline_hgb_v2
2023-12-21 02:00:00,0,Татнефть-АЗС-001,0.0,21,0,1,0,2,3,0.4637681949759002,shop_total_revenue,Выручка магазина,baseline_hgb_v2
2023-12-21 02:00:00,1,Татнефть-АЗС-002,0.0,14,0,1,0,2,3,0.8084064919371308,shop_total_revenue,Выручка магазина,baseline_hgb_v2
2023-12-21 02:00:00,2,Татнефть-АЗС-003,0.0,36,0,0,1,2,3,0.6261775840345026,shop_total_revenue,Выручка магазина,baseline_hgb_v2
2023-12-21 02:00:00,3,Татнефть-АЗС-004,0.0,30,0,1,1,2,3,0.8084064919371308,shop_total_revenue,Выручка магазина,baseline_hgb_v2
2023-12-21 02:00:00,4,Татнефть-АЗС-005,0.0,9,1,0,1,2,3,-0.0954930918748383,shop_total_revenue,Выручка магазина,baseline_hgb_v2
2023-12-21 03:00:00,0,Татнефть-АЗС-001,0.0,29,0,1,0,3,3,0.8084064919371308,shop_total_revenue,Выручка магазина,baseline_hgb_v2
2023-12-21 03:00:00,1,Татнефть-АЗС-002,0.0,15,0,1,0,3,3,0.8084064919371308,shop_total_revenue,Выручка магазина,baseline_hgb_v2
2023-12-21 03:00:00,2,Татнефть-АЗС-003,0.0,21,1,0,1,3,3,-0.0954930918748383,shop_total_revenue,Выручка магазина,baseline_hgb_v2
2023-12-21 03:00:00,3,Татнефть-АЗС-004,0.0,21,0,1,1,3,3,0.08673581602778985,shop_total_revenue,Выручка магазина,baseline_hgb_v2
2023-12-21 03:00:00,4,Татнефть-АЗС-005,0.0,8,1,0,1,3,3,-0.0954930918748383,shop_total_revenue,Выручка магазина,baseline_hgb_v2
2023-12-21 04:00:00,0,Татнефть-АЗС-001,0.0,23,0,1,0,4,3,0.08673581602778985,shop_total_revenue,Выручка магазина,baseline_hgb_v2
2023-12-21 04:00:00,1,Татнефть-АЗС-002,0.0,10,0,1,0,4,3,0.32531422274760874,shop_total_revenue,Выручка магазина,baseline_hgb_v2
2023-12-21 04:00:00,2,Татнефть-АЗС-003,0.0,21,0,0,1,4,3,-0.0954930918748383,shop_total_revenue,Выручка магазина,baseline_hgb_v2
2023-12-21 04:00:00,3,Татнефть-АЗС-004,0.0,24,0,1,1,4,3,0.17005630109209072,shop_total_revenue,Выручка магазина,baseline_hgb_v2
2023-12-21 04:00:00,4,Татнефть-АЗС-005,0.0,15,0,0,1,4,3,0.6261775840345026,shop_total_revenue,Выручка магазина,baseline_hgb_v2
2023-12-21 05:00:00,0,Татнефть-АЗС-001,0.0,34,0,1,0,5,3,0.8084064919371308,shop_total_revenue,Выручка магазина,baseline_hgb_v2
2023-12-21 05:00:00,1,Татнефть-АЗС-002,0.0,15,0,1,0,5,3,0.8084064919371308,shop_total_revenue,Выручка магазина,baseline_hgb_v2
2023-12-21 05:00:00,2,Татнефть-АЗС-003,0.0,29,0,0,1,5,3,0.6261775840345026,shop_total_revenue,Выручка магазина,baseline_hgb_v2
2023-12-21 05:00:00,3,Татнефть-АЗС-004,0.0,23,0,1,1,5,3,0.08673581602778985,shop_total_revenue,Выручка магазина,baseline_hgb_v2
2023-12-21 05:00:00,4,Татнефть-АЗС-005,0.0,9,0,0,1,5,3,0.2815392870732721,shop_total_revenue,Выручка магазина,baseline_hgb_v2
2023-12-21 06:00:00,0,Татнефть-АЗС-001,0.0,140,0,1,0,6,3,-2.8325278516379186,shop_total_revenue,Выручка магазина,baseline_hgb_v2
2023-12-21 06:00:00,1,Татнефть-АЗС-002,0.0,45,0,1,0,6,3,0.08673581602778985,shop_total_revenue,Выручка магазина,baseline_hgb_v2
2023-12-21 06:00:00,2,Татнефть-АЗС-003,0.0,163,1,0,1,6,3,7.9030586180836755,shop_total_revenue,Выручка магазина,baseline_hgb_v2
2023-12-21 06:00:00,3,Татнефть-АЗС-004,0.0,124,1,1,1,6,3,0.08673581602778985,shop_total_revenue,Выручка магазина,baseline_hgb_v2
2023-12-21 06:00:00,4,Татнефть-АЗС-005,0.0,104,0,0,1,6,3,0.6261775840345026,shop_total_revenue,Выручка магазина,baseline_hgb_v2
2023-12-21 07:00:00,0,Татнефть-АЗС-001,317.0,291,0,1,0,7,3,382.9429256610959,shop_total_revenue,Выручка магазина,baseline_hgb_v2
2023-12-21 07:00:00,1,Татнефть-АЗС-002,0.0,123,0,1,0,7,3,1.3087415773856135,shop_total_revenue,Выручка магазина,baseline_hgb_v2
2023-12-21 07:00:00,2,Татнефть-АЗС-003,686.0,378,0,0,1,7,3,690.9870383490562,shop_total_revenue,Выручка магазина,baseline_hgb_v2
2023-12-21 07:00:00,3,Татнефть-АЗС-004,1074.0,562,0,1,1,7,3,1191.7479535047673,shop_total_revenue,Выручка магазина,baseline_hgb_v2
2023-12-21 07:00:00,4,Татнефть-АЗС-005,246.0,254,1,0,1,7,3,271.328785564992,shop_total_revenue,Выручка магазина,baseline_hgb_v2
2023-12-21 08:00:00,0,Татнефть-АЗС-001,306.0,365,0,1,0,8,3,664.9727676097378,shop_total_revenue,Выручка магазина,baseline_hgb_v2
2023-12-21 08:00:00,1,Татнефть-АЗС-002,312.0,201,0,1,0,8,3,316.2104064531678,shop_total_revenue,Выручка магазина,baseline_hgb_v2
2023-12-21 08:00:00,2,Татнефть-АЗС-003,721.0,388,1,0,1,8,3,740.0829484596106,shop_total_revenue,Выручка магазина,baseline_hgb_v2
2023-12-21 08:00:00,3,Татнефть-АЗС-004,1049.0,602,0,1,1,8,3,1252.3622013941683,shop_total_revenue,Выручка магазина,baseline_hgb_v2
2023-12-21 08:00:00,4,Татнефть-АЗС-005,0.0,170,1,0,1,8,3,98.96661008592194,shop_total_revenue,Выручка магазина,baseline_hgb_v2
2023-12-21 09:00:00,0,Татнефть-АЗС-001,624.0,368,1,1,0,9,3,689.1699555718222,shop_total_revenue,Выручка магазина,baseline_hgb_v2
2023-12-21 09:00:00,1,Татнефть-АЗС-002,0.0,146,1,1,0,9,3,28.866984945960695,shop_total_revenue,Выручка магазина,baseline_hgb_v2
2023-12-21 09:00:00,2,Татнефть-АЗС-003,735.0,335,0,0,1,9,3,536.7170706657661,shop_total_revenue,Выручка магазина,baseline_hgb_v2
2023-12-21 09:00:00,3,Татнефть-АЗС-004,1132.0,605,0,1,1,9,3,1297.832871759466,shop_total_revenue,Выручка магазина,baseline_hgb_v2
2023-12-21 09:00:00,4,Татнефть-АЗС-005,239.0,289,0,0,1,9,3,325.4753335673446,shop_total_revenue,Выручка магазина,baseline_hgb_v2
2023-12-21 10:00:00,0,Татнефть-АЗС-001,0.0,162,0,1,0,10,3,5.878077248326147,shop_total_revenue,Выручка магазина,baseline_hgb_v2
2023-12-21 10:00:00,1,Татнефть-АЗС-002,0.0,69,0,1,0,10,3,0.8084064919371308,shop_total_revenue,Выручка магазина,baseline_hgb_v2
2023-12-21 10:00:00,2,Татнефть-АЗС-003,0.0,117,0,0,1,10,3,-0.0954930918748383,shop_total_revenue,Выручка магазина,baseline_hgb_v2
2023-12-21 10:00:00,3,Татнефть-АЗС-004,0.0,149,0,1,1,10,3,-0.8668518409210898,shop_total_revenue,Выручка магазина,baseline_hgb_v2
2023-12-21 10:00:00,4,Татнефть-АЗС-005,0.0,94,0,0,1,10,3,0.6261775840345026,shop_total_revenue,Выручка магазина,baseline_hgb_v2
2023-12-21 11:00:00,0,Татнефть-АЗС-001,0.0,116,1,1,0,11,3,0.08673581602778985,shop_total_revenue,Выручка магазина,baseline_hgb_v2
2023-12-21 11:00:00,1,Татнефть-АЗС-002,0.0,57,0,1,0,11,3,0.08673581602778985,shop_total_revenue,Выручка магазина,baseline_hgb_v2
2023-12-21 11:00:00,2,Татнефть-АЗС-003,0.0,146,0,0,1,11,3,-5.7785291902615326,shop_total_revenue,Выручка магазина,baseline_hgb_v2
2023-12-21 11:00:00,3,Татнефть-АЗС-004,0.0,150,0,1,1,11,3,-5.793626393357674,shop_total_revenue,Выручка магазина,baseline_hgb_v2
2023-12-21 11:00:00,4,Татнефть-АЗС-005,0.0,63,1,0,1,11,3,0.6261775840345026,shop_total_revenue,Выручка магазина,baseline_hgb_v2
2023-12-21 12:00:00,0,Татнефть-АЗС-001,0.0,145,0,1,0,12,3,18.976874877457057,shop_total_revenue,Выручка магазина,baseline_hgb_v2
2023-12-21 12:00:00,1,Татнефть-АЗС-002,0.0,61,0,1,0,12,3,1.0755284244516075,shop_total_revenue,Выручка магазина,baseline_hgb_v2
2023-12-21 12:00:00,2,Татнефть-АЗС-003,0.0,106,0,0,1,12,3,0.09387580132143551,shop_total_revenue,Выручка магазина,baseline_hgb_v2
2023-12-21 12:00:00,3,Татнефть-АЗС-004,0.0,157,0,1,1,12,3,121.37028818501884,shop_total_revenue,Выручка магазина,baseline_hgb_v2
2023-12-21 12:00:00,4,Татнефть-АЗС-005,0.0,49,0,0,1,12,3,0.09387580132143551,shop_total_revenue,Выручка магазина,baseline_hgb_v2
2023-12-21 13:00:00,0,Татнефть-АЗС-001,0.0,108,0,1,0,13,3,-0.5658664457435655,shop_total_revenue,Выручка магазина,baseline_hgb_v2
2023-12-21 13:00:00,1,Татнефть-АЗС-002,0.0,52,0,1,0,13,3,0.2761047092240636,shop_total_revenue,Выручка магазина,baseline_hgb_v2
2023-12-21 13:00:00,2,Татнефть-АЗС-003,0.0,155,0,0,1,13,3,120.04065501787642,shop_total_revenue,Выручка магазина,baseline_hgb_v2
2023-12-21 13:00:00,3,Татнефть-АЗС-004,0.0,101,0,1,1,13,3,0.2761047092240636,shop_total_revenue,Выручка магазина,baseline_hgb_v2
2023-12-21 13:00:00,4,Татнефть-АЗС-005,0.0,48,0,0,1,13,3,0.09387580132143551,shop_total_revenue,Выручка магазина,baseline_hgb_v2
2023-12-21 14:00:00,0,Татнефть-АЗС-001,0.0,93,0,1,0,14,3,2.855557165033546,shop_total_revenue,Выручка магазина,baseline_hgb_v2
2023-12-21 14:00:00,1,Татнефть-АЗС-002,0.0,44,1,1,0,14,3,0.2761047092240636,shop_total_revenue,Выручка магазина,baseline_hgb_v2
2023-12-21 14:00:00,2,Татнефть-АЗС-003,0.0,113,0,0,1,14,3,0.09387580132143551,shop_total_revenue,Выручка магазина,baseline_hgb_v2
2023-12-21 14:00:00,3,Татнефть-АЗС-004,0.0,142,0,1,1,14,3,12.97605347934301,shop_total_revenue,Выручка магазина,baseline_hgb_v2
2023-12-21 14:00:00,4,Татнефть-АЗС-005,0.0,50,0,0,1,14,3,0.17719628638573637,shop_total_revenue,Выручка магазина,baseline_hgb_v2
2023-12-21 15:00:00,0,Татнефть-АЗС-001,0.0,152,1,1,0,15,3,-1.6681375811868355,shop_total_revenue,Выручка магазина,baseline_hgb_v2
2023-12-21 15:00:00,1,Татнефть-АЗС-002,0.0,45,0,1,0,15,3,0.15468822879402203,shop_total_revenue,Выручка магазина,baseline_hgb_v2
2023-12-21 15:00:00,2,Татнефть-АЗС-003,0.0,103,0,0,1,15,3,-0.027540679108606095,shop_total_revenue,Выручка магазина,baseline_hgb_v2
2023-12-21 15:00:00,3,Татнефть-АЗС-004,0.0,112,0,1,1,15,3,0.15468822879402203,shop_total_revenue,Выручка магазина,baseline_hgb_v2
2023-12-21 15:00:00,4,Татнефть-АЗС-005,0.0,53,0,0,1,15,3,-0.027540679108606095,shop_total_revenue,Выручка магазина,baseline_hgb_v2
2023-12-21 16:00:00,0,Татнефть-АЗС-001,0.0,144,0,1,0,16,3,-2.638048089598963,shop_total_revenue,Выручка магазина,baseline_hgb_v2
2023-12-21 16:00:00,1,Татнефть-АЗС-002,0.0,118,0,1,0,16,3,0.7365719514590761,shop_total_revenue,Выручка магазина,baseline_hgb_v2
2023-12-21 16:00:00,2,Татнефть-АЗС-003,0.0,221,0,0,1,16,3,30.633133792828872,shop_total_revenue,Выручка магазина,baseline_hgb_v2
2023-12-21 16:00:00,3,Татнефть-АЗС-004,0.0,102,0,1,1,16,3,0.15468822879402203,shop_total_revenue,Выручка магазина,baseline_hgb_v2
2023-12-21 16:00:00,4,Татнефть-АЗС-005,0.0,49,1,0,1,16,3,-0.027540679108606095,shop_total_revenue,Выручка магазина,baseline_hgb_v2
2023-12-21 17:00:00,0,Татнефть-АЗС-001,643.0,369,0,1,0,17,3,687.5328129626489,shop_total_revenue,Выручка магазина,baseline_hgb_v2
2023-12-21 17:00:00,1,Татнефть-АЗС-002,322.0,217,0,1,0,17,3,301.4374940964977,shop_total_revenue,Выручка магазина,baseline_hgb_v2
2023-12-21 17:00:00,2,Татнефть-АЗС-003,369.0,427,0,0,1,17,3,711.4629942663141,shop_total_revenue,Выручка магазина,baseline_hgb_v2
2023-12-21 17:00:00,3,Татнефть-АЗС-004,742.0,427,0,1,1,17,3,818.3697967211675,shop_total_revenue,Выручка магазина,baseline_hgb_v2
2023-12-21 17:00:00,4,Татнефть-АЗС-005,240.0,216,1,0,1,17,3,241.83213234777847,shop_total_revenue,Выручка магазина,baseline_hgb_v2
2023-12-21 18:00:00,0,Татнефть-АЗС-001,876.0,414,1,1,0,18,3,819.8223450786792,shop_total_revenue,Выручка магазина,baseline_hgb_v2
2023-12-21 18:00:00,1,Татнефть-АЗС-002,321.0,195,1,1,0,18,3,257.9021677725282,shop_total_revenue,Выручка магазина,baseline_hgb_v2
2023-12-21 18:00:00,2,Татнефть-АЗС-003,1455.0,725,0,0,1,18,3,1474.5365101523212,shop_total_revenue,Выручка магазина,baseline_hgb_v2
2023-12-21 18:00:00,3,Татнефть-АЗС-004,365.0,299,0,1,1,18,3,309.65452133980057,shop_total_revenue,Выручка магазина,baseline_hgb_v2
2023-12-21 18:00:00,4,Татнефть-АЗС-005,0.0,147,0,0,1,18,3,11.507680968376466,shop_total_revenue,Выручка магазина,baseline_hgb_v2
2023-12-21 19:00:00,0,Татнефть-АЗС-001,639.0,415,0,1,0,19,3,800.0227631685116,shop_total_revenue,Выручка магазина,baseline_hgb_v2
2023-12-21 19:00:00,1,Татнефть-АЗС-002,612.0,351,1,1,0,19,3,691.1540506344538,shop_total_revenue,Выручка магазина,baseline_hgb_v2
2023-12-21 19:00:00,2,Татнефть-АЗС-003,1098.0,545,0,0,1,19,3,1183.5090631481257,shop_total_revenue,Выручка магазина,baseline_hgb_v2
2023-12-21 19:00:00,3,Татнефть-АЗС-004,1071.0,442,1,1,1,19,3,877.4805131749579,shop_total_revenue,Выручка магазина,baseline_hgb_v2
2023-12-21 19:00:00,4,Татнефть-АЗС-005,0.0,164,1,0,1,19,3,71.71592800960501,shop_total_revenue,Выручка магазина,baseline_hgb_v2
2023-12-21 20:00:00,0,Татнефть-АЗС-001,0.0,144,0,1,0,20,3,-2.8479692303035358,shop_total_revenue,Выручка магазина,baseline_hgb_v2
2023-12-21 20:00:00,1,Татнефть-АЗС-002,0.0,97,1,1,0,20,3,0.23800871385832292,shop_total_revenue,Выручка магазина,baseline_hgb_v2
2023-12-21 20:00:00,2,Татнефть-АЗС-003,0.0,253,1,0,1,20,3,131.74315885495835,shop_total_revenue,Выручка магазина,baseline_hgb_v2
2023-12-21 20:00:00,3,Татнефть-АЗС-004,0.0,128,0,1,1,20,3,0.15468822879402203,shop_total_revenue,Выручка магазина,baseline_hgb_v2
2023-12-21 20:00:00,4,Татнефть-АЗС-005,0.0,59,0,0,1,20,3,-0.027540679108606095,shop_total_revenue,Выручка магазина,baseline_hgb_v2
2023-12-21 21:00:00,0,Татнефть-АЗС-001,0.0,145,1,1,0,21,3,-2.8479692303035358,shop_total_revenue,Выручка магазина,baseline_hgb_v2
2023-12-21 21:00:00,1,Татнефть-АЗС-002,0.0,48,0,1,0,21,3,0.3919336544978454,shop_total_revenue,Выручка магазина,baseline_hgb_v2
2023-12-21 21:00:00,2,Татнефть-АЗС-003,0.0,153,0,0,1,21,3,-3.8622565600899788,shop_total_revenue,Выручка магазина,baseline_hgb_v2
2023-12-21 21:00:00,3,Татнефть-АЗС-004,0.0,93,0,1,1,21,3,0.15468822879402203,shop_total_revenue,Выручка магазина,baseline_hgb_v2
2023-12-21 21:00:00,4,Татнефть-АЗС-005,0.0,48,1,0,1,21,3,-0.027540679108606095,shop_total_revenue,Выручка магазина,baseline_hgb_v2
2023-12-21 22:00:00,0,Татнефть-АЗС-001,0.0,22,1,1,0,22,3,0.15468822879402203,shop_total_revenue,Выручка магазина,baseline_hgb_v2
2023-12-21 22:00:00,1,Татнефть-АЗС-002,0.0,15,0,1,0,22,3,0.7365719514590761,shop_total_revenue,Выручка магазина,baseline_hgb_v2
2023-12-21 22:00:00,2,Татнефть-АЗС-003,0.0,20,0,0,1,22,3,-0.027540679108606095,shop_total_revenue,Выручка магазина,baseline_hgb_v2
2023-12-21 22:00:00,3,Татнефть-АЗС-004,0.0,20,0,1,1,22,3,0.15468822879402203,shop_total_revenue,Выручка магазина,baseline_hgb_v2
2023-12-21 22:00:00,4,Татнефть-АЗС-005,0.0,16,0,0,1,22,3,0.5543430435564479,shop_total_revenue,Выручка магазина,baseline_hgb_v2
2023-12-21 23:00:00,0,Татнефть-АЗС-001,0.0,35,1,1,0,23,3,0.7365719514590761,shop_total_revenue,Выручка магазина,baseline_hgb_v2
2023-12-21 23:00:00,1,Татнефть-АЗС-002,0.0,14,1,1,0,23,3,0.7365719514590761,shop_total_revenue,Выручка магазина,baseline_hgb_v2
2023-12-21 23:00:00,2,Татнефть-АЗС-003,0.0,23,0,0,1,23,3,-0.027540679108606095,shop_total_revenue,Выручка магазина,baseline_hgb_v2
2023-12-21 23:00:00,3,Татнефть-АЗС-004,0.0,30,0,1,1,23,3,0.15468822879402203,shop_total_revenue,Выручка магазина,baseline_hgb_v2
2023-12-21 23:00:00,4,Татнефть-АЗС-005,0.0,10,0,0,1,23,3,0.29302523165951816,shop_total_revenue,Выручка магазина,baseline_hgb_v2
2023-12-22 00:00:00,0,Татнефть-АЗС-001,0.0,34,0,1,0,0,4,0.8084064919371308,shop_total_revenue,Выручка магазина,baseline_hgb_v2
2023-12-22 00:00:00,1,Татнефть-АЗС-002,0.0,10,0,1,0,0,4,0.08673581602778985,shop_total_revenue,Выручка магазина,baseline_hgb_v2
2023-12-22 00:00:00,2,Татнефть-АЗС-003,0.0,23,0,0,1,0,4,-0.0954930918748383,shop_total_revenue,Выручка магазина,baseline_hgb_v2
2023-12-22 00:00:00,3,Татнефть-АЗС-004,0.0,30,0,1,1,0,4,0.8084064919371308,shop_total_revenue,Выручка магазина,baseline_hgb_v2
2023-12-22 00:00:00,4,Татнефть-АЗС-005,0.0,11,1,0,1,0,4,-0.0954930918748383,shop_total_revenue,Выручка магазина,baseline_hgb_v2
2023-12-22 01:00:00,0,Татнефть-АЗС-001,0.0,28,1,1,0,1,4,0.8084064919371308,shop_total_revenue,Выручка магазина,baseline_hgb_v2
2023-12-22 01:00:00,1,Татнефть-АЗС-002,0.0,12,0,1,0,1,4,0.8084064919371308,shop_total_revenue,Выручка магазина,baseline_hgb_v2
2023-12-22 01:00:00,2,Татнефть-АЗС-003,0.0,36,0,0,1,1,4,0.6261775840345026,shop_total_revenue,Выручка магазина,baseline_hgb_v2
2023-12-22 01:00:00,3,Татнефть-АЗС-004,0.0,31,0,1,1,1,4,0.8084064919371308,shop_total_revenue,Выручка магазина,baseline_hgb_v2
2023-12-22 01:00:00,4,Татнефть-АЗС-005,0.0,11,1,0,1,1,4,-0.0954930918748383,shop_total_revenue,Выручка магазина,baseline_hgb_v2
2023-12-22 02:00:00,0,Татнефть-АЗС-001,0.0,25,0,1,0,2,4,0.08673581602778985,shop_total_revenue,Выручка магазина,baseline_hgb_v2
2023-12-22 02:00:00,1,Татнефть-АЗС-002,0.0,11,0,1,0,2,4,0.17005630109209072,shop_total_revenue,Выручка магазина,baseline_hgb_v2
2023-12-22 02:00:00,2,Татнефть-АЗС-003,0.0,29,0,0,1,2,4,0.6261775840345026,shop_total_revenue,Выручка магазина,baseline_hgb_v2
2023-12-22 02:00:00,3,Татнефть-АЗС-004,0.0,20,0,1,1,2,4,0.08673581602778985,shop_total_revenue,Выручка магазина,baseline_hgb_v2
2023-12-22 02:00:00,4,Татнефть-АЗС-005,0.0,10,0,0,1,2,4,-0.0954930918748383,shop_total_revenue,Выручка магазина,baseline_hgb_v2
2023-12-22 03:00:00,0,Татнефть-АЗС-001,0.0,22,0,1,0,3,4,0.08673581602778985,shop_total_revenue,Выручка магазина,baseline_hgb_v2
2023-12-22 03:00:00,1,Татнефть-АЗС-002,0.0,11,0,1,0,3,4,0.08673581602778985,shop_total_revenue,Выручка магазина,baseline_hgb_v2
2023-12-22 03:00:00,2,Татнефть-АЗС-003,0.0,33,0,0,1,3,4,0.6261775840345026,shop_total_revenue,Выручка магазина,baseline_hgb_v2
2023-12-22 03:00:00,3,Татнефть-АЗС-004,0.0,22,1,1,1,3,4,0.17005630109209072,shop_total_revenue,Выручка магазина,baseline_hgb_v2
2023-12-22 03:00:00,4,Татнефть-АЗС-005,0.0,14,0,0,1,3,4,0.6261775840345026,shop_total_revenue,Выручка магазина,baseline_hgb_v2
2023-12-22 04:00:00,0,Татнефть-АЗС-001,0.0,34,1,1,0,4,4,0.8084064919371308,shop_total_revenue,Выручка магазина,baseline_hgb_v2
2023-12-22 04:00:00,1,Татнефть-АЗС-002,0.0,15,1,1,0,4,4,0.8084064919371308,shop_total_revenue,Выручка магазина,baseline_hgb_v2
2023-12-22 04:00:00,2,Татнефть-АЗС-003,0.0,22,0,0,1,4,4,-0.012172606810537431,shop_total_revenue,Выручка магазина,baseline_hgb_v2
2023-12-22 04:00:00,3,Татнефть-АЗС-004,0.0,22,0,1,1,4,4,0.4637681949759002,shop_total_revenue,Выручка магазина,baseline_hgb_v2
2023-12-22 04:00:00,4,Татнефть-АЗС-005,0.0,14,0,0,1,4,4,0.6261775840345026,shop_total_revenue,Выручка магазина,baseline_hgb_v2
2023-12-22 05:00:00,0,Татнефть-АЗС-001,0.0,31,0,1,0,5,4,0.8084064919371308,shop_total_revenue,Выручка магазина,baseline_hgb_v2
2023-12-22 05:00:00,1,Татнефть-АЗС-002,0.0,9,1,1,0,5,4,0.08673581602778985,shop_total_revenue,Выручка магазина,baseline_hgb_v2
2023-12-22 05:00:00,2,Татнефть-АЗС-003,0.0,23,1,0,1,5,4,0.14308531484498066,shop_total_revenue,Выручка магазина,baseline_hgb_v2
2023-12-22 05:00:00,3,Татнефть-АЗС-004,0.0,20,0,1,1,5,4,0.08673581602778985,shop_total_revenue,Выручка магазина,baseline_hgb_v2
2023-12-22 05:00:00,4,Татнефть-АЗС-005,0.0,11,1,0,1,5,4,-0.0954930918748383,shop_total_revenue,Выручка магазина,baseline_hgb_v2
2023-12-22 06:00:00,0,Татнефть-АЗС-001,0.0,159,0,1,0,6,4,4.480796481872941,shop_total_revenue,Выручка магазина,baseline_hgb_v2
2023-12-22 06:00:00,1,Татнефть-АЗС-002,0.0,69,0,1,0,6,4,0.8084064919371308,shop_total_revenue,Выручка магазина,baseline_hgb_v2
2023-12-22 06:00:00,2,Татнефть-АЗС-003,0.0,161,0,0,1,6,4,2.19874242181256,shop_total_revenue,Выручка магазина,baseline_hgb_v2
2023-12-22 06:00:00,3,Татнефть-АЗС-004,0.0,222,0,1,1,6,4,66.24903413245735,shop_total_revenue,Выручка магазина,baseline_hgb_v2
2023-12-22 06:00:00,4,Татнефть-АЗС-005,0.0,77,0,0,1,6,4,-0.0954930918748383,shop_total_revenue,Выручка магазина,baseline_hgb_v2
2023-12-22 07:00:00,0,Татнефть-АЗС-001,311.0,299,1,1,0,7,4,373.6557686360672,shop_total_revenue,Выручка магазина,baseline_hgb_v2
2023-12-22 07:00:00,1,Татнефть-АЗС-002,308.0,172,0,1,0,7,4,249.32575669292748,shop_total_revenue,Выручка магазина,baseline_hgb_v2
2023-12-22 07:00:00,2,Татнефть-АЗС-003,361.0,279,1,0,1,7,4,302.2267026282278,shop_total_revenue,Выручка магазина,baseline_hgb_v2
2023-12-22 07:00:00,3,Татнефть-АЗС-004,361.0,378,0,1,1,7,4,542.1494053395766,shop_total_revenue,Выручка магазина,baseline_hgb_v2
2023-12-22 07:00:00,4,Татнефть-АЗС-005,0.0,168,1,0,1,7,4,97.92012676779937,shop_total_revenue,Выручка магазина,baseline_hgb_v2
2023-12-22 08:00:00,0,Татнефть-АЗС-001,654.0,387,0,1,0,8,4,727.7864054030548,shop_total_revenue,Выручка магазина,baseline_hgb_v2
2023-12-22 08:00:00,1,Татнефть-АЗС-002,329.0,188,0,1,0,8,4,305.7979846752892,shop_total_revenue,Выручка магазина,baseline_hgb_v2
2023-12-22 08:00:00,2,Татнефть-АЗС-003,714.0,428,0,0,1,8,4,888.513312941062,shop_total_revenue,Выручка магазина,baseline_hgb_v2
2023-12-22 08:00:00,3,Татнефть-АЗС-004,695.0,401,0,1,1,8,4,604.0753982434657,shop_total_revenue,Выручка магазина,baseline_hgb_v2
2023-12-22 08:00:00,4,Татнефть-АЗС-005,0.0,177,1,0,1,8,4,98.96717160421547,shop_total_revenue,Выручка магазина,baseline_hgb_v2
2023-12-22 09:00:00,0,Татнефть-АЗС-001,637.0,405,0,1,0,9,4,768.366658496332,shop_total_revenue,Выручка магазина,baseline_hgb_v2
2023-12-22 09:00:00,1,Татнефть-АЗС-002,0.0,112,0,1,0,9,4,1.6857739563337242,shop_total_revenue,Выручка магазина,baseline_hgb_v2
2023-12-22 09:00:00,2,Татнефть-АЗС-003,702.0,355,0,0,1,9,4,587.4802270538846,shop_total_revenue,Выручка магазина,baseline_hgb_v2
2023-12-22 09:00:00,3,Татнефть-АЗС-004,1485.0,605,1,1,1,9,4,1317.9022609923775,shop_total_revenue,Выручка магазина,baseline_hgb_v2
2023-12-22 09:00:00,4,Татнефть-АЗС-005,0.0,179,1,0,1,9,4,95.32514622488414,shop_total_revenue,Выручка магазина,baseline_hgb_v2
2023-12-22 10:00:00,0,Татнефть-АЗС-001,0.0,106,1,1,0,10,4,0.08673581602778985,shop_total_revenue,Выручка магазина,baseline_hgb_v2
2023-12-22 10:00:00,1,Татнефть-АЗС-002,0.0,52,0,1,0,10,4,0.08673581602778985,shop_total_revenue,Выручка магазина,baseline_hgb_v2
2023-12-22 10:00:00,2,Татнефть-АЗС-003,0.0,122,1,0,1,10,4,0.6261775840345026,shop_total_revenue,Выручка магазина,baseline_hgb_v2
2023-12-22 10:00:00,3,Татнефть-АЗС-004,0.0,174,0,1,1,10,4,12.997544359826733,shop_total_revenue,Выручка магазина,baseline_hgb_v2
2023-12-22 10:00:00,4,Татнефть-АЗС-005,0.0,96,0,0,1,10,4,0.6261775840345026,shop_total_revenue,Выручка магазина,baseline_hgb_v2
2023-12-22 11:00:00,0,Татнефть-АЗС-001,0.0,147,1,1,0,11,4,-5.386138502363842,shop_total_revenue,Выручка магазина,baseline_hgb_v2
2023-12-22 11:00:00,1,Татнефть-АЗС-002,0.0,44,1,1,0,11,4,0.08673581602778985,shop_total_revenue,Выручка магазина,baseline_hgb_v2
2023-12-22 11:00:00,2,Татнефть-АЗС-003,0.0,152,0,0,1,11,4,-5.196880490759167,shop_total_revenue,Выручка магазина,baseline_hgb_v2
2023-12-22 11:00:00,3,Татнефть-АЗС-004,0.0,156,1,1,1,11,4,-1.617887884538902,shop_total_revenue,Выручка магазина,baseline_hgb_v2
2023-12-22 11:00:00,4,Татнефть-АЗС-005,0.0,50,0,0,1,11,4,-0.0954930918748383,shop_total_revenue,Выручка магазина,baseline_hgb_v2
2023-12-22 12:00:00,0,Татнефть-АЗС-001,0.0,170,0,1,0,12,4,216.2640940168318,shop_total_revenue,Выручка магазина,baseline_hgb_v2
2023-12-22 12:00:00,1,Татнефть-АЗС-002,0.0,76,1,1,0,12,4,1.0755284244516075,shop_total_revenue,Выручка магазина,baseline_hgb_v2
2023-12-22 12:00:00,2,Татнефть-АЗС-003,0.0,95,0,0,1,12,4,0.17719628638573637,shop_total_revenue,Выручка магазина,baseline_hgb_v2
2023-12-22 12:00:00,3,Татнефть-АЗС-004,0.0,136,0,1,1,12,4,0.5931850077364393,shop_total_revenue,Выручка магазина,baseline_hgb_v2
2023-12-22 12:00:00,4,Татнефть-АЗС-005,0.0,80,0,0,1,12,4,0.8932995165489797,shop_total_revenue,Выручка магазина,baseline_hgb_v2
2023-12-22 13:00:00,0,Татнефть-АЗС-001,0.0,100,1,1,0,13,4,2.328713619839775,shop_total_revenue,Выручка магазина,baseline_hgb_v2
2023-12-22 13:00:00,1,Татнефть-АЗС-002,0.0,70,1,1,0,13,4,1.0755284244516075,shop_total_revenue,Выручка магазина,baseline_hgb_v2
2023-12-22 13:00:00,2,Татнефть-АЗС-003,0.0,144,1,0,1,13,4,17.782385094139535,shop_total_revenue,Выручка магазина,baseline_hgb_v2
2023-12-22 13:00:00,3,Татнефть-АЗС-004,0.0,160,0,1,1,13,4,130.37756995498142,shop_total_revenue,Выручка магазина,baseline_hgb_v2
2023-12-22 13:00:00,4,Татнефть-АЗС-005,0.0,79,0,0,1,13,4,0.8932995165489797,shop_total_revenue,Выручка магазина,baseline_hgb_v2
2023-12-22 14:00:00,0,Татнефть-АЗС-001,0.0,137,0,1,0,14,4,2.262083904434117,shop_total_revenue,Выручка магазина,baseline_hgb_v2
2023-12-22 14:00:00,1,Татнефть-АЗС-002,0.0,56,0,1,0,14,4,0.2761047092240636,shop_total_revenue,Выручка магазина,baseline_hgb_v2
2023-12-22 14:00:00,2,Татнефть-АЗС-003,0.0,130,0,0,1,14,4,0.509589502630946,shop_total_revenue,Выручка магазина,baseline_hgb_v2
2023-12-22 14:00:00,3,Татнефть-АЗС-004,0.0,101,0,1,1,14,4,0.2761047092240636,shop_total_revenue,Выручка магазина,baseline_hgb_v2
2023-12-22 14:00:00,4,Татнефть-АЗС-005,0.0,48,0,0,1,14,4,0.09387580132143551,shop_total_revenue,Выручка магазина,baseline_hgb_v2
2023-12-22 15:00:00,0,Татнефть-АЗС-001,0.0,116,1,1,0,15,4,0.15468822879402203,shop_total_revenue,Выручка магазина,baseline_hgb_v2
2023-12-22 15:00:00,1,Татнефть-АЗС-002,0.0,64,0,1,0,15,4,0.7365719514590761,shop_total_revenue,Выручка магазина,baseline_hgb_v2
2023-12-22 15:00:00,2,Татнефть-АЗС-003,0.0,91,0,0,1,15,4,-0.027540679108606095,shop_total_revenue,Выручка магазина,baseline_hgb_v2
2023-12-22 15:00:00,3,Татнефть-АЗС-004,0.0,139,1,1,1,15,4,-0.3487459767198917,shop_total_revenue,Выручка магазина,baseline_hgb_v2
2023-12-22 15:00:00,4,Татнефть-АЗС-005,0.0,81,0,0,1,15,4,0.5543430435564479,shop_total_revenue,Выручка магазина,baseline_hgb_v2
2023-12-22 16:00:00,0,Татнефть-АЗС-001,0.0,168,0,1,0,16,4,4.888692441183545,shop_total_revenue,Выручка магазина,baseline_hgb_v2
2023-12-22 16:00:00,1,Татнефть-АЗС-002,0.0,118,1,1,0,16,4,0.7365719514590761,shop_total_revenue,Выручка магазина,baseline_hgb_v2
2023-12-22 16:00:00,2,Татнефть-АЗС-003,0.0,245,0,0,1,16,4,59.32904136794297,shop_total_revenue,Выручка магазина,baseline_hgb_v2
2023-12-22 16:00:00,3,Татнефть-АЗС-004,0.0,142,1,1,1,16,4,-4.063037763146612,shop_total_revenue,Выручка магазина,baseline_hgb_v2
2023-12-22 16:00:00,4,Татнефть-АЗС-005,0.0,51,0,0,1,16,4,0.21103772761121287,shop_total_revenue,Выручка магазина,baseline_hgb_v2
2023-12-22 17:00:00,0,Татнефть-АЗС-001,651.0,435,0,1,0,17,4,878.9382347633624,shop_total_revenue,Выручка магазина,baseline_hgb_v2
2023-12-22 17:00:00,1,Татнефть-АЗС-002,298.0,197,0,1,0,17,4,262.88275035606233,shop_total_revenue,Выручка магазина,baseline_hgb_v2
2023-12-22 17:00:00,2,Татнефть-АЗС-003,350.0,431,0,0,1,17,4,767.1362312218896,shop_total_revenue,Выручка магазина,baseline_hgb_v2
2023-12-22 17:00:00,3,Татнефть-АЗС-004,673.0,368,0,1,1,17,4,558.6133766062205,shop_total_revenue,Выручка магазина,baseline_hgb_v2
2023-12-22 17:00:00,4,Татнефть-АЗС-005,0.0,136,0,0,1,17,4,2.8877723297146907,shop_total_revenue,Выручка магазина,baseline_hgb_v2
2023-12-22 18:00:00,0,Татнефть-АЗС-001,668.0,479,1,1,0,18,4,1013.0282831873063,shop_total_revenue,Выручка магазина,baseline_hgb_v2
2023-12-22 18:00:00,1,Татнефть-АЗС-002,303.0,289,0,1,0,18,4,485.18294544926533,shop_total_revenue,Выручка магазина,baseline_hgb_v2
2023-12-22 18:00:00,2,Татнефть-АЗС-003,734.0,560,0,0,1,18,4,1273.408618271217,shop_total_revenue,Выручка магазина,baseline_hgb_v2
2023-12-22 18:00:00,3,Татнефть-АЗС-004,757.0,407,0,1,1,18,4,765.3118715128285,shop_total_revenue,Выручка магазина,baseline_hgb_v2
2023-12-22 18:00:00,4,Татнефть-АЗС-005,240.0,195,1,0,1,18,4,202.79929683550756,shop_total_revenue,Выручка магазина,baseline_hgb_v2
2023-12-22 19:00:00,0,Татнефть-АЗС-001,310.0,308,0,1,0,19,4,365.43625977199986,shop_total_revenue,Выручка магазина,baseline_hgb_v2
2023-12-22 19:00:00,1,Татнефть-АЗС-002,643.0,279,0,1,0,19,4,485.6058795749773,shop_total_revenue,Выручка магазина,baseline_hgb_v2
2023-12-22 19:00:00,2,Татнефть-АЗС-003,1114.0,675,0,0,1,19,4,1349.753907702117,shop_total_revenue,Выручка магазина,baseline_hgb_v2
2023-12-22 19:00:00,3,Татнефть-АЗС-004,1075.0,543,0,1,1,19,4,1123.5699481805289,shop_total_revenue,Выручка магазина,baseline_hgb_v2
2023-12-22 19:00:00,4,Татнефть-АЗС-005,0.0,132,0,0,1,19,4,3.2005851843198614,shop_total_revenue,Выручка магазина,baseline_hgb_v2
2023-12-22 20:00:00,0,Татнефть-АЗС-001,0.0,131,1,1,0,20,4,0.7365719514590761,shop_total_revenue,Выручка магазина,baseline_hgb_v2
2023-12-22 20:00:00,1,Татнефть-АЗС-002,0.0,107,1,1,0,20,4,0.7365719514590761,shop_total_revenue,Выручка магазина,baseline_hgb_v2
2023-12-22 20:00:00,2,Татнефть-АЗС-003,0.0,204,1,0,1,20,4,17.21531535444592,shop_total_revenue,Выручка магазина,baseline_hgb_v2
2023-12-22 20:00:00,3,Татнефть-АЗС-004,0.0,173,0,1,1,20,4,6.522155832400783,shop_total_revenue,Выручка магазина,baseline_hgb_v2
2023-12-22 20:00:00,4,Татнефть-АЗС-005,0.0,73,1,0,1,20,4,0.5543430435564479,shop_total_revenue,Выручка магазина,baseline_hgb_v2
2023-12-22 21:00:00,0,Татнефть-АЗС-001,0.0,152,0,1,0,21,4,-1.8780587218914089,shop_total_revenue,Выручка магазина,baseline_hgb_v2
2023-12-22 21:00:00,1,Татнефть-АЗС-002,0.0,71,0,1,0,21,4,0.7365719514590761,shop_total_revenue,Выручка магазина,baseline_hgb_v2
2023-12-22 21:00:00,2,Татнефть-АЗС-003,0.0,127,1,0,1,21,4,-0.027540679108606095,shop_total_revenue,Выручка магазина,baseline_hgb_v2
2023-12-22 21:00:00,3,Татнефть-АЗС-004,0.0,96,0,1,1,21,4,0.15468822879402203,shop_total_revenue,Выручка магазина,baseline_hgb_v2
2023-12-22 21:00:00,4,Татнефть-АЗС-005,0.0,69,0,0,1,21,4,0.5543430435564479,shop_total_revenue,Выручка магазина,baseline_hgb_v2
2023-12-22 22:00:00,0,Татнефть-АЗС-001,0.0,34,0,1,0,22,4,0.7498810395724627,shop_total_revenue,Выручка магазина,baseline_hgb_v2
2023-12-22 22:00:00,1,Татнефть-АЗС-002,0.0,9,0,1,0,22,4,0.15468822879402203,shop_total_revenue,Выручка магазина,baseline_hgb_v2
2023-12-22 22:00:00,2,Татнефть-АЗС-003,0.0,21,1,0,1,22,4,-0.027540679108606095,shop_total_revenue,Выручка магазина,baseline_hgb_v2
2023-12-22 22:00:00,3,Татнефть-АЗС-004,0.0,33,0,1,1,22,4,0.7365719514590761,shop_total_revenue,Выручка магазина,baseline_hgb_v2
2023-12-22 22:00:00,4,Татнефть-АЗС-005,0.0,10,0,0,1,22,4,-0.027540679108606095,shop_total_revenue,Выручка магазина,baseline_hgb_v2
2023-12-22 23:00:00,0,Татнефть-АЗС-001,0.0,25,0,1,0,23,4,0.6305120612176643,shop_total_revenue,Выручка магазина,baseline_hgb_v2
2023-12-22 23:00:00,1,Татнефть-АЗС-002,0.0,16,0,1,0,23,4,0.7365719514590761,shop_total_revenue,Выручка магазина,baseline_hgb_v2
2023-12-22 23:00:00,2,Татнефть-АЗС-003,0.0,30,0,0,1,23,4,0.5543430435564479,shop_total_revenue,Выручка магазина,baseline_hgb_v2
2023-12-22 23:00:00,3,Татнефть-АЗС-004,0.0,31,0,1,1,23,4,0.7365719514590761,shop_total_revenue,Выручка магазина,baseline_hgb_v2
2023-12-22 23:00:00,4,Татнефть-АЗС-005,0.0,15,0,0,1,23,4,0.5543430435564479,shop_total_revenue,Выручка магазина,baseline_hgb_v2
2023-12-23 00:00:00,0,Татнефть-АЗС-001,0.0,35,1,1,0,0,5,0.5014351946295903,shop_total_revenue,Выручка магазина,baseline_hgb_v2
2023-12-23 00:00:00,1,Татнефть-АЗС-002,0.0,7,0,1,0,0,5,0.2628567879097715,shop_total_revenue,Выручка магазина,baseline_hgb_v2
2023-12-23 00:00:00,2,Татнефть-АЗС-003,0.0,38,0,0,1,0,5,0.31920628672696216,shop_total_revenue,Выручка магазина,baseline_hgb_v2
2023-12-23 00:00:00,3,Татнефть-АЗС-004,0.0,27,0,1,1,0,5,-0.22023548127975054,shop_total_revenue,Выручка магазина,baseline_hgb_v2
2023-12-23 00:00:00,4,Татнефть-АЗС-005,0.0,8,0,0,1,0,5,-0.4024643891823787,shop_total_revenue,Выручка магазина,baseline_hgb_v2
2023-12-23 01:00:00,0,Татнефть-АЗС-001,0.0,29,0,1,0,1,5,-0.13691499621544967,shop_total_revenue,Выручка магазина,baseline_hgb_v2
2023-12-23 01:00:00,1,Татнефть-АЗС-002,0.0,7,0,1,0,1,5,-0.22023548127975054,shop_total_revenue,Выручка магазина,baseline_hgb_v2
2023-12-23 01:00:00,2,Татнефть-АЗС-003,0.0,26,0,0,1,1,5,-0.025432010234268387,shop_total_revenue,Выручка магазина,baseline_hgb_v2
2023-12-23 01:00:00,3,Татнефть-АЗС-004,0.0,27,0,1,1,1,5,0.5014351946295903,shop_total_revenue,Выручка магазина,baseline_hgb_v2
2023-12-23 01:00:00,4,Татнефть-АЗС-005,0.0,11,0,0,1,1,5,0.31920628672696216,shop_total_revenue,Выручка магазина,baseline_hgb_v2
2023-12-23 02:00:00,0,Татнефть-АЗС-001,0.0,31,0,1,0,2,5,0.5014351946295903,shop_total_revenue,Выручка магазина,baseline_hgb_v2
2023-12-23 02:00:00,1,Татнефть-АЗС-002,0.0,8,1,1,0,2,5,-0.22023548127975054,shop_total_revenue,Выручка магазина,baseline_hgb_v2
2023-12-23 02:00:00,2,Татнефть-АЗС-003,0.0,24,0,0,1,2,5,-0.4024643891823787,shop_total_revenue,Выручка магазина,baseline_hgb_v2
2023-12-23 02:00:00,3,Татнефть-АЗС-004,0.0,24,1,1,1,2,5,-0.22023548127975054,shop_total_revenue,Выручка магазина,baseline_hgb_v2
2023-12-23 02:00:00,4,Татнефть-АЗС-005,0.0,12,0,0,1,2,5,0.31920628672696216,shop_total_revenue,Выручка магазина,baseline_hgb_v2
2023-12-23 03:00:00,0,Татнефть-АЗС-001,0.0,39,0,1,0,3,5,0.5014351946295903,shop_total_revenue,Выручка магазина,baseline_hgb_v2
2023-12-23 03:00:00,1,Татнефть-АЗС-002,0.0,11,0,1,0,3,5,0.5014351946295903,shop_total_revenue,Выручка магазина,baseline_hgb_v2
2023-12-23 03:00:00,2,Татнефть-АЗС-003,0.0,39,0,0,1,3,5,0.31920628672696216,shop_total_revenue,Выручка магазина,baseline_hgb_v2
2023-12-23 03:00:00,3,Татнефть-АЗС-004,0.0,41,0,1,1,3,5,0.5014351946295903,shop_total_revenue,Выручка магазина,baseline_hgb_v2
2023-12-23 03:00:00,4,Татнефть-АЗС-005,0.0,11,0,0,1,3,5,0.31920628672696216,shop_total_revenue,Выручка магазина,baseline_hgb_v2
2023-12-23 04:00:00,0,Татнефть-АЗС-001,0.0,36,0,1,0,4,5,0.5014351946295903,shop_total_revenue,Выручка магазина,baseline_hgb_v2
2023-12-23 04:00:00,1,Татнефть-АЗС-002,0.0,12,0,1,0,4,5,0.5014351946295903,shop_total_revenue,Выручка магазина,baseline_hgb_v2
2023-12-23 04:00:00,2,Татнефть-АЗС-003,0.0,26,0,0,1,4,5,-0.4024643891823787,shop_total_revenue,Выручка магазина,baseline_hgb_v2
2023-12-23 04:00:00,3,Татнефть-АЗС-004,0.0,33,0,1,1,4,5,0.5014351946295903,shop_total_revenue,Выручка магазина,baseline_hgb_v2
2023-12-23 04:00:00,4,Татнефть-АЗС-005,0.0,8,0,0,1,4,5,-0.4024643891823787,shop_total_revenue,Выручка магазина,baseline_hgb_v2
2023-12-23 05:00:00,0,Татнефть-АЗС-001,0.0,31,0,1,0,5,5,-0.22023548127975054,shop_total_revenue,Выручка магазина,baseline_hgb_v2
2023-12-23 05:00:00,1,Татнефть-АЗС-002,0.0,13,0,1,0,5,5,0.5014351946295903,shop_total_revenue,Выручка магазина,baseline_hgb_v2
2023-12-23 05:00:00,2,Татнефть-АЗС-003,0.0,42,1,0,1,5,5,0.31920628672696216,shop_total_revenue,Выручка магазина,baseline_hgb_v2
2023-12-23 05:00:00,3,Татнефть-АЗС-004,0.0,32,1,1,1,5,5,0.5014351946295903,shop_total_revenue,Выручка магазина,baseline_hgb_v2
2023-12-23 05:00:00,4,Татнефть-АЗС-005,0.0,9,0,0,1,5,5,-0.4024643891823787,shop_total_revenue,Выручка магазина,baseline_hgb_v2
2023-12-23 06:00:00,0,Татнефть-АЗС-001,0.0,186,0,1,0,6,5,-5.470863063798173,shop_total_revenue,Выручка магазина,baseline_hgb_v2
2023-12-23 06:00:00,1,Татнефть-АЗС-002,0.0,58,0,1,0,6,5,0.5014351946295903,shop_total_revenue,Выручка магазина,baseline_hgb_v2
2023-12-23 06:00:00,2,Татнефть-АЗС-003,0.0,189,1,0,1,6,5,2.8912148723864575,shop_total_revenue,Выручка магазина,baseline_hgb_v2
2023-12-23 06:00:00,3,Татнефть-АЗС-004,0.0,205,0,1,1,6,5,-3.353847294481186,shop_total_revenue,Выручка магазина,baseline_hgb_v2
2023-12-23 06:00:00,4,Татнефть-АЗС-005,0.0,63,0,0,1,6,5,-0.4024643891823787,shop_total_revenue,Выручка магазина,baseline_hgb_v2
2023-12-23 07:00:00,0,Татнефть-АЗС-001,308.0,308,0,1,0,7,5,380.0476933371233,shop_total_revenue,Выручка магазина,baseline_hgb_v2
2023-12-23 07:00:00,1,Татнефть-АЗС-002,0.0,141,0,1,0,7,5,42.57636936373771,shop_total_revenue,Выручка магазина,baseline_hgb_v2
2023-12-23 07:00:00,2,Татнефть-АЗС-003,1043.0,507,1,0,1,7,5,1099.4849817873308,shop_total_revenue,Выручка магазина,baseline_hgb_v2
2023-12-23 07:00:00,3,Татнефть-АЗС-004,736.0,480,0,1,1,7,5,770.9612372488054,shop_total_revenue,Выручка магазина,baseline_hgb_v2
2023-12-23 07:00:00,4,Татнефть-АЗС-005,240.0,248,0,0,1,7,5,245.24394755815726,shop_total_revenue,Выручка магазина,baseline_hgb_v2
2023-12-23 08:00:00,0,Татнефть-АЗС-001,327.0,304,0,1,0,8,5,366.82177426998663,shop_total_revenue,Выручка магазина,baseline_hgb_v2
2023-12-23 08:00:00,1,Татнефть-АЗС-002,309.0,168,0,1,0,8,5,241.03662997803735,shop_total_revenue,Выручка магазина,baseline_hgb_v2
2023-12-23 08:00:00,2,Татнефть-АЗС-003,357.0,336,0,0,1,8,5,473.05106350754835,shop_total_revenue,Выручка магазина,baseline_hgb_v2
2023-12-23 08:00:00,3,Татнефть-АЗС-004,2136.0,708,1,1,1,8,5,1477.2061012122458,shop_total_revenue,Выручка магазина,baseline_hgb_v2
2023-12-23 08:00:00,4,Татнефть-АЗС-005,245.0,230,0,0,1,8,5,230.5930073655032,shop_total_revenue,Выручка магазина,baseline_hgb_v2
2023-12-23 09:00:00,0,Татнефть-АЗС-001,600.0,453,1,1,0,9,5,930.7466279569816,shop_total_revenue,Выручка магазина,baseline_hgb_v2
2023-12-23 09:00:00,1,Татнефть-АЗС-002,0.0,96,0,1,0,9,5,0.03912582901565712,shop_total_revenue,Выручка магазина,baseline_hgb_v2
2023-12-23 09:00:00,2,Татнефть-АЗС-003,361.0,352,0,0,1,9,5,493.4663556862064,shop_total_revenue,Выручка магазина,baseline_hgb_v2
2023-12-23 09:00:00,3,Татнефть-АЗС-004,1518.0,677,0,1,1,9,5,1377.0087521137104,shop_total_revenue,Выручка магазина,baseline_hgb_v2
2023-12-23 09:00:00,4,Татнефть-АЗС-005,0.0,147,0,0,1,9,5,9.049458769776066,shop_total_revenue,Выручка магазина,baseline_hgb_v2
2023-12-23 10:00:00,0,Татнефть-АЗС-001,0.0,189,0,1,0,10,5,13.739455067178438,shop_total_revenue,Выручка магазина,baseline_hgb_v2
2023-12-23 10:00:00,1,Татнефть-АЗС-002,0.0,52,1,1,0,10,5,0.5014351946295903,shop_total_revenue,Выручка магазина,baseline_hgb_v2
2023-12-23 10:00:00,2,Татнефть-АЗС-003,0.0,181,1,0,1,10,5,-1.4447871605706577,shop_total_revenue,Выручка магазина,baseline_hgb_v2
2023-12-23 10:00:00,3,Татнефть-АЗС-004,0.0,197,0,1,1,10,5,2.102335079275006,shop_total_revenue,Выручка магазина,baseline_hgb_v2
2023-12-23 10:00:00,4,Татнефть-АЗС-005,0.0,78,0,0,1,10,5,0.31920628672696216,shop_total_revenue,Выручка магазина,baseline_hgb_v2
2023-12-23 11:00:00,0,Татнефть-АЗС-001,0.0,134,1,1,0,11,5,-2.3857763812592667,shop_total_revenue,Выручка магазина,baseline_hgb_v2
2023-12-23 11:00:00,1,Татнефть-АЗС-002,0.0,35,1,1,0,11,5,0.15679689766835977,shop_total_revenue,Выручка магазина,baseline_hgb_v2
2023-12-23 11:00:00,2,Татнефть-АЗС-003,0.0,130,0,0,1,11,5,-0.4024643891823787,shop_total_revenue,Выручка магазина,baseline_hgb_v2
2023-12-23 11:00:00,3,Татнефть-АЗС-004,0.0,176,0,1,1,11,5,-1.5267983460012517,shop_total_revenue,Выручка магазина,baseline_hgb_v2
2023-12-23 11:00:00,4,Татнефть-АЗС-005,0.0,36,0,0,1,11,5,-0.4024643891823787,shop_total_revenue,Выручка магазина,baseline_hgb_v2
2023-12-23 12:00:00,0,Татнефть-АЗС-001,317.0,185,1,1,0,12,5,255.62903030180905,shop_total_revenue,Выручка магазина,baseline_hgb_v2
2023-12-23 12:00:00,1,Татнефть-АЗС-002,0.0,41,0,1,0,12,5,-0.030866588083476747,shop_total_revenue,Выручка магазина,baseline_hgb_v2
2023-12-23 12:00:00,2,Татнефть-АЗС-003,0.0,118,0,0,1,12,5,-0.2130954959861049,shop_total_revenue,Выручка магазина,baseline_hgb_v2
2023-12-23 12:00:00,3,Татнефть-АЗС-004,0.0,166,0,1,1,12,5,158.51970004190136,shop_total_revenue,Выручка магазина,baseline_hgb_v2
2023-12-23 12:00:00,4,Татнефть-АЗС-005,0.0,37,0,0,1,12,5,-0.2130954959861049,shop_total_revenue,Выручка магазина,baseline_hgb_v2
2023-12-23 13:00:00,0,Татнефть-АЗС-001,331.0,184,1,1,0,13,5,255.62903030180905,shop_total_revenue,Выручка магазина,baseline_hgb_v2
2023-12-23 13:00:00,1,Татнефть-АЗС-002,0.0,43,0,1,0,13,5,-0.030866588083476747,shop_total_revenue,Выручка магазина,baseline_hgb_v2
2023-12-23 13:00:00,2,Татнефть-АЗС-003,0.0,178,0,0,1,13,5,234.445018218849,shop_total_revenue,Выручка магазина,baseline_hgb_v2
2023-12-23 13:00:00,3,Татнефть-АЗС-004,0.0,121,0,1,1,13,5,1.7744872325776846,shop_total_revenue,Выручка магазина,baseline_hgb_v2
2023-12-23 13:00:00,4,Татнефть-АЗС-005,0.0,59,1,0,1,13,5,0.5863282192414392,shop_total_revenue,Выручка магазина,baseline_hgb_v2
2023-12-23 14:00:00,0,Татнефть-АЗС-001,0.0,132,0,1,0,14,5,-2.4121451926456006,shop_total_revenue,Выручка магазина,baseline_hgb_v2
2023-12-23 14:00:00,1,Татнефть-АЗС-002,0.0,53,1,1,0,14,5,0.7685571271440673,shop_total_revenue,Выручка магазина,baseline_hgb_v2
2023-12-23 14:00:00,2,Татнефть-АЗС-003,0.0,109,0,0,1,14,5,-0.2130954959861049,shop_total_revenue,Выручка магазина,baseline_hgb_v2
2023-12-23 14:00:00,3,Татнефть-АЗС-004,356.0,196,1,1,1,14,5,280.4734866748093,shop_total_revenue,Выручка магазина,baseline_hgb_v2
2023-12-23 14:00:00,4,Татнефть-АЗС-005,0.0,39,1,0,1,14,5,-0.2130954959861049,shop_total_revenue,Выручка магазина,baseline_hgb_v2
2023-12-23 15:00:00,0,Татнефть-АЗС-001,0.0,118,0,1,0,15,5,-0.15228306851351836,shop_total_revenue,Выручка магазина,baseline_hgb_v2
2023-12-23 15:00:00,1,Татнефть-АЗС-002,0.0,51,0,1,0,15,5,0.4296006541515356,shop_total_revenue,Выручка магазина,baseline_hgb_v2
2023-12-23 15:00:00,2,Татнефть-АЗС-003,0.0,174,1,0,1,15,5,0.48814565857266545,shop_total_revenue,Выручка магазина,baseline_hgb_v2
2023-12-23 15:00:00,3,Татнефть-АЗС-004,0.0,165,0,1,1,15,5,6.866504197218888,shop_total_revenue,Выручка магазина,baseline_hgb_v2
2023-12-23 15:00:00,4,Татнефть-АЗС-005,0.0,37,1,0,1,15,5,-0.3345119764161465,shop_total_revenue,Выручка магазина,baseline_hgb_v2
2023-12-23 16:00:00,0,Татнефть-АЗС-001,0.0,152,0,1,0,16,5,-3.871413877072624,shop_total_revenue,Выручка магазина,baseline_hgb_v2
2023-12-23 16:00:00,1,Татнефть-АЗС-002,0.0,64,0,1,0,16,5,-0.15228306851351836,shop_total_revenue,Выручка магазина,baseline_hgb_v2
2023-12-23 16:00:00,2,Татнефть-АЗС-003,0.0,197,0,0,1,16,5,11.79099601925315,shop_total_revenue,Выручка магазина,baseline_hgb_v2
2023-12-23 16:00:00,3,Татнефть-АЗС-004,0.0,128,0,1,1,16,5,-0.15228306851351836,shop_total_revenue,Выручка магазина,baseline_hgb_v2
2023-12-23 16:00:00,4,Татнефть-АЗС-005,0.0,39,0,0,1,16,5,-0.2511914913518456,shop_total_revenue,Выручка магазина,baseline_hgb_v2
2023-12-23 17:00:00,0,Татнефть-АЗС-001,650.0,363,0,1,0,17,5,503.6764581603783,shop_total_revenue,Выручка магазина,baseline_hgb_v2
2023-12-23 17:00:00,1,Татнефть-АЗС-002,315.0,181,0,1,0,17,5,114.23282032030536,shop_total_revenue,Выручка магазина,baseline_hgb_v2
2023-12-23 17:00:00,2,Татнефть-АЗС-003,1058.0,589,0,0,1,17,5,1039.4460206903977,shop_total_revenue,Выручка магазина,baseline_hgb_v2
2023-12-23 17:00:00,3,Татнефть-АЗС-004,1477.0,516,0,1,1,17,5,1095.5684290993727,shop_total_revenue,Выручка магазина,baseline_hgb_v2
2023-12-23 17:00:00,4,Татнефть-АЗС-005,0.0,127,1,0,1,17,5,25.92512589977161,shop_total_revenue,Выручка магазина,baseline_hgb_v2
2023-12-23 18:00:00,0,Татнефть-АЗС-001,323.0,334,1,1,0,18,5,471.3738617655732,shop_total_revenue,Выручка магазина,baseline_hgb_v2
2023-12-23 18:00:00,1,Татнефть-АЗС-002,0.0,166,0,1,0,18,5,77.66405100477867,shop_total_revenue,Выручка магазина,baseline_hgb_v2
2023-12-23 18:00:00,2,Татнефть-АЗС-003,1415.0,773,0,0,1,18,5,1714.9133102327742,shop_total_revenue,Выручка магазина,baseline_hgb_v2
2023-12-23 18:00:00,3,Татнефть-АЗС-004,367.0,366,0,1,1,18,5,490.08507706127784,shop_total_revenue,Выручка магазина,baseline_hgb_v2
2023-12-23 18:00:00,4,Татнефть-АЗС-005,0.0,128,0,0,1,18,5,1.9686601830865376,shop_total_revenue,Выручка магазина,baseline_hgb_v2
2023-12-23 19:00:00,0,Татнефть-АЗС-001,1337.0,505,0,1,0,19,5,1101.9514953333903,shop_total_revenue,Выручка магазина,baseline_hgb_v2
2023-12-23 19:00:00,1,Татнефть-АЗС-002,0.0,170,0,1,0,19,5,91.87884882284224,shop_total_revenue,Выручка магазина,baseline_hgb_v2
2023-12-23 19:00:00,2,Татнефть-АЗС-003,742.0,583,0,0,1,19,5,1097.3670411954486,shop_total_revenue,Выручка магазина,baseline_hgb_v2
2023-12-23 19:00:00,3,Татнефть-АЗС-004,718.0,355,0,1,1,19,5,474.5219151311474,shop_total_revenue,Выручка магазина,baseline_hgb_v2
2023-12-23 19:00:00,4,Татнефть-АЗС-005,0.0,153,1,0,1,19,5,50.756527489258815,shop_total_revenue,Выручка магазина,baseline_hgb_v2
2023-12-23 20:00:00,0,Татнефть-АЗС-001,0.0,183,0,1,0,20,5,7.398510042257359,shop_total_revenue,Выручка магазина,baseline_hgb_v2
2023-12-23 20:00:00,1,Татнефть-АЗС-002,0.0,76,0,1,0,20,5,0.4296006541515356,shop_total_revenue,Выручка магазина,baseline_hgb_v2
2023-12-23 20:00:00,2,Татнефть-АЗС-003,0.0,213,0,0,1,20,5,12.106157296441602,shop_total_revenue,Выручка магазина,baseline_hgb_v2
2023-12-23 20:00:00,3,Татнефть-АЗС-004,0.0,202,0,1,1,20,5,16.983719268591013,shop_total_revenue,Выручка магазина,baseline_hgb_v2
2023-12-23 20:00:00,4,Татнефть-АЗС-005,0.0,35,0,0,1,20,5,-0.3345119764161465,shop_total_revenue,Выручка магазина,baseline_hgb_v2
2023-12-23 21:00:00,0,Татнефть-АЗС-001,0.0,184,0,1,0,21,5,2.8682206296286825,shop_total_revenue,Выручка магазина,baseline_hgb_v2
2023-12-23 21:00:00,1,Татнефть-АЗС-002,0.0,53,0,1,0,21,5,0.4296006541515356,shop_total_revenue,Выручка магазина,baseline_hgb_v2
2023-12-23 21:00:00,2,Татнефть-АЗС-003,0.0,129,1,0,1,21,5,-0.3345119764161465,shop_total_revenue,Выручка магазина,baseline_hgb_v2
2023-12-23 21:00:00,3,Татнефть-АЗС-004,0.0,178,1,1,1,21,5,1.2126324325569984,shop_total_revenue,Выручка магазина,baseline_hgb_v2
2023-12-23 21:00:00,4,Татнефть-АЗС-005,0.0,49,0,0,1,21,5,0.24737174624890745,shop_total_revenue,Выручка магазина,baseline_hgb_v2
2023-12-23 22:00:00,0,Татнефть-АЗС-001,0.0,36,1,1,0,22,5,0.4296006541515356,shop_total_revenue,Выручка магазина,baseline_hgb_v2
2023-12-23 22:00:00,1,Татнефть-АЗС-002,0.0,12,0,1,0,22,5,0.4296006541515356,shop_total_revenue,Выручка магазина,baseline_hgb_v2
2023-12-23 22:00:00,2,Татнефть-АЗС-003,0.0,23,0,0,1,22,5,-0.09726655071232318,shop_total_revenue,Выручка магазина,baseline_hgb_v2
2023-12-23 22:00:00,3,Татнефть-АЗС-004,0.0,35,0,1,1,22,5,0.4296006541515356,shop_total_revenue,Выручка магазина,baseline_hgb_v2
2023-12-23 22:00:00,4,Татнефть-АЗС-005,0.0,12,0,0,1,22,5,0.24737174624890745,shop_total_revenue,Выручка магазина,baseline_hgb_v2
2023-12-23 23:00:00,0,Татнефть-АЗС-001,0.0,39,1,1,0,23,5,0.4296006541515356,shop_total_revenue,Выручка магазина,baseline_hgb_v2
2023-12-23 23:00:00,1,Татнефть-АЗС-002,0.0,11,1,1,0,23,5,0.4296006541515356,shop_total_revenue,Выручка магазина,baseline_hgb_v2
2023-12-23 23:00:00,2,Татнефть-АЗС-003,0.0,23,1,0,1,23,5,-0.3345119764161465,shop_total_revenue,Выручка магазина,baseline_hgb_v2
2023-12-23 23:00:00,3,Татнефть-АЗС-004,0.0,42,0,1,1,23,5,0.4296006541515356,shop_total_revenue,Выручка магазина,baseline_hgb_v2
2023-12-23 23:00:00,4,Татнефть-АЗС-005,0.0,7,0,0,1,23,5,-0.3345119764161465,shop_total_revenue,Выручка магазина,baseline_hgb_v2
2023-12-24 00:00:00,0,Татнефть-АЗС-001,0.0,25,0,1,0,0,6,-0.22023548127975054,shop_total_revenue,Выручка магазина,baseline_hgb_v2
2023-12-24 00:00:00,1,Татнефть-АЗС-002,0.0,10,0,1,0,0,6,0.5014351946295903,shop_total_revenue,Выручка магазина,baseline_hgb_v2
2023-12-24 00:00:00,2,Татнефть-АЗС-003,0.0,26,0,0,1,0,6,-0.4024643891823787,shop_total_revenue,Выручка магазина,baseline_hgb_v2
2023-12-24 00:00:00,3,Татнефть-АЗС-004,0.0,43,1,1,1,0,6,0.5014351946295903,shop_total_revenue,Выручка магазина,baseline_hgb_v2
2023-12-24 00:00:00,4,Татнефть-АЗС-005,0.0,11,1,0,1,0,6,0.31920628672696216,shop_total_revenue,Выручка магазина,baseline_hgb_v2
2023-12-24 01:00:00,0,Татнефть-АЗС-001,0.0,31,0,1,0,1,6,0.5014351946295903,shop_total_revenue,Выручка магазина,baseline_hgb_v2
2023-12-24 01:00:00,1,Татнефть-АЗС-002,0.0,10,0,1,0,1,6,-0.22023548127975054,shop_total_revenue,Выручка магазина,baseline_hgb_v2
2023-12-24 01:00:00,2,Татнефть-АЗС-003,0.0,41,0,0,1,1,6,0.31920628672696216,shop_total_revenue,Выручка магазина,baseline_hgb_v2
2023-12-24 01:00:00,3,Татнефть-АЗС-004,0.0,39,1,1,1,1,6,0.5014351946295903,shop_total_revenue,Выручка магазина,baseline_hgb_v2
2023-12-24 01:00:00,4,Татнефть-АЗС-005,0.0,14,0,0,1,1,6,0.31920628672696216,shop_total_revenue,Выручка магазина,baseline_hgb_v2
2023-12-24 02:00:00,0,Татнефть-АЗС-001,0.0,36,1,1,0,2,6,0.5014351946295903,shop_total_revenue,Выручка магазина,baseline_hgb_v2
2023-12-24 02:00:00,1,Татнефть-АЗС-002,0.0,10,0,1,0,2,6,0.5014351946295903,shop_total_revenue,Выручка магазина,baseline_hgb_v2
2023-12-24 02:00:00,2,Татнефть-АЗС-003,0.0,29,1,0,1,2,6,-0.4024643891823787,shop_total_revenue,Выручка магазина,baseline_hgb_v2
2023-12-24 02:00:00,3,Татнефть-АЗС-004,0.0,32,0,1,1,2,6,0.5014351946295903,shop_total_revenue,Выручка магазина,baseline_hgb_v2
2023-12-24 02:00:00,4,Татнефть-АЗС-005,0.0,10,1,0,1,2,6,0.31920628672696216,shop_total_revenue,Выручка магазина,baseline_hgb_v2
2023-12-24 03:00:00,0,Татнефть-АЗС-001,0.0,36,1,1,0,3,6,0.5014351946295903,shop_total_revenue,Выручка магазина,baseline_hgb_v2
2023-12-24 03:00:00,1,Татнефть-АЗС-002,0.0,9,0,1,0,3,6,-0.22023548127975054,shop_total_revenue,Выручка магазина,baseline_hgb_v2
2023-12-24 03:00:00,2,Татнефть-АЗС-003,0.0,39,0,0,1,3,6,0.31920628672696216,shop_total_revenue,Выручка магазина,baseline_hgb_v2
2023-12-24 03:00:00,3,Татнефть-АЗС-004,0.0,23,0,1,1,3,6,-0.22023548127975054,shop_total_revenue,Выручка магазина,baseline_hgb_v2
2023-12-24 03:00:00,4,Татнефть-АЗС-005,0.0,8,0,0,1,3,6,-0.4024643891823787,shop_total_revenue,Выручка магазина,baseline_hgb_v2
2023-12-24 04:00:00,0,Татнефть-АЗС-001,0.0,26,1,1,0,4,6,-0.22023548127975054,shop_total_revenue,Выручка магазина,baseline_hgb_v2
2023-12-24 04:00:00,1,Татнефть-АЗС-002,0.0,8,0,1,0,4,6,-0.22023548127975054,shop_total_revenue,Выручка магазина,baseline_hgb_v2
2023-12-24 04:00:00,2,Татнефть-АЗС-003,0.0,33,1,0,1,4,6,0.31920628672696216,shop_total_revenue,Выручка магазина,baseline_hgb_v2
2023-12-24 04:00:00,3,Татнефть-АЗС-004,0.0,40,1,1,1,4,6,0.5014351946295903,shop_total_revenue,Выручка магазина,baseline_hgb_v2
2023-12-24 04:00:00,4,Татнефть-АЗС-005,0.0,8,0,0,1,4,6,-0.4024643891823787,shop_total_revenue,Выручка магазина,baseline_hgb_v2
2023-12-24 05:00:00,0,Татнефть-АЗС-001,0.0,39,0,1,0,5,6,0.5014351946295903,shop_total_revenue,Выручка магазина,baseline_hgb_v2
2023-12-24 05:00:00,1,Татнефть-АЗС-002,0.0,9,0,1,0,5,6,-0.22023548127975054,shop_total_revenue,Выручка магазина,baseline_hgb_v2
2023-12-24 05:00:00,2,Татнефть-АЗС-003,0.0,31,0,0,1,5,6,-0.4024643891823787,shop_total_revenue,Выручка магазина,baseline_hgb_v2
2023-12-24 05:00:00,3,Татнефть-АЗС-004,0.0,45,0,1,1,5,6,0.5014351946295903,shop_total_revenue,Выручка магазина,baseline_hgb_v2
2023-12-24 05:00:00,4,Татнефть-АЗС-005,0.0,8,0,0,1,5,6,-0.4024643891823787,shop_total_revenue,Выручка магазина,baseline_hgb_v2
2023-12-24 06:00:00,0,Татнефть-АЗС-001,0.0,103,1,1,0,6,6,-0.22023548127975054,shop_total_revenue,Выручка магазина,baseline_hgb_v2
2023-12-24 06:00:00,1,Татнефть-АЗС-002,0.0,52,1,1,0,6,6,0.5014351946295903,shop_total_revenue,Выручка магазина,baseline_hgb_v2
2023-12-24 06:00:00,2,Татнефть-АЗС-003,0.0,122,0,0,1,6,6,-0.4024643891823787,shop_total_revenue,Выручка магазина,baseline_hgb_v2
2023-12-24 06:00:00,3,Татнефть-АЗС-004,0.0,274,1,1,1,6,6,172.39279373722792,shop_total_revenue,Выручка магазина,baseline_hgb_v2
2023-12-24 06:00:00,4,Татнефть-АЗС-005,0.0,62,0,0,1,6,6,-0.1638859824625598,shop_total_revenue,Выручка магазина,baseline_hgb_v2
2023-12-24 07:00:00,0,Татнефть-АЗС-001,930.0,484,1,1,0,7,6,976.2244173636968,shop_total_revenue,Выручка магазина,baseline_hgb_v2
2023-12-24 07:00:00,1,Татнефть-АЗС-002,0.0,91,1,1,0,7,6,0.03912582901565712,shop_total_revenue,Выручка магазина,baseline_hgb_v2
2023-12-24 07:00:00,2,Татнефть-АЗС-003,357.0,335,0,0,1,7,6,494.99584661632093,shop_total_revenue,Выручка магазина,baseline_hgb_v2
2023-12-24 07:00:00,3,Татнефть-АЗС-004,1489.0,657,0,1,1,7,6,1384.864972220413,shop_total_revenue,Выручка магазина,baseline_hgb_v2
2023-12-24 07:00:00,4,Татнефть-АЗС-005,0.0,159,1,0,1,7,6,62.32122593940859,shop_total_revenue,Выручка магазина,baseline_hgb_v2
2023-12-24 08:00:00,0,Татнефть-АЗС-001,650.0,325,0,1,0,8,6,435.90879720451346,shop_total_revenue,Выручка магазина,baseline_hgb_v2
2023-12-24 08:00:00,1,Татнефть-АЗС-002,0.0,93,1,1,0,8,6,-0.7523785330167041,shop_total_revenue,Выручка магазина,baseline_hgb_v2
2023-12-24 08:00:00,2,Татнефть-АЗС-003,356.0,319,1,0,1,8,6,417.85605712853453,shop_total_revenue,Выручка магазина,baseline_hgb_v2
2023-12-24 08:00:00,3,Татнефть-АЗС-004,712.0,493,0,1,1,8,6,785.3285199860479,shop_total_revenue,Выручка магазина,baseline_hgb_v2
2023-12-24 08:00:00,4,Татнефть-АЗС-005,239.0,217,0,0,1,8,6,218.20039642962124,shop_total_revenue,Выручка магазина,baseline_hgb_v2
2023-12-24 09:00:00,0,Татнефть-АЗС-001,921.0,456,0,1,0,9,6,927.3089900112874,shop_total_revenue,Выручка магазина,baseline_hgb_v2
2023-12-24 09:00:00,1,Татнефть-АЗС-002,0.0,111,0,1,0,9,6,5.90370968940695,shop_total_revenue,Выручка магазина,baseline_hgb_v2
2023-12-24 09:00:00,2,Татнефть-АЗС-003,716.0,482,0,0,1,9,6,1009.2076195282921,shop_total_revenue,Выручка магазина,baseline_hgb_v2
2023-12-24 09:00:00,3,Татнефть-АЗС-004,1713.0,688,0,1,1,9,6,1522.4302310142168,shop_total_revenue,Выручка магазина,baseline_hgb_v2
2023-12-24 09:00:00,4,Татнефть-АЗС-005,245.0,223,0,0,1,9,6,231.84180455136973,shop_total_revenue,Выручка магазина,baseline_hgb_v2
2023-12-24 10:00:00,0,Татнефть-АЗС-001,0.0,123,0,1,0,10,6,-0.22023548127975054,shop_total_revenue,Выручка магазина,baseline_hgb_v2
2023-12-24 10:00:00,1,Татнефть-АЗС-002,0.0,41,0,1,0,10,6,-0.22023548127975054,shop_total_revenue,Выручка магазина,baseline_hgb_v2
2023-12-24 10:00:00,2,Татнефть-АЗС-003,0.0,144,0,0,1,10,6,-5.440575268974034,shop_total_revenue,Выручка магазина,baseline_hgb_v2
2023-12-24 10:00:00,3,Татнефть-АЗС-004,357.0,277,0,1,1,10,6,159.76863732130118,shop_total_revenue,Выручка магазина,baseline_hgb_v2
2023-12-24 10:00:00,4,Татнефть-АЗС-005,0.0,55,1,0,1,10,6,-0.4024643891823787,shop_total_revenue,Выручка магазина,baseline_hgb_v2
2023-12-24 11:00:00,0,Татнефть-АЗС-001,0.0,157,0,1,0,11,6,-1.2371642129239537,shop_total_revenue,Выручка магазина,baseline_hgb_v2
2023-12-24 11:00:00,1,Татнефть-АЗС-002,0.0,38,1,1,0,11,6,0.15679689766835977,shop_total_revenue,Выручка магазина,baseline_hgb_v2
2023-12-24 11:00:00,2,Татнефть-АЗС-003,0.0,123,1,0,1,11,6,-0.4024643891823787,shop_total_revenue,Выручка магазина,baseline_hgb_v2
2023-12-24 11:00:00,3,Татнефть-АЗС-004,0.0,173,0,1,1,11,6,-1.5267983460012517,shop_total_revenue,Выручка магазина,baseline_hgb_v2
2023-12-24 11:00:00,4,Татнефть-АЗС-005,0.0,41,0,0,1,11,6,-0.4024643891823787,shop_total_revenue,Выручка магазина,baseline_hgb_v2
2023-12-24 12:00:00,0,Татнефть-АЗС-001,318.0,165,0,1,0,12,6,158.96556588645305,shop_total_revenue,Выручка магазина,baseline_hgb_v2
2023-12-24 12:00:00,1,Татнефть-АЗС-002,0.0,59,0,1,0,12,6,0.7685571271440673,shop_total_revenue,Выручка магазина,baseline_hgb_v2
2023-12-24 12:00:00,2,Татнефть-АЗС-003,0.0,127,0,0,1,12,6,-0.2130954959861049,shop_total_revenue,Выручка магазина,baseline_hgb_v2
2023-12-24 12:00:00,3,Татнефть-АЗС-004,360.0,173,1,1,1,12,6,220.63483631909452,shop_total_revenue,Выручка магазина,baseline_hgb_v2
2023-12-24 12:00:00,4,Татнефть-АЗС-005,0.0,60,0,0,1,12,6,0.5863282192414392,shop_total_revenue,Выручка магазина,baseline_hgb_v2
2023-12-24 13:00:00,0,Татнефть-АЗС-001,0.0,119,1,1,0,13,6,-0.8728377430511058,shop_total_revenue,Выручка магазина,baseline_hgb_v2
2023-12-24 13:00:00,1,Татнефть-АЗС-002,0.0,40,0,1,0,13,6,-0.030866588083476747,shop_total_revenue,Выручка магазина,baseline_hgb_v2
2023-12-24 13:00:00,2,Татнефть-АЗС-003,0.0,120,0,0,1,13,6,-0.2130954959861049,shop_total_revenue,Выручка магазина,baseline_hgb_v2
2023-12-24 13:00:00,3,Татнефть-АЗС-004,0.0,107,0,1,1,13,6,-0.030866588083476747,shop_total_revenue,Выручка магазина,baseline_hgb_v2
2023-12-24 13:00:00,4,Татнефть-АЗС-005,0.0,40,0,0,1,13,6,-0.2130954959861049,shop_total_revenue,Выручка магазина,baseline_hgb_v2
2023-12-24 14:00:00,0,Татнефть-АЗС-001,0.0,134,0,1,0,14,6,-3.1216991280949236,shop_total_revenue,Выручка магазина,baseline_hgb_v2
2023-12-24 14:00:00,1,Татнефть-АЗС-002,0.0,40,0,1,0,14,6,-0.030866588083476747,shop_total_revenue,Выручка магазина,baseline_hgb_v2
2023-12-24 14:00:00,2,Татнефть-АЗС-003,0.0,126,0,0,1,14,6,-0.2130954959861049,shop_total_revenue,Выручка магазина,baseline_hgb_v2
2023-12-24 14:00:00,3,Татнефть-АЗС-004,372.0,197,0,1,1,14,6,280.7221473068887,shop_total_revenue,Выручка магазина,baseline_hgb_v2
2023-12-24 14:00:00,4,Татнефть-АЗС-005,0.0,55,0,0,1,14,6,0.5863282192414392,shop_total_revenue,Выручка магазина,baseline_hgb_v2
2023-12-24 15:00:00,0,Татнефть-АЗС-001,0.0,199,0,1,0,15,6,11.263259576502168,shop_total_revenue,Выручка магазина,baseline_hgb_v2
2023-12-24 15:00:00,1,Татнефть-АЗС-002,0.0,53,1,1,0,15,6,0.4296006541515356,shop_total_revenue,Выручка магазина,baseline_hgb_v2
2023-12-24 15:00:00,2,Татнефть-АЗС-003,0.0,184,1,0,1,15,6,1.1139002844312973,shop_total_revenue,Выручка магазина,baseline_hgb_v2
2023-12-24 15:00:00,3,Татнефть-АЗС-004,0.0,170,0,1,1,15,6,4.528800677219567,shop_total_revenue,Выручка магазина,baseline_hgb_v2
2023-12-24 15:00:00,4,Татнефть-АЗС-005,0.0,51,0,0,1,15,6,0.24737174624890745,shop_total_revenue,Выручка магазина,baseline_hgb_v2
2023-12-24 16:00:00,0,Татнефть-АЗС-001,0.0,190,1,1,0,16,6,9.034472066145511,shop_total_revenue,Выручка магазина,baseline_hgb_v2
2023-12-24 16:00:00,1,Татнефть-АЗС-002,0.0,68,0,1,0,16,6,-0.15228306851351836,shop_total_revenue,Выручка магазина,baseline_hgb_v2
2023-12-24 16:00:00,2,Татнефть-АЗС-003,0.0,244,0,0,1,16,6,65.5914451177444,shop_total_revenue,Выручка магазина,baseline_hgb_v2
2023-12-24 16:00:00,3,Татнефть-АЗС-004,0.0,119,0,1,1,16,6,-0.15228306851351836,shop_total_revenue,Выручка магазина,baseline_hgb_v2
2023-12-24 16:00:00,4,Татнефть-АЗС-005,0.0,42,0,0,1,16,6,-0.3345119764161465,shop_total_revenue,Выручка магазина,baseline_hgb_v2
2023-12-24 17:00:00,0,Татнефть-АЗС-001,650.0,376,0,1,0,17,6,581.9533402109546,shop_total_revenue,Выручка магазина,baseline_hgb_v2
2023-12-24 17:00:00,1,Татнефть-АЗС-002,323.0,243,0,1,0,17,6,341.0945326172306,shop_total_revenue,Выручка магазина,baseline_hgb_v2
2023-12-24 17:00:00,2,Татнефть-АЗС-003,1785.0,738,0,0,1,17,6,1581.5864019850233,shop_total_revenue,Выручка магазина,baseline_hgb_v2
2023-12-24 17:00:00,3,Татнефть-АЗС-004,1430.0,527,0,1,1,17,6,1095.3015993145775,shop_total_revenue,Выручка магазина,baseline_hgb_v2
2023-12-24 17:00:00,4,Татнефть-АЗС-005,0.0,169,0,0,1,17,6,108.24661901790999,shop_total_revenue,Выручка магазина,baseline_hgb_v2
2023-12-24 18:00:00,0,Татнефть-АЗС-001,649.0,525,0,1,0,18,6,1087.7834846072979,shop_total_revenue,Выручка магазина,baseline_hgb_v2
2023-12-24 18:00:00,1,Татнефть-АЗС-002,307.0,217,0,1,0,18,6,313.800463448948,shop_total_revenue,Выручка магазина,baseline_hgb_v2
2023-12-24 18:00:00,2,Татнефть-АЗС-003,1441.0,733,1,0,1,18,6,1537.2209765355617,shop_total_revenue,Выручка магазина,baseline_hgb_v2
2023-12-24 18:00:00,3,Татнефть-АЗС-004,660.0,417,0,1,1,18,6,756.4819106694341,shop_total_revenue,Выручка магазина,baseline_hgb_v2
2023-12-24 18:00:00,4,Татнефть-АЗС-005,238.0,174,1,0,1,18,6,109.12153063228831,shop_total_revenue,Выручка магазина,baseline_hgb_v2
2023-12-24 19:00:00,0,Татнефть-АЗС-001,890.0,524,1,1,0,19,6,1079.025928061137,shop_total_revenue,Выручка магазина,baseline_hgb_v2
2023-12-24 19:00:00,1,Татнефть-АЗС-002,315.0,245,0,1,0,19,6,345.7518930751767,shop_total_revenue,Выручка магазина,baseline_hgb_v2
2023-12-24 19:00:00,2,Татнефть-АЗС-003,753.0,566,1,0,1,19,6,1049.1919372725629,shop_total_revenue,Выручка магазина,baseline_hgb_v2
2023-12-24 19:00:00,3,Татнефть-АЗС-004,1093.0,515,0,1,1,19,6,1122.9598692685122,shop_total_revenue,Выручка магазина,baseline_hgb_v2
2023-12-24 19:00:00,4,Татнефть-АЗС-005,240.0,173,0,0,1,19,6,108.96779925091337,shop_total_revenue,Выручка магазина,baseline_hgb_v2
2023-12-24 20:00:00,0,Татнефть-АЗС-001,0.0,176,1,1,0,20,6,2.0779565512673956,shop_total_revenue,Выручка магазина,baseline_hgb_v2
2023-12-24 20:00:00,1,Татнефть-АЗС-002,0.0,61,1,1,0,20,6,-0.15228306851351836,shop_total_revenue,Выручка магазина,baseline_hgb_v2
2023-12-24 20:00:00,2,Татнефть-АЗС-003,0.0,274,0,0,1,20,6,165.66190860079644,shop_total_revenue,Выручка магазина,baseline_hgb_v2
2023-12-24 20:00:00,3,Татнефть-АЗС-004,0.0,169,0,1,1,20,6,4.324493083183609,shop_total_revenue,Выручка магазина,baseline_hgb_v2
2023-12-24 20:00:00,4,Татнефть-АЗС-005,0.0,62,1,0,1,20,6,0.24737174624890745,shop_total_revenue,Выручка магазина,baseline_hgb_v2
2023-12-24 21:00:00,0,Татнефть-АЗС-001,0.0,174,0,1,0,21,6,2.0779565512673956,shop_total_revenue,Выручка магазина,baseline_hgb_v2
2023-12-24 21:00:00,1,Татнефть-АЗС-002,0.0,49,0,1,0,21,6,0.4296006541515356,shop_total_revenue,Выручка магазина,baseline_hgb_v2
2023-12-24 21:00:00,2,Татнефть-АЗС-003,0.0,201,1,0,1,21,6,-0.33633239803862613,shop_total_revenue,Выручка магазина,baseline_hgb_v2
2023-12-24 21:00:00,3,Татнефть-АЗС-004,0.0,117,0,1,1,21,6,-0.15228306851351836,shop_total_revenue,Выручка магазина,baseline_hgb_v2
2023-12-24 21:00:00,4,Татнефть-АЗС-005,0.0,42,0,0,1,21,6,-0.3345119764161465,shop_total_revenue,Выручка магазина,baseline_hgb_v2
2023-12-24 22:00:00,0,Татнефть-АЗС-001,0.0,37,0,1,0,22,6,0.4296006541515356,shop_total_revenue,Выручка магазина,baseline_hgb_v2
2023-12-24 22:00:00,1,Татнефть-АЗС-002,0.0,8,1,1,0,22,6,-0.15228306851351836,shop_total_revenue,Выручка магазина,baseline_hgb_v2
2023-12-24 22:00:00,2,Татнефть-АЗС-003,0.0,23,0,0,1,22,6,-0.3345119764161465,shop_total_revenue,Выручка магазина,baseline_hgb_v2
2023-12-24 22:00:00,3,Татнефть-АЗС-004,0.0,28,0,1,1,22,6,-0.06896258344921748,shop_total_revenue,Выручка магазина,baseline_hgb_v2
2023-12-24 22:00:00,4,Татнефть-АЗС-005,0.0,11,0,0,1,22,6,0.24737174624890745,shop_total_revenue,Выручка магазина,baseline_hgb_v2
2023-12-24 23:00:00,0,Татнефть-АЗС-001,0.0,35,0,1,0,23,6,0.4296006541515356,shop_total_revenue,Выручка магазина,baseline_hgb_v2
2023-12-24 23:00:00,1,Татнефть-АЗС-002,0.0,13,0,1,0,23,6,0.4296006541515356,shop_total_revenue,Выручка магазина,baseline_hgb_v2
2023-12-24 23:00:00,2,Татнефть-АЗС-003,0.0,41,0,0,1,23,6,0.24737174624890745,shop_total_revenue,Выручка магазина,baseline_hgb_v2
2023-12-24 23:00:00,3,Татнефть-АЗС-004,0.0,24,0,1,1,23,6,-0.15228306851351836,shop_total_revenue,Выручка магазина,baseline_hgb_v2
2023-12-24 23:00:00,4,Татнефть-АЗС-005,0.0,12,0,0,1,23,6,0.24737174624890745,shop_total_revenue,Выручка магазина,baseline_hgb_v2
2023-12-25 00:00:00,0,Татнефть-АЗС-001,0.0,21,0,1,0,0,0,0.08673581602778985,shop_total_revenue,Выручка магазина,baseline_hgb_v2
2023-12-25 00:00:00,1,Татнефть-АЗС-002,0.0,10,0,1,0,0,0,0.08673581602778985,shop_total_revenue,Выручка магазина,baseline_hgb_v2
2023-12-25 00:00:00,2,Татнефть-АЗС-003,0.0,21,0,0,1,0,0,-0.0954930918748383,shop_total_revenue,Выручка магазина,baseline_hgb_v2
2023-12-25 00:00:00,3,Татнефть-АЗС-004,0.0,28,0,1,1,0,0,0.8084064919371308,shop_total_revenue,Выручка магазина,baseline_hgb_v2
2023-12-25 00:00:00,4,Татнефть-АЗС-005,0.0,11,0,0,1,0,0,-0.0954930918748383,shop_total_revenue,Выручка магазина,baseline_hgb_v2
2023-12-25 01:00:00,0,Татнефть-АЗС-001,0.0,23,1,1,0,1,0,0.08673581602778985,shop_total_revenue,Выручка магазина,baseline_hgb_v2
2023-12-25 01:00:00,1,Татнефть-АЗС-002,0.0,10,0,1,0,1,0,0.08673581602778985,shop_total_revenue,Выручка магазина,baseline_hgb_v2
2023-12-25 01:00:00,2,Татнефть-АЗС-003,0.0,23,1,0,1,1,0,0.14308531484498066,shop_total_revenue,Выручка магазина,baseline_hgb_v2
2023-12-25 01:00:00,3,Татнефть-АЗС-004,0.0,30,1,1,1,1,0,0.8084064919371308,shop_total_revenue,Выручка магазина,baseline_hgb_v2
2023-12-25 01:00:00,4,Татнефть-АЗС-005,0.0,16,0,0,1,1,0,0.6261775840345026,shop_total_revenue,Выручка магазина,baseline_hgb_v2
2023-12-25 02:00:00,0,Татнефть-АЗС-001,0.0,24,0,1,0,2,0,0.08673581602778985,shop_total_revenue,Выручка магазина,baseline_hgb_v2
2023-12-25 02:00:00,1,Татнефть-АЗС-002,0.0,11,0,1,0,2,0,0.08673581602778985,shop_total_revenue,Выручка магазина,baseline_hgb_v2
2023-12-25 02:00:00,2,Татнефть-АЗС-003,0.0,30,0,0,1,2,0,0.6261775840345026,shop_total_revenue,Выручка магазина,baseline_hgb_v2
2023-12-25 02:00:00,3,Татнефть-АЗС-004,0.0,26,1,1,1,2,0,0.08673581602778985,shop_total_revenue,Выручка магазина,baseline_hgb_v2
2023-12-25 02:00:00,4,Татнефть-АЗС-005,0.0,10,0,0,1,2,0,-0.0954930918748383,shop_total_revenue,Выручка магазина,baseline_hgb_v2
2023-12-25 03:00:00,0,Татнефть-АЗС-001,0.0,23,1,1,0,3,0,0.08673581602778985,shop_total_revenue,Выручка магазина,baseline_hgb_v2
2023-12-25 03:00:00,1,Татнефть-АЗС-002,0.0,12,1,1,0,3,0,0.08673581602778985,shop_total_revenue,Выручка магазина,baseline_hgb_v2
2023-12-25 03:00:00,2,Татнефть-АЗС-003,0.0,34,0,0,1,3,0,0.6261775840345026,shop_total_revenue,Выручка магазина,baseline_hgb_v2
2023-12-25 03:00:00,3,Татнефть-АЗС-004,0.0,19,0,1,1,3,0,0.4637681949759002,shop_total_revenue,Выручка магазина,baseline_hgb_v2
2023-12-25 03:00:00,4,Татнефть-АЗС-005,0.0,10,0,0,1,3,0,-0.0954930918748383,shop_total_revenue,Выручка магазина,baseline_hgb_v2
2023-12-25 04:00:00,0,Татнефть-АЗС-001,0.0,22,1,1,0,4,0,0.08673581602778985,shop_total_revenue,Выручка магазина,baseline_hgb_v2
2023-12-25 04:00:00,1,Татнефть-АЗС-002,0.0,8,0,1,0,4,0,0.08673581602778985,shop_total_revenue,Выручка магазина,baseline_hgb_v2
2023-12-25 04:00:00,2,Татнефть-АЗС-003,0.0,29,0,0,1,4,0,0.6261775840345026,shop_total_revenue,Выручка магазина,baseline_hgb_v2
2023-12-25 04:00:00,3,Татнефть-АЗС-004,0.0,18,1,1,1,4,0,0.32531422274760874,shop_total_revenue,Выручка магазина,baseline_hgb_v2
2023-12-25 04:00:00,4,Татнефть-АЗС-005,0.0,10,1,0,1,4,0,0.2815392870732721,shop_total_revenue,Выручка магазина,baseline_hgb_v2
2023-12-25 05:00:00,0,Татнефть-АЗС-001,0.0,29,0,1,0,5,0,0.8084064919371308,shop_total_revenue,Выручка магазина,baseline_hgb_v2
2023-12-25 05:00:00,1,Татнефть-АЗС-002,0.0,9,0,1,0,5,0,0.08673581602778985,shop_total_revenue,Выручка магазина,baseline_hgb_v2
2023-12-25 05:00:00,2,Татнефть-АЗС-003,0.0,22,0,0,1,5,0,-0.0954930918748383,shop_total_revenue,Выручка магазина,baseline_hgb_v2
2023-12-25 05:00:00,3,Татнефть-АЗС-004,0.0,24,0,1,1,5,0,0.08673581602778985,shop_total_revenue,Выручка магазина,baseline_hgb_v2
2023-12-25 05:00:00,4,Татнефть-АЗС-005,0.0,15,1,0,1,5,0,0.6261775840345026,shop_total_revenue,Выручка магазина,baseline_hgb_v2
2023-12-25 06:00:00,0,Татнефть-АЗС-001,0.0,92,1,1,0,6,0,0.08673581602778985,shop_total_revenue,Выручка магазина,baseline_hgb_v2
2023-12-25 06:00:00,1,Татнефть-АЗС-002,0.0,51,1,1,0,6,0,0.08673581602778985,shop_total_revenue,Выручка магазина,baseline_hgb_v2
2023-12-25 06:00:00,2,Татнефть-АЗС-003,0.0,112,1,0,1,6,0,-0.0954930918748383,shop_total_revenue,Выручка магазина,baseline_hgb_v2
2023-12-25 06:00:00,3,Татнефть-АЗС-004,0.0,243,0,1,1,6,0,49.93863651797311,shop_total_revenue,Выручка магазина,baseline_hgb_v2
2023-12-25 06:00:00,4,Татнефть-АЗС-005,0.0,105,1,0,1,6,0,0.6261775840345026,shop_total_revenue,Выручка магазина,baseline_hgb_v2
2023-12-25 07:00:00,0,Татнефть-АЗС-001,310.0,364,0,1,0,7,0,667.08874537489,shop_total_revenue,Выручка магазина,baseline_hgb_v2
2023-12-25 07:00:00,1,Татнефть-АЗС-002,0.0,145,0,1,0,7,0,22.625368706621295,shop_total_revenue,Выручка магазина,baseline_hgb_v2
2023-12-25 07:00:00,2,Татнефть-АЗС-003,722.0,365,1,0,1,7,0,681.4073333014883,shop_total_revenue,Выручка магазина,baseline_hgb_v2
2023-12-25 07:00:00,3,Татнефть-АЗС-004,713.0,399,1,1,1,7,0,619.0923972280882,shop_total_revenue,Выручка магазина,baseline_hgb_v2
2023-12-25 07:00:00,4,Татнефть-АЗС-005,235.0,213,0,0,1,7,0,202.64100268216353,shop_total_revenue,Выручка магазина,baseline_hgb_v2
2023-12-25 08:00:00,0,Татнефть-АЗС-001,924.0,371,0,1,0,8,0,686.4691222512752,shop_total_revenue,Выручка магазина,baseline_hgb_v2
2023-12-25 08:00:00,1,Татнефть-АЗС-002,0.0,129,1,1,0,8,0,8.737812679307556,shop_total_revenue,Выручка магазина,baseline_hgb_v2
2023-12-25 08:00:00,2,Татнефть-АЗС-003,372.0,238,0,0,1,8,0,239.81879440064444,shop_total_revenue,Выручка магазина,baseline_hgb_v2
2023-12-25 08:00:00,3,Татнефть-АЗС-004,1794.0,601,0,1,1,8,0,1257.5308084926025,shop_total_revenue,Выручка магазина,baseline_hgb_v2
2023-12-25 08:00:00,4,Татнефть-АЗС-005,245.0,198,0,0,1,8,0,156.93456725004816,shop_total_revenue,Выручка магазина,baseline_hgb_v2
2023-12-25 09:00:00,0,Татнефть-АЗС-001,309.0,281,0,1,0,9,0,349.1954629170395,shop_total_revenue,Выручка магазина,baseline_hgb_v2
2023-12-25 09:00:00,1,Татнефть-АЗС-002,0.0,139,0,1,0,9,0,19.45251141969785,shop_total_revenue,Выручка магазина,baseline_hgb_v2
2023-12-25 09:00:00,2,Татнефть-АЗС-003,716.0,362,0,0,1,9,0,670.2571599080277,shop_total_revenue,Выручка магазина,baseline_hgb_v2
2023-12-25 09:00:00,3,Татнефть-АЗС-004,1031.0,589,0,1,1,9,0,1240.2936887608569,shop_total_revenue,Выручка магазина,baseline_hgb_v2
2023-12-25 09:00:00,4,Татнефть-АЗС-005,0.0,204,0,0,1,9,0,171.17676786757113,shop_total_revenue,Выручка магазина,baseline_hgb_v2
2023-12-25 10:00:00,0,Татнефть-АЗС-001,0.0,77,0,1,0,10,0,0.08673581602778985,shop_total_revenue,Выручка магазина,baseline_hgb_v2
2023-12-25 10:00:00,1,Татнефть-АЗС-002,0.0,68,0,1,0,10,0,0.8084064919371308,shop_total_revenue,Выручка магазина,baseline_hgb_v2
2023-12-25 10:00:00,2,Татнефть-АЗС-003,0.0,89,0,0,1,10,0,-0.0954930918748383,shop_total_revenue,Выручка магазина,baseline_hgb_v2
2023-12-25 10:00:00,3,Татнефть-АЗС-004,0.0,179,1,1,1,10,0,5.614566551679353,shop_total_revenue,Выручка магазина,baseline_hgb_v2
2023-12-25 10:00:00,4,Татнефть-АЗС-005,0.0,76,1,0,1,10,0,-0.0954930918748383,shop_total_revenue,Выручка магазина,baseline_hgb_v2
2023-12-25 11:00:00,0,Татнефть-АЗС-001,0.0,138,1,1,0,11,0,0.10534068204256239,shop_total_revenue,Выручка магазина,baseline_hgb_v2
2023-12-25 11:00:00,1,Татнефть-АЗС-002,0.0,70,0,1,0,11,0,0.8084064919371308,shop_total_revenue,Выручка магазина,baseline_hgb_v2
2023-12-25 11:00:00,2,Татнефть-АЗС-003,0.0,75,0,0,1,11,0,-0.0954930918748383,shop_total_revenue,Выручка магазина,baseline_hgb_v2
2023-12-25 11:00:00,3,Татнефть-АЗС-004,0.0,98,1,1,1,11,0,0.08673581602778985,shop_total_revenue,Выручка магазина,baseline_hgb_v2
2023-12-25 11:00:00,4,Татнефть-АЗС-005,0.0,48,0,0,1,11,0,-0.0954930918748383,shop_total_revenue,Выручка магазина,baseline_hgb_v2
2023-12-25 12:00:00,0,Татнефть-АЗС-001,0.0,100,1,1,0,12,0,-0.5658664457435655,shop_total_revenue,Выручка магазина,baseline_hgb_v2
2023-12-25 12:00:00,1,Татнефть-АЗС-002,0.0,45,1,1,0,12,0,0.2761047092240636,shop_total_revenue,Выручка магазина,baseline_hgb_v2
2023-12-25 12:00:00,2,Татнефть-АЗС-003,0.0,102,1,0,1,12,0,0.09387580132143551,shop_total_revenue,Выручка магазина,baseline_hgb_v2
2023-12-25 12:00:00,3,Татнефть-АЗС-004,0.0,148,1,1,1,12,0,55.2740573686706,shop_total_revenue,Выручка магазина,baseline_hgb_v2
2023-12-25 12:00:00,4,Татнефть-АЗС-005,0.0,76,0,0,1,12,0,0.8932995165489797,shop_total_revenue,Выручка магазина,baseline_hgb_v2
2023-12-25 13:00:00,0,Татнефть-АЗС-001,0.0,119,0,1,0,13,0,-0.5658664457435655,shop_total_revenue,Выручка магазина,baseline_hgb_v2
2023-12-25 13:00:00,1,Татнефть-АЗС-002,0.0,72,0,1,0,13,0,1.0755284244516075,shop_total_revenue,Выручка магазина,baseline_hgb_v2
2023-12-25 13:00:00,2,Татнефть-АЗС-003,0.0,93,1,0,1,13,0,0.09387580132143551,shop_total_revenue,Выручка магазина,baseline_hgb_v2
2023-12-25 13:00:00,3,Татнефть-АЗС-004,356.0,147,0,1,1,13,0,48.1155058221244,shop_total_revenue,Выручка магазина,baseline_hgb_v2
2023-12-25 13:00:00,4,Татнефть-АЗС-005,0.0,75,0,0,1,13,0,0.8932995165489797,shop_total_revenue,Выручка магазина,baseline_hgb_v2
2023-12-25 14:00:00,0,Татнефть-АЗС-001,0.0,121,1,1,0,14,0,0.48832578666698795,shop_total_revenue,Выручка магазина,baseline_hgb_v2
2023-12-25 14:00:00,1,Татнефть-АЗС-002,0.0,65,1,1,0,14,0,1.0755284244516075,shop_total_revenue,Выручка магазина,baseline_hgb_v2
2023-12-25 14:00:00,2,Татнефть-АЗС-003,0.0,140,0,0,1,14,0,2.3029709479169256,shop_total_revenue,Выручка магазина,baseline_hgb_v2
2023-12-25 14:00:00,3,Татнефть-АЗС-004,0.0,149,0,1,1,14,0,50.62820824596508,shop_total_revenue,Выручка магазина,baseline_hgb_v2
2023-12-25 14:00:00,4,Татнефть-АЗС-005,0.0,47,0,0,1,14,0,0.3324542080412545,shop_total_revenue,Выручка магазина,baseline_hgb_v2
2023-12-25 15:00:00,0,Татнефть-АЗС-001,0.0,103,1,1,0,15,0,0.15468822879402203,shop_total_revenue,Выручка магазина,baseline_hgb_v2
2023-12-25 15:00:00,1,Татнефть-АЗС-002,0.0,43,1,1,0,15,0,0.15468822879402203,shop_total_revenue,Выручка магазина,baseline_hgb_v2
2023-12-25 15:00:00,2,Татнефть-АЗС-003,0.0,96,0,0,1,15,0,-0.027540679108606095,shop_total_revenue,Выручка магазина,baseline_hgb_v2
2023-12-25 15:00:00,3,Татнефть-АЗС-004,0.0,106,0,1,1,15,0,0.15468822879402203,shop_total_revenue,Выручка магазина,baseline_hgb_v2
2023-12-25 15:00:00,4,Татнефть-АЗС-005,0.0,59,1,0,1,15,0,0.20970474659521726,shop_total_revenue,Выручка магазина,baseline_hgb_v2
2023-12-25 16:00:00,0,Татнефть-АЗС-001,0.0,93,1,1,0,16,0,0.15468822879402203,shop_total_revenue,Выручка магазина,baseline_hgb_v2
2023-12-25 16:00:00,1,Татнефть-АЗС-002,0.0,70,0,1,0,16,0,0.15468822879402203,shop_total_revenue,Выручка магазина,baseline_hgb_v2
2023-12-25 16:00:00,2,Татнефть-АЗС-003,0.0,220,0,0,1,16,0,44.843384793125615,shop_total_revenue,Выручка магазина,baseline_hgb_v2
2023-12-25 16:00:00,3,Татнефть-АЗС-004,0.0,161,0,1,1,16,0,7.909532971984143,shop_total_revenue,Выручка магазина,baseline_hgb_v2
2023-12-25 16:00:00,4,Татнефть-АЗС-005,0.0,47,1,0,1,16,0,-0.027540679108606095,shop_total_revenue,Выручка магазина,baseline_hgb_v2
2023-12-25 17:00:00,0,Татнефть-АЗС-001,657.0,454,0,1,0,17,0,901.4727165453725,shop_total_revenue,Выручка магазина,baseline_hgb_v2
2023-12-25 17:00:00,1,Татнефть-АЗС-002,312.0,184,0,1,0,17,0,110.95067121651482,shop_total_revenue,Выручка магазина,baseline_hgb_v2
2023-12-25 17:00:00,2,Татнефть-АЗС-003,1387.0,616,1,0,1,17,0,1260.739206827304,shop_total_revenue,Выручка магазина,baseline_hgb_v2
2023-12-25 17:00:00,3,Татнефть-АЗС-004,727.0,411,1,1,1,17,0,760.8620275849175,shop_total_revenue,Выручка магазина,baseline_hgb_v2
2023-12-25 17:00:00,4,Татнефть-АЗС-005,237.0,178,0,0,1,17,0,111.05975652247132,shop_total_revenue,Выручка магазина,baseline_hgb_v2
2023-12-25 18:00:00,0,Татнефть-АЗС-001,619.0,367,0,1,0,18,0,642.3359651717727,shop_total_revenue,Выручка магазина,baseline_hgb_v2
2023-12-25 18:00:00,1,Татнефть-АЗС-002,319.0,205,0,1,0,18,0,282.2123781114551,shop_total_revenue,Выручка магазина,baseline_hgb_v2
2023-12-25 18:00:00,2,Татнефть-АЗС-003,1093.0,642,0,0,1,18,0,1335.7059410604093,shop_total_revenue,Выручка магазина,baseline_hgb_v2
2023-12-25 18:00:00,3,Татнефть-АЗС-004,357.0,306,0,1,1,18,0,343.2721215455837,shop_total_revenue,Выручка магазина,baseline_hgb_v2
2023-12-25 18:00:00,4,Татнефть-АЗС-005,0.0,149,0,0,1,18,0,14.494519195220395,shop_total_revenue,Выручка магазина,baseline_hgb_v2
2023-12-25 19:00:00,0,Татнефть-АЗС-001,941.0,403,1,1,0,19,0,765.472493040212,shop_total_revenue,Выручка магазина,baseline_hgb_v2
2023-12-25 19:00:00,1,Татнефть-АЗС-002,316.0,199,0,1,0,19,0,248.5522869589641,shop_total_revenue,Выручка магазина,baseline_hgb_v2
2023-12-25 19:00:00,2,Татнефть-АЗС-003,1823.0,668,0,0,1,19,0,1342.9595455419214,shop_total_revenue,Выручка магазина,baseline_hgb_v2
2023-12-25 19:00:00,3,Татнефть-АЗС-004,351.0,346,0,1,1,19,0,491.13581792533256,shop_total_revenue,Выручка магазина,baseline_hgb_v2
2023-12-25 19:00:00,4,Татнефть-АЗС-005,250.0,173,0,0,1,19,0,113.03955685858611,shop_total_revenue,Выручка магазина,baseline_hgb_v2
2023-12-25 20:00:00,0,Татнефть-АЗС-001,0.0,134,1,1,0,20,0,-0.40778929837612,shop_total_revenue,Выручка магазина,baseline_hgb_v2
2023-12-25 20:00:00,1,Татнефть-АЗС-002,0.0,90,0,1,0,20,0,0.7365719514590761,shop_total_revenue,Выручка магазина,baseline_hgb_v2
2023-12-25 20:00:00,2,Татнефть-АЗС-003,0.0,225,0,0,1,20,0,50.90736436211618,shop_total_revenue,Выручка магазина,baseline_hgb_v2
2023-12-25 20:00:00,3,Татнефть-АЗС-004,0.0,97,0,1,1,20,0,0.3919336544978454,shop_total_revenue,Выручка магазина,baseline_hgb_v2
2023-12-25 20:00:00,4,Татнефть-АЗС-005,0.0,73,1,0,1,20,0,0.5543430435564479,shop_total_revenue,Выручка магазина,baseline_hgb_v2
2023-12-25 21:00:00,0,Татнефть-АЗС-001,0.0,137,1,1,0,21,0,0.04430739403933425,shop_total_revenue,Выручка магазина,baseline_hgb_v2
2023-12-25 21:00:00,1,Татнефть-АЗС-002,0.0,49,0,1,0,21,0,0.15468822879402203,shop_total_revenue,Выручка магазина,baseline_hgb_v2
2023-12-25 21:00:00,2,Татнефть-АЗС-003,0.0,94,0,0,1,21,0,0.20970474659521726,shop_total_revenue,Выручка магазина,baseline_hgb_v2
2023-12-25 21:00:00,3,Татнефть-АЗС-004,0.0,96,0,1,1,21,0,0.15468822879402203,shop_total_revenue,Выручка магазина,baseline_hgb_v2
2023-12-25 21:00:00,4,Татнефть-АЗС-005,0.0,50,0,0,1,21,0,0.055779805955694775,shop_total_revenue,Выручка магазина,baseline_hgb_v2
2023-12-25 22:00:00,0,Татнефть-АЗС-001,0.0,25,0,1,0,22,0,0.1679973169074086,shop_total_revenue,Выручка магазина,baseline_hgb_v2
2023-12-25 22:00:00,1,Татнефть-АЗС-002,0.0,11,0,1,0,22,0,0.23800871385832292,shop_total_revenue,Выручка магазина,baseline_hgb_v2
2023-12-25 22:00:00,2,Татнефть-АЗС-003,0.0,33,0,0,1,22,0,0.5543430435564479,shop_total_revenue,Выручка магазина,baseline_hgb_v2
2023-12-25 22:00:00,3,Татнефть-АЗС-004,0.0,19,1,1,1,22,0,0.15468822879402203,shop_total_revenue,Выручка магазина,baseline_hgb_v2
2023-12-25 22:00:00,4,Татнефть-АЗС-005,0.0,10,0,0,1,22,0,-0.027540679108606095,shop_total_revenue,Выручка магазина,baseline_hgb_v2
2023-12-25 23:00:00,0,Татнефть-АЗС-001,0.0,31,0,1,0,23,0,0.7365719514590761,shop_total_revenue,Выручка магазина,baseline_hgb_v2
2023-12-25 23:00:00,1,Татнефть-АЗС-002,0.0,10,0,1,0,23,0,0.15468822879402203,shop_total_revenue,Выручка магазина,baseline_hgb_v2
2023-12-25 23:00:00,2,Татнефть-АЗС-003,0.0,25,0,0,1,23,0,-0.027540679108606095,shop_total_revenue,Выручка магазина,baseline_hgb_v2
2023-12-25 23:00:00,3,Татнефть-АЗС-004,0.0,31,0,1,1,23,0,0.7365719514590761,shop_total_revenue,Выручка магазина,baseline_hgb_v2
2023-12-25 23:00:00,4,Татнефть-АЗС-005,0.0,14,0,0,1,23,0,0.5543430435564479,shop_total_revenue,Выручка магазина,baseline_hgb_v2
2023-12-26 00:00:00,0,Татнефть-АЗС-001,0.0,20,1,1,0,0,1,0.08673581602778985,shop_total_revenue,Выручка магазина,baseline_hgb_v2
2023-12-26 00:00:00,1,Татнефть-АЗС-002,0.0,14,0,1,0,0,1,0.8084064919371308,shop_total_revenue,Выручка магазина,baseline_hgb_v2
2023-12-26 00:00:00,2,Татнефть-АЗС-003,0.0,21,0,0,1,0,1,-0.012172606810537431,shop_total_revenue,Выручка магазина,baseline_hgb_v2
2023-12-26 00:00:00,3,Татнефть-АЗС-004,0.0,23,0,1,1,0,1,0.08673581602778985,shop_total_revenue,Выручка магазина,baseline_hgb_v2
2023-12-26 00:00:00,4,Татнефть-АЗС-005,0.0,17,0,0,1,0,1,0.6261775840345026,shop_total_revenue,Выручка магазина,baseline_hgb_v2
2023-12-26 01:00:00,0,Татнефть-АЗС-001,0.0,23,1,1,0,1,1,0.08673581602778985,shop_total_revenue,Выручка магазина,baseline_hgb_v2
2023-12-26 01:00:00,1,Татнефть-АЗС-002,0.0,10,0,1,0,1,1,0.08673581602778985,shop_total_revenue,Выручка магазина,baseline_hgb_v2
2023-12-26 01:00:00,2,Татнефть-АЗС-003,0.0,32,0,0,1,1,1,0.6261775840345026,shop_total_revenue,Выручка магазина,baseline_hgb_v2
2023-12-26 01:00:00,3,Татнефть-АЗС-004,0.0,31,0,1,1,1,1,0.8084064919371308,shop_total_revenue,Выручка магазина,baseline_hgb_v2
2023-12-26 01:00:00,4,Татнефть-АЗС-005,0.0,10,1,0,1,1,1,-0.0954930918748383,shop_total_revenue,Выручка магазина,baseline_hgb_v2
2023-12-26 02:00:00,0,Татнефть-АЗС-001,0.0,20,0,1,0,2,1,0.17005630109209072,shop_total_revenue,Выручка магазина,baseline_hgb_v2
2023-12-26 02:00:00,1,Татнефть-АЗС-002,0.0,10,0,1,0,2,1,0.08673581602778985,shop_total_revenue,Выручка магазина,baseline_hgb_v2
2023-12-26 02:00:00,2,Татнефть-АЗС-003,0.0,21,0,0,1,2,1,-0.0954930918748383,shop_total_revenue,Выручка магазина,baseline_hgb_v2
2023-12-26 02:00:00,3,Татнефть-АЗС-004,0.0,29,0,1,1,2,1,0.8084064919371308,shop_total_revenue,Выручка магазина,baseline_hgb_v2
2023-12-26 02:00:00,4,Татнефть-АЗС-005,0.0,14,0,0,1,2,1,0.6261775840345026,shop_total_revenue,Выручка магазина,baseline_hgb_v2
2023-12-26 03:00:00,0,Татнефть-АЗС-001,0.0,22,0,1,0,3,1,0.569828085217312,shop_total_revenue,Выручка магазина,baseline_hgb_v2
2023-12-26 03:00:00,1,Татнефть-АЗС-002,0.0,12,1,1,0,3,1,0.08673581602778985,shop_total_revenue,Выручка магазина,baseline_hgb_v2
2023-12-26 03:00:00,2,Татнефть-АЗС-003,0.0,22,0,0,1,3,1,-0.0954930918748383,shop_total_revenue,Выручка магазина,baseline_hgb_v2
2023-12-26 03:00:00,3,Татнефть-АЗС-004,0.0,19,1,1,1,3,1,0.08673581602778985,shop_total_revenue,Выручка магазина,baseline_hgb_v2
2023-12-26 03:00:00,4,Татнефть-АЗС-005,0.0,16,1,0,1,3,1,0.6261775840345026,shop_total_revenue,Выручка магазина,baseline_hgb_v2
2023-12-26 04:00:00,0,Татнефть-АЗС-001,0.0,20,0,1,0,4,1,0.08673581602778985,shop_total_revenue,Выручка магазина,baseline_hgb_v2
2023-12-26 04:00:00,1,Татнефть-АЗС-002,0.0,10,0,1,0,4,1,0.08673581602778985,shop_total_revenue,Выручка магазина,baseline_hgb_v2
2023-12-26 04:00:00,2,Татнефть-АЗС-003,0.0,22,0,0,1,4,1,-0.0954930918748383,shop_total_revenue,Выручка магазина,baseline_hgb_v2
2023-12-26 04:00:00,3,Татнефть-АЗС-004,0.0,28,0,1,1,4,1,0.8084064919371308,shop_total_revenue,Выручка магазина,baseline_hgb_v2
2023-12-26 04:00:00,4,Татнефть-АЗС-005,0.0,13,0,0,1,4,1,0.6261775840345026,shop_total_revenue,Выручка магазина,baseline_hgb_v2
2023-12-26 05:00:00,0,Татнефть-АЗС-001,0.0,35,0,1,0,5,1,0.8084064919371308,shop_total_revenue,Выручка магазина,baseline_hgb_v2
2023-12-26 05:00:00,1,Татнефть-АЗС-002,0.0,15,0,1,0,5,1,0.8084064919371308,shop_total_revenue,Выручка магазина,baseline_hgb_v2
2023-12-26 05:00:00,2,Татнефть-АЗС-003,0.0,23,0,0,1,5,1,-0.0954930918748383,shop_total_revenue,Выручка магазина,baseline_hgb_v2
2023-12-26 05:00:00,3,Татнефть-АЗС-004,0.0,32,0,1,1,5,1,0.8084064919371308,shop_total_revenue,Выручка магазина,baseline_hgb_v2
2023-12-26 05:00:00,4,Татнефть-АЗС-005,0.0,10,0,0,1,5,1,-0.0954930918748383,shop_total_revenue,Выручка магазина,baseline_hgb_v2
2023-12-26 06:00:00,0,Татнефть-АЗС-001,0.0,157,0,1,0,6,1,4.480796481872941,shop_total_revenue,Выручка магазина,baseline_hgb_v2
2023-12-26 06:00:00,1,Татнефть-АЗС-002,0.0,46,0,1,0,6,1,0.4637681949759002,shop_total_revenue,Выручка магазина,baseline_hgb_v2
2023-12-26 06:00:00,2,Татнефть-АЗС-003,0.0,155,0,0,1,6,1,-2.0501211717175436,shop_total_revenue,Выручка магазина,baseline_hgb_v2
2023-12-26 06:00:00,3,Татнефть-АЗС-004,0.0,148,0,1,1,6,1,-0.5020209612217826,shop_total_revenue,Выручка магазина,baseline_hgb_v2
2023-12-26 06:00:00,4,Татнефть-АЗС-005,0.0,102,1,0,1,6,1,0.6261775840345026,shop_total_revenue,Выручка магазина,baseline_hgb_v2
2023-12-26 07:00:00,0,Татнефть-АЗС-001,313.0,237,0,1,0,7,1,314.6200698808181,shop_total_revenue,Выручка магазина,baseline_hgb_v2
2023-12-26 07:00:00,1,Татнефть-АЗС-002,0.0,134,0,1,0,7,1,11.308709667652646,shop_total_revenue,Выручка магазина,baseline_hgb_v2
2023-12-26 07:00:00,2,Татнефть-АЗС-003,367.0,273,1,0,1,7,1,297.1592251247453,shop_total_revenue,Выручка магазина,baseline_hgb_v2
2023-12-26 07:00:00,3,Татнефть-АЗС-004,1362.0,606,0,1,1,7,1,1299.544446623022,shop_total_revenue,Выручка магазина,baseline_hgb_v2
2023-12-26 07:00:00,4,Татнефть-АЗС-005,0.0,195,0,0,1,7,1,154.69271928864063,shop_total_revenue,Выручка магазина,baseline_hgb_v2
2023-12-26 08:00:00,0,Татнефть-АЗС-001,637.0,401,0,1,0,8,1,782.2600367708915,shop_total_revenue,Выручка магазина,baseline_hgb_v2
2023-12-26 08:00:00,1,Татнефть-АЗС-002,0.0,101,1,1,0,8,1,12.901093064995607,shop_total_revenue,Выручка магазина,baseline_hgb_v2
2023-12-26 08:00:00,2,Татнефть-АЗС-003,741.0,353,0,0,1,8,1,611.6382258683506,shop_total_revenue,Выручка магазина,baseline_hgb_v2
2023-12-26 08:00:00,3,Татнефть-АЗС-004,769.0,377,0,1,1,8,1,500.98481833116864,shop_total_revenue,Выручка магазина,baseline_hgb_v2
2023-12-26 08:00:00,4,Татнефть-АЗС-005,520.0,284,0,0,1,8,1,310.77132211207555,shop_total_revenue,Выручка магазина,baseline_hgb_v2
2023-12-26 09:00:00,0,Татнефть-АЗС-001,615.0,391,0,1,0,9,1,721.3117658254995,shop_total_revenue,Выручка магазина,baseline_hgb_v2
2023-12-26 09:00:00,1,Татнефть-АЗС-002,0.0,111,0,1,0,9,1,8.777020117920468,shop_total_revenue,Выручка магазина,baseline_hgb_v2
2023-12-26 09:00:00,2,Татнефть-АЗС-003,0.0,241,0,0,1,9,1,236.0383045981241,shop_total_revenue,Выручка магазина,baseline_hgb_v2
2023-12-26 09:00:00,3,Татнефть-АЗС-004,364.0,402,0,1,1,9,1,592.2014772456397,shop_total_revenue,Выручка магазина,baseline_hgb_v2
2023-12-26 09:00:00,4,Татнефть-АЗС-005,241.0,236,1,0,1,9,1,241.98446709631926,shop_total_revenue,Выручка магазина,baseline_hgb_v2
2023-12-26 10:00:00,0,Татнефть-АЗС-001,0.0,107,1,1,0,10,1,0.08673581602778985,shop_total_revenue,Выручка магазина,baseline_hgb_v2
2023-12-26 10:00:00,1,Татнефть-АЗС-002,0.0,53,0,1,0,10,1,0.4637681949759002,shop_total_revenue,Выручка магазина,baseline_hgb_v2
2023-12-26 10:00:00,2,Татнефть-АЗС-003,0.0,105,0,0,1,10,1,-0.0954930918748383,shop_total_revenue,Выручка магазина,baseline_hgb_v2
2023-12-26 10:00:00,3,Татнефть-АЗС-004,0.0,164,1,1,1,10,1,9.081084047556775,shop_total_revenue,Выручка магазина,baseline_hgb_v2
2023-12-26 10:00:00,4,Татнефть-АЗС-005,0.0,64,1,0,1,10,1,-0.0954930918748383,shop_total_revenue,Выручка магазина,baseline_hgb_v2
2023-12-26 11:00:00,0,Татнефть-АЗС-001,0.0,103,0,1,0,11,1,0.08673581602778985,shop_total_revenue,Выручка магазина,baseline_hgb_v2
2023-12-26 11:00:00,1,Татнефть-АЗС-002,0.0,63,0,1,0,11,1,0.8084064919371308,shop_total_revenue,Выручка магазина,baseline_hgb_v2
2023-12-26 11:00:00,2,Татнефть-АЗС-003,0.0,107,1,0,1,11,1,-0.0954930918748383,shop_total_revenue,Выручка магазина,baseline_hgb_v2
2023-12-26 11:00:00,3,Татнефть-АЗС-004,0.0,148,0,1,1,11,1,-5.5271495867856295,shop_total_revenue,Выручка магазина,baseline_hgb_v2
2023-12-26 11:00:00,4,Татнефть-АЗС-005,0.0,58,1,0,1,11,1,0.6261775840345026,shop_total_revenue,Выручка магазина,baseline_hgb_v2
2023-12-26 12:00:00,0,Татнефть-АЗС-001,0.0,141,0,1,0,12,1,16.200115690632572,shop_total_revenue,Выручка магазина,baseline_hgb_v2
2023-12-26 12:00:00,1,Татнефть-АЗС-002,0.0,72,0,1,0,12,1,1.0755284244516075,shop_total_revenue,Выручка магазина,baseline_hgb_v2
2023-12-26 12:00:00,2,Татнефть-АЗС-003,0.0,144,0,0,1,12,1,11.758082958955374,shop_total_revenue,Выручка магазина,baseline_hgb_v2
2023-12-26 12:00:00,3,Татнефть-АЗС-004,0.0,139,1,1,1,12,1,4.43890018303859,shop_total_revenue,Выручка магазина,baseline_hgb_v2
2023-12-26 12:00:00,4,Татнефть-АЗС-005,0.0,69,1,0,1,12,1,0.8932995165489797,shop_total_revenue,Выручка магазина,baseline_hgb_v2
2023-12-26 13:00:00,0,Татнефть-АЗС-001,0.0,148,1,1,0,13,1,51.4625228690314,shop_total_revenue,Выручка магазина,baseline_hgb_v2
2023-12-26 13:00:00,1,Татнефть-АЗС-002,0.0,76,1,1,0,13,1,1.0755284244516075,shop_total_revenue,Выручка магазина,baseline_hgb_v2
2023-12-26 13:00:00,2,Татнефть-АЗС-003,0.0,90,1,0,1,13,1,0.09387580132143551,shop_total_revenue,Выручка магазина,baseline_hgb_v2
2023-12-26 13:00:00,3,Татнефть-АЗС-004,0.0,103,1,1,1,13,1,0.2761047092240636,shop_total_revenue,Выручка магазина,baseline_hgb_v2
2023-12-26 13:00:00,4,Татнефть-АЗС-005,0.0,48,0,0,1,13,1,0.09387580132143551,shop_total_revenue,Выручка магазина,baseline_hgb_v2
2023-12-26 14:00:00,0,Татнефть-АЗС-001,0.0,101,1,1,0,14,1,-0.5658664457435655,shop_total_revenue,Выручка магазина,baseline_hgb_v2
2023-12-26 14:00:00,1,Татнефть-АЗС-002,0.0,42,1,1,0,14,1,0.5146831159438827,shop_total_revenue,Выручка магазина,baseline_hgb_v2
2023-12-26 14:00:00,2,Татнефть-АЗС-003,0.0,133,0,0,1,14,1,0.6657246170168205,shop_total_revenue,Выручка магазина,baseline_hgb_v2
2023-12-26 14:00:00,3,Татнефть-АЗС-004,0.0,147,1,1,1,14,1,48.1155058221244,shop_total_revenue,Выручка магазина,baseline_hgb_v2
2023-12-26 14:00:00,4,Татнефть-АЗС-005,0.0,46,0,0,1,14,1,0.09387580132143551,shop_total_revenue,Выручка магазина,baseline_hgb_v2
2023-12-26 15:00:00,0,Татнефть-АЗС-001,0.0,115,0,1,0,15,1,0.3919336544978454,shop_total_revenue,Выручка магазина,baseline_hgb_v2
2023-12-26 15:00:00,1,Татнефть-АЗС-002,0.0,67,1,1,0,15,1,0.7365719514590761,shop_total_revenue,Выручка магазина,baseline_hgb_v2
2023-12-26 15:00:00,2,Татнефть-АЗС-003,0.0,92,0,0,1,15,1,-0.027540679108606095,shop_total_revenue,Выручка магазина,baseline_hgb_v2
2023-12-26 15:00:00,3,Татнефть-АЗС-004,0.0,127,0,1,1,15,1,0.15468822879402203,shop_total_revenue,Выручка магазина,baseline_hgb_v2
2023-12-26 15:00:00,4,Татнефть-АЗС-005,0.0,46,1,0,1,15,1,-0.027540679108606095,shop_total_revenue,Выручка магазина,baseline_hgb_v2
2023-12-26 16:00:00,0,Татнефть-АЗС-001,0.0,157,0,1,0,16,1,4.686320662479923,shop_total_revenue,Выручка магазина,baseline_hgb_v2
2023-12-26 16:00:00,1,Татнефть-АЗС-002,0.0,72,0,1,0,16,1,0.15468822879402203,shop_total_revenue,Выручка магазина,baseline_hgb_v2
2023-12-26 16:00:00,2,Татнефть-АЗС-003,0.0,171,1,0,1,16,1,2.966955089482079,shop_total_revenue,Выручка магазина,baseline_hgb_v2
2023-12-26 16:00:00,3,Татнефть-АЗС-004,0.0,94,0,1,1,16,1,0.15468822879402203,shop_total_revenue,Выручка магазина,baseline_hgb_v2
2023-12-26 16:00:00,4,Татнефть-АЗС-005,0.0,63,0,0,1,16,1,0.5543430435564479,shop_total_revenue,Выручка магазина,baseline_hgb_v2
2023-12-26 17:00:00,0,Татнефть-АЗС-001,879.0,466,1,1,0,17,1,983.8145521223059,shop_total_revenue,Выручка магазина,baseline_hgb_v2
2023-12-26 17:00:00,1,Татнефть-АЗС-002,630.0,326,1,1,0,17,1,606.3511921046169,shop_total_revenue,Выручка магазина,baseline_hgb_v2
2023-12-26 17:00:00,2,Татнефть-АЗС-003,1149.0,638,1,0,1,17,1,1377.518387832401,shop_total_revenue,Выручка магазина,baseline_hgb_v2
2023-12-26 17:00:00,3,Татнефть-АЗС-004,347.0,310,1,1,1,17,1,353.005757704371,shop_total_revenue,Выручка магазина,baseline_hgb_v2
2023-12-26 17:00:00,4,Татнефть-АЗС-005,0.0,201,0,0,1,17,1,201.01712743770787,shop_total_revenue,Выручка магазина,baseline_hgb_v2
2023-12-26 18:00:00,0,Татнефть-АЗС-001,608.0,445,1,1,0,18,1,894.768000634468,shop_total_revenue,Выручка магазина,baseline_hgb_v2
2023-12-26 18:00:00,1,Татнефть-АЗС-002,617.0,334,0,1,0,18,1,627.1230497952406,shop_total_revenue,Выручка магазина,baseline_hgb_v2
2023-12-26 18:00:00,2,Татнефть-АЗС-003,1074.0,550,0,0,1,18,1,1209.9353739971918,shop_total_revenue,Выручка магазина,baseline_hgb_v2
2023-12-26 18:00:00,3,Татнефть-АЗС-004,347.0,315,0,1,1,18,1,353.23818237786924,shop_total_revenue,Выручка магазина,baseline_hgb_v2
2023-12-26 18:00:00,4,Татнефть-АЗС-005,0.0,218,0,0,1,18,1,238.4976575494517,shop_total_revenue,Выручка магазина,baseline_hgb_v2
2023-12-26 19:00:00,0,Татнефть-АЗС-001,313.0,293,0,1,0,19,1,367.53136265933625,shop_total_revenue,Выручка магазина,baseline_hgb_v2
2023-12-26 19:00:00,1,Татнефть-АЗС-002,624.0,309,0,1,0,19,1,524.8384956933525,shop_total_revenue,Выручка магазина,baseline_hgb_v2
2023-12-26 19:00:00,2,Татнефть-АЗС-003,366.0,416,1,0,1,19,1,719.0654706657795,shop_total_revenue,Выручка магазина,baseline_hgb_v2
2023-12-26 19:00:00,3,Татнефть-АЗС-004,688.0,290,1,1,1,19,1,304.6492991874741,shop_total_revenue,Выручка магазина,baseline_hgb_v2
2023-12-26 19:00:00,4,Татнефть-АЗС-005,0.0,152,1,0,1,19,1,37.78890614844142,shop_total_revenue,Выручка магазина,baseline_hgb_v2
2023-12-26 20:00:00,0,Татнефть-АЗС-001,0.0,93,0,1,0,20,1,0.15468822879402203,shop_total_revenue,Выручка магазина,baseline_hgb_v2
2023-12-26 20:00:00,1,Татнефть-АЗС-002,0.0,113,0,1,0,20,1,0.7365719514590761,shop_total_revenue,Выручка магазина,baseline_hgb_v2
2023-12-26 20:00:00,2,Татнефть-АЗС-003,0.0,200,0,0,1,20,1,4.488862877306761,shop_total_revenue,Выручка магазина,baseline_hgb_v2
2023-12-26 20:00:00,3,Татнефть-АЗС-004,0.0,153,1,1,1,20,1,1.2158258497941798,shop_total_revenue,Выручка магазина,baseline_hgb_v2
2023-12-26 20:00:00,4,Татнефть-АЗС-005,0.0,44,1,0,1,20,1,-0.027540679108606095,shop_total_revenue,Выручка магазина,baseline_hgb_v2
2023-12-26 21:00:00,0,Татнефть-АЗС-001,0.0,152,0,1,0,21,1,2.767790400814109,shop_total_revenue,Выручка магазина,baseline_hgb_v2
2023-12-26 21:00:00,1,Татнефть-АЗС-002,0.0,53,0,1,0,21,1,0.15468822879402203,shop_total_revenue,Выручка магазина,baseline_hgb_v2
2023-12-26 21:00:00,2,Татнефть-АЗС-003,0.0,148,0,0,1,21,1,0.2916149698014599,shop_total_revenue,Выручка магазина,baseline_hgb_v2
2023-12-26 21:00:00,3,Татнефть-АЗС-004,0.0,144,0,1,1,21,1,-4.399933781323464,shop_total_revenue,Выручка магазина,baseline_hgb_v2
2023-12-26 21:00:00,4,Татнефть-АЗС-005,0.0,72,0,0,1,21,1,0.5543430435564479,shop_total_revenue,Выручка магазина,baseline_hgb_v2
2023-12-26 22:00:00,0,Татнефть-АЗС-001,0.0,33,1,1,0,22,1,0.7365719514590761,shop_total_revenue,Выручка магазина,baseline_hgb_v2
2023-12-26 22:00:00,1,Татнефть-АЗС-002,0.0,11,0,1,0,22,1,0.15468822879402203,shop_total_revenue,Выручка магазина,baseline_hgb_v2
2023-12-26 22:00:00,2,Татнефть-АЗС-003,0.0,24,1,0,1,22,1,-0.027540679108606095,shop_total_revenue,Выручка магазина,baseline_hgb_v2
2023-12-26 22:00:00,3,Татнефть-АЗС-004,0.0,27,1,1,1,22,1,0.15468822879402203,shop_total_revenue,Выручка магазина,baseline_hgb_v2
2023-12-26 22:00:00,4,Татнефть-АЗС-005,0.0,9,0,0,1,22,1,0.055779805955694775,shop_total_revenue,Выручка магазина,baseline_hgb_v2
2023-12-26 23:00:00,0,Татнефть-АЗС-001,0.0,30,0,1,0,23,1,0.7365719514590761,shop_total_revenue,Выручка магазина,baseline_hgb_v2
2023-12-26 23:00:00,1,Татнефть-АЗС-002,0.0,14,0,1,0,23,1,0.7365719514590761,shop_total_revenue,Выручка магазина,baseline_hgb_v2
2023-12-26 23:00:00,2,Татнефть-АЗС-003,0.0,26,0,0,1,23,1,0.5543430435564479,shop_total_revenue,Выручка магазина,baseline_hgb_v2
2023-12-26 23:00:00,3,Татнефть-АЗС-004,0.0,32,0,1,1,23,1,0.7365719514590761,shop_total_revenue,Выручка магазина,baseline_hgb_v2
2023-12-26 23:00:00,4,Татнефть-АЗС-005,0.0,10,0,0,1,23,1,-0.027540679108606095,shop_total_revenue,Выручка магазина,baseline_hgb_v2
2023-12-27 00:00:00,0,Татнефть-АЗС-001,0.0,24,0,1,0,0,2,0.08673581602778985,shop_total_revenue,Выручка магазина,baseline_hgb_v2
2023-12-27 00:00:00,1,Татнефть-АЗС-002,0.0,15,0,1,0,0,2,0.8084064919371308,shop_total_revenue,Выручка магазина,baseline_hgb_v2
2023-12-27 00:00:00,2,Татнефть-АЗС-003,0.0,29,0,0,1,0,2,0.6261775840345026,shop_total_revenue,Выручка магазина,baseline_hgb_v2
2023-12-27 00:00:00,3,Татнефть-АЗС-004,0.0,21,1,1,1,0,2,0.08673581602778985,shop_total_revenue,Выручка магазина,baseline_hgb_v2
2023-12-27 00:00:00,4,Татнефть-АЗС-005,0.0,16,0,0,1,0,2,0.6261775840345026,shop_total_revenue,Выручка магазина,baseline_hgb_v2
2023-12-27 01:00:00,0,Татнефть-АЗС-001,0.0,28,1,1,0,1,2,0.8084064919371308,shop_total_revenue,Выручка магазина,baseline_hgb_v2
2023-12-27 01:00:00,1,Татнефть-АЗС-002,0.0,9,0,1,0,1,2,0.08673581602778985,shop_total_revenue,Выручка магазина,baseline_hgb_v2
2023-12-27 01:00:00,2,Татнефть-АЗС-003,0.0,32,1,0,1,1,2,0.6261775840345026,shop_total_revenue,Выручка магазина,baseline_hgb_v2
2023-12-27 01:00:00,3,Татнефть-АЗС-004,0.0,34,1,1,1,1,2,0.8084064919371308,shop_total_revenue,Выручка магазина,baseline_hgb_v2
2023-12-27 01:00:00,4,Татнефть-АЗС-005,0.0,9,1,0,1,1,2,-0.0954930918748383,shop_total_revenue,Выручка магазина,baseline_hgb_v2
2023-12-27 02:00:00,0,Татнефть-АЗС-001,0.0,29,0,1,0,2,2,0.8084064919371308,shop_total_revenue,Выручка магазина,baseline_hgb_v2
2023-12-27 02:00:00,1,Татнефть-АЗС-002,0.0,17,0,1,0,2,2,0.8084064919371308,shop_total_revenue,Выручка магазина,baseline_hgb_v2
2023-12-27 02:00:00,2,Татнефть-АЗС-003,0.0,31,1,0,1,2,2,0.6261775840345026,shop_total_revenue,Выручка магазина,baseline_hgb_v2
2023-12-27 02:00:00,3,Татнефть-АЗС-004,0.0,31,1,1,1,2,2,0.8084064919371308,shop_total_revenue,Выручка магазина,baseline_hgb_v2
2023-12-27 02:00:00,4,Татнефть-АЗС-005,0.0,11,0,0,1,2,2,-0.0954930918748383,shop_total_revenue,Выручка магазина,baseline_hgb_v2
2023-12-27 03:00:00,0,Татнефть-АЗС-001,0.0,21,0,1,0,3,2,0.08673581602778985,shop_total_revenue,Выручка магазина,baseline_hgb_v2
2023-12-27 03:00:00,1,Татнефть-АЗС-002,0.0,13,0,1,0,3,2,0.8084064919371308,shop_total_revenue,Выручка магазина,baseline_hgb_v2
2023-12-27 03:00:00,2,Татнефть-АЗС-003,0.0,32,0,0,1,3,2,0.6261775840345026,shop_total_revenue,Выручка магазина,baseline_hgb_v2
2023-12-27 03:00:00,3,Татнефть-АЗС-004,0.0,27,0,1,1,3,2,0.8084064919371308,shop_total_revenue,Выручка магазина,baseline_hgb_v2
2023-12-27 03:00:00,4,Татнефть-АЗС-005,0.0,14,0,0,1,3,2,0.6261775840345026,shop_total_revenue,Выручка магазина,baseline_hgb_v2
2023-12-27 04:00:00,0,Татнефть-АЗС-001,0.0,21,1,1,0,4,2,0.08673581602778985,shop_total_revenue,Выручка магазина,baseline_hgb_v2
2023-12-27 04:00:00,1,Татнефть-АЗС-002,0.0,9,0,1,0,4,2,0.08673581602778985,shop_total_revenue,Выручка магазина,baseline_hgb_v2
2023-12-27 04:00:00,2,Татнефть-АЗС-003,0.0,34,0,0,1,4,2,0.6261775840345026,shop_total_revenue,Выручка магазина,baseline_hgb_v2
2023-12-27 04:00:00,3,Татнефть-АЗС-004,0.0,36,1,1,1,4,2,0.8084064919371308,shop_total_revenue,Выручка магазина,baseline_hgb_v2
2023-12-27 04:00:00,4,Татнефть-АЗС-005,0.0,9,1,0,1,4,2,-0.012172606810537431,shop_total_revenue,Выручка магазина,baseline_hgb_v2
2023-12-27 05:00:00,0,Татнефть-АЗС-001,0.0,30,1,1,0,5,2,0.8084064919371308,shop_total_revenue,Выручка магазина,baseline_hgb_v2
2023-12-27 05:00:00,1,Татнефть-АЗС-002,0.0,10,0,1,0,5,2,0.08673581602778985,shop_total_revenue,Выручка магазина,baseline_hgb_v2
2023-12-27 05:00:00,2,Татнефть-АЗС-003,0.0,20,0,0,1,5,2,-0.012172606810537431,shop_total_revenue,Выручка магазина,baseline_hgb_v2
2023-12-27 05:00:00,3,Татнефть-АЗС-004,0.0,24,0,1,1,5,2,0.08673581602778985,shop_total_revenue,Выручка магазина,baseline_hgb_v2
2023-12-27 05:00:00,4,Татнефть-АЗС-005,0.0,15,1,0,1,5,2,0.6261775840345026,shop_total_revenue,Выручка магазина,baseline_hgb_v2
2023-12-27 06:00:00,0,Татнефть-АЗС-001,0.0,113,0,1,0,6,2,0.08673581602778985,shop_total_revenue,Выручка магазина,baseline_hgb_v2
2023-12-27 06:00:00,1,Татнефть-АЗС-002,0.0,52,1,1,0,6,2,0.4637681949759002,shop_total_revenue,Выручка магазина,baseline_hgb_v2
2023-12-27 06:00:00,2,Татнефть-АЗС-003,0.0,143,0,0,1,6,2,-5.557027117794941,shop_total_revenue,Выручка магазина,baseline_hgb_v2
2023-12-27 06:00:00,3,Татнефть-АЗС-004,0.0,160,0,1,1,6,2,4.354517210859552,shop_total_revenue,Выручка магазина,baseline_hgb_v2
2023-12-27 06:00:00,4,Татнефть-АЗС-005,0.0,72,0,0,1,6,2,-0.0954930918748383,shop_total_revenue,Выручка магазина,baseline_hgb_v2
2023-12-27 07:00:00,0,Татнефть-АЗС-001,313.0,296,0,1,0,7,2,369.2182666627604,shop_total_revenue,Выручка магазина,baseline_hgb_v2
2023-12-27 07:00:00,1,Татнефть-АЗС-002,0.0,132,0,1,0,7,2,2.8732288189162603,shop_total_revenue,Выручка магазина,baseline_hgb_v2
2023-12-27 07:00:00,2,Татнефть-АЗС-003,727.0,370,0,0,1,7,2,676.2748427246445,shop_total_revenue,Выручка магазина,baseline_hgb_v2
2023-12-27 07:00:00,3,Татнефть-АЗС-004,1423.0,628,0,1,1,7,2,1288.6385437987465,shop_total_revenue,Выручка магазина,baseline_hgb_v2
2023-12-27 07:00:00,4,Татнефть-АЗС-005,492.0,277,0,0,1,7,2,309.78859399045876,shop_total_revenue,Выручка магазина,baseline_hgb_v2
2023-12-27 08:00:00,0,Татнефть-АЗС-001,306.0,260,0,1,0,8,2,352.71896587803013,shop_total_revenue,Выручка магазина,baseline_hgb_v2
2023-12-27 08:00:00,1,Татнефть-АЗС-002,314.0,175,0,1,0,8,2,250.93641633727043,shop_total_revenue,Выручка магазина,baseline_hgb_v2
2023-12-27 08:00:00,2,Татнефть-АЗС-003,368.0,275,0,0,1,8,2,303.95523998261746,shop_total_revenue,Выручка магазина,baseline_hgb_v2
2023-12-27 08:00:00,3,Татнефть-АЗС-004,748.0,324,0,1,1,8,2,390.70241091458297,shop_total_revenue,Выручка магазина,baseline_hgb_v2
2023-12-27 08:00:00,4,Татнефть-АЗС-005,0.0,198,0,0,1,8,2,153.34284531221599,shop_total_revenue,Выручка магазина,baseline_hgb_v2
2023-12-27 09:00:00,0,Татнефть-АЗС-001,0.0,234,0,1,0,9,2,303.531120048891,shop_total_revenue,Выручка магазина,baseline_hgb_v2
2023-12-27 09:00:00,1,Татнефть-АЗС-002,324.0,165,0,1,0,9,2,242.27369319972198,shop_total_revenue,Выручка магазина,baseline_hgb_v2
2023-12-27 09:00:00,2,Татнефть-АЗС-003,369.0,294,0,0,1,9,2,330.1740408578668,shop_total_revenue,Выручка магазина,baseline_hgb_v2
2023-12-27 09:00:00,3,Татнефть-АЗС-004,745.0,557,0,1,1,9,2,1263.3482465600584,shop_total_revenue,Выручка магазина,baseline_hgb_v2
2023-12-27 09:00:00,4,Татнефть-АЗС-005,244.0,261,0,0,1,9,2,278.99235150992945,shop_total_revenue,Выручка магазина,baseline_hgb_v2
2023-12-27 10:00:00,0,Татнефть-АЗС-001,0.0,156,1,1,0,10,2,1.0358256237235504,shop_total_revenue,Выручка магазина,baseline_hgb_v2
2023-12-27 10:00:00,1,Татнефть-АЗС-002,0.0,55,0,1,0,10,2,0.32531422274760874,shop_total_revenue,Выручка магазина,baseline_hgb_v2
2023-12-27 10:00:00,2,Татнефть-АЗС-003,0.0,97,1,0,1,10,2,0.3875991773146838,shop_total_revenue,Выручка магазина,baseline_hgb_v2
2023-12-27 10:00:00,3,Татнефть-АЗС-004,0.0,157,1,1,1,10,2,10.25317422878469,shop_total_revenue,Выручка магазина,baseline_hgb_v2
2023-12-27 10:00:00,4,Татнефть-АЗС-005,0.0,119,0,0,1,10,2,0.6261775840345026,shop_total_revenue,Выручка магазина,baseline_hgb_v2
2023-12-27 11:00:00,0,Татнефть-АЗС-001,0.0,158,0,1,0,11,2,4.480796481872941,shop_total_revenue,Выручка магазина,baseline_hgb_v2
2023-12-27 11:00:00,1,Татнефть-АЗС-002,0.0,54,1,1,0,11,2,0.4637681949759002,shop_total_revenue,Выручка магазина,baseline_hgb_v2
2023-12-27 11:00:00,2,Татнефть-АЗС-003,0.0,148,1,0,1,11,2,-5.959382873964271,shop_total_revenue,Выручка магазина,baseline_hgb_v2
2023-12-27 11:00:00,3,Татнефть-АЗС-004,0.0,172,0,1,1,11,2,7.972415734262885,shop_total_revenue,Выручка магазина,baseline_hgb_v2
2023-12-27 11:00:00,4,Татнефть-АЗС-005,0.0,52,0,0,1,11,2,-0.0954930918748383,shop_total_revenue,Выручка магазина,baseline_hgb_v2
2023-12-27 12:00:00,0,Татнефть-АЗС-001,0.0,95,0,1,0,12,2,-0.5658664457435655,shop_total_revenue,Выручка магазина,baseline_hgb_v2
2023-12-27 12:00:00,1,Татнефть-АЗС-002,0.0,82,0,1,0,12,2,1.0755284244516075,shop_total_revenue,Выручка магазина,baseline_hgb_v2
2023-12-27 12:00:00,2,Татнефть-АЗС-003,0.0,105,1,0,1,12,2,0.09387580132143551,shop_total_revenue,Выручка магазина,baseline_hgb_v2
2023-12-27 12:00:00,3,Татнефть-АЗС-004,0.0,99,0,1,1,12,2,0.2761047092240636,shop_total_revenue,Выручка магазина,baseline_hgb_v2
2023-12-27 12:00:00,4,Татнефть-АЗС-005,0.0,48,0,0,1,12,2,0.548661219587749,shop_total_revenue,Выручка магазина,baseline_hgb_v2
2023-12-27 13:00:00,0,Татнефть-АЗС-001,0.0,147,0,1,0,13,2,46.69371891070843,shop_total_revenue,Выручка магазина,baseline_hgb_v2
2023-12-27 13:00:00,1,Татнефть-АЗС-002,0.0,50,0,1,0,13,2,0.2761047092240636,shop_total_revenue,Выручка магазина,baseline_hgb_v2
2023-12-27 13:00:00,2,Татнефть-АЗС-003,0.0,160,1,0,1,13,2,141.8891937786748,shop_total_revenue,Выручка магазина,baseline_hgb_v2
2023-12-27 13:00:00,3,Татнефть-АЗС-004,0.0,110,0,1,1,13,2,0.2761047092240636,shop_total_revenue,Выручка магазина,baseline_hgb_v2
2023-12-27 13:00:00,4,Татнефть-АЗС-005,0.0,76,0,0,1,13,2,0.8932995165489797,shop_total_revenue,Выручка магазина,baseline_hgb_v2
2023-12-27 14:00:00,0,Татнефть-АЗС-001,326.0,159,0,1,0,14,2,116.54753864399254,shop_total_revenue,Выручка магазина,baseline_hgb_v2
2023-12-27 14:00:00,1,Татнефть-АЗС-002,0.0,48,0,1,0,14,2,0.2761047092240636,shop_total_revenue,Выручка магазина,baseline_hgb_v2
2023-12-27 14:00:00,2,Татнефть-АЗС-003,0.0,114,0,0,1,14,2,0.09387580132143551,shop_total_revenue,Выручка магазина,baseline_hgb_v2
2023-12-27 14:00:00,3,Татнефть-АЗС-004,0.0,96,1,1,1,14,2,0.2761047092240636,shop_total_revenue,Выручка магазина,baseline_hgb_v2
2023-12-27 14:00:00,4,Татнефть-АЗС-005,0.0,49,1,0,1,14,2,0.09387580132143551,shop_total_revenue,Выручка магазина,baseline_hgb_v2
2023-12-27 15:00:00,0,Татнефть-АЗС-001,0.0,106,1,1,0,15,2,0.15468822879402203,shop_total_revenue,Выручка магазина,baseline_hgb_v2
2023-12-27 15:00:00,1,Татнефть-АЗС-002,0.0,71,0,1,0,15,2,0.7365719514590761,shop_total_revenue,Выручка магазина,baseline_hgb_v2
2023-12-27 15:00:00,2,Татнефть-АЗС-003,0.0,143,0,0,1,15,2,-4.495271050325253,shop_total_revenue,Выручка магазина,baseline_hgb_v2
2023-12-27 15:00:00,3,Татнефть-АЗС-004,0.0,152,0,1,1,15,2,-3.220102132206765,shop_total_revenue,Выручка магазина,baseline_hgb_v2
2023-12-27 15:00:00,4,Татнефть-АЗС-005,0.0,74,0,0,1,15,2,0.5543430435564479,shop_total_revenue,Выручка магазина,baseline_hgb_v2
2023-12-27 16:00:00,0,Татнефть-АЗС-001,0.0,118,0,1,0,16,2,0.15468822879402203,shop_total_revenue,Выручка магазина,baseline_hgb_v2
2023-12-27 16:00:00,1,Татнефть-АЗС-002,0.0,89,1,1,0,16,2,0.7365719514590761,shop_total_revenue,Выручка магазина,baseline_hgb_v2
2023-12-27 16:00:00,2,Татнефть-АЗС-003,0.0,141,0,0,1,16,2,-0.5838087079092791,shop_total_revenue,Выручка магазина,baseline_hgb_v2
2023-12-27 16:00:00,3,Татнефть-АЗС-004,0.0,100,0,1,1,16,2,0.15468822879402203,shop_total_revenue,Выручка магазина,baseline_hgb_v2
2023-12-27 16:00:00,4,Татнефть-АЗС-005,0.0,54,0,0,1,16,2,-0.027540679108606095,shop_total_revenue,Выручка магазина,baseline_hgb_v2
2023-12-27 17:00:00,0,Татнефть-АЗС-001,326.0,290,0,1,0,17,2,336.2646314453495,shop_total_revenue,Выручка магазина,baseline_hgb_v2
2023-12-27 17:00:00,1,Татнефть-АЗС-002,321.0,257,1,1,0,17,2,373.21062591845714,shop_total_revenue,Выручка магазина,baseline_hgb_v2
2023-12-27 17:00:00,2,Татнефть-АЗС-003,1523.0,778,0,0,1,17,2,1785.586829390518,shop_total_revenue,Выручка магазина,baseline_hgb_v2
2023-12-27 17:00:00,3,Татнефть-АЗС-004,682.0,403,1,1,1,17,2,727.4929402305439,shop_total_revenue,Выручка магазина,baseline_hgb_v2
2023-12-27 17:00:00,4,Татнефть-АЗС-005,0.0,175,0,0,1,17,2,114.44404889164379,shop_total_revenue,Выручка магазина,baseline_hgb_v2
2023-12-27 18:00:00,0,Татнефть-АЗС-001,328.0,304,0,1,0,18,2,373.63696230275053,shop_total_revenue,Выручка магазина,baseline_hgb_v2
2023-12-27 18:00:00,1,Татнефть-АЗС-002,327.0,242,0,1,0,18,2,329.3190665509138,shop_total_revenue,Выручка магазина,baseline_hgb_v2
2023-12-27 18:00:00,2,Татнефть-АЗС-003,1429.0,648,0,0,1,18,2,1389.0971338354457,shop_total_revenue,Выручка магазина,baseline_hgb_v2
2023-12-27 18:00:00,3,Татнефть-АЗС-004,361.0,302,0,1,1,18,2,320.74965784937353,shop_total_revenue,Выручка магазина,baseline_hgb_v2
2023-12-27 18:00:00,4,Татнефть-АЗС-005,0.0,149,0,0,1,18,2,13.763621153863038,shop_total_revenue,Выручка магазина,baseline_hgb_v2
2023-12-27 19:00:00,0,Татнефть-АЗС-001,969.0,435,0,1,0,19,2,880.7487105724931,shop_total_revenue,Выручка магазина,baseline_hgb_v2
2023-12-27 19:00:00,1,Татнефть-АЗС-002,631.0,276,0,1,0,19,2,465.45205008291504,shop_total_revenue,Выручка магазина,baseline_hgb_v2
2023-12-27 19:00:00,2,Татнефть-АЗС-003,1043.0,698,0,0,1,19,2,1484.4018848123062,shop_total_revenue,Выручка магазина,baseline_hgb_v2
2023-12-27 19:00:00,3,Татнефть-АЗС-004,1083.0,426,0,1,1,19,2,824.364017502672,shop_total_revenue,Выручка магазина,baseline_hgb_v2
2023-12-27 19:00:00,4,Татнефть-АЗС-005,234.0,209,0,0,1,19,2,215.01805282571436,shop_total_revenue,Выручка магазина,baseline_hgb_v2
2023-12-27 20:00:00,0,Татнефть-АЗС-001,0.0,143,0,1,0,20,2,1.92485476987426,shop_total_revenue,Выручка магазина,baseline_hgb_v2
2023-12-27 20:00:00,1,Татнефть-АЗС-002,0.0,110,1,1,0,20,2,0.7365719514590761,shop_total_revenue,Выручка магазина,baseline_hgb_v2
2023-12-27 20:00:00,2,Татнефть-АЗС-003,0.0,229,0,0,1,20,2,46.56394647840326,shop_total_revenue,Выручка магазина,baseline_hgb_v2
2023-12-27 20:00:00,3,Татнефть-АЗС-004,0.0,138,1,1,1,20,2,-0.13200065428966692,shop_total_revenue,Выручка магазина,baseline_hgb_v2
2023-12-27 20:00:00,4,Татнефть-АЗС-005,0.0,52,0,0,1,20,2,-0.027540679108606095,shop_total_revenue,Выручка магазина,baseline_hgb_v2
2023-12-27 21:00:00,0,Татнефть-АЗС-001,0.0,95,0,1,0,21,2,0.15468822879402203,shop_total_revenue,Выручка магазина,baseline_hgb_v2
2023-12-27 21:00:00,1,Татнефть-АЗС-002,0.0,52,0,1,0,21,2,0.15468822879402203,shop_total_revenue,Выручка магазина,baseline_hgb_v2
2023-12-27 21:00:00,2,Татнефть-АЗС-003,0.0,158,0,0,1,21,2,-0.9592617190163044,shop_total_revenue,Выручка магазина,baseline_hgb_v2
2023-12-27 21:00:00,3,Татнефть-АЗС-004,0.0,172,0,1,1,21,2,6.130230925743612,shop_total_revenue,Выручка магазина,baseline_hgb_v2
2023-12-27 21:00:00,4,Татнефть-АЗС-005,0.0,54,1,0,1,21,2,-0.027540679108606095,shop_total_revenue,Выручка магазина,baseline_hgb_v2
2023-12-27 22:00:00,0,Татнефть-АЗС-001,0.0,23,1,1,0,22,2,0.3919336544978454,shop_total_revenue,Выручка магазина,baseline_hgb_v2
2023-12-27 22:00:00,1,Татнефть-АЗС-002,0.0,16,0,1,0,22,2,0.7365719514590761,shop_total_revenue,Выручка магазина,baseline_hgb_v2
2023-12-27 22:00:00,2,Татнефть-АЗС-003,0.0,31,0,0,1,22,2,0.5543430435564479,shop_total_revenue,Выручка магазина,baseline_hgb_v2
2023-12-27 22:00:00,3,Татнефть-АЗС-004,0.0,34,1,1,1,22,2,0.7365719514590761,shop_total_revenue,Выручка магазина,baseline_hgb_v2
2023-12-27 22:00:00,4,Татнефть-АЗС-005,0.0,15,0,0,1,22,2,0.5543430435564479,shop_total_revenue,Выручка магазина,baseline_hgb_v2
2023-12-27 23:00:00,0,Татнефть-АЗС-001,0.0,30,0,1,0,23,2,0.7365719514590761,shop_total_revenue,Выручка магазина,baseline_hgb_v2
2023-12-27 23:00:00,1,Татнефть-АЗС-002,0.0,11,0,1,0,23,2,0.15468822879402203,shop_total_revenue,Выручка магазина,baseline_hgb_v2
2023-12-27 23:00:00,2,Татнефть-АЗС-003,0.0,32,0,0,1,23,2,0.5543430435564479,shop_total_revenue,Выручка магазина,baseline_hgb_v2
2023-12-27 23:00:00,3,Татнефть-АЗС-004,0.0,30,0,1,1,23,2,0.7365719514590761,shop_total_revenue,Выручка магазина,baseline_hgb_v2
2023-12-27 23:00:00,4,Татнефть-АЗС-005,0.0,15,0,0,1,23,2,0.5543430435564479,shop_total_revenue,Выручка магазина,baseline_hgb_v2
2023-12-28 00:00:00,0,Татнефть-АЗС-001,0.0,18,1,1,0,0,3,0.08673581602778985,shop_total_revenue,Выручка магазина,baseline_hgb_v2
2023-12-28 00:00:00,1,Татнефть-АЗС-002,0.0,12,0,1,0,0,3,0.08673581602778985,shop_total_revenue,Выручка магазина,baseline_hgb_v2
2023-12-28 00:00:00,2,Татнефть-АЗС-003,0.0,30,1,0,1,0,3,-0.0954930918748383,shop_total_revenue,Выручка магазина,baseline_hgb_v2
2023-12-28 00:00:00,3,Татнефть-АЗС-004,0.0,21,1,1,1,0,3,0.4637681949759002,shop_total_revenue,Выручка магазина,baseline_hgb_v2
2023-12-28 00:00:00,4,Татнефть-АЗС-005,0.0,12,0,0,1,0,3,-0.0954930918748383,shop_total_revenue,Выручка магазина,baseline_hgb_v2
2023-12-28 01:00:00,0,Татнефть-АЗС-001,0.0,22,0,1,0,1,3,0.08673581602778985,shop_total_revenue,Выручка магазина,baseline_hgb_v2
2023-12-28 01:00:00,1,Татнефть-АЗС-002,0.0,11,0,1,0,1,3,0.08673581602778985,shop_total_revenue,Выручка магазина,baseline_hgb_v2
2023-12-28 01:00:00,2,Татнефть-АЗС-003,0.0,33,0,0,1,1,3,0.6261775840345026,shop_total_revenue,Выручка магазина,baseline_hgb_v2
2023-12-28 01:00:00,3,Татнефть-АЗС-004,0.0,22,0,1,1,1,3,0.08673581602778985,shop_total_revenue,Выручка магазина,baseline_hgb_v2
2023-12-28 01:00:00,4,Татнефть-АЗС-005,0.0,11,0,0,1,1,3,-0.0954930918748383,shop_total_revenue,Выручка магазина,baseline_hgb_v2
2023-12-28 02:00:00,0,Татнефть-АЗС-001,0.0,28,0,1,0,2,3,0.8084064919371308,shop_total_revenue,Выручка магазина,baseline_hgb_v2
2023-12-28 02:00:00,1,Татнефть-АЗС-002,0.0,10,0,1,0,2,3,0.4637681949759002,shop_total_revenue,Выручка магазина,baseline_hgb_v2
2023-12-28 02:00:00,2,Татнефть-АЗС-003,0.0,18,0,0,1,2,3,-0.0954930918748383,shop_total_revenue,Выручка магазина,baseline_hgb_v2
2023-12-28 02:00:00,3,Татнефть-АЗС-004,0.0,30,0,1,1,2,3,0.8084064919371308,shop_total_revenue,Выручка магазина,baseline_hgb_v2
2023-12-28 02:00:00,4,Татнефть-АЗС-005,0.0,10,0,0,1,2,3,-0.0954930918748383,shop_total_revenue,Выручка магазина,baseline_hgb_v2
2023-12-28 03:00:00,0,Татнефть-АЗС-001,0.0,20,1,1,0,3,3,0.08673581602778985,shop_total_revenue,Выручка магазина,baseline_hgb_v2
2023-12-28 03:00:00,1,Татнефть-АЗС-002,0.0,10,0,1,0,3,3,0.8084064919371308,shop_total_revenue,Выручка магазина,baseline_hgb_v2
2023-12-28 03:00:00,2,Татнефть-АЗС-003,0.0,30,0,0,1,3,3,0.6261775840345026,shop_total_revenue,Выручка магазина,baseline_hgb_v2
2023-12-28 03:00:00,3,Татнефть-АЗС-004,0.0,25,0,1,1,3,3,0.08673581602778985,shop_total_revenue,Выручка магазина,baseline_hgb_v2
2023-12-28 03:00:00,4,Татнефть-АЗС-005,0.0,16,1,0,1,3,3,0.6261775840345026,shop_total_revenue,Выручка магазина,baseline_hgb_v2
2023-12-28 04:00:00,0,Татнефть-АЗС-001,0.0,31,0,1,0,4,3,0.8084064919371308,shop_total_revenue,Выручка магазина,baseline_hgb_v2
2023-12-28 04:00:00,1,Татнефть-АЗС-002,0.0,14,0,1,0,4,3,0.8084064919371308,shop_total_revenue,Выручка магазина,baseline_hgb_v2
2023-12-28 04:00:00,2,Татнефть-АЗС-003,0.0,22,1,0,1,4,3,0.2815392870732721,shop_total_revenue,Выручка магазина,baseline_hgb_v2
2023-12-28 04:00:00,3,Татнефть-АЗС-004,0.0,23,0,1,1,4,3,0.08673581602778985,shop_total_revenue,Выручка магазина,baseline_hgb_v2
2023-12-28 04:00:00,4,Татнефть-АЗС-005,0.0,15,0,0,1,4,3,0.6261775840345026,shop_total_revenue,Выручка магазина,baseline_hgb_v2
2023-12-28 05:00:00,0,Татнефть-АЗС-001,0.0,35,0,1,0,5,3,0.8084064919371308,shop_total_revenue,Выручка магазина,baseline_hgb_v2
2023-12-28 05:00:00,1,Татнефть-АЗС-002,0.0,14,0,1,0,5,3,0.8084064919371308,shop_total_revenue,Выручка магазина,baseline_hgb_v2
2023-12-28 05:00:00,2,Татнефть-АЗС-003,0.0,32,1,0,1,5,3,0.6261775840345026,shop_total_revenue,Выручка магазина,baseline_hgb_v2
2023-12-28 05:00:00,3,Татнефть-АЗС-004,0.0,28,1,1,1,5,3,0.8084064919371308,shop_total_revenue,Выручка магазина,baseline_hgb_v2
2023-12-28 05:00:00,4,Татнефть-АЗС-005,0.0,13,1,0,1,5,3,0.6261775840345026,shop_total_revenue,Выручка магазина,baseline_hgb_v2
2023-12-28 06:00:00,0,Татнефть-АЗС-001,0.0,111,0,1,0,6,3,0.08673581602778985,shop_total_revenue,Выручка магазина,baseline_hgb_v2
2023-12-28 06:00:00,1,Татнефть-АЗС-002,0.0,75,0,1,0,6,3,0.8084064919371308,shop_total_revenue,Выручка магазина,baseline_hgb_v2
2023-12-28 06:00:00,2,Татнефть-АЗС-003,0.0,105,0,0,1,6,3,-0.0954930918748383,shop_total_revenue,Выручка магазина,baseline_hgb_v2
2023-12-28 06:00:00,3,Татнефть-АЗС-004,0.0,218,1,1,1,6,3,42.094719180097655,shop_total_revenue,Выручка магазина,baseline_hgb_v2
2023-12-28 06:00:00,4,Татнефть-АЗС-005,0.0,120,0,0,1,6,3,0.6261775840345026,shop_total_revenue,Выручка магазина,baseline_hgb_v2
2023-12-28 07:00:00,0,Татнефть-АЗС-001,974.0,389,0,1,0,7,3,736.416617255033,shop_total_revenue,Выручка магазина,baseline_hgb_v2
2023-12-28 07:00:00,1,Татнефть-АЗС-002,303.0,190,0,1,0,7,3,305.7979846752892,shop_total_revenue,Выручка магазина,baseline_hgb_v2
2023-12-28 07:00:00,2,Татнефть-АЗС-003,353.0,310,0,0,1,7,3,353.52589255439756,shop_total_revenue,Выручка магазина,baseline_hgb_v2
2023-12-28 07:00:00,3,Татнефть-АЗС-004,755.0,431,0,1,1,7,3,673.1222781841097,shop_total_revenue,Выручка магазина,baseline_hgb_v2
2023-12-28 07:00:00,4,Татнефть-АЗС-005,238.0,295,1,0,1,7,3,325.6171718661602,shop_total_revenue,Выручка магазина,baseline_hgb_v2
2023-12-28 08:00:00,0,Татнефть-АЗС-001,634.0,376,1,1,0,8,3,687.1055176924722,shop_total_revenue,Выручка магазина,baseline_hgb_v2
2023-12-28 08:00:00,1,Татнефть-АЗС-002,329.0,167,0,1,0,8,3,235.25837932550138,shop_total_revenue,Выручка магазина,baseline_hgb_v2
2023-12-28 08:00:00,2,Татнефть-АЗС-003,359.0,343,0,0,1,8,3,548.1462913486392,shop_total_revenue,Выручка магазина,baseline_hgb_v2
2023-12-28 08:00:00,3,Татнефть-АЗС-004,1105.0,579,0,1,1,8,3,1255.1560804127428,shop_total_revenue,Выручка магазина,baseline_hgb_v2
2023-12-28 08:00:00,4,Татнефть-АЗС-005,235.0,195,0,0,1,8,3,165.68524809648576,shop_total_revenue,Выручка магазина,baseline_hgb_v2
2023-12-28 09:00:00,0,Татнефть-АЗС-001,679.0,388,1,1,0,9,3,731.3353888595487,shop_total_revenue,Выручка магазина,baseline_hgb_v2
2023-12-28 09:00:00,1,Татнефть-АЗС-002,322.0,168,1,1,0,9,3,242.02981890854915,shop_total_revenue,Выручка магазина,baseline_hgb_v2
2023-12-28 09:00:00,2,Татнефть-АЗС-003,0.0,252,1,0,1,9,3,256.0270820977804,shop_total_revenue,Выручка магазина,baseline_hgb_v2
2023-12-28 09:00:00,3,Татнефть-АЗС-004,1442.0,540,1,1,1,9,3,1174.638404965022,shop_total_revenue,Выручка магазина,baseline_hgb_v2
2023-12-28 09:00:00,4,Татнефть-АЗС-005,240.0,291,0,0,1,9,3,325.0512267869786,shop_total_revenue,Выручка магазина,baseline_hgb_v2
2023-12-28 10:00:00,0,Татнефть-АЗС-001,0.0,95,1,1,0,10,3,0.08673581602778985,shop_total_revenue,Выручка магазина,baseline_hgb_v2
2023-12-28 10:00:00,1,Татнефть-АЗС-002,0.0,44,1,1,0,10,3,0.08673581602778985,shop_total_revenue,Выручка магазина,baseline_hgb_v2
2023-12-28 10:00:00,2,Татнефть-АЗС-003,0.0,161,0,0,1,10,3,2.7683485425639867,shop_total_revenue,Выручка магазина,baseline_hgb_v2
2023-12-28 10:00:00,3,Татнефть-АЗС-004,0.0,207,1,1,1,10,3,11.554435859326396,shop_total_revenue,Выручка магазина,baseline_hgb_v2
2023-12-28 10:00:00,4,Татнефть-АЗС-005,0.0,93,1,0,1,10,3,0.6261775840345026,shop_total_revenue,Выручка магазина,baseline_hgb_v2
2023-12-28 11:00:00,0,Татнефть-АЗС-001,0.0,139,0,1,0,11,3,-2.8325278516379186,shop_total_revenue,Выручка магазина,baseline_hgb_v2
2023-12-28 11:00:00,1,Татнефть-АЗС-002,0.0,54,1,1,0,11,3,0.08673581602778985,shop_total_revenue,Выручка магазина,baseline_hgb_v2
2023-12-28 11:00:00,2,Татнефть-АЗС-003,0.0,137,0,0,1,11,3,0.14383416731933413,shop_total_revenue,Выручка магазина,baseline_hgb_v2
2023-12-28 11:00:00,3,Татнефть-АЗС-004,0.0,112,0,1,1,11,3,0.08673581602778985,shop_total_revenue,Выручка магазина,baseline_hgb_v2
2023-12-28 11:00:00,4,Татнефть-АЗС-005,0.0,73,0,0,1,11,3,0.6261775840345026,shop_total_revenue,Выручка магазина,baseline_hgb_v2
2023-12-28 12:00:00,0,Татнефть-АЗС-001,0.0,132,0,1,0,12,3,2.262083904434117,shop_total_revenue,Выручка магазина,baseline_hgb_v2
2023-12-28 12:00:00,1,Татнефть-АЗС-002,0.0,84,0,1,0,12,3,1.0755284244516075,shop_total_revenue,Выручка магазина,baseline_hgb_v2
2023-12-28 12:00:00,2,Татнефть-АЗС-003,365.0,141,0,0,1,12,3,11.50156175709065,shop_total_revenue,Выручка магазина,baseline_hgb_v2
2023-12-28 12:00:00,3,Татнефть-АЗС-004,0.0,98,0,1,1,12,3,0.2761047092240636,shop_total_revenue,Выручка магазина,baseline_hgb_v2
2023-12-28 12:00:00,4,Татнефть-АЗС-005,0.0,44,0,0,1,12,3,0.09387580132143551,shop_total_revenue,Выручка магазина,baseline_hgb_v2
2023-12-28 13:00:00,0,Татнефть-АЗС-001,0.0,143,0,1,0,13,3,11.554266567927051,shop_total_revenue,Выручка магазина,baseline_hgb_v2
2023-12-28 13:00:00,1,Татнефть-АЗС-002,0.0,44,0,1,0,13,3,0.2761047092240636,shop_total_revenue,Выручка магазина,baseline_hgb_v2
2023-12-28 13:00:00,2,Татнефть-АЗС-003,0.0,86,0,0,1,13,3,0.09387580132143551,shop_total_revenue,Выручка магазина,baseline_hgb_v2
2023-12-28 13:00:00,3,Татнефть-АЗС-004,0.0,112,0,1,1,13,3,0.2761047092240636,shop_total_revenue,Выручка магазина,baseline_hgb_v2
2023-12-28 13:00:00,4,Татнефть-АЗС-005,0.0,47,0,0,1,13,3,0.09387580132143551,shop_total_revenue,Выручка магазина,baseline_hgb_v2
2023-12-28 14:00:00,0,Татнефть-АЗС-001,0.0,132,1,1,0,14,3,2.262083904434117,shop_total_revenue,Выручка магазина,baseline_hgb_v2
2023-12-28 14:00:00,1,Татнефть-АЗС-002,0.0,84,1,1,0,14,3,1.0755284244516075,shop_total_revenue,Выручка магазина,baseline_hgb_v2
2023-12-28 14:00:00,2,Татнефть-АЗС-003,0.0,142,0,0,1,14,3,12.798588709347376,shop_total_revenue,Выручка магазина,baseline_hgb_v2
2023-12-28 14:00:00,3,Татнефть-АЗС-004,0.0,96,1,1,1,14,3,0.7308901274903772,shop_total_revenue,Выручка магазина,baseline_hgb_v2
2023-12-28 14:00:00,4,Татнефть-АЗС-005,0.0,46,0,0,1,14,3,0.09387580132143551,shop_total_revenue,Выручка магазина,baseline_hgb_v2
2023-12-28 15:00:00,0,Татнефть-АЗС-001,0.0,154,0,1,0,15,3,1.2413498043305313,shop_total_revenue,Выручка магазина,baseline_hgb_v2
2023-12-28 15:00:00,1,Татнефть-АЗС-002,0.0,47,0,1,0,15,3,0.15468822879402203,shop_total_revenue,Выручка магазина,baseline_hgb_v2
2023-12-28 15:00:00,2,Татнефть-АЗС-003,0.0,96,1,0,1,15,3,0.29302523165951816,shop_total_revenue,Выручка магазина,baseline_hgb_v2
2023-12-28 15:00:00,3,Татнефть-АЗС-004,0.0,150,0,1,1,15,3,-4.077417333004918,shop_total_revenue,Выручка магазина,baseline_hgb_v2
2023-12-28 15:00:00,4,Татнефть-АЗС-005,0.0,47,1,0,1,15,3,-0.027540679108606095,shop_total_revenue,Выручка магазина,baseline_hgb_v2
2023-12-28 16:00:00,0,Татнефть-АЗС-001,0.0,146,1,1,0,16,3,-2.638048089598963,shop_total_revenue,Выручка магазина,baseline_hgb_v2
2023-12-28 16:00:00,1,Татнефть-АЗС-002,0.0,106,1,1,0,16,3,0.7498810395724627,shop_total_revenue,Выручка магазина,baseline_hgb_v2
2023-12-28 16:00:00,2,Татнефть-АЗС-003,0.0,203,0,0,1,16,3,13.258770465309034,shop_total_revenue,Выручка магазина,baseline_hgb_v2
2023-12-28 16:00:00,3,Татнефть-АЗС-004,0.0,149,0,1,1,16,3,-3.712079725020845,shop_total_revenue,Выручка магазина,baseline_hgb_v2
2023-12-28 16:00:00,4,Татнефть-АЗС-005,0.0,80,1,0,1,16,3,0.5543430435564479,shop_total_revenue,Выручка магазина,baseline_hgb_v2
2023-12-28 17:00:00,0,Татнефть-АЗС-001,601.0,460,0,1,0,17,3,928.7939196422811,shop_total_revenue,Выручка магазина,baseline_hgb_v2
2023-12-28 17:00:00,1,Татнефть-АЗС-002,640.0,312,0,1,0,17,3,525.7688356318318,shop_total_revenue,Выручка магазина,baseline_hgb_v2
2023-12-28 17:00:00,2,Татнефть-АЗС-003,1066.0,626,0,0,1,17,3,1319.158791816985,shop_total_revenue,Выручка магазина,baseline_hgb_v2
2023-12-28 17:00:00,3,Татнефть-АЗС-004,765.0,318,0,1,1,17,3,351.6591119853258,shop_total_revenue,Выручка магазина,baseline_hgb_v2
2023-12-28 17:00:00,4,Татнефть-АЗС-005,0.0,155,0,0,1,17,3,30.415634652123664,shop_total_revenue,Выручка магазина,baseline_hgb_v2
2023-12-28 18:00:00,0,Татнефть-АЗС-001,950.0,395,1,1,0,18,3,734.7980434964037,shop_total_revenue,Выручка магазина,baseline_hgb_v2
2023-12-28 18:00:00,1,Татнефть-АЗС-002,629.0,333,0,1,0,18,3,627.1230497952406,shop_total_revenue,Выручка магазина,baseline_hgb_v2
2023-12-28 18:00:00,2,Татнефть-АЗС-003,1438.0,665,0,0,1,18,3,1343.6906080585245,shop_total_revenue,Выручка магазина,baseline_hgb_v2
2023-12-28 18:00:00,3,Татнефть-АЗС-004,349.0,258,0,1,1,18,3,264.0323984815978,shop_total_revenue,Выручка магазина,baseline_hgb_v2
2023-12-28 18:00:00,4,Татнефть-АЗС-005,241.0,178,1,0,1,18,3,114.65085925949046,shop_total_revenue,Выручка магазина,baseline_hgb_v2
2023-12-28 19:00:00,0,Татнефть-АЗС-001,644.0,460,0,1,0,19,3,926.8674309732937,shop_total_revenue,Выручка магазина,baseline_hgb_v2
2023-12-28 19:00:00,1,Татнефть-АЗС-002,324.0,202,1,1,0,19,3,260.24853726639964,shop_total_revenue,Выручка магазина,baseline_hgb_v2
2023-12-28 19:00:00,2,Татнефть-АЗС-003,1466.0,638,0,0,1,19,3,1293.950216778328,shop_total_revenue,Выручка магазина,baseline_hgb_v2
2023-12-28 19:00:00,3,Татнефть-АЗС-004,1083.0,420,0,1,1,19,3,764.9546486698395,shop_total_revenue,Выручка магазина,baseline_hgb_v2
2023-12-28 19:00:00,4,Татнефть-АЗС-005,0.0,108,1,0,1,19,3,13.091687497216782,shop_total_revenue,Выручка магазина,baseline_hgb_v2
2023-12-28 20:00:00,0,Татнефть-АЗС-001,0.0,104,0,1,0,20,3,0.15468822879402203,shop_total_revenue,Выручка магазина,baseline_hgb_v2
2023-12-28 20:00:00,1,Татнефть-АЗС-002,0.0,85,0,1,0,20,3,0.1679973169074086,shop_total_revenue,Выручка магазина,baseline_hgb_v2
2023-12-28 20:00:00,2,Татнефть-АЗС-003,0.0,164,0,0,1,20,3,5.3549374684258195,shop_total_revenue,Выручка магазина,baseline_hgb_v2
2023-12-28 20:00:00,3,Татнефть-АЗС-004,0.0,100,1,1,1,20,3,0.15468822879402203,shop_total_revenue,Выручка магазина,baseline_hgb_v2
2023-12-28 20:00:00,4,Татнефть-АЗС-005,0.0,67,1,0,1,20,3,0.5543430435564479,shop_total_revenue,Выручка магазина,baseline_hgb_v2
2023-12-28 21:00:00,0,Татнефть-АЗС-001,0.0,85,0,1,0,21,3,0.23800871385832292,shop_total_revenue,Выручка магазина,baseline_hgb_v2
2023-12-28 21:00:00,1,Татнефть-АЗС-002,0.0,77,0,1,0,21,3,0.7365719514590761,shop_total_revenue,Выручка магазина,baseline_hgb_v2
2023-12-28 21:00:00,2,Татнефть-АЗС-003,0.0,176,0,0,1,21,3,0.5412593389969229,shop_total_revenue,Выручка магазина,baseline_hgb_v2
2023-12-28 21:00:00,3,Татнефть-АЗС-004,0.0,151,1,1,1,21,3,-4.287338473709491,shop_total_revenue,Выручка магазина,baseline_hgb_v2
2023-12-28 21:00:00,4,Татнефть-АЗС-005,0.0,48,0,0,1,21,3,0.20970474659521726,shop_total_revenue,Выручка магазина,baseline_hgb_v2
2023-12-28 22:00:00,0,Татнефть-АЗС-001,0.0,22,0,1,0,22,3,0.15468822879402203,shop_total_revenue,Выручка магазина,baseline_hgb_v2
2023-12-28 22:00:00,1,Татнефть-АЗС-002,0.0,12,0,1,0,22,3,0.15468822879402203,shop_total_revenue,Выручка магазина,baseline_hgb_v2
2023-12-28 22:00:00,2,Татнефть-АЗС-003,0.0,34,0,0,1,22,3,0.5543430435564479,shop_total_revenue,Выручка магазина,baseline_hgb_v2
2023-12-28 22:00:00,3,Татнефть-АЗС-004,0.0,29,1,1,1,22,3,0.7365719514590761,shop_total_revenue,Выручка магазина,baseline_hgb_v2
2023-12-28 22:00:00,4,Татнефть-АЗС-005,0.0,18,0,0,1,22,3,0.5543430435564479,shop_total_revenue,Выручка магазина,baseline_hgb_v2
2023-12-28 23:00:00,0,Татнефть-АЗС-001,0.0,34,0,1,0,23,3,0.7365719514590761,shop_total_revenue,Выручка магазина,baseline_hgb_v2
2023-12-28 23:00:00,1,Татнефть-АЗС-002,0.0,11,1,1,0,23,3,0.15468822879402203,shop_total_revenue,Выручка магазина,baseline_hgb_v2
2023-12-28 23:00:00,2,Татнефть-АЗС-003,0.0,30,0,0,1,23,3,0.5543430435564479,shop_total_revenue,Выручка магазина,baseline_hgb_v2
2023-12-28 23:00:00,3,Татнефть-АЗС-004,0.0,37,0,1,1,23,3,0.7365719514590761,shop_total_revenue,Выручка магазина,baseline_hgb_v2
2023-12-28 23:00:00,4,Татнефть-АЗС-005,0.0,15,0,0,1,23,3,0.5543430435564479,shop_total_revenue,Выручка магазина,baseline_hgb_v2
2023-12-29 00:00:00,0,Татнефть-АЗС-001,0.0,32,0,1,0,0,4,0.8084064919371308,shop_total_revenue,Выручка магазина,baseline_hgb_v2
2023-12-29 00:00:00,1,Татнефть-АЗС-002,0.0,9,1,1,0,0,4,0.08673581602778985,shop_total_revenue,Выручка магазина,baseline_hgb_v2
2023-12-29 00:00:00,2,Татнефть-АЗС-003,0.0,19,0,0,1,0,4,-0.0954930918748383,shop_total_revenue,Выручка магазина,baseline_hgb_v2
2023-12-29 00:00:00,3,Татнефть-АЗС-004,0.0,30,0,1,1,0,4,0.8084064919371308,shop_total_revenue,Выручка магазина,baseline_hgb_v2
2023-12-29 00:00:00,4,Татнефть-АЗС-005,0.0,15,0,0,1,0,4,0.6261775840345026,shop_total_revenue,Выручка магазина,baseline_hgb_v2
2023-12-29 01:00:00,0,Татнефть-АЗС-001,0.0,22,0,1,0,1,4,0.08673581602778985,shop_total_revenue,Выручка магазина,baseline_hgb_v2
2023-12-29 01:00:00,1,Татнефть-АЗС-002,0.0,11,0,1,0,1,4,0.08673581602778985,shop_total_revenue,Выручка магазина,baseline_hgb_v2
2023-12-29 01:00:00,2,Татнефть-АЗС-003,0.0,34,0,0,1,1,4,0.6261775840345026,shop_total_revenue,Выручка магазина,baseline_hgb_v2
2023-12-29 01:00:00,3,Татнефть-АЗС-004,0.0,19,0,1,1,1,4,0.08673581602778985,shop_total_revenue,Выручка магазина,baseline_hgb_v2
2023-12-29 01:00:00,4,Татнефть-АЗС-005,0.0,10,1,0,1,1,4,-0.012172606810537431,shop_total_revenue,Выручка магазина,baseline_hgb_v2
2023-12-29 02:00:00,0,Татнефть-АЗС-001,0.0,34,0,1,0,2,4,0.8084064919371308,shop_total_revenue,Выручка магазина,baseline_hgb_v2
2023-12-29 02:00:00,1,Татнефть-АЗС-002,0.0,15,0,1,0,2,4,0.8084064919371308,shop_total_revenue,Выручка магазина,baseline_hgb_v2
2023-12-29 02:00:00,2,Татнефть-АЗС-003,0.0,29,0,0,1,2,4,0.6261775840345026,shop_total_revenue,Выручка магазина,baseline_hgb_v2
2023-12-29 02:00:00,3,Татнефть-АЗС-004,0.0,21,0,1,1,2,4,0.08673581602778985,shop_total_revenue,Выручка магазина,baseline_hgb_v2
2023-12-29 02:00:00,4,Татнефть-АЗС-005,0.0,11,0,0,1,2,4,-0.0954930918748383,shop_total_revenue,Выручка магазина,baseline_hgb_v2
2023-12-29 03:00:00,0,Татнефть-АЗС-001,0.0,36,0,1,0,3,4,2.5636837637277514,shop_total_revenue,Выручка магазина,baseline_hgb_v2
2023-12-29 03:00:00,1,Татнефть-АЗС-002,0.0,13,1,1,0,3,4,0.8084064919371308,shop_total_revenue,Выручка магазина,baseline_hgb_v2
2023-12-29 03:00:00,2,Татнефть-АЗС-003,0.0,22,0,0,1,3,4,0.2815392870732721,shop_total_revenue,Выручка магазина,baseline_hgb_v2
2023-12-29 03:00:00,3,Татнефть-АЗС-004,0.0,32,1,1,1,3,4,0.8084064919371308,shop_total_revenue,Выручка магазина,baseline_hgb_v2
2023-12-29 03:00:00,4,Татнефть-АЗС-005,0.0,14,0,0,1,3,4,0.6261775840345026,shop_total_revenue,Выручка магазина,baseline_hgb_v2
2023-12-29 04:00:00,0,Татнефть-АЗС-001,0.0,32,1,1,0,4,4,0.8084064919371308,shop_total_revenue,Выручка магазина,baseline_hgb_v2
2023-12-29 04:00:00,1,Татнефть-АЗС-002,0.0,10,0,1,0,4,4,0.08673581602778985,shop_total_revenue,Выручка магазина,baseline_hgb_v2
2023-12-29 04:00:00,2,Татнефть-АЗС-003,0.0,30,0,0,1,4,4,0.6261775840345026,shop_total_revenue,Выручка магазина,baseline_hgb_v2
2023-12-29 04:00:00,3,Татнефть-АЗС-004,0.0,32,0,1,1,4,4,0.8084064919371308,shop_total_revenue,Выручка магазина,baseline_hgb_v2
2023-12-29 04:00:00,4,Татнефть-АЗС-005,0.0,11,0,0,1,4,4,-0.0954930918748383,shop_total_revenue,Выручка магазина,baseline_hgb_v2
2023-12-29 05:00:00,0,Татнефть-АЗС-001,0.0,30,0,1,0,5,4,0.8084064919371308,shop_total_revenue,Выручка магазина,baseline_hgb_v2
2023-12-29 05:00:00,1,Татнефть-АЗС-002,0.0,9,0,1,0,5,4,0.17005630109209072,shop_total_revenue,Выручка магазина,baseline_hgb_v2
2023-12-29 05:00:00,2,Татнефть-АЗС-003,0.0,22,0,0,1,5,4,-0.0954930918748383,shop_total_revenue,Выручка магазина,baseline_hgb_v2
2023-12-29 05:00:00,3,Татнефть-АЗС-004,0.0,24,0,1,1,5,4,0.17005630109209072,shop_total_revenue,Выручка магазина,baseline_hgb_v2
2023-12-29 05:00:00,4,Татнефть-АЗС-005,0.0,16,0,0,1,5,4,0.6261775840345026,shop_total_revenue,Выручка магазина,baseline_hgb_v2
2023-12-29 06:00:00,0,Татнефть-АЗС-001,0.0,108,0,1,0,6,4,0.08673581602778985,shop_total_revenue,Выручка магазина,baseline_hgb_v2
2023-12-29 06:00:00,1,Татнефть-АЗС-002,0.0,70,1,1,0,6,4,0.8084064919371308,shop_total_revenue,Выручка магазина,baseline_hgb_v2
2023-12-29 06:00:00,2,Татнефть-АЗС-003,0.0,104,0,0,1,6,4,-0.0954930918748383,shop_total_revenue,Выручка магазина,baseline_hgb_v2
2023-12-29 06:00:00,3,Татнефть-АЗС-004,0.0,179,1,1,1,6,4,7.439222008678362,shop_total_revenue,Выручка магазина,baseline_hgb_v2
2023-12-29 06:00:00,4,Татнефть-АЗС-005,0.0,67,1,0,1,6,4,-0.012172606810537431,shop_total_revenue,Выручка магазина,baseline_hgb_v2
2023-12-29 07:00:00,0,Татнефть-АЗС-001,656.0,401,1,1,0,7,4,775.1056014155869,shop_total_revenue,Выручка магазина,baseline_hgb_v2
2023-12-29 07:00:00,1,Татнефть-АЗС-002,309.0,159,0,1,0,7,4,166.93364413668547,shop_total_revenue,Выручка магазина,baseline_hgb_v2
2023-12-29 07:00:00,2,Татнефть-АЗС-003,368.0,250,0,0,1,7,4,254.1583500438242,shop_total_revenue,Выручка магазина,baseline_hgb_v2
2023-12-29 07:00:00,3,Татнефть-АЗС-004,1096.0,525,0,1,1,7,4,1093.6957390463913,shop_total_revenue,Выручка магазина,baseline_hgb_v2
2023-12-29 07:00:00,4,Татнефть-АЗС-005,242.0,310,0,0,1,7,4,379.77184725412553,shop_total_revenue,Выручка магазина,baseline_hgb_v2
2023-12-29 08:00:00,0,Татнефть-АЗС-001,625.0,424,1,1,0,8,4,876.8082505018358,shop_total_revenue,Выручка магазина,baseline_hgb_v2
2023-12-29 08:00:00,1,Татнефть-АЗС-002,310.0,179,1,1,0,8,4,262.8396086702065,shop_total_revenue,Выручка магазина,baseline_hgb_v2
2023-12-29 08:00:00,2,Татнефть-АЗС-003,359.0,282,0,0,1,8,4,321.9599702646276,shop_total_revenue,Выручка магазина,baseline_hgb_v2
2023-12-29 08:00:00,3,Татнефть-АЗС-004,710.0,443,0,1,1,8,4,662.7672572179443,shop_total_revenue,Выручка магазина,baseline_hgb_v2
2023-12-29 08:00:00,4,Татнефть-АЗС-005,229.0,186,0,0,1,8,4,156.48727652453638,shop_total_revenue,Выручка магазина,baseline_hgb_v2
2023-12-29 09:00:00,0,Татнефть-АЗС-001,324.0,294,1,1,0,9,4,366.35355969053654,shop_total_revenue,Выручка магазина,baseline_hgb_v2
2023-12-29 09:00:00,1,Татнефть-АЗС-002,0.0,130,0,1,0,9,4,2.0817244568839,shop_total_revenue,Выручка магазина,baseline_hgb_v2
2023-12-29 09:00:00,2,Татнефть-АЗС-003,353.0,349,0,0,1,9,4,579.8789269356632,shop_total_revenue,Выручка магазина,baseline_hgb_v2
2023-12-29 09:00:00,3,Татнефть-АЗС-004,371.0,431,0,1,1,9,4,645.3573246926843,shop_total_revenue,Выручка магазина,baseline_hgb_v2
2023-12-29 09:00:00,4,Татнефть-АЗС-005,248.0,214,1,0,1,9,4,204.3971699620593,shop_total_revenue,Выручка магазина,baseline_hgb_v2
2023-12-29 10:00:00,0,Татнефть-АЗС-001,0.0,152,0,1,0,10,4,-2.1109336953180757,shop_total_revenue,Выручка магазина,baseline_hgb_v2
2023-12-29 10:00:00,1,Татнефть-АЗС-002,0.0,46,0,1,0,10,4,0.08673581602778985,shop_total_revenue,Выручка магазина,baseline_hgb_v2
2023-12-29 10:00:00,2,Татнефть-АЗС-003,0.0,182,0,0,1,10,4,-2.372875540230086,shop_total_revenue,Выручка магазина,baseline_hgb_v2
2023-12-29 10:00:00,3,Татнефть-АЗС-004,0.0,163,0,1,1,10,4,1.677787075945675,shop_total_revenue,Выручка магазина,baseline_hgb_v2
2023-12-29 10:00:00,4,Татнефть-АЗС-005,0.0,67,0,0,1,10,4,-0.0954930918748383,shop_total_revenue,Выручка магазина,baseline_hgb_v2
2023-12-29 11:00:00,0,Татнефть-АЗС-001,0.0,145,1,1,0,11,4,-2.692582394820438,shop_total_revenue,Выручка магазина,baseline_hgb_v2
2023-12-29 11:00:00,1,Татнефть-АЗС-002,0.0,75,0,1,0,11,4,0.8084064919371308,shop_total_revenue,Выручка магазина,baseline_hgb_v2
2023-12-29 11:00:00,2,Татнефть-АЗС-003,0.0,102,0,0,1,11,4,0.2815392870732721,shop_total_revenue,Выручка магазина,baseline_hgb_v2
2023-12-29 11:00:00,3,Татнефть-АЗС-004,0.0,140,0,1,1,11,4,-5.4862413599003705,shop_total_revenue,Выручка магазина,baseline_hgb_v2
2023-12-29 11:00:00,4,Татнефть-АЗС-005,0.0,51,0,0,1,11,4,-0.0954930918748383,shop_total_revenue,Выручка магазина,baseline_hgb_v2
2023-12-29 12:00:00,0,Татнефть-АЗС-001,0.0,154,0,1,0,12,4,115.99714785142648,shop_total_revenue,Выручка магазина,baseline_hgb_v2
2023-12-29 12:00:00,1,Татнефть-АЗС-002,0.0,67,0,1,0,12,4,1.0755284244516075,shop_total_revenue,Выручка магазина,baseline_hgb_v2
2023-12-29 12:00:00,2,Татнефть-АЗС-003,0.0,106,0,0,1,12,4,0.17719628638573637,shop_total_revenue,Выручка магазина,baseline_hgb_v2
2023-12-29 12:00:00,3,Татнефть-АЗС-004,0.0,148,1,1,1,12,4,50.62820824596508,shop_total_revenue,Выручка магазина,baseline_hgb_v2
2023-12-29 12:00:00,4,Татнефть-АЗС-005,0.0,67,0,0,1,12,4,0.8932995165489797,shop_total_revenue,Выручка магазина,baseline_hgb_v2
2023-12-29 13:00:00,0,Татнефть-АЗС-001,0.0,117,0,1,0,13,4,2.328713619839775,shop_total_revenue,Выручка магазина,baseline_hgb_v2
2023-12-29 13:00:00,1,Татнефть-АЗС-002,0.0,51,0,1,0,13,4,0.2761047092240636,shop_total_revenue,Выручка магазина,baseline_hgb_v2
2023-12-29 13:00:00,2,Татнефть-АЗС-003,0.0,156,0,0,1,13,4,114.34688992726345,shop_total_revenue,Выручка магазина,baseline_hgb_v2
2023-12-29 13:00:00,3,Татнефть-АЗС-004,0.0,93,0,1,1,13,4,0.2761047092240636,shop_total_revenue,Выручка магазина,baseline_hgb_v2
2023-12-29 13:00:00,4,Татнефть-АЗС-005,0.0,66,0,0,1,13,4,0.8932995165489797,shop_total_revenue,Выручка магазина,baseline_hgb_v2
2023-12-29 14:00:00,0,Татнефть-АЗС-001,0.0,103,0,1,0,14,4,2.328713619839775,shop_total_revenue,Выручка магазина,baseline_hgb_v2
2023-12-29 14:00:00,1,Татнефть-АЗС-002,0.0,52,0,1,0,14,4,0.2761047092240636,shop_total_revenue,Выручка магазина,baseline_hgb_v2
2023-12-29 14:00:00,2,Татнефть-АЗС-003,0.0,93,0,0,1,14,4,0.17719628638573637,shop_total_revenue,Выручка магазина,baseline_hgb_v2
2023-12-29 14:00:00,3,Татнефть-АЗС-004,0.0,143,0,1,1,14,4,12.97605347934301,shop_total_revenue,Выручка магазина,baseline_hgb_v2
2023-12-29 14:00:00,4,Татнефть-АЗС-005,0.0,83,1,0,1,14,4,0.8932995165489797,shop_total_revenue,Выручка магазина,baseline_hgb_v2
2023-12-29 15:00:00,0,Татнефть-АЗС-001,0.0,98,0,1,0,15,4,0.15468822879402203,shop_total_revenue,Выручка магазина,baseline_hgb_v2
2023-12-29 15:00:00,1,Татнефть-АЗС-002,0.0,74,0,1,0,15,4,0.7365719514590761,shop_total_revenue,Выручка магазина,baseline_hgb_v2
2023-12-29 15:00:00,2,Татнефть-АЗС-003,0.0,120,0,0,1,15,4,-0.027540679108606095,shop_total_revenue,Выручка магазина,baseline_hgb_v2
2023-12-29 15:00:00,3,Татнефть-АЗС-004,0.0,150,1,1,1,15,4,-4.077417333004918,shop_total_revenue,Выручка магазина,baseline_hgb_v2
2023-12-29 15:00:00,4,Татнефть-АЗС-005,0.0,68,0,0,1,15,4,0.5543430435564479,shop_total_revenue,Выручка магазина,baseline_hgb_v2
2023-12-29 16:00:00,0,Татнефть-АЗС-001,0.0,150,1,1,0,16,4,-2.5254527819849906,shop_total_revenue,Выручка магазина,baseline_hgb_v2
2023-12-29 16:00:00,1,Татнефть-АЗС-002,0.0,82,0,1,0,16,4,0.15468822879402203,shop_total_revenue,Выручка магазина,baseline_hgb_v2
2023-12-29 16:00:00,2,Татнефть-АЗС-003,0.0,162,0,0,1,16,4,4.7371148747703264,shop_total_revenue,Выручка магазина,baseline_hgb_v2
2023-12-29 16:00:00,3,Татнефть-АЗС-004,0.0,94,0,1,1,16,4,0.23800871385832292,shop_total_revenue,Выручка магазина,baseline_hgb_v2
2023-12-29 16:00:00,4,Татнефть-АЗС-005,0.0,72,1,0,1,16,4,0.5543430435564479,shop_total_revenue,Выручка магазина,baseline_hgb_v2
2023-12-29 17:00:00,0,Татнефть-АЗС-001,306.0,305,0,1,0,17,4,354.9264265428019,shop_total_revenue,Выручка магазина,baseline_hgb_v2
2023-12-29 17:00:00,1,Татнефть-АЗС-002,597.0,321,0,1,0,17,4,588.0428782816265,shop_total_revenue,Выручка магазина,baseline_hgb_v2
2023-12-29 17:00:00,2,Татнефть-АЗС-003,1426.0,707,0,0,1,17,4,1614.6908015230013,shop_total_revenue,Выручка магазина,baseline_hgb_v2
2023-12-29 17:00:00,3,Татнефть-АЗС-004,364.0,290,0,1,1,17,4,316.22575925786566,shop_total_revenue,Выручка магазина,baseline_hgb_v2
2023-12-29 17:00:00,4,Татнефть-АЗС-005,241.0,206,0,0,1,17,4,215.23190938859963,shop_total_revenue,Выручка магазина,baseline_hgb_v2
2023-12-29 18:00:00,0,Татнефть-АЗС-001,625.0,410,0,1,0,18,4,757.5614815813473,shop_total_revenue,Выручка магазина,baseline_hgb_v2
2023-12-29 18:00:00,1,Татнефть-АЗС-002,310.0,210,0,1,0,18,4,287.4417916884632,shop_total_revenue,Выручка магазина,baseline_hgb_v2
2023-12-29 18:00:00,2,Татнефть-АЗС-003,1400.0,641,0,0,1,18,4,1299.3499389495025,shop_total_revenue,Выручка магазина,baseline_hgb_v2
2023-12-29 18:00:00,3,Татнефть-АЗС-004,388.0,274,1,1,1,18,4,274.07494200332934,shop_total_revenue,Выручка магазина,baseline_hgb_v2
2023-12-29 18:00:00,4,Татнефть-АЗС-005,256.0,224,1,0,1,18,4,241.0095002455836,shop_total_revenue,Выручка магазина,baseline_hgb_v2
2023-12-29 19:00:00,0,Татнефть-АЗС-001,602.0,399,1,1,0,19,4,753.029766132889,shop_total_revenue,Выручка магазина,baseline_hgb_v2
2023-12-29 19:00:00,1,Татнефть-АЗС-002,322.0,329,0,1,0,19,4,614.016738223985,shop_total_revenue,Выручка магазина,baseline_hgb_v2
2023-12-29 19:00:00,2,Татнефть-АЗС-003,1077.0,613,0,0,1,19,4,1212.2760651607466,shop_total_revenue,Выручка магазина,baseline_hgb_v2
2023-12-29 19:00:00,3,Татнефть-АЗС-004,363.0,265,1,1,1,19,4,256.67572042778033,shop_total_revenue,Выручка магазина,baseline_hgb_v2
2023-12-29 19:00:00,4,Татнефть-АЗС-005,251.0,175,0,0,1,19,4,111.7809367554747,shop_total_revenue,Выручка магазина,baseline_hgb_v2
2023-12-29 20:00:00,0,Татнефть-АЗС-001,0.0,145,1,1,0,20,4,-0.6547719797697152,shop_total_revenue,Выручка магазина,baseline_hgb_v2
2023-12-29 20:00:00,1,Татнефть-АЗС-002,0.0,103,1,1,0,20,4,0.7365719514590761,shop_total_revenue,Выручка магазина,baseline_hgb_v2
2023-12-29 20:00:00,2,Татнефть-АЗС-003,0.0,158,0,0,1,20,4,6.588129830792023,shop_total_revenue,Выручка магазина,baseline_hgb_v2
2023-12-29 20:00:00,3,Татнефть-АЗС-004,0.0,162,1,1,1,20,4,4.185078705058813,shop_total_revenue,Выручка магазина,baseline_hgb_v2
2023-12-29 20:00:00,4,Татнефть-АЗС-005,0.0,73,1,0,1,20,4,0.5543430435564479,shop_total_revenue,Выручка магазина,baseline_hgb_v2
2023-12-29 21:00:00,0,Татнефть-АЗС-001,0.0,167,0,1,0,21,4,7.010861273809684,shop_total_revenue,Выручка магазина,baseline_hgb_v2
2023-12-29 21:00:00,1,Татнефть-АЗС-002,0.0,52,1,1,0,21,4,0.23800871385832292,shop_total_revenue,Выручка магазина,baseline_hgb_v2
2023-12-29 21:00:00,2,Татнефть-АЗС-003,0.0,159,0,0,1,21,4,8.380983684647163,shop_total_revenue,Выручка магазина,baseline_hgb_v2
2023-12-29 21:00:00,3,Татнефть-АЗС-004,0.0,139,0,1,1,21,4,-4.470129459840439,shop_total_revenue,Выручка магазина,baseline_hgb_v2
2023-12-29 21:00:00,4,Татнефть-АЗС-005,0.0,72,1,0,1,21,4,0.5543430435564479,shop_total_revenue,Выручка магазина,baseline_hgb_v2
2023-12-29 22:00:00,0,Татнефть-АЗС-001,0.0,34,0,1,0,22,4,0.7365719514590761,shop_total_revenue,Выручка магазина,baseline_hgb_v2
2023-12-29 22:00:00,1,Татнефть-АЗС-002,0.0,18,1,1,0,22,4,0.7365719514590761,shop_total_revenue,Выручка магазина,baseline_hgb_v2
2023-12-29 22:00:00,2,Татнефть-АЗС-003,0.0,33,0,0,1,22,4,0.5543430435564479,shop_total_revenue,Выручка магазина,baseline_hgb_v2
2023-12-29 22:00:00,3,Татнефть-АЗС-004,0.0,33,1,1,1,22,4,0.7365719514590761,shop_total_revenue,Выручка магазина,baseline_hgb_v2
2023-12-29 22:00:00,4,Татнефть-АЗС-005,0.0,11,0,0,1,22,4,-0.027540679108606095,shop_total_revenue,Выручка магазина,baseline_hgb_v2
2023-12-29 23:00:00,0,Татнефть-АЗС-001,0.0,22,0,1,0,23,4,0.15468822879402203,shop_total_revenue,Выручка магазина,baseline_hgb_v2
2023-12-29 23:00:00,1,Татнефть-АЗС-002,0.0,14,0,1,0,23,4,0.7365719514590761,shop_total_revenue,Выручка магазина,baseline_hgb_v2
2023-12-29 23:00:00,2,Татнефть-АЗС-003,0.0,33,0,0,1,23,4,0.21103772761121287,shop_total_revenue,Выручка магазина,baseline_hgb_v2
2023-12-29 23:00:00,3,Татнефть-АЗС-004,0.0,31,0,1,1,23,4,0.7365719514590761,shop_total_revenue,Выручка магазина,baseline_hgb_v2
2023-12-29 23:00:00,4,Татнефть-АЗС-005,0.0,15,0,0,1,23,4,0.5543430435564479,shop_total_revenue,Выручка магазина,baseline_hgb_v2
2023-12-30 00:00:00,0,Татнефть-АЗС-001,0.0,22,1,1,0,0,5,-0.22023548127975054,shop_total_revenue,Выручка магазина,baseline_hgb_v2
2023-12-30 00:00:00,1,Татнефть-АЗС-002,0.0,11,0,1,0,0,5,0.5014351946295903,shop_total_revenue,Выручка магазина,baseline_hgb_v2
2023-12-30 00:00:00,2,Татнефть-АЗС-003,0.0,33,1,0,1,0,5,0.31920628672696216,shop_total_revenue,Выручка магазина,baseline_hgb_v2
2023-12-30 00:00:00,3,Татнефть-АЗС-004,0.0,28,1,1,1,0,5,-0.22023548127975054,shop_total_revenue,Выручка магазина,baseline_hgb_v2
2023-12-30 00:00:00,4,Татнефть-АЗС-005,0.0,12,0,0,1,0,5,0.31920628672696216,shop_total_revenue,Выручка магазина,baseline_hgb_v2
2023-12-30 01:00:00,0,Татнефть-АЗС-001,0.0,25,0,1,0,1,5,-0.22023548127975054,shop_total_revenue,Выручка магазина,baseline_hgb_v2
2023-12-30 01:00:00,1,Татнефть-АЗС-002,0.0,9,0,1,0,1,5,0.5014351946295903,shop_total_revenue,Выручка магазина,baseline_hgb_v2
2023-12-30 01:00:00,2,Татнефть-АЗС-003,0.0,40,0,0,1,1,5,0.31920628672696216,shop_total_revenue,Выручка магазина,baseline_hgb_v2
2023-12-30 01:00:00,3,Татнефть-АЗС-004,0.0,33,0,1,1,1,5,0.5014351946295903,shop_total_revenue,Выручка магазина,baseline_hgb_v2
2023-12-30 01:00:00,4,Татнефть-АЗС-005,0.0,9,0,0,1,1,5,-0.4024643891823787,shop_total_revenue,Выручка магазина,baseline_hgb_v2
2023-12-30 02:00:00,0,Татнефть-АЗС-001,0.0,39,0,1,0,2,5,0.5014351946295903,shop_total_revenue,Выручка магазина,baseline_hgb_v2
2023-12-30 02:00:00,1,Татнефть-АЗС-002,0.0,12,0,1,0,2,5,0.5014351946295903,shop_total_revenue,Выручка магазина,baseline_hgb_v2
2023-12-30 02:00:00,2,Татнефть-АЗС-003,0.0,24,1,0,1,2,5,-0.4024643891823787,shop_total_revenue,Выручка магазина,baseline_hgb_v2
2023-12-30 02:00:00,3,Татнефть-АЗС-004,0.0,36,0,1,1,2,5,0.5014351946295903,shop_total_revenue,Выручка магазина,baseline_hgb_v2
2023-12-30 02:00:00,4,Татнефть-АЗС-005,0.0,9,1,0,1,2,5,0.31920628672696216,shop_total_revenue,Выручка магазина,baseline_hgb_v2
2023-12-30 03:00:00,0,Татнефть-АЗС-001,0.0,25,0,1,0,3,5,-0.22023548127975054,shop_total_revenue,Выручка магазина,baseline_hgb_v2
2023-12-30 03:00:00,1,Татнефть-АЗС-002,0.0,8,0,1,0,3,5,-0.22023548127975054,shop_total_revenue,Выручка магазина,baseline_hgb_v2
2023-12-30 03:00:00,2,Татнефть-АЗС-003,0.0,33,0,0,1,3,5,0.31920628672696216,shop_total_revenue,Выручка магазина,baseline_hgb_v2
2023-12-30 03:00:00,3,Татнефть-АЗС-004,0.0,21,1,1,1,3,5,1.5851183393814108,shop_total_revenue,Выручка магазина,baseline_hgb_v2
2023-12-30 03:00:00,4,Татнефть-АЗС-005,0.0,8,0,0,1,3,5,-0.1638859824625598,shop_total_revenue,Выручка магазина,baseline_hgb_v2
2023-12-30 04:00:00,0,Татнефть-АЗС-001,0.0,31,0,1,0,4,5,-0.22023548127975054,shop_total_revenue,Выручка магазина,baseline_hgb_v2
2023-12-30 04:00:00,1,Татнефть-АЗС-002,0.0,11,1,1,0,4,5,0.5014351946295903,shop_total_revenue,Выручка магазина,baseline_hgb_v2
2023-12-30 04:00:00,2,Татнефть-АЗС-003,0.0,37,0,0,1,4,5,0.31920628672696216,shop_total_revenue,Выручка магазина,baseline_hgb_v2
2023-12-30 04:00:00,3,Татнефть-АЗС-004,0.0,37,0,1,1,4,5,0.5014351946295903,shop_total_revenue,Выручка магазина,baseline_hgb_v2
2023-12-30 04:00:00,4,Татнефть-АЗС-005,0.0,10,0,0,1,4,5,-0.4024643891823787,shop_total_revenue,Выручка магазина,baseline_hgb_v2
2023-12-30 05:00:00,0,Татнефть-АЗС-001,0.0,30,0,1,0,5,5,0.15679689766835977,shop_total_revenue,Выручка магазина,baseline_hgb_v2
2023-12-30 05:00:00,1,Татнефть-АЗС-002,0.0,8,0,1,0,5,5,-0.22023548127975054,shop_total_revenue,Выручка магазина,baseline_hgb_v2
2023-12-30 05:00:00,2,Татнефть-АЗС-003,0.0,26,1,0,1,5,5,-0.4024643891823787,shop_total_revenue,Выручка магазина,baseline_hgb_v2
2023-12-30 05:00:00,3,Татнефть-АЗС-004,0.0,25,1,1,1,5,5,-0.22023548127975054,shop_total_revenue,Выручка магазина,baseline_hgb_v2
2023-12-30 05:00:00,4,Татнефть-АЗС-005,0.0,9,0,0,1,5,5,-0.4024643891823787,shop_total_revenue,Выручка магазина,baseline_hgb_v2
2023-12-30 06:00:00,0,Татнефть-АЗС-001,0.0,110,0,1,0,6,5,0.15679689766835977,shop_total_revenue,Выручка магазина,baseline_hgb_v2
2023-12-30 06:00:00,1,Татнефть-АЗС-002,0.0,39,0,1,0,6,5,-0.22023548127975054,shop_total_revenue,Выручка магазина,baseline_hgb_v2
2023-12-30 06:00:00,2,Татнефть-АЗС-003,0.0,114,0,0,1,6,5,-0.4024643891823787,shop_total_revenue,Выручка магазина,baseline_hgb_v2
2023-12-30 06:00:00,3,Татнефть-АЗС-004,354.0,288,0,1,1,6,5,208.53636281081313,shop_total_revenue,Выручка магазина,baseline_hgb_v2
2023-12-30 06:00:00,4,Татнефть-АЗС-005,0.0,97,0,0,1,6,5,0.31920628672696216,shop_total_revenue,Выручка магазина,baseline_hgb_v2
2023-12-30 07:00:00,0,Татнефть-АЗС-001,315.0,268,0,1,0,7,5,327.6238226435874,shop_total_revenue,Выручка магазина,baseline_hgb_v2
2023-12-30 07:00:00,1,Татнефть-АЗС-002,0.0,176,0,1,0,7,5,262.2225804253144,shop_total_revenue,Выручка магазина,baseline_hgb_v2
2023-12-30 07:00:00,2,Татнефть-АЗС-003,342.0,340,0,0,1,7,5,509.0015550357838,shop_total_revenue,Выручка магазина,baseline_hgb_v2
2023-12-30 07:00:00,3,Татнефть-АЗС-004,1082.0,472,0,1,1,7,5,749.4732340383521,shop_total_revenue,Выручка магазина,baseline_hgb_v2
2023-12-30 07:00:00,4,Татнефть-АЗС-005,233.0,228,0,0,1,7,5,233.03763474284315,shop_total_revenue,Выручка магазина,baseline_hgb_v2
2023-12-30 08:00:00,0,Татнефть-АЗС-001,335.0,330,1,1,0,8,5,423.09893306008,shop_total_revenue,Выручка магазина,baseline_hgb_v2
2023-12-30 08:00:00,1,Татнефть-АЗС-002,0.0,83,1,1,0,8,5,-0.7523785330167041,shop_total_revenue,Выручка магазина,baseline_hgb_v2
2023-12-30 08:00:00,2,Татнефть-АЗС-003,730.0,329,0,0,1,8,5,409.2419164607304,shop_total_revenue,Выручка магазина,baseline_hgb_v2
2023-12-30 08:00:00,3,Татнефть-АЗС-004,1458.0,614,1,1,1,8,5,1271.3011400007215,shop_total_revenue,Выручка магазина,baseline_hgb_v2
2023-12-30 08:00:00,4,Татнефть-АЗС-005,0.0,154,1,0,1,8,5,34.96244427584555,shop_total_revenue,Выручка магазина,baseline_hgb_v2
2023-12-30 09:00:00,0,Татнефть-АЗС-001,325.0,291,0,1,0,9,5,363.23645747983323,shop_total_revenue,Выручка магазина,baseline_hgb_v2
2023-12-30 09:00:00,1,Татнефть-АЗС-002,0.0,145,0,1,0,9,5,51.252362981768385,shop_total_revenue,Выручка магазина,baseline_hgb_v2
2023-12-30 09:00:00,2,Татнефть-АЗС-003,1134.0,489,0,0,1,9,5,1009.2362968498818,shop_total_revenue,Выручка магазина,baseline_hgb_v2
2023-12-30 09:00:00,3,Татнефть-АЗС-004,1799.0,706,0,1,1,9,5,1450.4984863965692,shop_total_revenue,Выручка магазина,baseline_hgb_v2
2023-12-30 09:00:00,4,Татнефть-АЗС-005,231.0,248,0,0,1,9,5,252.33901928419323,shop_total_revenue,Выручка магазина,baseline_hgb_v2
2023-12-30 10:00:00,0,Татнефть-АЗС-001,0.0,176,0,1,0,10,5,5.021890317029193,shop_total_revenue,Выручка магазина,baseline_hgb_v2
2023-12-30 10:00:00,1,Татнефть-АЗС-002,0.0,54,0,1,0,10,5,0.5014351946295903,shop_total_revenue,Выручка магазина,baseline_hgb_v2
2023-12-30 10:00:00,2,Татнефть-АЗС-003,0.0,127,0,0,1,10,5,1.4028894314787828,shop_total_revenue,Выручка магазина,baseline_hgb_v2
2023-12-30 10:00:00,3,Татнефть-АЗС-004,0.0,199,1,1,1,10,5,15.441100059380533,shop_total_revenue,Выручка магазина,baseline_hgb_v2
2023-12-30 10:00:00,4,Татнефть-АЗС-005,0.0,66,0,0,1,10,5,-0.4024643891823787,shop_total_revenue,Выручка магазина,baseline_hgb_v2
2023-12-30 11:00:00,0,Татнефть-АЗС-001,0.0,138,0,1,0,11,5,-2.6898192595029675,shop_total_revenue,Выручка магазина,baseline_hgb_v2
2023-12-30 11:00:00,1,Татнефть-АЗС-002,0.0,42,0,1,0,11,5,-0.22023548127975054,shop_total_revenue,Выручка магазина,baseline_hgb_v2
2023-12-30 11:00:00,2,Татнефть-АЗС-003,0.0,123,0,0,1,11,5,1.4028894314787828,shop_total_revenue,Выручка магазина,baseline_hgb_v2
2023-12-30 11:00:00,3,Татнефть-АЗС-004,0.0,112,0,1,1,11,5,-0.22023548127975054,shop_total_revenue,Выручка магазина,baseline_hgb_v2
2023-12-30 11:00:00,4,Татнефть-АЗС-005,0.0,56,0,0,1,11,5,0.31920628672696216,shop_total_revenue,Выручка магазина,baseline_hgb_v2
2023-12-30 12:00:00,0,Татнефть-АЗС-001,0.0,167,0,1,0,12,5,165.01667391437311,shop_total_revenue,Выручка магазина,baseline_hgb_v2
2023-12-30 12:00:00,1,Татнефть-АЗС-002,0.0,53,0,1,0,12,5,0.7685571271440673,shop_total_revenue,Выручка магазина,baseline_hgb_v2
2023-12-30 12:00:00,2,Татнефть-АЗС-003,0.0,192,1,0,1,12,5,271.5567097573472,shop_total_revenue,Выручка магазина,baseline_hgb_v2
2023-12-30 12:00:00,3,Татнефть-АЗС-004,0.0,137,0,1,1,12,5,-2.2797279731272946,shop_total_revenue,Выручка магазина,baseline_hgb_v2
2023-12-30 12:00:00,4,Татнефть-АЗС-005,0.0,56,0,0,1,12,5,0.5863282192414392,shop_total_revenue,Выручка магазина,baseline_hgb_v2
2023-12-30 13:00:00,0,Татнефть-АЗС-001,0.0,117,1,1,0,13,5,-0.8728377430511058,shop_total_revenue,Выручка магазина,baseline_hgb_v2
2023-12-30 13:00:00,1,Татнефть-АЗС-002,0.0,38,1,1,0,13,5,-0.030866588083476747,shop_total_revenue,Выручка магазина,baseline_hgb_v2
2023-12-30 13:00:00,2,Татнефть-АЗС-003,0.0,116,0,0,1,13,5,-0.2130954959861049,shop_total_revenue,Выручка магазина,baseline_hgb_v2
2023-12-30 13:00:00,3,Татнефть-АЗС-004,379.0,190,0,1,1,13,5,274.2976392004459,shop_total_revenue,Выручка магазина,baseline_hgb_v2
2023-12-30 13:00:00,4,Татнефть-АЗС-005,0.0,38,0,0,1,13,5,-0.2130954959861049,shop_total_revenue,Выручка магазина,baseline_hgb_v2
2023-12-30 14:00:00,0,Татнефть-АЗС-001,0.0,116,1,1,0,14,5,2.0217423225322344,shop_total_revenue,Выручка магазина,baseline_hgb_v2
2023-12-30 14:00:00,1,Татнефть-АЗС-002,0.0,59,0,1,0,14,5,0.7685571271440673,shop_total_revenue,Выручка магазина,baseline_hgb_v2
2023-12-30 14:00:00,2,Татнефть-АЗС-003,0.0,139,0,0,1,14,5,-2.3842037563594256,shop_total_revenue,Выручка магазина,baseline_hgb_v2
2023-12-30 14:00:00,3,Татнефть-АЗС-004,0.0,124,1,1,1,14,5,-0.030866588083476747,shop_total_revenue,Выручка магазина,baseline_hgb_v2
2023-12-30 14:00:00,4,Татнефть-АЗС-005,0.0,57,0,0,1,14,5,0.5863282192414392,shop_total_revenue,Выручка магазина,baseline_hgb_v2
2023-12-30 15:00:00,0,Татнефть-АЗС-001,0.0,126,0,1,0,15,5,0.19102224743171678,shop_total_revenue,Выручка магазина,baseline_hgb_v2
2023-12-30 15:00:00,1,Татнефть-АЗС-002,0.0,38,1,1,0,15,5,-0.15228306851351836,shop_total_revenue,Выручка магазина,baseline_hgb_v2
2023-12-30 15:00:00,2,Татнефть-АЗС-003,0.0,149,1,0,1,15,5,-6.347589308085276,shop_total_revenue,Выручка магазина,baseline_hgb_v2
2023-12-30 15:00:00,3,Татнефть-АЗС-004,0.0,168,0,1,1,15,5,0.2804900078398343,shop_total_revenue,Выручка магазина,baseline_hgb_v2
2023-12-30 15:00:00,4,Татнефть-АЗС-005,0.0,42,0,0,1,15,5,-0.3345119764161465,shop_total_revenue,Выручка магазина,baseline_hgb_v2
2023-12-30 16:00:00,0,Татнефть-АЗС-001,0.0,117,0,1,0,16,5,-0.15228306851351836,shop_total_revenue,Выручка магазина,baseline_hgb_v2
2023-12-30 16:00:00,1,Татнефть-АЗС-002,0.0,88,1,1,0,16,5,0.4296006541515356,shop_total_revenue,Выручка магазина,baseline_hgb_v2
2023-12-30 16:00:00,2,Татнефть-АЗС-003,0.0,241,0,0,1,16,5,67.65588299709444,shop_total_revenue,Выручка магазина,baseline_hgb_v2
2023-12-30 16:00:00,3,Татнефть-АЗС-004,0.0,211,1,1,1,16,5,24.47467046561227,shop_total_revenue,Выручка магазина,baseline_hgb_v2
2023-12-30 16:00:00,4,Татнефть-АЗС-005,0.0,52,0,0,1,16,5,0.24737174624890745,shop_total_revenue,Выручка магазина,baseline_hgb_v2
2023-12-30 17:00:00,0,Татнефть-АЗС-001,1253.0,502,1,1,0,17,5,1064.2011328476715,shop_total_revenue,Выручка магазина,baseline_hgb_v2
2023-12-30 17:00:00,1,Татнефть-АЗС-002,0.0,171,0,1,0,17,5,93.1935108360453,shop_total_revenue,Выручка магазина,baseline_hgb_v2
2023-12-30 17:00:00,2,Татнефть-АЗС-003,1796.0,782,0,0,1,17,5,1738.8025536165726,shop_total_revenue,Выручка магазина,baseline_hgb_v2
2023-12-30 17:00:00,3,Татнефть-АЗС-004,703.0,392,1,1,1,17,5,701.4636147540399,shop_total_revenue,Выручка магазина,baseline_hgb_v2
2023-12-30 17:00:00,4,Татнефть-АЗС-005,0.0,103,0,0,1,17,5,-0.6934062041808444,shop_total_revenue,Выручка магазина,baseline_hgb_v2
2023-12-30 18:00:00,0,Татнефть-АЗС-001,917.0,451,1,1,0,18,5,890.3072254744382,shop_total_revenue,Выручка магазина,baseline_hgb_v2
2023-12-30 18:00:00,1,Татнефть-АЗС-002,319.0,213,0,1,0,18,5,316.7258225641214,shop_total_revenue,Выручка магазина,baseline_hgb_v2
2023-12-30 18:00:00,2,Татнефть-АЗС-003,710.0,522,0,0,1,18,5,862.4981197109596,shop_total_revenue,Выручка магазина,baseline_hgb_v2
2023-12-30 18:00:00,3,Татнефть-АЗС-004,1057.0,467,0,1,1,18,5,864.4930059712467,shop_total_revenue,Выручка магазина,baseline_hgb_v2
2023-12-30 18:00:00,4,Татнефть-АЗС-005,0.0,102,1,0,1,18,5,2.2437680153421935,shop_total_revenue,Выручка магазина,baseline_hgb_v2
2023-12-30 19:00:00,0,Татнефть-АЗС-001,890.0,506,1,1,0,19,5,1072.0812164545027,shop_total_revenue,Выручка магазина,baseline_hgb_v2
2023-12-30 19:00:00,1,Татнефть-АЗС-002,316.0,164,0,1,0,19,5,77.87149563924552,shop_total_revenue,Выручка магазина,baseline_hgb_v2
2023-12-30 19:00:00,2,Татнефть-АЗС-003,1392.0,796,0,0,1,19,5,1804.1930207846806,shop_total_revenue,Выручка магазина,baseline_hgb_v2
2023-12-30 19:00:00,3,Татнефть-АЗС-004,1070.0,478,0,1,1,19,5,1003.0609700241453,shop_total_revenue,Выручка магазина,baseline_hgb_v2
2023-12-30 19:00:00,4,Татнефть-АЗС-005,0.0,121,0,0,1,19,5,-0.6934062041808444,shop_total_revenue,Выручка магазина,baseline_hgb_v2
2023-12-30 20:00:00,0,Татнефть-АЗС-001,0.0,145,1,1,0,20,5,-5.051245526189324,shop_total_revenue,Выручка магазина,baseline_hgb_v2
2023-12-30 20:00:00,1,Татнефть-АЗС-002,0.0,94,0,1,0,20,5,0.4296006541515356,shop_total_revenue,Выручка магазина,baseline_hgb_v2
2023-12-30 20:00:00,2,Татнефть-АЗС-003,0.0,215,0,0,1,20,5,28.170079531290984,shop_total_revenue,Выручка магазина,baseline_hgb_v2
2023-12-30 20:00:00,3,Татнефть-АЗС-004,0.0,178,1,1,1,20,5,1.2126324325569984,shop_total_revenue,Выручка магазина,baseline_hgb_v2
2023-12-30 20:00:00,4,Татнефть-АЗС-005,0.0,59,1,0,1,20,5,0.24737174624890745,shop_total_revenue,Выручка магазина,baseline_hgb_v2
2023-12-30 21:00:00,0,Татнефть-АЗС-001,0.0,127,1,1,0,21,5,0.08496235719030501,shop_total_revenue,Выручка магазина,baseline_hgb_v2
2023-12-30 21:00:00,1,Татнефть-АЗС-002,0.0,53,1,1,0,21,5,0.4296006541515356,shop_total_revenue,Выручка магазина,baseline_hgb_v2
2023-12-30 21:00:00,2,Татнефть-АЗС-003,0.0,121,0,0,1,21,5,-0.3345119764161465,shop_total_revenue,Выручка магазина,baseline_hgb_v2
2023-12-30 21:00:00,3,Татнефть-АЗС-004,0.0,109,0,1,1,21,5,-0.15228306851351836,shop_total_revenue,Выручка магазина,baseline_hgb_v2
2023-12-30 21:00:00,4,Татнефть-АЗС-005,0.0,60,0,0,1,21,5,0.24737174624890745,shop_total_revenue,Выручка магазина,baseline_hgb_v2
2023-12-30 22:00:00,0,Татнефть-АЗС-001,0.0,38,0,1,0,22,5,0.4296006541515356,shop_total_revenue,Выручка магазина,baseline_hgb_v2
2023-12-30 22:00:00,1,Татнефть-АЗС-002,0.0,13,0,1,0,22,5,0.4296006541515356,shop_total_revenue,Выручка магазина,baseline_hgb_v2
2023-12-30 22:00:00,2,Татнефть-АЗС-003,0.0,40,0,0,1,22,5,0.24737174624890745,shop_total_revenue,Выручка магазина,baseline_hgb_v2
2023-12-30 22:00:00,3,Татнефть-АЗС-004,0.0,36,0,1,1,22,5,0.4296006541515356,shop_total_revenue,Выручка магазина,baseline_hgb_v2
2023-12-30 22:00:00,4,Татнефть-АЗС-005,0.0,10,0,0,1,22,5,0.24737174624890745,shop_total_revenue,Выручка магазина,baseline_hgb_v2
2023-12-30 23:00:00,0,Татнефть-АЗС-001,0.0,33,0,1,0,23,5,0.08496235719030501,shop_total_revenue,Выручка магазина,baseline_hgb_v2
2023-12-30 23:00:00,1,Татнефть-АЗС-002,0.0,7,0,1,0,23,5,-0.15228306851351836,shop_total_revenue,Выручка магазина,baseline_hgb_v2
2023-12-30 23:00:00,2,Татнефть-АЗС-003,0.0,25,1,0,1,23,5,-0.3345119764161465,shop_total_revenue,Выручка магазина,baseline_hgb_v2
2023-12-30 23:00:00,3,Татнефть-АЗС-004,0.0,25,0,1,1,23,5,-0.15228306851351836,shop_total_revenue,Выручка магазина,baseline_hgb_v2
2023-12-30 23:00:00,4,Татнефть-АЗС-005,0.0,11,1,0,1,23,5,0.24737174624890745,shop_total_revenue,Выручка магазина,baseline_hgb_v2
2023-12-31 00:00:00,0,Татнефть-АЗС-001,0.0,26,1,1,0,0,6,-0.22023548127975054,shop_total_revenue,Выручка магазина,baseline_hgb_v2
2023-12-31 00:00:00,1,Татнефть-АЗС-002,0.0,10,1,1,0,0,6,0.5014351946295903,shop_total_revenue,Выручка магазина,baseline_hgb_v2
2023-12-31 00:00:00,2,Татнефть-АЗС-003,0.0,30,1,0,1,0,6,-0.4024643891823787,shop_total_revenue,Выручка магазина,baseline_hgb_v2
2023-12-31 00:00:00,3,Татнефть-АЗС-004,0.0,39,0,1,1,0,6,0.01834292544006836,shop_total_revenue,Выручка магазина,baseline_hgb_v2
2023-12-31 00:00:00,4,Татнефть-АЗС-005,0.0,8,0,0,1,0,6,-0.4024643891823787,shop_total_revenue,Выручка магазина,baseline_hgb_v2
2023-12-31 01:00:00,0,Татнефть-АЗС-001,0.0,30,0,1,0,1,6,-0.22023548127975054,shop_total_revenue,Выручка магазина,baseline_hgb_v2
2023-12-31 01:00:00,1,Татнефть-АЗС-002,0.0,12,0,1,0,1,6,0.5014351946295903,shop_total_revenue,Выручка магазина,baseline_hgb_v2
2023-12-31 01:00:00,2,Татнефть-АЗС-003,0.0,40,0,0,1,1,6,0.31920628672696216,shop_total_revenue,Выручка магазина,baseline_hgb_v2
2023-12-31 01:00:00,3,Татнефть-АЗС-004,0.0,41,1,1,1,1,6,0.5014351946295903,shop_total_revenue,Выручка магазина,baseline_hgb_v2
2023-12-31 01:00:00,4,Татнефть-АЗС-005,0.0,8,0,0,1,1,6,-0.4024643891823787,shop_total_revenue,Выручка магазина,baseline_hgb_v2
2023-12-31 02:00:00,0,Татнефть-АЗС-001,0.0,35,0,1,0,2,6,0.5014351946295903,shop_total_revenue,Выручка магазина,baseline_hgb_v2
2023-12-31 02:00:00,1,Татнефть-АЗС-002,0.0,8,0,1,0,2,6,0.15679689766835977,shop_total_revenue,Выручка магазина,baseline_hgb_v2
2023-12-31 02:00:00,2,Татнефть-АЗС-003,0.0,24,0,0,1,2,6,-0.4024643891823787,shop_total_revenue,Выручка магазина,baseline_hgb_v2
2023-12-31 02:00:00,3,Татнефть-АЗС-004,0.0,27,1,1,1,2,6,-0.22023548127975054,shop_total_revenue,Выручка магазина,baseline_hgb_v2
2023-12-31 02:00:00,4,Татнефть-АЗС-005,0.0,12,0,0,1,2,6,2.124560107388124,shop_total_revenue,Выручка магазина,baseline_hgb_v2
2023-12-31 03:00:00,0,Татнефть-АЗС-001,0.0,33,0,1,0,3,6,0.5014351946295903,shop_total_revenue,Выручка магазина,baseline_hgb_v2
2023-12-31 03:00:00,1,Татнефть-АЗС-002,0.0,8,0,1,0,3,6,-0.22023548127975054,shop_total_revenue,Выручка магазина,baseline_hgb_v2
2023-12-31 03:00:00,2,Татнефть-АЗС-003,0.0,40,0,0,1,3,6,0.31920628672696216,shop_total_revenue,Выручка магазина,baseline_hgb_v2
2023-12-31 03:00:00,3,Татнефть-АЗС-004,0.0,24,0,1,1,3,6,-0.22023548127975054,shop_total_revenue,Выручка магазина,baseline_hgb_v2
2023-12-31 03:00:00,4,Татнефть-АЗС-005,0.0,11,0,0,1,3,6,0.31920628672696216,shop_total_revenue,Выручка магазина,baseline_hgb_v2
2023-12-31 04:00:00,0,Татнефть-АЗС-001,0.0,27,0,1,0,4,6,1.9621507183295208,shop_total_revenue,Выручка магазина,baseline_hgb_v2
2023-12-31 04:00:00,1,Татнефть-АЗС-002,0.0,12,0,1,0,4,6,0.5014351946295903,shop_total_revenue,Выручка магазина,baseline_hgb_v2
2023-12-31 04:00:00,2,Татнефть-АЗС-003,0.0,22,0,0,1,4,6,-0.3191439041180778,shop_total_revenue,Выручка магазина,baseline_hgb_v2
2023-12-31 04:00:00,3,Татнефть-АЗС-004,0.0,27,0,1,1,4,6,-0.22023548127975054,shop_total_revenue,Выручка магазина,baseline_hgb_v2
2023-12-31 04:00:00,4,Татнефть-АЗС-005,0.0,7,1,0,1,4,6,-0.4024643891823787,shop_total_revenue,Выручка магазина,baseline_hgb_v2
2023-12-31 05:00:00,0,Татнефть-АЗС-001,0.0,29,1,1,0,5,6,-0.22023548127975054,shop_total_revenue,Выручка магазина,baseline_hgb_v2
2023-12-31 05:00:00,1,Татнефть-АЗС-002,0.0,12,0,1,0,5,6,0.5014351946295903,shop_total_revenue,Выручка магазина,baseline_hgb_v2
2023-12-31 05:00:00,2,Татнефть-АЗС-003,0.0,43,0,0,1,5,6,0.31920628672696216,shop_total_revenue,Выручка магазина,baseline_hgb_v2
2023-12-31 05:00:00,3,Татнефть-АЗС-004,0.0,24,1,1,1,5,6,-0.22023548127975054,shop_total_revenue,Выручка магазина,baseline_hgb_v2
2023-12-31 05:00:00,4,Татнефть-АЗС-005,0.0,12,0,0,1,5,6,0.31920628672696216,shop_total_revenue,Выручка магазина,baseline_hgb_v2
2023-12-31 06:00:00,0,Татнефть-АЗС-001,0.0,129,0,1,0,6,6,-0.22023548127975054,shop_total_revenue,Выручка магазина,baseline_hgb_v2
2023-12-31 06:00:00,1,Татнефть-АЗС-002,0.0,64,1,1,0,6,6,0.5014351946295903,shop_total_revenue,Выручка магазина,baseline_hgb_v2
2023-12-31 06:00:00,2,Татнефть-АЗС-003,0.0,107,1,0,1,6,6,-0.4024643891823787,shop_total_revenue,Выручка магазина,baseline_hgb_v2
2023-12-31 06:00:00,3,Татнефть-АЗС-004,0.0,164,0,1,1,6,6,3.2078010257459546,shop_total_revenue,Выручка магазина,baseline_hgb_v2
2023-12-31 06:00:00,4,Татнефть-АЗС-005,0.0,82,0,0,1,6,6,0.31920628672696216,shop_total_revenue,Выручка магазина,baseline_hgb_v2
2023-12-31 07:00:00,0,Татнефть-АЗС-001,320.0,319,0,1,0,7,6,440.7633516696589,shop_total_revenue,Выручка магазина,baseline_hgb_v2
2023-12-31 07:00:00,1,Татнефть-АЗС-002,0.0,111,0,1,0,7,6,4.181305674834132,shop_total_revenue,Выручка магазина,baseline_hgb_v2
2023-12-31 07:00:00,2,Татнефть-АЗС-003,732.0,482,0,0,1,7,6,1001.2869554382855,shop_total_revenue,Выручка магазина,baseline_hgb_v2
2023-12-31 07:00:00,3,Татнефть-АЗС-004,727.0,500,0,1,1,7,6,750.5912524810327,shop_total_revenue,Выручка магазина,baseline_hgb_v2
2023-12-31 07:00:00,4,Татнефть-АЗС-005,0.0,191,0,0,1,7,6,173.4154980363489,shop_total_revenue,Выручка магазина,baseline_hgb_v2
2023-12-31 08:00:00,0,Татнефть-АЗС-001,305.0,338,0,1,0,8,6,499.6555738212657,shop_total_revenue,Выручка магазина,baseline_hgb_v2
2023-12-31 08:00:00,1,Татнефть-АЗС-002,0.0,156,0,1,0,8,6,133.9063254652451,shop_total_revenue,Выручка магазина,baseline_hgb_v2
2023-12-31 08:00:00,2,Татнефть-АЗС-003,1133.0,449,1,0,1,8,6,974.8034150130577,shop_total_revenue,Выручка магазина,baseline_hgb_v2
2023-12-31 08:00:00,3,Татнефть-АЗС-004,735.0,483,0,1,1,8,6,762.7486677189353,shop_total_revenue,Выручка магазина,baseline_hgb_v2
2023-12-31 08:00:00,4,Татнефть-АЗС-005,0.0,156,0,0,1,8,6,52.46018711297002,shop_total_revenue,Выручка магазина,baseline_hgb_v2
2023-12-31 09:00:00,0,Татнефть-АЗС-001,600.0,326,0,1,0,9,6,435.90879720451346,shop_total_revenue,Выручка магазина,baseline_hgb_v2
2023-12-31 09:00:00,1,Татнефть-АЗС-002,0.0,99,1,1,0,9,6,0.03912582901565712,shop_total_revenue,Выручка магазина,baseline_hgb_v2
2023-12-31 09:00:00,2,Татнефть-АЗС-003,376.0,353,0,0,1,9,6,517.4575257653141,shop_total_revenue,Выручка магазина,baseline_hgb_v2
2023-12-31 09:00:00,3,Татнефть-АЗС-004,733.0,448,0,1,1,9,6,666.7973019559281,shop_total_revenue,Выручка магазина,baseline_hgb_v2
2023-12-31 09:00:00,4,Татнефть-АЗС-005,235.0,243,1,0,1,9,6,249.17329414518818,shop_total_revenue,Выручка магазина,baseline_hgb_v2
2023-12-31 10:00:00,0,Татнефть-АЗС-001,0.0,111,0,1,0,10,6,1.5851183393814108,shop_total_revenue,Выручка магазина,baseline_hgb_v2
2023-12-31 10:00:00,1,Татнефть-АЗС-002,0.0,49,0,1,0,10,6,0.5014351946295903,shop_total_revenue,Выручка магазина,baseline_hgb_v2
2023-12-31 10:00:00,2,Татнефть-АЗС-003,0.0,126,0,0,1,10,6,0.1639483650714444,shop_total_revenue,Выручка магазина,baseline_hgb_v2
2023-12-31 10:00:00,3,Татнефть-АЗС-004,0.0,179,1,1,1,10,6,-1.1370460319470244,shop_total_revenue,Выручка магазина,baseline_hgb_v2
2023-12-31 10:00:00,4,Татнефть-АЗС-005,0.0,58,1,0,1,10,6,-0.4024643891823787,shop_total_revenue,Выручка магазина,baseline_hgb_v2
2023-12-31 11:00:00,0,Татнефть-АЗС-001,0.0,106,1,1,0,11,6,-0.22023548127975054,shop_total_revenue,Выручка магазина,baseline_hgb_v2
2023-12-31 11:00:00,1,Татнефть-АЗС-002,0.0,36,1,1,0,11,6,-0.22023548127975054,shop_total_revenue,Выручка магазина,baseline_hgb_v2
2023-12-31 11:00:00,2,Татнефть-АЗС-003,0.0,122,0,0,1,11,6,-0.4024643891823787,shop_total_revenue,Выручка магазина,baseline_hgb_v2
2023-12-31 11:00:00,3,Татнефть-АЗС-004,0.0,115,0,1,1,11,6,-0.22023548127975054,shop_total_revenue,Выручка магазина,baseline_hgb_v2
2023-12-31 11:00:00,4,Татнефть-АЗС-005,0.0,45,1,0,1,11,6,-0.4024643891823787,shop_total_revenue,Выручка магазина,baseline_hgb_v2
2023-12-31 12:00:00,0,Татнефть-АЗС-001,0.0,127,0,1,0,12,6,2.0217423225322344,shop_total_revenue,Выручка магазина,baseline_hgb_v2
2023-12-31 12:00:00,1,Татнефть-АЗС-002,0.0,57,0,1,0,12,6,0.7685571271440673,shop_total_revenue,Выручка магазина,baseline_hgb_v2
2023-12-31 12:00:00,2,Татнефть-АЗС-003,0.0,153,1,0,1,12,6,79.76759719081471,shop_total_revenue,Выручка магазина,baseline_hgb_v2
2023-12-31 12:00:00,3,Татнефть-АЗС-004,345.0,188,0,1,1,12,6,267.0017014160675,shop_total_revenue,Выручка магазина,baseline_hgb_v2
2023-12-31 12:00:00,4,Татнефть-АЗС-005,0.0,39,1,0,1,12,6,1.6755788097393578,shop_total_revenue,Выручка магазина,baseline_hgb_v2
2023-12-31 13:00:00,0,Татнефть-АЗС-001,0.0,113,0,1,0,13,6,2.0217423225322344,shop_total_revenue,Выручка магазина,baseline_hgb_v2
2023-12-31 13:00:00,1,Татнефть-АЗС-002,0.0,58,1,1,0,13,6,0.7685571271440673,shop_total_revenue,Выручка магазина,baseline_hgb_v2
2023-12-31 13:00:00,2,Татнефть-АЗС-003,0.0,110,0,0,1,13,6,-5.710554085976495,shop_total_revenue,Выручка магазина,baseline_hgb_v2
2023-12-31 13:00:00,3,Татнефть-АЗС-004,351.0,178,0,1,1,13,6,233.86069542903905,shop_total_revenue,Выручка магазина,baseline_hgb_v2
2023-12-31 13:00:00,4,Татнефть-АЗС-005,0.0,36,0,0,1,13,6,-0.2130954959861049,shop_total_revenue,Выручка магазина,baseline_hgb_v2
2023-12-31 14:00:00,0,Татнефть-АЗС-001,0.0,108,0,1,0,14,6,2.0217423225322344,shop_total_revenue,Выручка магазина,baseline_hgb_v2
2023-12-31 14:00:00,1,Татнефть-АЗС-002,0.0,37,1,1,0,14,6,0.4239188301828367,shop_total_revenue,Выручка магазина,baseline_hgb_v2
2023-12-31 14:00:00,2,Татнефть-АЗС-003,0.0,142,1,0,1,14,6,-1.1285512036431837,shop_total_revenue,Выручка магазина,baseline_hgb_v2
2023-12-31 14:00:00,3,Татнефть-АЗС-004,369.0,192,0,1,1,14,6,268.6253153446744,shop_total_revenue,Выручка магазина,baseline_hgb_v2
2023-12-31 14:00:00,4,Татнефть-АЗС-005,0.0,41,1,0,1,14,6,-0.2130954959861049,shop_total_revenue,Выручка магазина,baseline_hgb_v2
2023-12-31 15:00:00,0,Татнефть-АЗС-001,0.0,175,1,1,0,15,6,2.2878776919719686,shop_total_revenue,Выручка магазина,baseline_hgb_v2
2023-12-31 15:00:00,1,Татнефть-АЗС-002,0.0,50,0,1,0,15,6,0.4296006541515356,shop_total_revenue,Выручка магазина,baseline_hgb_v2
2023-12-31 15:00:00,2,Татнефть-АЗС-003,0.0,187,1,0,1,15,6,-2.5220289229610526,shop_total_revenue,Выручка магазина,baseline_hgb_v2
2023-12-31 15:00:00,3,Татнефть-АЗС-004,0.0,141,1,1,1,15,6,-4.838750125006989,shop_total_revenue,Выручка магазина,baseline_hgb_v2
2023-12-31 15:00:00,4,Татнефть-АЗС-005,0.0,43,0,0,1,15,6,-0.3345119764161465,shop_total_revenue,Выручка магазина,baseline_hgb_v2
2023-12-31 16:00:00,0,Татнефть-АЗС-001,0.0,182,0,1,0,16,6,2.1734180664144604,shop_total_revenue,Выручка магазина,baseline_hgb_v2
2023-12-31 16:00:00,1,Татнефть-АЗС-002,0.0,80,0,1,0,16,6,0.4296006541515356,shop_total_revenue,Выручка магазина,baseline_hgb_v2
2023-12-31 16:00:00,2,Татнефть-АЗС-003,0.0,182,0,0,1,16,6,-0.9758392883053614,shop_total_revenue,Выручка магазина,baseline_hgb_v2
2023-12-31 16:00:00,3,Татнефть-АЗС-004,0.0,171,0,1,1,16,6,4.136875770562395,shop_total_revenue,Выручка магазина,baseline_hgb_v2
2023-12-31 16:00:00,4,Татнефть-АЗС-005,0.0,40,1,0,1,16,6,-0.3345119764161465,shop_total_revenue,Выручка магазина,baseline_hgb_v2
2023-12-31 17:00:00,0,Татнефть-АЗС-001,630.0,486,0,1,0,17,6,1001.5666750676688,shop_total_revenue,Выручка магазина,baseline_hgb_v2
2023-12-31 17:00:00,1,Татнефть-АЗС-002,296.0,171,0,1,0,17,6,93.1935108360453,shop_total_revenue,Выручка магазина,baseline_hgb_v2
2023-12-31 17:00:00,2,Татнефть-АЗС-003,1042.0,557,0,0,1,17,6,997.9515717069146,shop_total_revenue,Выручка магазина,baseline_hgb_v2
2023-12-31 17:00:00,3,Татнефть-АЗС-004,725.0,372,0,1,1,17,6,503.68587705715953,shop_total_revenue,Выручка магазина,baseline_hgb_v2
2023-12-31 17:00:00,4,Татнефть-АЗС-005,0.0,165,0,0,1,17,6,95.46566181844705,shop_total_revenue,Выручка магазина,baseline_hgb_v2
2023-12-31 18:00:00,0,Татнефть-АЗС-001,306.0,393,0,1,0,18,6,577.8964499220114,shop_total_revenue,Выручка магазина,baseline_hgb_v2
2023-12-31 18:00:00,1,Татнефть-АЗС-002,0.0,146,0,1,0,18,6,7.1443597773984004,shop_total_revenue,Выручка магазина,baseline_hgb_v2
2023-12-31 18:00:00,2,Татнефть-АЗС-003,702.0,544,1,0,1,18,6,885.0512318212209,shop_total_revenue,Выручка магазина,baseline_hgb_v2
2023-12-31 18:00:00,3,Татнефть-АЗС-004,1425.0,557,0,1,1,18,6,1225.2583917313416,shop_total_revenue,Выручка магазина,baseline_hgb_v2
2023-12-31 18:00:00,4,Татнефть-АЗС-005,0.0,165,0,0,1,18,6,96.30817397100401,shop_total_revenue,Выручка магазина,baseline_hgb_v2
2023-12-31 19:00:00,0,Татнефть-АЗС-001,912.0,569,0,1,0,19,6,1188.218733254604,shop_total_revenue,Выручка магазина,baseline_hgb_v2
2023-12-31 19:00:00,1,Татнефть-АЗС-002,0.0,171,0,1,0,19,6,101.28095298245601,shop_total_revenue,Выручка магазина,baseline_hgb_v2
2023-12-31 19:00:00,2,Татнефть-АЗС-003,1093.0,485,1,0,1,19,6,845.531530911084,shop_total_revenue,Выручка магазина,baseline_hgb_v2
2023-12-31 19:00:00,3,Татнефть-АЗС-004,364.0,305,0,1,1,19,6,288.42596927214913,shop_total_revenue,Выручка магазина,baseline_hgb_v2
2023-12-31 19:00:00,4,Татнефть-АЗС-005,245.0,168,1,0,1,19,6,110.90737832189254,shop_total_revenue,Выручка магазина,baseline_hgb_v2
2023-12-31 20:00:00,0,Татнефть-АЗС-001,0.0,158,1,1,0,20,6,0.9516360775122735,shop_total_revenue,Выручка магазина,baseline_hgb_v2
2023-12-31 20:00:00,1,Татнефть-АЗС-002,0.0,99,0,1,0,20,6,0.4296006541515356,shop_total_revenue,Выручка магазина,baseline_hgb_v2
2023-12-31 20:00:00,2,Татнефть-АЗС-003,0.0,171,1,0,1,20,6,1.705788451893505,shop_total_revenue,Выручка магазина,baseline_hgb_v2
2023-12-31 20:00:00,3,Татнефть-АЗС-004,0.0,164,0,1,1,20,6,6.6524436035016175,shop_total_revenue,Выручка магазина,baseline_hgb_v2
2023-12-31 20:00:00,4,Татнефть-АЗС-005,0.0,39,0,0,1,20,6,-0.3345119764161465,shop_total_revenue,Выручка магазина,baseline_hgb_v2
2023-12-31 21:00:00,0,Татнефть-АЗС-001,0.0,181,1,1,0,21,6,9.4773980149684,shop_total_revenue,Выручка магазина,baseline_hgb_v2
2023-12-31 21:00:00,1,Татнефть-АЗС-002,0.0,56,1,1,0,21,6,0.4296006541515356,shop_total_revenue,Выручка магазина,baseline_hgb_v2
2023-12-31 21:00:00,2,Татнефть-АЗС-003,0.0,165,0,0,1,21,6,4.435416878550006,shop_total_revenue,Выручка магазина,baseline_hgb_v2
2023-12-31 21:00:00,3,Татнефть-АЗС-004,0.0,112,0,1,1,21,6,-0.15228306851351836,shop_total_revenue,Выручка магазина,baseline_hgb_v2
2023-12-31 21:00:00,4,Татнефть-АЗС-005,0.0,47,0,0,1,21,6,-0.09726655071232318,shop_total_revenue,Выручка магазина,baseline_hgb_v2
2023-12-31 22:00:00,0,Татнефть-АЗС-001,0.0,34,1,1,0,22,6,0.4296006541515356,shop_total_revenue,Выручка магазина,baseline_hgb_v2
2023-12-31 22:00:00,1,Татнефть-АЗС-002,0.0,8,1,1,0,22,6,-0.15228306851351836,shop_total_revenue,Выручка магазина,baseline_hgb_v2
2023-12-31 22:00:00,2,Татнефть-АЗС-003,0.0,35,0,0,1,22,6,0.24737174624890745,shop_total_revenue,Выручка магазина,baseline_hgb_v2
2023-12-31 22:00:00,3,Татнефть-АЗС-004,0.0,28,0,1,1,22,6,-0.15228306851351836,shop_total_revenue,Выручка магазина,baseline_hgb_v2
2023-12-31 22:00:00,4,Татнефть-АЗС-005,0.0,13,0,0,1,22,6,0.24737174624890745,shop_total_revenue,Выручка магазина,baseline_hgb_v2
2023-12-31 23:00:00,0,Татнефть-АЗС-001,0.0,39,0,1,0,23,6,0.4296006541515356,shop_total_revenue,Выручка магазина,baseline_hgb_v2
2023-12-31 23:00:00,1,Татнефть-АЗС-002,0.0,8,1,1,0,23,6,-0.15228306851351836,shop_total_revenue,Выручка магазина,baseline_hgb_v2
2023-12-31 23:00:00,2,Татнефть-АЗС-003,0.0,37,0,0,1,23,6,0.24737174624890745,shop_total_revenue,Выручка магазина,baseline_hgb_v2
2023-12-31 23:00:00,3,Татнефть-АЗС-004,0.0,32,0,1,1,23,6,0.4296006541515356,shop_total_revenue,Выручка магазина,baseline_hgb_v2
2023-12-31 23:00:00,4,Татнефть-АЗС-005,0.0,12,0,0,1,23,6,0.24737174624890745,shop_total_revenue,Выручка магазина,baseline_hgb_v2
